Client,Bush,Well,Work,Timestamp,ДавЛевНас,ДавПравНас,ДавВыход,РасходЛевНас,РасходПравНас,РасходВыход,ТемпРецирк,ДавРецирк,ОбъемВыход,РасходВоды,Плотность
Геолог,12,34,Тести,16.12.2024, 12:14:14,221.40,161.11,196.56,500.00,0.00,75.28,202.79,0.00,176.76,500.00,307.95
Геолог,12,34,Тести,16.12.2024, 12:14:15,0.00,358.67,422.52,124.52,59.25,272.74,0.00,341.64,263.42,500.00,0.00
Геолог,12,34,Тести,16.12.2024, 12:14:15,0.00,358.67,422.52,124.52,59.25,272.74,0.00,341.64,263.42,500.00,0.00
Геолог,12,34,Тести,16.12.2024, 12:14:15,0.00,500.00,359.39,277.84,441.62,141.08,0.00,33.40,500.00,122.73,322.15
Геолог,12,34,Тести,16.12.2024, 12:14:15,0.00,500.00,359.39,277.84,441.62,141.08,0.00,33.40,500.00,122.73,322.15
Геолог,12,34,Тести,16.12.2024, 12:14:15,0.00,500.00,359.39,277.84,441.62,144.42,295.68,365.42,500.00,142.10,500.00
Геолог,12,34,Тести,16.12.2024, 12:14:15,0.00,500.00,500.00,500.00,500.00,144.42,295.68,365.42,500.00,142.10,500.00
Геолог,12,34,Тести,16.12.2024, 12:14:15,0.00,500.00,500.00,500.00,500.00,144.42,295.68,365.42,500.00,142.10,500.00
Геолог,12,34,Тести,16.12.2024, 12:14:15,112.71,327.88,316.05,148.65,21.97,500.00,253.42,500.00,500.00,0.00,112.22
Геолог,12,34,Тести,16.12.2024, 12:14:15,112.71,327.88,316.05,148.65,21.97,500.00,253.42,500.00,500.00,0.00,112.22
Геолог,12,34,Тести,16.12.2024, 12:14:15,112.71,327.88,316.05,148.65,21.97,500.00,253.42,500.00,500.00,0.00,112.22
Геолог,12,34,Тести,16.12.2024, 12:14:15,0.00,500.00,0.00,0.00,1.88,0.00,500.00,73.98,193.43,500.00,40.18
Геолог,12,34,Тести,16.12.2024, 12:14:15,0.00,500.00,0.00,0.00,1.88,0.00,500.00,73.98,193.43,500.00,40.18
Геолог,12,34,Тести,16.12.2024, 12:14:16,190.59,500.00,0.00,290.33,0.00,0.00,500.00,0.00,0.00,179.35,342.68
Геолог,12,34,Тести,16.12.2024, 12:14:16,190.59,500.00,0.00,290.33,0.00,0.00,500.00,0.00,0.00,179.35,342.68
Геолог,12,34,Тести,16.12.2024, 12:14:16,190.59,500.00,0.00,290.33,0.00,0.00,500.00,0.00,0.00,179.35,342.68
Геолог,12,34,Тести,16.12.2024, 12:14:16,0.00,500.00,146.51,209.21,0.00,0.00,500.00,0.00,166.85,483.25,437.24
Геолог,12,34,Тести,16.12.2024, 12:14:16,0.00,500.00,146.51,209.21,0.00,0.00,500.00,0.00,166.85,483.25,437.24
Геолог,12,34,Тести,16.12.2024, 12:14:16,0.00,500.00,146.51,209.21,0.00,0.00,500.00,0.00,166.85,483.25,437.24
Геолог,12,34,Тести,16.12.2024, 12:14:16,402.78,33.27,500.00,0.00,33.77,0.00,359.58,0.00,0.00,225.26,151.02
Геолог,12,34,Тести,16.12.2024, 12:14:16,402.78,33.27,500.00,0.00,33.77,0.00,359.58,0.00,0.00,225.26,151.02
Геолог,12,34,Тести,16.12.2024, 12:14:16,402.78,33.27,500.00,0.00,0.00,0.00,198.90,0.00,0.00,0.00,123.68
Геолог,12,34,Тести,16.12.2024, 12:14:16,153.58,427.06,500.00,24.75,485.48,0.00,500.00,288.74,500.00,0.00,0.00
Геолог,12,34,Тести,16.12.2024, 12:14:17,454.38,500.00,500.00,90.76,291.79,411.23,500.00,0.00,500.00,0.00,0.00
Геолог,12,34,Тести,16.12.2024, 12:14:17,454.38,500.00,500.00,90.76,291.79,411.23,500.00,0.00,500.00,0.00,0.00
Геолог,12,34,Тести,16.12.2024, 12:14:17,454.38,500.00,500.00,90.76,291.79,411.23,500.00,0.00,500.00,0.00,0.00
Геолог,12,34,Тести,16.12.2024, 12:14:17,500.00,12.27,16.10,134.27,0.00,451.76,500.00,0.00,500.00,0.00,0.00
Геолог,12,34,Тести,16.12.2024, 12:14:17,500.00,12.27,16.10,134.27,0.00,451.76,500.00,0.00,500.00,0.00,0.00
Геолог,12,34,Тести,16.12.2024, 12:14:17,500.00,407.96,109.70,221.15,356.89,500.00,500.00,0.00,500.00,0.00,0.00
Геолог,12,34,Тести,16.12.2024, 12:14:17,500.00,407.96,109.70,221.15,356.89,500.00,500.00,0.00,500.00,0.00,0.00
Геолог,12,34,Тести,16.12.2024, 12:14:17,500.00,407.96,109.70,221.15,356.89,500.00,500.00,0.00,500.00,0.00,0.00
Геолог,12,34,Тести,16.12.2024, 12:14:17,500.00,35.79,0.00,0.00,416.83,500.00,500.00,53.79,266.46,430.83,0.00
Геолог,12,34,Тести,16.12.2024, 12:14:17,500.00,35.79,0.00,0.00,416.83,500.00,500.00,53.79,266.46,430.83,0.00
Геолог,12,34,Тести,16.12.2024, 12:14:17,215.86,500.00,0.00,173.01,500.00,500.00,391.14,500.00,0.00,0.00,469.84
Геолог,12,34,Тести,16.12.2024, 12:14:18,0.00,500.00,0.00,0.00,500.00,145.05,500.00,389.41,0.00,313.91,500.00
Геолог,12,34,Тести,16.12.2024, 12:14:18,0.00,500.00,0.00,0.00,500.00,145.05,500.00,389.41,0.00,313.91,500.00
Геолог,12,34,Тести,16.12.2024, 12:14:18,0.00,500.00,0.00,0.00,500.00,500.00,500.00,500.00,0.00,0.00,457.89
Геолог,12,34,Тести,16.12.2024, 12:14:18,0.00,500.00,0.00,0.00,500.00,500.00,500.00,500.00,0.00,0.00,457.89
Геолог,12,34,Тести,16.12.2024, 12:14:18,240.10,145.25,89.48,0.00,390.12,500.00,500.00,500.00,0.00,251.51,15.99
Геолог,12,34,Тести,16.12.2024, 12:14:18,240.10,145.25,89.48,0.00,390.12,500.00,500.00,500.00,0.00,251.51,15.99
Геолог,12,34,Тести,16.12.2024, 12:14:18,240.10,145.25,89.48,0.00,390.12,500.00,500.00,500.00,0.00,251.51,15.99
Геолог,12,34,Тести,16.12.2024, 12:14:18,487.26,179.01,430.62,0.00,500.00,421.05,252.77,82.01,0.00,0.00,0.00
Геолог,12,34,Тести,16.12.2024, 12:14:18,487.26,179.01,430.62,0.00,500.00,421.05,252.77,82.01,0.00,0.00,0.00
Геолог,12,34,Тести,16.12.2024, 12:14:18,500.00,368.23,174.16,271.59,318.37,127.09,0.00,0.00,0.00,0.00,0.00
Геолог,12,34,Тести,16.12.2024, 12:14:18,59.60,0.00,0.85,0.00,0.00,0.00,0.00,500.00,232.92,0.00,237.73
Геолог,12,34,Тести,16.12.2024, 12:14:19,372.32,149.06,0.00,54.16,0.00,344.91,0.00,47.54,464.95,0.00,500.00
Геолог,12,34,Тести,16.12.2024, 12:14:19,372.32,149.06,0.00,54.16,0.00,344.91,0.00,47.54,464.95,0.00,500.00
Геолог,12,34,Тести,16.12.2024, 12:14:19,248.90,494.32,0.00,0.00,200.22,500.00,406.64,82.15,500.00,12.30,80.49
Геолог,12,34,Тести,16.12.2024, 12:14:19,248.90,494.32,0.00,0.00,200.22,500.00,406.64,82.15,500.00,12.30,80.49
Геолог,12,34,Тести,16.12.2024, 12:14:19,500.00,500.00,0.00,341.86,363.08,500.00,0.00,495.61,500.00,266.01,66.92
Геолог,12,34,Тести,16.12.2024, 12:14:19,500.00,500.00,0.00,341.86,363.08,500.00,0.00,495.61,500.00,266.01,66.92
Геолог,12,34,Тести,16.12.2024, 12:14:19,143.73,500.00,414.57,191.04,122.38,500.00,0.00,105.45,500.00,64.85,23.65
Геолог,12,34,Тести,16.12.2024, 12:14:19,143.73,500.00,414.57,191.04,122.38,500.00,0.00,105.45,500.00,64.85,23.65
Геолог,12,34,Тести,16.12.2024, 12:14:19,0.00,500.00,0.00,0.00,0.00,500.00,0.00,0.00,37.39,0.00,0.00
Геолог,12,34,Тести,16.12.2024, 12:14:19,0.00,500.00,0.00,0.00,0.00,500.00,0.00,0.00,37.39,0.00,0.00
Геолог,12,34,Тести,16.12.2024, 12:14:19,444.78,500.00,0.00,0.00,500.00,222.08,372.50,500.00,500.00,500.00,313.91
Геолог,12,34,Тести,16.12.2024, 12:14:20,398.28,246.54,0.00,412.28,260.41,500.00,292.11,357.90,500.00,140.60,0.00
Геолог,12,34,Тести,16.12.2024, 12:14:20,500.00,0.00,0.00,390.78,0.00,182.79,405.34,492.63,172.11,140.60,0.00
Геолог,12,34,Тести,16.12.2024, 12:14:20,500.00,0.00,0.00,390.78,0.00,182.79,405.34,492.63,172.11,117.89,0.00
Геолог,12,34,Тести,16.12.2024, 12:14:20,225.20,496.82,390.02,238.31,0.00,0.00,500.00,397.13,251.73,117.89,293.11
Геолог,12,34,Тести,16.12.2024, 12:14:20,225.20,496.82,390.02,238.31,0.00,0.00,500.00,397.13,251.73,177.14,293.11
Геолог,12,34,Тести,16.12.2024, 12:14:20,112.44,500.00,500.00,272.05,429.12,265.60,366.81,500.00,191.24,500.00,500.00
Геолог,12,34,Тести,16.12.2024, 12:14:20,471.28,327.76,28.55,239.97,500.00,500.00,156.01,390.47,0.00,500.00,500.00
Геолог,12,34,Тести,16.12.2024, 12:14:20,471.28,327.76,28.55,239.97,500.00,500.00,156.01,390.47,0.00,500.00,500.00
Геолог,12,34,Тести,16.12.2024, 12:14:20,270.71,500.00,214.87,0.00,500.00,18.29,0.03,34.85,14.03,500.00,427.69
Геолог,12,34,Тести,16.12.2024, 12:14:20,270.71,500.00,214.87,0.00,500.00,18.29,0.03,34.85,14.03,500.00,427.69
Геолог,12,34,Тести,16.12.2024, 12:14:20,365.23,150.90,236.83,55.48,0.00,0.00,462.06,500.00,18.79,0.00,500.00
Геолог,12,34,Тести,16.12.2024, 12:14:21,413.95,325.47,149.45,147.27,0.00,0.00,17.81,500.00,379.14,0.00,500.00
Геолог,12,34,Тести,16.12.2024, 12:14:21,500.00,500.00,278.24,81.05,0.00,250.11,209.30,80.07,243.78,0.00,500.00
Геолог,12,34,Тести,16.12.2024, 12:14:21,500.00,500.00,278.24,81.05,0.00,250.11,209.30,80.07,243.78,0.00,500.00
Геолог,12,34,Тести,16.12.2024, 12:14:21,500.00,500.00,297.17,0.00,11.25,175.90,500.00,500.00,473.05,366.60,429.23
Геолог,12,34,Тести,16.12.2024, 12:14:21,206.27,414.04,318.02,0.00,0.00,0.00,500.00,139.36,500.00,366.60,500.00
Геолог,12,34,Тести,16.12.2024, 12:14:21,206.27,414.04,318.02,0.00,0.00,0.00,500.00,139.36,500.00,500.00,500.00
Геолог,12,34,Тести,16.12.2024, 12:14:21,498.38,500.00,500.00,0.00,0.00,25.67,500.00,370.47,245.84,500.00,56.67
Геолог,12,34,Тести,16.12.2024, 12:14:21,498.38,500.00,500.00,0.00,0.00,25.67,500.00,370.47,245.84,500.00,56.67
Геолог,12,34,Тести,16.12.2024, 12:14:21,210.86,291.34,221.94,305.07,492.39,0.00,500.00,500.00,396.08,500.00,311.44
Геолог,12,34,Тести,16.12.2024, 12:14:21,324.40,485.62,398.66,0.00,152.18,0.00,231.01,500.00,244.37,500.00,140.62
Буратино,12,34,Тести,16.12.2024, 12:16:39,0.00,267.50,0.00,500.00,500.00,182.96,265.95,10.81,110.82,84.34,0.00
Буратино,12,34,Тести,16.12.2024, 12:16:40,154.80,0.00,422.78,500.00,500.00,0.00,3.97,185.44,421.48,0.00,0.00
Буратино,12,34,Тести,16.12.2024, 12:16:40,154.80,0.00,422.78,500.00,500.00,0.00,3.97,185.44,421.48,0.00,0.00
Буратино,12,34,Тести,16.12.2024, 12:16:40,63.79,0.00,333.27,500.00,500.00,0.00,114.21,0.00,500.00,484.39,0.00
Буратино,12,34,Тести,16.12.2024, 12:16:40,63.79,0.00,333.27,500.00,500.00,0.00,114.21,0.00,500.00,484.39,0.00
Буратино,12,34,Тести,16.12.2024, 12:16:40,63.79,0.00,333.27,500.00,500.00,0.00,114.21,0.00,500.00,484.39,0.00
Буратино,12,34,Тести,16.12.2024, 12:16:40,0.00,287.46,60.49,107.99,500.00,424.50,500.00,25.48,145.91,453.84,0.00
Буратино,12,34,Тести,16.12.2024, 12:16:40,0.00,287.46,60.49,107.99,500.00,424.50,500.00,25.48,145.91,453.84,0.00
Буратино,12,34,Тести,16.12.2024, 12:16:40,0.00,287.46,60.49,107.99,500.00,424.50,500.00,25.48,145.91,453.84,0.00
Буратино,12,34,Тести,16.12.2024, 12:16:40,0.00,203.87,500.00,8.03,500.00,170.68,500.00,0.00,0.00,454.74,253.00
Буратино,12,34,Тести,16.12.2024, 12:16:40,0.00,203.87,500.00,8.03,500.00,170.68,500.00,0.00,0.00,454.74,253.00
Буратино,12,34,Тести,16.12.2024, 12:16:40,283.38,0.00,273.31,351.95,0.00,0.00,0.00,500.00,0.00,500.00,420.58
Буратино,12,34,Тести,16.12.2024, 12:16:40,500.00,0.00,200.85,500.00,0.00,148.04,409.51,154.52,285.51,54.32,500.00
Буратино,12,34,Тести,16.12.2024, 12:16:41,500.00,0.00,200.85,500.00,0.00,148.04,409.51,154.52,285.51,54.32,500.00
Буратино,12,34,Тести,16.12.2024, 12:16:41,500.00,0.00,200.85,500.00,0.00,148.04,409.51,154.52,285.51,54.32,500.00
Буратино,12,34,Тести,16.12.2024, 12:16:41,500.00,0.00,200.85,500.00,0.00,148.04,409.51,154.52,285.51,54.32,500.00
Буратино,12,34,Тести,16.12.2024, 12:16:41,500.00,0.00,303.97,459.64,452.12,293.19,18.17,0.00,395.86,290.73,192.83
Буратино,12,34,Тести,16.12.2024, 12:16:41,500.00,0.00,303.97,459.64,452.12,293.19,18.17,0.00,395.86,290.73,192.83
Буратино,12,34,Тести,16.12.2024, 12:16:41,500.00,0.00,303.97,459.64,452.12,293.19,18.17,0.00,395.86,290.73,192.83
Буратино,12,34,Тести,16.12.2024, 12:16:41,328.01,0.00,500.00,500.00,500.00,4.11,0.00,335.56,500.00,0.00,0.00
Буратино,12,34,Тести,16.12.2024, 12:16:41,328.01,0.00,500.00,500.00,500.00,4.11,0.00,335.56,500.00,0.00,0.00
Буратино,12,34,Тести,16.12.2024, 12:16:41,328.01,0.00,500.00,500.00,500.00,4.11,0.00,335.56,500.00,0.00,0.00
Буратино,12,34,Тести,16.12.2024, 12:16:41,0.00,374.01,182.94,500.00,88.67,500.00,23.41,500.00,500.00,0.00,150.90
Буратино,12,34,Тести,16.12.2024, 12:16:41,0.00,107.56,402.57,186.95,0.00,500.00,0.00,500.00,500.00,0.00,78.56
Буратино,12,34,Тести,16.12.2024, 12:16:42,0.00,107.56,402.57,186.95,0.00,500.00,0.00,500.00,500.00,0.00,78.56
Буратино,12,34,Тести,16.12.2024, 12:16:42,0.00,107.56,402.57,186.95,0.00,500.00,0.00,500.00,500.00,0.00,78.56
Буратино,12,34,Тести,16.12.2024, 12:16:42,0.00,0.00,500.00,0.00,0.00,52.21,3.16,500.00,261.01,0.00,56.31
Буратино,12,34,Тести,16.12.2024, 12:16:42,0.00,0.00,500.00,0.00,0.00,52.21,3.16,500.00,261.01,0.00,56.31
Буратино,12,34,Тести,16.12.2024, 12:16:42,0.00,0.00,500.00,0.00,0.00,52.21,3.16,500.00,261.01,0.00,56.31
Буратино,12,34,Тести,16.12.2024, 12:16:42,0.00,0.00,500.00,0.00,0.00,63.80,491.80,286.46,388.59,345.71,66.75
Буратино,12,34,Тести,16.12.2024, 12:16:42,0.00,0.00,500.00,0.00,0.00,63.80,491.80,286.46,388.59,345.71,66.75
Буратино,12,34,Тести,16.12.2024, 12:16:42,72.54,0.00,500.00,9.33,0.00,64.93,500.00,0.00,460.89,328.07,500.00
Буратино,12,34,Тести,16.12.2024, 12:16:42,72.54,0.00,500.00,9.33,0.00,64.93,500.00,0.00,460.89,328.07,500.00
Буратино,12,34,Тести,16.12.2024, 12:16:42,500.00,500.00,485.43,290.30,0.00,198.88,500.00,150.65,500.00,500.00,0.00
Буратино,12,34,Тести,16.12.2024, 12:16:42,500.00,116.72,500.00,324.88,258.02,500.00,375.93,278.36,459.22,86.57,0.00
Буратино,12,34,Тести,16.12.2024, 12:16:43,500.00,116.72,500.00,324.88,258.02,500.00,375.93,278.36,459.22,86.57,0.00
Буратино,12,34,Тести,16.12.2024, 12:16:43,500.00,116.72,500.00,324.88,258.02,500.00,375.93,278.36,459.22,86.57,0.00
Буратино,12,34,Тести,16.12.2024, 12:16:43,500.00,457.98,473.67,500.00,500.00,404.57,316.25,500.00,500.00,221.33,9.87
Буратино,12,34,Тести,16.12.2024, 12:16:43,500.00,457.98,473.67,500.00,500.00,404.57,316.25,500.00,500.00,221.33,9.87
Буратино,12,34,Тести,16.12.2024, 12:16:43,500.00,270.32,272.71,59.53,395.90,235.26,0.00,500.00,500.00,473.47,0.00
Буратино,12,34,Тести,16.12.2024, 12:16:43,500.00,270.32,272.71,59.53,395.90,235.26,0.00,500.00,500.00,473.47,0.00
Буратино,12,34,Тести,16.12.2024, 12:16:43,500.00,300.11,500.00,372.51,72.64,500.00,408.70,130.12,500.00,261.59,0.00
Буратино,12,34,Тести,16.12.2024, 12:16:43,500.00,300.11,500.00,372.51,72.64,500.00,408.70,130.12,500.00,261.59,0.00
Буратино,12,34,Тести,16.12.2024, 12:16:43,500.00,300.11,500.00,372.51,72.64,500.00,408.70,130.12,500.00,261.59,0.00
Геолог,12,44,тести,16.12.2024, 12:19:09,500.00,495.83,55.07,500.00,0.00,500.00,0.00,50.03,0.00,0.00,333.00
Геолог,12,44,тести,16.12.2024, 12:19:09,500.00,200.76,93.15,500.00,422.24,500.00,0.00,0.00,0.00,0.00,500.00
Геолог,12,44,тести,16.12.2024, 12:19:09,500.00,200.76,93.15,500.00,422.24,500.00,0.00,0.00,0.00,0.00,500.00
Геолог,12,44,тести,16.12.2024, 12:19:09,477.57,291.08,0.00,500.00,370.04,40.22,0.00,178.19,0.00,0.00,500.00
Геолог,12,44,тести,16.12.2024, 12:19:09,477.57,291.08,0.00,500.00,370.04,40.22,0.00,178.19,0.00,0.00,500.00
Геолог,12,44,тести,16.12.2024, 12:19:09,477.57,291.08,0.00,500.00,370.04,40.22,0.00,178.19,0.00,0.00,500.00
Геолог,12,44,тести,16.12.2024, 12:19:09,500.00,0.00,1.27,500.00,79.73,260.29,0.00,0.00,122.69,0.00,364.22
Геолог,12,44,тести,16.12.2024, 12:19:09,500.00,0.00,1.27,500.00,79.73,260.29,0.00,0.00,122.69,0.00,364.22
Геолог,12,44,тести,16.12.2024, 12:19:09,500.00,0.00,1.27,500.00,79.73,260.29,0.00,0.00,122.69,0.00,364.22
Геолог,12,44,тести,16.12.2024, 12:19:09,297.47,0.00,253.98,500.00,500.00,0.00,270.98,235.38,0.00,0.00,430.76
Геолог,12,44,тести,16.12.2024, 12:19:09,297.47,0.00,253.98,500.00,500.00,0.00,270.98,235.38,0.00,0.00,430.76
Геолог,12,44,тести,16.12.2024, 12:19:09,0.00,416.84,0.00,500.00,298.13,98.25,226.24,500.00,329.92,167.47,405.81
Геолог,12,44,тести,16.12.2024, 12:19:10,0.00,416.84,0.00,500.00,298.13,98.25,226.24,500.00,329.92,167.47,405.81
Геолог,12,44,тести,16.12.2024, 12:19:10,0.00,416.84,0.00,500.00,298.13,98.25,226.24,500.00,329.92,167.47,405.81
Геолог,12,44,тести,16.12.2024, 12:19:10,0.00,1.60,489.91,500.00,259.35,14.22,6.35,79.37,25.09,233.67,500.00
Геолог,12,44,тести,16.12.2024, 12:19:10,0.00,1.60,489.91,500.00,259.35,14.22,6.35,79.37,25.09,233.67,500.00
Геолог,12,44,тести,16.12.2024, 12:19:10,0.00,1.60,489.91,500.00,259.35,14.22,6.35,79.37,25.09,233.67,500.00
Геолог,12,44,тести,16.12.2024, 12:19:10,0.00,0.00,500.00,500.00,500.00,0.00,0.00,0.00,500.00,500.00,423.34
Геолог,12,44,тести,16.12.2024, 12:19:10,0.00,0.00,500.00,500.00,500.00,0.00,0.00,0.00,500.00,500.00,423.34
Геолог,12,44,тести,16.12.2024, 12:19:10,291.06,192.72,341.26,500.00,72.48,406.60,0.00,456.76,143.19,500.00,500.00
Геолог,12,44,тести,16.12.2024, 12:19:10,291.06,192.72,341.26,500.00,72.48,406.60,0.00,456.76,143.19,500.00,500.00
Геолог,12,44,тести,16.12.2024, 12:19:10,291.06,192.72,341.26,500.00,72.48,406.60,0.00,456.76,143.19,500.00,500.00
Геолог,12,44,тести,16.12.2024, 12:19:10,12.59,0.00,500.00,0.00,0.00,29.56,500.00,0.00,0.00,123.98,484.18
Геолог,12,44,тести,16.12.2024, 12:19:11,12.59,0.00,500.00,0.00,0.00,29.56,500.00,0.00,0.00,123.98,484.18
Геолог,12,44,тести,16.12.2024, 12:19:11,435.54,6.29,500.00,0.00,370.68,454.22,500.00,427.49,0.00,500.00,172.83
Геолог,12,44,тести,16.12.2024, 12:19:11,435.54,6.29,500.00,0.00,370.68,454.22,500.00,427.49,0.00,500.00,172.83
Геолог,12,44,тести,16.12.2024, 12:19:11,435.54,6.29,500.00,0.00,370.68,454.22,500.00,427.49,0.00,500.00,172.83
Геолог,12,44,тести,16.12.2024, 12:19:11,70.68,0.00,280.75,0.00,325.06,224.81,72.52,500.00,0.00,500.00,220.71
Геолог,12,44,тести,16.12.2024, 12:19:11,70.68,0.00,280.75,0.00,325.06,224.81,72.52,500.00,0.00,500.00,220.71
Геолог,12,44,тести,16.12.2024, 12:19:11,70.68,0.00,280.75,0.00,325.06,224.81,72.52,500.00,0.00,500.00,220.71
Геолог,12,44,тести,16.12.2024, 12:19:11,442.83,255.85,500.00,294.51,500.00,393.06,494.11,118.32,251.75,146.38,0.00
Геолог,12,44,тести,16.12.2024, 12:19:11,442.83,255.85,500.00,294.51,500.00,393.06,494.11,118.32,251.75,146.38,0.00
Геолог,12,44,тести,16.12.2024, 12:19:11,380.72,171.29,462.45,0.00,53.83,500.00,363.13,0.00,149.22,0.00,96.41
Геолог,12,44,тести,16.12.2024, 12:19:11,313.27,380.12,124.76,258.77,500.00,500.00,136.99,500.00,440.86,500.00,500.00
Геолог,12,44,тести,16.12.2024, 12:19:12,313.27,380.12,124.76,258.77,500.00,500.00,136.99,500.00,440.86,500.00,500.00
Геолог,12,44,тести,16.12.2024, 12:19:12,0.00,430.69,95.86,500.00,17.11,119.93,0.00,57.15,149.02,500.00,425.84
Геолог,12,44,тести,16.12.2024, 12:19:12,0.00,430.69,95.86,500.00,17.11,119.93,0.00,57.15,149.02,500.00,425.84
Геолог,12,44,тести,16.12.2024, 12:19:12,0.00,194.75,0.00,500.00,0.00,0.00,476.38,279.12,404.59,473.93,500.00
Геолог,12,44,тести,16.12.2024, 12:19:12,0.00,194.75,0.00,500.00,0.00,0.00,476.38,279.12,404.59,473.93,500.00
Геолог,12,44,тести,16.12.2024, 12:19:12,0.00,194.75,0.00,500.00,0.00,0.00,476.38,279.12,404.59,473.93,500.00
Геолог,12,44,тести,16.12.2024, 12:19:12,0.00,0.00,479.15,369.23,0.00,277.69,431.18,500.00,349.12,500.00,500.00
Геолог,12,44,тести,16.12.2024, 12:19:12,0.00,0.00,479.15,369.23,0.00,277.69,431.18,500.00,349.12,500.00,500.00
Геолог,12,44,тести,16.12.2024, 12:19:12,0.00,50.09,500.00,476.11,304.56,0.00,500.00,487.45,500.00,489.96,500.00
Геолог,12,44,тести,16.12.2024, 12:19:12,0.00,50.09,500.00,476.11,304.56,0.00,500.00,487.45,500.00,489.96,500.00
Геолог,12,44,тести,16.12.2024, 12:19:12,202.48,14.25,140.79,14.43,472.89,290.93,12.98,500.00,0.00,273.30,500.00
Геолог,12,44,тести,16.12.2024, 12:19:13,28.98,0.00,0.00,406.30,500.00,11.38,233.86,136.94,225.82,296.37,500.00
Геолог,12,44,тести,16.12.2024, 12:19:13,28.98,0.00,0.00,406.30,500.00,11.38,233.86,136.94,225.82,296.37,500.00
Геолог,12,44,тести,16.12.2024, 12:19:13,28.98,0.00,0.00,406.30,500.00,11.38,233.86,136.94,224.32,500.00,500.00
Геолог,12,44,тести,16.12.2024, 12:19:13,352.71,0.00,0.00,500.00,500.00,217.82,500.00,0.00,224.32,500.00,500.00
Геолог,12,44,тести,16.12.2024, 12:19:13,352.71,0.00,0.00,500.00,500.00,217.82,500.00,0.00,224.32,500.00,500.00
Геолог,12,44,тести,16.12.2024, 12:19:13,324.79,173.37,202.01,500.00,224.51,178.67,90.13,0.00,332.13,500.00,500.00
Геолог,12,44,тести,16.12.2024, 12:19:13,324.79,173.37,202.01,500.00,224.51,178.67,90.13,0.00,332.13,500.00,500.00
Геолог,12,44,тести,16.12.2024, 12:19:13,75.28,0.00,37.63,500.00,500.00,500.00,142.79,102.75,0.00,500.00,500.00
Геолог,12,44,тести,16.12.2024, 12:19:13,75.28,0.00,37.63,500.00,500.00,500.00,142.79,102.75,0.00,500.00,500.00
Геолог,12,44,тести,16.12.2024, 12:19:13,0.00,355.93,500.00,500.00,500.00,370.90,82.09,0.00,225.41,500.00,500.00
Геолог,12,44,тести,16.12.2024, 12:19:13,0.00,0.00,444.61,500.00,0.00,338.05,500.00,500.00,14.14,500.00,53.95
Геолог,12,44,тести,16.12.2024, 12:19:14,0.00,473.24,211.83,267.63,76.68,500.00,500.00,500.00,166.87,112.56,332.31
Геолог,12,44,тести,16.12.2024, 12:19:14,0.00,473.24,211.83,267.63,76.68,500.00,500.00,500.00,166.87,112.56,332.31
Геолог,12,44,тести,16.12.2024, 12:19:14,0.00,500.00,500.00,68.79,163.31,500.00,354.83,500.00,500.00,0.00,0.00
Геолог,12,44,тести,16.12.2024, 12:19:14,0.00,500.00,500.00,68.79,163.31,500.00,354.83,500.00,500.00,0.00,0.00
Геолог,12,44,тести,16.12.2024, 12:19:14,224.39,500.00,500.00,0.00,0.00,89.23,500.00,111.86,500.00,0.00,182.08
Геолог,12,44,тести,16.12.2024, 12:19:14,224.39,500.00,500.00,0.00,0.00,89.23,500.00,111.86,500.00,0.00,182.08
Геолог,12,44,тести,16.12.2024, 12:19:14,208.44,500.00,52.27,433.56,0.00,187.17,500.00,169.90,500.00,0.00,0.00
Геолог,12,44,тести,16.12.2024, 12:19:14,105.65,207.46,0.00,102.59,155.39,427.00,306.93,500.00,399.40,0.00,477.76
Геолог,12,44,тести,16.12.2024, 12:19:14,105.65,207.46,0.00,102.59,155.39,427.00,306.93,500.00,399.40,0.00,477.76
Геолог,12,44,тести,16.12.2024, 12:19:14,192.99,365.85,339.19,0.00,243.82,223.69,128.28,384.46,500.00,0.00,500.00
Геолог,12,34,тести,16.12.2024, 12:21:35,122.12,500.00,0.00,500.00,458.07,316.68,0.00,0.00,15.72,136.67,500.00
Геолог,12,34,тести,16.12.2024, 12:21:35,0.00,233.54,273.46,108.38,500.00,475.25,0.00,121.89,130.76,0.00,31.02
Геолог,12,34,тести,16.12.2024, 12:21:35,0.00,233.54,273.46,108.38,500.00,475.25,0.00,121.89,130.76,0.00,31.02
Геолог,12,34,тести,16.12.2024, 12:21:36,0.00,233.54,273.46,108.38,124.83,500.00,0.00,420.96,323.60,0.00,0.00
Геолог,12,34,тести,16.12.2024, 12:21:36,0.00,500.00,0.00,240.65,124.83,500.00,0.00,420.96,323.60,0.00,0.00
Геолог,12,34,тести,16.12.2024, 12:21:36,0.00,500.00,0.00,240.65,124.83,500.00,0.00,420.96,323.60,0.00,0.00
Геолог,12,34,тести,16.12.2024, 12:21:36,468.71,352.75,45.98,349.76,0.00,9.57,386.36,223.53,373.41,72.34,0.00
Геолог,12,34,тести,16.12.2024, 12:21:36,468.71,352.75,45.98,349.76,0.00,9.57,386.36,223.53,373.41,72.34,0.00
Геолог,12,34,тести,16.12.2024, 12:21:36,468.71,352.75,45.98,349.76,0.00,9.57,386.36,223.53,373.41,72.34,0.00
Геолог,12,34,тести,16.12.2024, 12:21:36,500.00,0.00,0.00,378.82,0.00,216.33,284.82,0.00,115.74,35.96,362.41
Геолог,12,34,тести,16.12.2024, 12:21:36,500.00,0.00,0.00,378.82,0.00,216.33,284.82,0.00,115.74,35.96,362.41
Геолог,12,34,тести,16.12.2024, 12:21:36,500.00,23.78,131.13,0.00,387.68,500.00,228.66,0.00,317.51,500.00,500.00
Геолог,12,34,тести,16.12.2024, 12:21:36,500.00,23.78,131.13,0.00,387.68,500.00,228.66,0.00,317.51,500.00,500.00
Геолог,12,34,тести,16.12.2024, 12:21:36,296.73,436.43,0.00,265.64,346.95,500.00,500.00,407.83,375.91,500.00,115.53
Геолог,12,34,тести,16.12.2024, 12:21:36,296.73,436.43,0.00,265.64,346.95,500.00,500.00,407.83,375.91,500.00,115.53
Геолог,12,34,тести,16.12.2024, 12:21:37,296.73,436.43,0.00,265.64,346.95,500.00,500.00,407.83,375.91,500.00,115.53
Геолог,12,34,тести,16.12.2024, 12:21:37,500.00,61.01,87.49,27.16,314.86,53.86,500.00,500.00,380.88,120.53,0.00
Геолог,12,34,тести,16.12.2024, 12:21:37,500.00,61.01,87.49,27.16,314.86,53.86,500.00,500.00,380.88,120.53,0.00
Геолог,12,34,тести,16.12.2024, 12:21:37,500.00,61.01,87.49,27.16,314.86,53.86,500.00,500.00,380.88,120.53,0.00
Геолог,12,34,тести,16.12.2024, 12:21:37,500.00,420.06,126.98,0.00,484.97,500.00,500.00,220.69,0.00,0.00,0.00
Геолог,12,34,тести,16.12.2024, 12:21:37,500.00,420.06,126.98,0.00,484.97,500.00,500.00,220.69,0.00,0.00,0.00
Геолог,12,34,тести,16.12.2024, 12:21:37,230.07,137.15,73.82,335.24,304.57,500.00,23.45,0.00,30.84,499.64,124.82
Геолог,12,34,тести,16.12.2024, 12:21:37,0.00,500.00,500.00,0.00,292.93,0.00,0.00,500.00,500.00,0.00,500.00
Геолог,12,34,тести,16.12.2024, 12:21:37,0.00,500.00,500.00,0.00,292.93,0.00,0.00,500.00,500.00,0.00,371.63
Геолог,12,34,тести,16.12.2024, 12:21:37,165.34,500.00,500.00,38.01,0.00,0.00,0.00,500.00,500.00,0.00,371.63
Геолог,12,34,тести,16.12.2024, 12:21:37,165.34,500.00,500.00,38.01,0.00,0.00,0.00,500.00,500.00,0.00,371.63
Геолог,12,34,тести,16.12.2024, 12:21:38,305.09,500.00,87.09,0.00,48.39,355.55,0.00,500.00,500.00,242.40,0.00
Геолог,12,34,тести,16.12.2024, 12:21:38,305.09,500.00,87.09,0.00,48.39,355.55,0.00,500.00,500.00,242.40,0.00
Геолог,12,34,тести,16.12.2024, 12:21:38,305.09,500.00,87.09,0.00,48.39,355.55,0.00,500.00,500.00,242.40,0.00
Геолог,12,34,тести,16.12.2024, 12:21:38,432.10,269.14,0.00,306.08,0.00,52.55,84.36,500.00,314.74,500.00,0.00
Геолог,12,34,тести,16.12.2024, 12:21:38,432.10,269.14,0.00,306.08,0.00,52.55,84.36,500.00,314.74,500.00,0.00
Геолог,12,34,тести,16.12.2024, 12:21:38,278.89,182.61,0.00,0.00,0.00,0.00,397.58,110.92,500.00,118.86,0.00
Геолог,12,34,тести,16.12.2024, 12:21:38,278.89,182.61,0.00,0.00,0.00,0.00,397.58,110.92,500.00,118.86,0.00
Геолог,12,34,тести,16.12.2024, 12:21:38,324.12,416.04,500.00,396.70,116.44,0.00,0.00,403.14,10.54,51.97,240.16
Геолог,12,34,тести,16.12.2024, 12:21:38,337.89,223.13,117.35,500.00,24.12,216.55,0.00,0.00,307.30,206.13,0.00
Геолог,12,34,тести,16.12.2024, 12:21:38,337.89,223.13,117.35,500.00,24.12,216.55,0.00,0.00,307.30,206.13,0.00
Геолог,12,34,тести,16.12.2024, 12:21:38,468.50,100.94,413.68,500.00,394.69,92.47,254.46,0.00,418.07,0.00,0.00
Геолог,12,34,тести,16.12.2024, 12:21:39,468.50,100.94,413.68,500.00,394.69,92.47,254.46,0.00,418.07,0.00,0.00
Геолог,12,34,тести,16.12.2024, 12:21:39,269.06,500.00,254.29,500.00,1.80,307.46,0.00,0.00,500.00,0.00,0.00
Геолог,12,34,тести,16.12.2024, 12:21:39,269.06,500.00,254.29,500.00,1.80,307.46,0.00,0.00,500.00,0.00,0.00
Геолог,12,34,тести,16.12.2024, 12:21:39,269.06,500.00,254.29,500.00,1.80,307.46,0.00,0.00,500.00,0.00,0.00
Геолог,12,34,тести,16.12.2024, 12:21:39,500.00,194.79,207.00,500.00,333.83,0.00,0.00,397.56,500.00,0.00,212.14
Геолог,12,34,тести,16.12.2024, 12:21:39,464.70,411.02,0.00,233.38,0.00,390.71,0.00,500.00,461.06,253.95,237.22
Геолог,12,34,тести,16.12.2024, 12:21:39,464.70,411.02,0.00,233.38,0.00,390.71,0.00,500.00,461.06,253.95,237.22
Геолог,12,34,тести,16.12.2024, 12:21:39,0.00,148.12,499.38,478.98,500.00,500.00,0.00,500.00,500.00,315.36,0.00
Геолог,12,34,тести,16.12.2024, 12:21:39,0.00,0.00,500.00,456.36,114.70,500.00,0.00,500.00,48.02,0.00,0.00
Геолог,12,34,тести,16.12.2024, 12:21:39,0.00,0.00,500.00,456.36,114.70,500.00,0.00,500.00,48.02,0.00,0.00
Геолог,12,34,тести,16.12.2024, 12:21:40,0.00,0.00,500.00,500.00,500.00,500.00,0.00,500.00,271.09,20.03,0.00
Геолог,12,34,тести,16.12.2024, 12:21:40,0.00,0.00,500.00,500.00,500.00,500.00,0.00,500.00,271.09,20.03,0.00
Геолог,12,34,тести,16.12.2024, 12:21:40,9.61,0.00,75.93,500.00,486.09,500.00,161.70,476.68,243.27,0.00,1.34
Геолог,12,34,тести,16.12.2024, 12:21:40,9.61,0.00,75.93,500.00,486.09,500.00,161.70,476.68,243.27,0.00,1.34
Геолог,12,34,тести,16.12.2024, 12:21:40,0.00,385.81,235.23,125.47,124.07,500.00,233.66,500.00,0.00,428.63,389.91
Геолог,12,34,тести,16.12.2024, 12:21:40,0.00,385.81,186.57,409.67,0.00,65.08,396.15,132.14,0.00,500.00,181.16
Геолог,12,34,тести,16.12.2024, 12:21:40,0.00,0.00,186.57,409.67,0.00,65.08,396.15,132.14,0.00,500.00,181.16
Геолог,12,34,тести,16.12.2024, 12:21:40,345.48,0.00,304.94,500.00,0.00,24.50,500.00,479.97,238.41,240.53,500.00
Геолог,12,34,тести,16.12.2024, 12:21:40,142.68,0.00,500.00,500.00,129.97,468.31,500.00,427.02,192.26,471.13,500.00
Геолог,12,34,тести,16.12.2024, 12:21:40,190.59,0.00,500.00,500.00,350.01,500.00,362.60,500.00,500.00,410.06,500.00
Геолог,12,34,тести,16.12.2024, 12:21:40,190.59,0.00,500.00,500.00,350.01,500.00,362.60,500.00,500.00,410.06,500.00
Геолог,12,34,тести,16.12.2024, 12:21:41,271.31,170.99,88.91,385.57,127.38,500.00,444.72,343.78,500.00,500.00,500.00
Геолог,12,34,тести,16.12.2024, 12:21:41,177.17,0.00,171.31,0.00,449.55,500.00,42.95,432.98,500.00,392.45,500.00
Геолог,12,34,тести,16.12.2024, 12:21:41,177.17,0.00,171.31,0.00,449.55,500.00,42.95,432.98,500.00,392.45,500.00
Геолог,12,34,тести,16.12.2024, 12:21:41,0.00,156.93,19.64,0.00,36.90,500.00,126.23,153.20,433.12,66.83,328.25
Геолог,12,34,тести,16.12.2024, 12:21:41,0.00,156.93,19.64,0.00,36.90,500.00,126.23,153.20,433.12,66.83,328.25
Геолог,12,34,тести,16.12.2024, 12:21:41,424.93,500.00,0.00,0.00,0.00,229.82,0.00,87.81,500.00,366.11,247.92
Геолог,12,34,тести,16.12.2024, 12:21:41,6.18,174.01,63.33,0.00,492.15,450.21,0.00,500.00,35.23,76.00,0.00
Геолог,12,34,тести,16.12.2024, 12:21:41,6.18,174.01,63.33,0.00,492.15,450.21,0.00,500.00,35.23,76.00,0.00
Геолог,12,34,тести,16.12.2024, 12:21:41,500.00,500.00,198.91,167.76,301.84,500.00,0.00,500.00,354.70,204.56,318.81
Геолог,12,34,тести,16.12.2024, 12:21:41,500.00,208.32,500.00,493.65,8.22,500.00,0.00,500.00,500.00,500.00,273.76
Геолог,12,34,тести,16.12.2024, 12:21:41,500.00,208.32,500.00,493.65,8.22,500.00,0.00,500.00,500.00,500.00,273.76
Геолог,12,34,тести,16.12.2024, 12:21:42,174.66,4.83,500.00,224.24,333.21,449.24,76.87,500.00,464.86,500.00,0.00
Геолог,12,34,тести,16.12.2024, 12:21:42,0.00,0.00,80.67,0.00,0.00,500.00,256.24,24.25,427.19,500.00,67.89
Геолог,12,34,тести,16.12.2024, 12:21:42,0.00,0.00,80.67,0.00,0.00,500.00,256.24,24.25,427.19,500.00,67.89
Геолог,12,34,тести,16.12.2024, 12:21:42,257.86,468.31,148.60,206.06,112.42,380.66,500.00,0.00,426.00,500.00,0.00
Геолог,12,34,тести,16.12.2024, 12:21:42,0.00,500.00,0.00,500.00,295.87,500.00,223.41,73.11,23.55,70.33,92.52
Геолог,12,34,тести,16.12.2024, 12:21:42,0.00,500.00,0.00,500.00,295.87,500.00,223.41,73.11,23.55,70.33,92.52
Геолог,12,34,тести,16.12.2024, 12:21:42,316.21,500.00,446.23,198.58,500.00,167.36,500.00,500.00,379.17,500.00,186.62
Геолог,12,34,тести,16.12.2024, 12:21:42,500.00,105.14,500.00,343.23,500.00,500.00,500.00,500.00,322.86,500.00,0.00
Геолог,1,23,тест,16.12.2024, 12:27:43,133.04,500.00,500.00,489.79,393.67,0.00,0.00,0.00,151.86,500.00,437.39
Геолог,1,23,тест,16.12.2024, 12:27:43,7.65,253.11,173.16,474.13,208.68,95.83,0.00,139.94,19.97,500.00,0.00
Геолог,1,23,тест,16.12.2024, 12:27:43,7.65,253.11,173.16,474.13,208.68,95.83,0.00,139.94,19.97,500.00,0.00
Геолог,1,23,тест,16.12.2024, 12:27:43,7.65,253.11,173.16,474.13,208.68,95.83,0.00,139.94,19.97,500.00,0.00
Геолог,1,23,тест,16.12.2024, 12:27:43,0.00,192.00,339.69,63.14,298.11,488.95,224.67,0.00,0.00,500.00,233.54
Геолог,1,23,тест,16.12.2024, 12:27:43,0.00,192.00,339.69,63.14,298.11,488.95,224.67,0.00,0.00,500.00,233.54
Геолог,1,23,тест,16.12.2024, 12:27:43,0.00,192.00,339.69,63.14,298.11,488.95,224.67,0.00,0.00,500.00,233.54
Геолог,1,23,тест,16.12.2024, 12:27:43,130.72,0.00,192.65,466.54,201.75,402.47,94.63,0.00,249.36,297.42,0.00
Геолог,1,23,тест,16.12.2024, 12:27:43,130.72,0.00,192.65,466.54,201.75,402.47,94.63,0.00,249.36,297.42,0.00
Геолог,1,23,тест,16.12.2024, 12:27:44,240.94,0.00,500.00,500.00,0.00,500.00,296.04,184.95,500.00,500.00,137.45
Геолог,1,23,тест,16.12.2024, 12:27:44,240.94,0.00,500.00,500.00,0.00,500.00,296.04,184.95,500.00,500.00,137.45
Геолог,1,23,тест,16.12.2024, 12:27:44,147.20,500.00,156.26,399.67,398.37,0.00,484.20,424.37,0.00,149.13,500.00
Геолог,1,23,тест,16.12.2024, 12:27:44,0.00,340.91,410.21,399.67,398.37,0.00,484.20,424.37,0.00,149.13,500.00
Геолог,1,23,тест,16.12.2024, 12:27:44,0.00,500.00,450.66,500.00,500.00,201.58,500.00,500.00,232.08,146.22,185.25
Геолог,1,23,тест,16.12.2024, 12:27:44,0.00,500.00,450.66,500.00,500.00,201.58,500.00,500.00,232.08,146.22,185.25
Геолог,1,23,тест,16.12.2024, 12:27:44,0.00,500.00,450.66,500.00,500.00,201.58,500.00,500.00,232.08,146.22,185.25
Геолог,1,23,тест,16.12.2024, 12:27:44,0.00,49.53,500.00,500.00,27.55,221.72,500.00,500.00,352.89,0.00,0.00
Геолог,1,23,тест,16.12.2024, 12:27:44,0.00,49.53,500.00,500.00,27.55,221.72,500.00,500.00,352.89,0.00,0.00
Геолог,1,23,тест,16.12.2024, 12:27:44,0.00,49.53,500.00,500.00,27.55,221.72,500.00,500.00,352.89,0.00,0.00
Геолог,1,23,тест,16.12.2024, 12:27:44,0.00,0.00,500.00,500.00,0.00,0.00,500.00,130.43,244.47,0.00,370.29
Геолог,1,23,тест,16.12.2024, 12:27:44,0.00,0.00,500.00,500.00,0.00,0.00,500.00,130.43,244.47,0.00,370.29
Геолог,1,23,тест,16.12.2024, 12:27:45,98.26,491.28,500.00,3.88,0.00,278.27,281.75,0.00,251.53,54.54,500.00
Геолог,1,23,тест,16.12.2024, 12:27:45,500.00,198.50,500.00,0.00,41.00,500.00,0.00,4.14,0.00,82.54,93.92
Геолог,1,23,тест,16.12.2024, 12:27:45,500.00,198.50,500.00,0.00,41.00,500.00,0.00,258.43,0.00,0.00,0.00
Геолог,1,23,тест,16.12.2024, 12:27:45,500.00,306.26,500.00,281.28,0.00,500.00,0.00,258.43,0.00,0.00,0.00
Геолог,1,23,тест,16.12.2024, 12:27:45,500.00,306.26,500.00,281.28,0.00,500.00,0.00,258.43,0.00,0.00,0.00
Геолог,1,23,тест,16.12.2024, 12:27:45,500.00,0.00,177.59,500.00,488.90,359.68,444.33,500.00,39.13,0.00,268.79
Геолог,1,23,тест,16.12.2024, 12:27:45,500.00,0.00,177.59,500.00,488.90,359.68,444.33,500.00,39.13,0.00,268.79
Геолог,1,23,тест,16.12.2024, 12:27:45,500.00,0.00,177.59,500.00,488.90,359.68,444.33,500.00,39.13,0.00,268.79
Геолог,1,23,тест,16.12.2024, 12:27:45,500.00,0.00,459.99,500.00,500.00,500.00,138.50,500.00,446.79,432.27,410.42
Геолог,1,23,тест,16.12.2024, 12:27:45,500.00,0.00,459.99,500.00,500.00,500.00,138.50,500.00,446.79,432.27,410.42
Геолог,1,23,тест,16.12.2024, 12:27:46,500.00,3.85,500.00,500.00,300.20,500.00,500.00,500.00,500.00,299.52,500.00
Геолог,1,23,тест,16.12.2024, 12:27:46,500.00,3.85,500.00,500.00,300.20,500.00,500.00,500.00,500.00,299.52,500.00
Геолог,1,23,тест,16.12.2024, 12:27:46,94.52,330.87,415.07,500.00,433.91,0.00,257.48,413.20,472.64,419.44,96.62
Геолог,1,23,тест,16.12.2024, 12:27:46,94.52,500.00,500.00,500.00,274.42,0.00,11.31,317.62,500.00,75.71,500.00
Геолог,1,23,тест,16.12.2024, 12:27:46,157.74,500.00,500.00,500.00,274.42,0.00,11.31,317.62,500.00,75.71,500.00
Геолог,1,23,тест,16.12.2024, 12:27:46,0.00,500.00,500.00,473.80,388.97,0.00,327.75,201.41,500.00,132.57,369.52
Геолог,1,23,тест,16.12.2024, 12:27:46,0.00,500.00,500.00,473.80,388.97,0.00,327.75,201.41,500.00,132.57,369.52
Геолог,1,23,тест,16.12.2024, 12:27:46,190.57,500.00,500.00,500.00,500.00,0.00,500.00,147.76,258.91,0.00,500.00
Геолог,1,23,тест,16.12.2024, 12:27:46,190.57,500.00,500.00,500.00,500.00,0.00,500.00,147.76,258.91,0.00,500.00
Геолог,1,23,тест,16.12.2024, 12:27:46,190.57,500.00,500.00,500.00,500.00,0.00,500.00,147.76,258.91,0.00,500.00
Геолог,1,23,тест,16.12.2024, 12:27:47,311.11,500.00,184.60,500.00,500.00,219.15,429.85,0.00,0.00,0.00,485.05
Геолог,1,23,тест,16.12.2024, 12:27:47,311.11,500.00,184.60,500.00,500.00,148.40,80.94,0.00,453.50,42.95,351.45
Геолог,1,23,тест,16.12.2024, 12:27:47,500.00,500.00,10.19,500.00,500.00,148.40,80.94,0.00,453.50,42.95,351.45
Геолог,1,23,тест,16.12.2024, 12:27:47,0.00,475.05,433.54,323.27,500.00,16.89,120.03,0.00,478.89,500.00,500.00
Геолог,1,23,тест,16.12.2024, 12:27:47,81.40,500.00,443.44,500.00,500.00,0.00,73.03,371.50,500.00,500.00,300.75
Геолог,1,23,тест,16.12.2024, 12:27:47,81.40,500.00,443.44,500.00,500.00,0.00,73.03,371.50,500.00,500.00,300.75
Геолог,1,23,тест,16.12.2024, 12:27:47,0.00,441.82,96.15,500.00,122.69,0.00,0.00,319.71,167.51,500.00,0.00
Геолог,1,23,тест,16.12.2024, 12:27:47,0.00,500.00,500.00,456.40,60.47,0.00,0.00,39.48,0.00,500.00,295.55
Геолог,1,23,тест,16.12.2024, 12:27:47,0.00,500.00,500.00,456.40,60.47,0.00,0.00,39.48,0.00,500.00,295.55
Геолог,1,23,тест,16.12.2024, 12:27:47,0.00,500.00,500.00,456.40,60.47,0.00,0.00,39.48,0.00,500.00,295.55
Геолог,1,23,тест,16.12.2024, 12:27:48,276.33,500.00,500.00,495.17,437.59,0.00,343.94,133.39,71.37,12.94,500.00
Геолог,1,23,тест,16.12.2024, 12:27:48,276.33,500.00,500.00,500.00,24.42,0.00,0.00,486.41,112.53,108.32,41.95
Геолог,1,23,тест,16.12.2024, 12:27:48,0.00,500.00,339.15,500.00,24.42,0.00,0.00,486.41,112.53,108.32,41.95
Геолог,1,23,тест,16.12.2024, 12:27:48,329.57,500.00,59.67,500.00,0.00,162.71,448.68,340.69,0.00,0.00,0.00
Геолог,1,23,тест,16.12.2024, 12:27:48,0.00,161.95,313.91,500.00,0.00,0.00,104.80,53.26,98.52,0.00,0.00
Геолог,1,23,тест,16.12.2024, 12:27:48,0.00,500.00,500.00,500.00,232.58,384.35,0.00,70.25,344.15,354.19,119.01
Геолог,1,23,тест,16.12.2024, 12:27:48,0.00,500.00,500.00,500.00,232.58,384.35,0.00,70.25,344.15,354.19,119.01
Геолог,1,23,тест,16.12.2024, 12:27:48,444.43,500.00,432.52,95.57,500.00,49.04,0.00,0.00,0.00,500.00,500.00
Геолог,1,23,тест,16.12.2024, 12:27:48,444.51,500.00,87.38,0.00,500.00,266.47,134.84,147.31,0.00,76.05,109.28
Геолог,1,23,тест,16.12.2024, 12:27:48,444.51,500.00,87.38,0.00,500.00,266.47,134.84,147.31,0.00,76.05,109.28
Геолог,1,23,тест,16.12.2024, 12:27:49,500.00,357.34,34.50,0.00,500.00,0.00,0.00,493.24,212.05,35.16,0.00
Геолог,1,23,тест,16.12.2024, 12:27:49,500.00,357.34,34.50,0.00,188.27,0.00,0.00,500.00,0.00,0.00,171.33
Геолог,1,23,тест,16.12.2024, 12:27:49,500.00,0.00,0.00,338.38,188.27,0.00,0.00,500.00,0.00,0.00,171.33
Геолог,1,23,тест,16.12.2024, 12:27:49,500.00,0.00,188.08,0.00,0.00,0.00,309.28,0.36,0.00,126.62,67.01
Геолог,1,23,тест,16.12.2024, 12:27:49,500.00,0.00,188.08,0.00,0.00,0.00,309.28,0.36,0.00,126.62,67.01
Геолог,1,23,тест,16.12.2024, 12:27:49,0.00,428.18,0.00,365.01,89.50,0.00,0.00,500.00,0.00,500.00,0.00
Геолог,1,23,тест,16.12.2024, 12:27:49,0.00,500.00,401.32,500.00,0.00,0.00,165.18,500.00,0.00,500.00,0.00
Геолог,1,23,тест,16.12.2024, 12:27:49,0.00,500.00,401.32,500.00,0.00,0.00,165.18,500.00,0.00,500.00,0.00
Геолог,1,23,тест,16.12.2024, 12:27:49,0.00,500.00,500.00,73.72,288.65,0.00,332.08,493.81,0.00,449.32,307.45
Геолог,1,23,тест,16.12.2024, 12:27:49,0.00,500.00,500.00,73.72,288.65,0.00,332.08,493.81,0.00,449.32,307.45
Геолог,1,23,тест,16.12.2024, 12:27:49,0.00,142.01,500.00,24.28,20.99,203.96,426.72,500.00,470.08,361.17,500.00
Геолог,1,23,тест,16.12.2024, 12:27:49,302.47,0.00,500.00,0.00,459.28,500.00,500.00,500.00,140.65,104.49,500.00
Геолог,1,23,тест,16.12.2024, 12:27:50,302.47,0.00,500.00,0.00,459.28,500.00,500.00,500.00,140.65,104.49,500.00
Геолог,1,23,тест,16.12.2024, 12:27:50,500.00,0.00,63.07,445.47,40.64,129.83,500.00,500.00,44.74,221.96,500.00
Геолог,1,23,тест,16.12.2024, 12:27:50,500.00,0.00,63.07,445.47,40.64,0.00,395.95,500.00,364.25,500.00,500.00
Геолог,1,23,тест,16.12.2024, 12:27:50,172.03,0.00,0.00,469.51,0.00,0.00,395.95,500.00,364.25,500.00,500.00
Геолог,1,23,тест,16.12.2024, 12:27:50,274.03,0.00,313.52,140.71,409.35,0.00,489.05,0.00,459.63,0.00,162.40
Геолог,1,23,тест,16.12.2024, 12:27:50,241.85,362.31,500.00,0.00,186.91,0.00,87.53,0.00,324.50,0.00,72.79
Геолог,1,23,тест,16.12.2024, 12:27:50,241.85,362.31,500.00,0.00,186.91,0.00,87.53,0.00,324.50,0.00,72.79
Геолог,1,23,тест,16.12.2024, 12:27:50,500.00,500.00,116.24,246.10,500.00,0.00,271.42,0.00,500.00,77.14,500.00
Геолог,1,23,тест,16.12.2024, 12:27:50,253.87,500.00,500.00,29.35,500.00,0.00,0.00,0.00,213.03,500.00,500.00
Геолог,1,23,тест,16.12.2024, 12:27:50,253.87,500.00,500.00,29.35,500.00,0.00,0.00,0.00,213.03,500.00,500.00
Геолог,1,23,тест,16.12.2024, 12:27:51,174.92,500.00,500.00,264.74,386.81,0.00,429.08,31.54,0.00,500.00,500.00
Геолог,1,23,тест,16.12.2024, 12:27:51,224.65,500.00,35.33,32.46,21.75,389.72,500.00,174.93,74.10,285.88,500.00
Геолог,1,23,тест,16.12.2024, 12:27:51,500.00,500.00,0.00,0.00,213.55,488.73,500.00,328.09,500.00,63.40,500.00
Геолог,1,23,тест,16.12.2024, 12:27:51,500.00,500.00,0.00,0.00,213.55,488.73,500.00,328.09,500.00,63.40,500.00
Геолог,1,23,тест,16.12.2024, 12:27:51,500.00,480.45,0.00,0.00,0.00,103.13,54.40,500.00,361.17,133.58,403.79
Геолог,1,23,тест,16.12.2024, 12:27:51,428.37,363.82,500.00,29.07,416.63,221.42,500.00,312.77,400.92,500.00,211.54
Геолог,1,23,тест,16.12.2024, 12:27:51,320.85,304.79,500.00,0.00,500.00,473.23,247.29,76.15,500.00,472.05,0.00
Геолог,1,23,тест,16.12.2024, 12:27:51,500.00,0.00,185.43,0.00,500.00,500.00,292.01,325.00,249.21,499.07,0.00
Геолог,1,23,тест,16.12.2024, 12:27:51,500.00,0.00,185.43,0.00,500.00,500.00,292.01,325.00,249.21,499.07,0.00
Геолог,1,23,тест,16.12.2024, 12:27:51,500.00,71.65,500.00,28.76,403.86,500.00,107.75,500.00,0.00,500.00,251.36
Геолог,1,23,тест,16.12.2024, 12:27:51,500.00,1.88,500.00,0.00,500.00,500.00,209.02,107.84,0.00,500.00,108.23
Геолог,1,23,тест,16.12.2024, 12:27:52,358.21,0.00,500.00,2.26,101.47,500.00,469.99,292.66,119.19,301.72,495.33
Геолог,1,23,тест,16.12.2024, 12:27:52,358.21,0.00,500.00,2.26,101.47,500.00,469.99,292.66,119.19,301.72,495.33
Геолог,1,23,тест,16.12.2024, 12:27:52,500.00,257.95,500.00,0.00,0.00,101.84,327.86,0.00,500.00,467.15,500.00
Геолог,1,23,тест,16.12.2024, 12:27:52,500.00,418.82,78.02,163.74,0.00,49.22,85.64,232.73,247.06,388.77,500.00
Геолог,1,23,тест,16.12.2024, 12:27:52,466.62,57.46,258.56,418.38,0.00,0.00,427.73,500.00,0.00,360.54,289.43
кент,12,34,тест,16.12.2024, 12:39:18,240.44,192.55,257.39,500.00,500.00,266.49,500.00,500.00,125.17,0.00,462.65
кент,12,34,тест,16.12.2024, 12:39:18,500.00,0.00,500.00,500.00,500.00,500.00,500.00,500.00,0.00,449.09,296.12
кент,12,34,тест,16.12.2024, 12:39:18,363.41,0.00,500.00,500.00,500.00,500.00,500.00,500.00,0.00,449.09,296.12
кент,12,34,тест,16.12.2024, 12:39:18,363.41,0.00,500.00,500.00,500.00,500.00,500.00,500.00,0.00,449.09,296.12
кент,12,34,тест,16.12.2024, 12:39:18,363.41,0.00,500.00,500.00,352.88,243.73,500.00,500.00,56.44,500.00,385.01
кент,12,34,тест,16.12.2024, 12:39:18,500.00,166.81,500.00,500.00,352.88,243.73,500.00,500.00,56.44,500.00,385.01
кент,12,34,тест,16.12.2024, 12:39:18,500.00,166.81,500.00,500.00,352.88,243.73,500.00,500.00,56.44,500.00,385.01
кент,12,34,тест,16.12.2024, 12:39:18,500.00,166.81,101.42,164.06,357.76,0.00,500.00,219.45,173.18,500.00,500.00
кент,12,34,тест,16.12.2024, 12:39:18,500.00,166.81,101.42,164.06,357.76,0.00,500.00,219.45,173.18,500.00,500.00
кент,12,34,тест,16.12.2024, 12:39:18,10.92,0.00,101.42,164.06,357.76,0.00,500.00,219.45,173.18,500.00,500.00
кент,12,34,тест,16.12.2024, 12:39:18,10.92,0.00,0.00,0.00,185.31,322.62,500.00,371.97,405.23,500.00,500.00
кент,12,34,тест,16.12.2024, 12:39:19,0.00,0.00,0.00,334.97,0.00,500.00,76.42,423.31,500.00,0.00,500.00
кент,12,34,тест,16.12.2024, 12:39:19,0.00,0.00,0.00,334.97,0.00,500.00,76.42,423.31,500.00,0.00,500.00
кент,12,34,тест,16.12.2024, 12:39:19,0.00,0.00,0.00,334.97,0.00,500.00,76.42,423.31,500.00,0.00,500.00
кент,12,34,тест,16.12.2024, 12:39:19,0.00,0.00,477.63,500.00,103.53,465.94,500.00,500.00,500.00,374.91,330.53
кент,12,34,тест,16.12.2024, 12:39:19,0.00,0.00,477.63,500.00,103.53,465.94,500.00,500.00,500.00,374.91,330.53
кент,12,34,тест,16.12.2024, 12:39:19,204.49,167.14,477.63,500.00,103.53,465.94,500.00,500.00,500.00,374.91,330.53
кент,12,34,тест,16.12.2024, 12:39:19,204.49,167.14,178.16,98.37,0.00,0.00,500.00,500.00,500.00,191.58,8.87
кент,12,34,тест,16.12.2024, 12:39:19,204.49,167.14,178.16,98.37,0.00,0.00,500.00,500.00,500.00,191.58,8.87
кент,12,34,тест,16.12.2024, 12:39:19,500.00,500.00,178.16,98.37,0.00,0.00,500.00,500.00,500.00,191.58,8.87
кент,12,34,тест,16.12.2024, 12:39:19,500.00,500.00,178.16,98.37,0.00,0.00,500.00,500.00,500.00,191.58,8.87
кент,12,34,тест,16.12.2024, 12:39:19,500.00,500.00,500.00,302.55,0.00,404.22,134.92,500.00,42.54,500.00,0.00
кент,12,34,тест,16.12.2024, 12:39:20,0.00,500.00,500.00,500.00,201.69,500.00,147.21,0.00,0.00,393.59,500.00
кент,12,34,тест,16.12.2024, 12:39:20,370.77,500.00,500.00,500.00,201.69,500.00,147.21,0.00,0.00,393.59,500.00
кент,12,34,тест,16.12.2024, 12:39:20,370.77,500.00,161.44,500.00,0.00,500.00,429.37,140.03,0.00,431.95,500.00
кент,12,34,тест,16.12.2024, 12:39:20,370.77,500.00,161.44,500.00,0.00,500.00,429.37,140.03,0.00,431.95,500.00
кент,12,34,тест,16.12.2024, 12:39:20,267.08,500.00,161.44,500.00,0.00,500.00,429.37,140.03,0.00,431.95,500.00
кент,12,34,тест,16.12.2024, 12:39:20,267.08,500.00,500.00,500.00,208.43,500.00,330.61,345.86,50.30,433.09,500.00
кент,12,34,тест,16.12.2024, 12:39:20,267.08,500.00,500.00,500.00,208.43,500.00,330.61,345.86,50.30,433.09,500.00
кент,12,34,тест,16.12.2024, 12:39:20,230.61,174.96,500.00,500.00,208.43,500.00,330.61,345.86,50.30,433.09,500.00
кент,12,34,тест,16.12.2024, 12:39:20,230.61,174.96,500.00,500.00,500.00,500.00,500.00,247.07,0.00,500.00,20.28
кент,12,34,тест,16.12.2024, 12:39:20,487.72,136.40,500.00,500.00,500.00,500.00,500.00,247.07,0.00,500.00,20.28
кент,12,34,тест,16.12.2024, 12:39:20,487.72,136.40,500.00,65.10,495.16,317.38,500.00,500.00,0.00,500.00,70.37
кент,12,34,тест,16.12.2024, 12:39:20,200.27,129.51,170.35,60.64,0.00,500.00,500.00,500.00,0.00,500.00,500.00
кент,12,34,тест,16.12.2024, 12:39:21,0.00,223.73,170.35,60.64,0.00,500.00,500.00,500.00,0.00,500.00,500.00
кент,12,34,тест,16.12.2024, 12:39:21,0.00,223.73,383.87,500.00,439.83,201.21,500.00,500.00,320.98,500.00,500.00
кент,12,34,тест,16.12.2024, 12:39:21,0.00,223.73,383.87,500.00,439.83,201.21,500.00,500.00,320.98,500.00,500.00
кент,12,34,тест,16.12.2024, 12:39:21,0.00,334.48,383.87,500.00,439.83,201.21,500.00,500.00,320.98,500.00,500.00
кент,12,34,тест,16.12.2024, 12:39:21,0.00,334.48,0.00,279.78,500.00,0.00,60.48,292.31,428.60,500.00,500.00
кент,12,34,тест,16.12.2024, 12:39:21,296.74,149.56,0.00,279.78,500.00,0.00,60.48,292.31,428.60,500.00,500.00
кент,12,34,тест,16.12.2024, 12:39:21,296.74,149.56,0.00,60.15,500.00,260.58,0.00,0.00,38.77,33.69,334.62
кент,12,34,тест,16.12.2024, 12:39:21,296.74,149.56,0.00,60.15,500.00,260.58,0.00,0.00,38.77,33.69,334.62
кент,12,34,тест,16.12.2024, 12:39:21,500.00,62.05,179.19,0.00,25.23,438.91,0.00,0.00,0.00,0.00,25.70
кент,12,34,тест,16.12.2024, 12:39:21,500.00,62.05,179.19,0.00,25.23,438.91,0.00,0.00,0.00,0.00,25.70
кент,12,34,тест,16.12.2024, 12:39:22,0.00,405.70,500.00,303.43,0.00,447.97,0.00,480.64,414.05,5.77,0.00
кент,12,34,тест,16.12.2024, 12:39:22,128.90,271.89,500.00,500.00,499.09,500.00,284.47,17.53,500.00,0.00,462.21
кент,12,34,тест,16.12.2024, 12:39:22,128.90,271.89,500.00,500.00,499.09,500.00,284.47,17.53,500.00,0.00,462.21
кент,12,34,тест,16.12.2024, 12:39:22,500.00,76.55,350.75,184.71,500.00,232.27,75.51,0.00,500.00,0.00,500.00
кент,12,34,тест,16.12.2024, 12:39:22,500.00,76.55,350.75,184.71,500.00,232.27,75.51,0.00,500.00,0.00,500.00
кент,12,34,тест,16.12.2024, 12:39:22,500.00,411.95,154.56,0.00,409.31,0.00,500.00,0.00,500.00,125.92,67.57
кент,12,34,тест,16.12.2024, 12:39:22,500.00,411.95,154.56,0.00,409.31,0.00,500.00,0.00,500.00,125.92,67.57
кент,12,34,тест,16.12.2024, 12:39:22,275.25,500.00,0.00,0.00,500.00,0.00,500.00,0.00,500.00,66.23,438.44
кент,12,34,тест,16.12.2024, 12:39:22,275.25,500.00,0.00,0.00,500.00,0.00,500.00,0.00,500.00,66.23,438.44
кент,12,34,тест,16.12.2024, 12:39:22,500.00,500.00,362.71,74.74,500.00,0.00,469.16,0.00,500.00,0.00,500.00
кент,12,34,тест,16.12.2024, 12:39:22,500.00,500.00,362.71,74.74,500.00,0.00,469.16,0.00,500.00,0.00,500.00
кент,12,34,тест,16.12.2024, 12:39:22,0.00,198.55,500.00,266.05,215.91,70.66,366.95,500.00,230.65,88.09,0.00
кент,12,34,тест,16.12.2024, 12:39:23,0.00,198.55,500.00,266.05,215.91,70.66,366.95,500.00,230.65,88.09,0.00
кент,12,34,тест,16.12.2024, 12:39:23,17.87,78.00,500.00,0.00,0.00,480.47,500.00,267.68,0.00,120.22,0.00
кент,12,34,тест,16.12.2024, 12:39:23,17.87,78.00,500.00,0.00,0.00,480.47,500.00,267.68,0.00,120.22,0.00
кент,12,34,тест,16.12.2024, 12:39:23,0.00,97.93,8.09,237.43,0.00,500.00,500.00,0.00,369.36,0.00,0.00
кент,12,34,тест,16.12.2024, 12:39:23,0.00,97.93,8.09,237.43,0.00,359.69,213.43,0.00,268.47,84.50,0.00
кент,12,34,тест,16.12.2024, 12:39:23,168.39,129.39,0.00,0.00,0.00,359.69,213.43,0.00,268.47,84.50,0.00
кент,12,34,тест,16.12.2024, 12:39:23,500.00,0.00,0.00,0.00,311.57,3.97,402.74,0.00,500.00,0.00,0.00
кент,12,34,тест,16.12.2024, 12:39:23,500.00,0.00,0.00,0.00,311.57,3.97,402.74,0.00,500.00,0.00,0.00
кент,12,34,тест,16.12.2024, 12:39:23,322.67,497.86,379.17,0.00,388.94,0.00,500.00,127.48,218.46,0.00,211.75
кент,12,34,тест,16.12.2024, 12:39:23,322.67,497.86,379.17,0.00,388.94,0.00,500.00,127.48,218.46,0.00,211.75
кент,12,34,тест,16.12.2024, 12:39:23,0.00,0.00,38.00,0.00,0.00,124.06,0.00,0.00,177.61,148.87,0.00
кент,12,34,тест,16.12.2024, 12:39:24,0.00,0.00,38.00,0.00,0.00,124.06,0.00,0.00,177.61,148.87,0.00
кент,12,34,тест,16.12.2024, 12:39:24,0.00,476.30,0.00,0.00,236.74,391.21,0.00,0.00,117.02,390.98,380.23
кент,12,34,тест,16.12.2024, 12:39:24,0.00,476.30,0.00,0.00,236.74,391.21,0.00,0.00,117.02,390.98,380.23
кент,12,34,тест,16.12.2024, 12:39:24,451.83,465.50,399.26,228.93,500.00,255.70,166.92,162.04,0.00,0.00,321.34
кент,12,34,тест,16.12.2024, 12:39:24,0.00,202.39,96.15,0.00,500.00,486.76,0.00,500.00,200.78,485.87,500.00
кент,12,34,тест,16.12.2024, 12:39:24,0.00,202.39,96.15,0.00,500.00,486.76,0.00,500.00,200.78,485.87,500.00
кент,12,34,тест,16.12.2024, 12:39:24,0.00,0.00,0.00,0.00,500.00,500.00,0.00,500.00,0.00,500.00,500.00
кент,12,34,тест,16.12.2024, 12:39:24,454.81,130.41,0.00,0.00,139.00,496.05,50.22,500.00,124.21,500.00,500.00
кент,12,34,тест,16.12.2024, 12:39:24,454.81,130.41,0.00,0.00,139.00,496.05,50.22,500.00,124.21,500.00,500.00
кент,12,34,тест,16.12.2024, 12:39:24,500.00,417.93,449.39,115.48,380.82,60.27,281.81,70.08,0.00,344.39,500.00
Геолог,12,34,тести,16.12.2024, 13:13:08,0.00,500.00,500.00,500.00,500.00,500.00,115.28,500.00,500.00,0.00,64.82
Геолог,12,34,тести,16.12.2024, 13:13:08,0.00,451.62,148.28,146.45,500.00,500.00,0.00,500.00,500.00,173.58,0.00
Геолог,12,34,тести,16.12.2024, 13:13:08,0.00,451.62,148.28,146.45,500.00,500.00,0.00,29.09,500.00,173.58,0.00
Геолог,12,34,тести,16.12.2024, 13:13:08,0.00,451.62,148.28,146.45,500.00,500.00,0.00,29.09,500.00,173.58,0.00
Геолог,12,34,тести,16.12.2024, 13:13:08,420.12,500.00,0.00,0.00,180.82,334.42,0.00,0.00,173.59,500.00,234.14
Геолог,12,34,тести,16.12.2024, 13:13:08,420.12,500.00,0.00,0.00,180.82,334.42,0.00,0.00,173.59,500.00,234.14
Геолог,12,34,тести,16.12.2024, 13:13:08,10.24,253.58,404.79,367.05,500.00,246.59,309.61,0.00,0.00,500.00,493.91
Геолог,12,34,тести,16.12.2024, 13:13:08,10.24,253.58,404.79,367.05,500.00,246.59,309.61,0.00,0.00,500.00,493.91
Геолог,12,34,тести,16.12.2024, 13:13:08,10.24,253.58,404.79,367.05,500.00,246.59,309.61,0.00,0.00,500.00,493.91
Геолог,12,34,тести,16.12.2024, 13:13:08,207.02,149.59,0.00,23.92,248.93,0.00,230.15,0.00,0.00,160.62,434.28
Геолог,12,34,тести,16.12.2024, 13:13:08,207.02,149.59,0.00,23.92,248.93,0.00,230.15,17.25,0.00,160.62,434.28
Геолог,12,34,тести,16.12.2024, 13:13:09,340.37,0.00,500.00,71.05,373.08,0.00,480.66,0.00,470.02,0.00,245.07
Геолог,12,34,тести,16.12.2024, 13:13:09,340.37,0.00,500.00,71.05,373.08,0.00,480.66,232.25,470.02,0.00,245.07
Геолог,12,34,тести,16.12.2024, 13:13:09,500.00,0.00,32.88,417.63,0.00,0.00,500.00,232.25,331.30,155.41,500.00
Геолог,12,34,тести,16.12.2024, 13:13:09,500.00,0.00,32.88,417.63,0.00,0.00,500.00,2.34,331.30,155.41,500.00
Геолог,12,34,тести,16.12.2024, 13:13:09,500.00,0.00,32.88,417.63,0.00,0.00,500.00,2.34,331.30,155.41,500.00
Геолог,12,34,тести,16.12.2024, 13:13:09,500.00,4.81,259.01,500.00,6.28,19.26,354.73,2.34,279.84,308.00,112.15
Геолог,12,34,тести,16.12.2024, 13:13:09,500.00,4.81,259.01,500.00,6.28,19.26,354.73,189.75,279.84,308.00,112.15
Геолог,12,34,тести,16.12.2024, 13:13:09,500.00,4.81,259.01,500.00,6.28,19.26,354.73,189.75,279.84,308.00,112.15
Геолог,12,34,тести,16.12.2024, 13:13:09,240.21,355.76,132.21,500.00,0.00,492.22,500.00,189.75,132.53,500.00,180.34
Геолог,12,34,тести,16.12.2024, 13:13:09,240.21,355.76,132.21,500.00,0.00,492.22,500.00,350.64,132.53,500.00,180.34
Геолог,12,34,тести,16.12.2024, 13:13:09,222.67,94.29,0.00,500.00,366.89,500.00,500.00,350.64,0.00,496.92,500.00
Геолог,12,34,тести,16.12.2024, 13:13:10,0.00,371.65,500.00,0.00,205.71,132.90,497.46,0.00,175.99,0.00,0.00
Геолог,12,34,тести,16.12.2024, 13:13:10,0.00,371.65,500.00,0.00,205.71,132.90,497.46,0.00,175.99,0.00,0.00
Геолог,12,34,тести,16.12.2024, 13:13:10,0.00,220.46,500.00,0.00,0.00,254.27,336.40,0.00,48.85,0.00,105.13
Геолог,12,34,тести,16.12.2024, 13:13:10,0.00,220.46,500.00,0.00,0.00,254.27,336.40,0.00,48.85,0.00,105.13
Геолог,12,34,тести,16.12.2024, 13:13:10,0.00,220.46,500.00,0.00,0.00,254.27,336.40,0.00,48.85,0.00,105.13
Геолог,12,34,тести,16.12.2024, 13:13:10,171.99,0.00,196.02,389.40,0.00,500.00,34.16,0.00,143.82,0.00,427.61
Геолог,12,34,тести,16.12.2024, 13:13:10,171.99,0.00,196.02,389.40,0.00,500.00,34.16,0.00,143.82,0.00,427.61
Геолог,12,34,тести,16.12.2024, 13:13:10,279.28,404.13,492.66,384.19,421.99,404.48,0.00,0.00,380.96,329.41,500.00
Геолог,12,34,тести,16.12.2024, 13:13:10,279.28,404.13,492.66,384.19,421.99,404.48,0.00,266.92,380.96,329.41,500.00
Геолог,12,34,тести,16.12.2024, 13:13:10,279.28,404.13,492.66,384.19,421.99,404.48,0.00,266.92,380.96,329.41,500.00
Геолог,12,34,тести,16.12.2024, 13:13:10,500.00,500.00,500.00,41.17,500.00,440.29,0.00,266.92,352.28,498.83,500.00
Геолог,12,34,тести,16.12.2024, 13:13:11,79.05,255.82,21.73,499.10,0.00,0.00,187.79,371.56,500.00,67.89,412.97
Геолог,12,34,тести,16.12.2024, 13:13:11,79.05,255.82,21.73,499.10,0.00,0.00,187.79,0.00,500.00,67.89,412.97
Геолог,12,34,тести,16.12.2024, 13:13:11,413.79,107.90,0.00,464.58,23.08,388.62,247.88,0.00,400.13,306.28,500.00
Геолог,12,34,тести,16.12.2024, 13:13:11,413.79,107.90,0.00,464.58,23.08,388.62,247.88,0.00,400.13,306.28,500.00
Геолог,12,34,тести,16.12.2024, 13:13:11,151.83,0.00,342.28,191.28,0.00,107.07,284.71,150.21,273.15,500.00,500.00
Геолог,12,34,тести,16.12.2024, 13:13:11,151.83,0.00,342.28,191.28,0.00,107.07,284.71,150.21,273.15,500.00,500.00
Геолог,12,34,тести,16.12.2024, 13:13:11,94.12,472.36,500.00,0.00,461.18,368.71,382.32,150.21,0.58,286.40,213.30
Геолог,12,34,тести,16.12.2024, 13:13:11,94.12,472.36,500.00,0.00,461.18,368.71,382.32,97.19,0.58,286.40,213.30
Геолог,12,34,тести,16.12.2024, 13:13:11,0.00,500.00,303.41,0.00,500.00,0.00,340.83,97.19,68.75,416.79,500.00
Геолог,12,34,тести,16.12.2024, 13:13:11,0.00,500.00,303.41,0.00,500.00,0.00,340.83,329.91,68.75,416.79,500.00
Геолог,12,34,тести,16.12.2024, 13:13:11,0.00,500.00,303.41,0.00,500.00,0.00,340.83,329.91,68.75,416.79,500.00
геолог,1,2,тести,16.12.2024, 13:18:11,500.00,457.18,500.00,90.41,0.00,0.00,500.00,204.63,500.00,0.00,0.00
геолог,1,2,тести,16.12.2024, 13:18:11,500.00,457.18,500.00,90.41,0.00,0.00,500.00,204.63,500.00,0.00,0.00
геолог,1,2,тести,16.12.2024, 13:18:11,500.00,500.00,500.00,0.00,45.07,221.92,363.22,196.98,255.25,288.77,489.09
геолог,1,2,тести,16.12.2024, 13:18:11,500.00,500.00,500.00,0.00,45.07,221.92,363.22,196.98,255.25,288.77,489.09
геолог,1,2,тести,16.12.2024, 13:18:11,500.00,209.97,500.00,436.27,2.65,56.43,500.00,500.00,411.14,89.06,389.81
геолог,1,2,тести,16.12.2024, 13:18:11,444.98,209.97,500.00,436.27,2.65,56.43,500.00,500.00,411.14,89.06,389.81
геолог,1,2,тести,16.12.2024, 13:18:11,444.98,209.97,500.00,436.27,2.65,56.43,500.00,500.00,411.14,89.06,389.81
геолог,1,2,тести,16.12.2024, 13:18:11,105.48,0.00,396.61,217.71,315.06,0.00,500.00,494.21,108.56,131.73,500.00
геолог,1,2,тести,16.12.2024, 13:18:11,105.48,0.00,396.61,217.71,315.06,0.00,500.00,494.21,108.56,131.73,500.00
геолог,1,2,тести,16.12.2024, 13:18:11,105.48,0.00,396.61,217.71,315.06,0.00,500.00,494.21,108.56,131.73,500.00
геолог,1,2,тести,16.12.2024, 13:18:12,301.77,214.88,452.13,262.37,500.00,496.94,500.00,235.81,460.25,63.88,112.77
геолог,1,2,тести,16.12.2024, 13:18:12,500.00,98.01,500.00,0.00,500.00,500.00,323.01,500.00,0.00,500.00,142.78
геолог,1,2,тести,16.12.2024, 13:18:12,500.00,37.67,92.36,295.76,95.31,208.50,339.63,500.00,476.29,500.00,0.00
геолог,1,2,тести,16.12.2024, 13:18:12,500.00,37.67,92.36,295.76,95.31,208.50,339.63,500.00,476.29,500.00,0.00
геолог,1,2,тести,16.12.2024, 13:18:12,25.34,17.94,0.00,35.32,0.00,197.57,204.50,500.00,245.89,423.46,90.88
геолог,1,2,тести,16.12.2024, 13:18:12,25.34,17.94,0.00,35.32,0.00,197.57,204.50,500.00,245.89,423.46,90.88
геолог,1,2,тести,16.12.2024, 13:18:12,25.34,17.94,0.00,35.32,0.00,197.57,204.50,500.00,245.89,423.46,90.88
геолог,1,2,тести,16.12.2024, 13:18:12,87.53,407.40,219.43,0.00,240.36,31.43,0.00,500.00,0.00,446.56,0.00
геолог,1,2,тести,16.12.2024, 13:18:12,87.53,407.40,219.43,0.00,240.36,31.43,0.00,500.00,0.00,446.56,0.00
геолог,1,2,тести,16.12.2024, 13:18:12,87.53,407.40,219.43,0.00,240.36,31.43,0.00,500.00,0.00,446.56,0.00
геолог,1,2,тести,16.12.2024, 13:18:12,71.08,229.85,0.00,396.62,0.00,416.58,288.25,500.00,269.14,500.00,0.00
геолог,1,2,тести,16.12.2024, 13:18:12,71.08,229.85,0.00,396.62,0.00,416.58,288.25,500.00,269.14,500.00,0.00
геолог,1,2,тести,16.12.2024, 13:18:13,446.22,97.87,359.31,278.86,0.00,0.00,56.95,207.28,87.56,165.58,381.15
геолог,1,2,тести,16.12.2024, 13:18:13,178.90,12.13,500.00,257.14,347.97,118.41,0.00,337.55,0.00,443.56,0.00
геолог,1,2,тести,16.12.2024, 13:18:13,178.90,12.13,500.00,257.14,347.97,118.41,0.00,337.55,0.00,443.56,0.00
геолог,1,2,тести,16.12.2024, 13:18:13,0.00,266.87,331.93,0.00,186.05,123.43,82.08,500.00,431.29,0.00,0.00
геолог,1,2,тести,16.12.2024, 13:18:13,0.00,266.87,331.93,0.00,186.05,123.43,82.08,500.00,431.29,0.00,0.00
геолог,1,2,тести,16.12.2024, 13:18:13,0.00,266.87,331.93,0.00,110.28,231.22,405.61,296.78,0.00,167.51,0.00
геолог,1,2,тести,16.12.2024, 13:18:13,0.00,250.35,0.00,238.70,110.28,231.22,405.61,296.78,0.00,167.51,0.00
геолог,1,2,тести,16.12.2024, 13:18:13,0.00,250.35,0.00,238.70,110.28,231.22,405.61,296.78,0.00,167.51,0.00
геолог,1,2,тести,16.12.2024, 13:18:13,0.00,500.00,0.00,500.00,1.80,465.07,211.32,500.00,0.00,460.41,0.00
геолог,1,2,тести,16.12.2024, 13:18:13,0.00,500.00,0.00,500.00,1.80,465.07,211.32,500.00,0.00,460.41,0.00
геолог,1,2,тести,16.12.2024, 13:18:14,252.48,500.00,0.00,499.03,26.12,500.00,0.00,434.72,234.31,50.77,0.00
геолог,1,2,тести,16.12.2024, 13:18:14,38.75,500.00,0.00,453.49,0.00,172.29,0.00,306.25,24.61,335.69,0.00
геолог,1,2,тести,16.12.2024, 13:18:14,38.75,500.00,0.00,453.49,0.00,172.29,0.00,306.25,24.61,335.69,0.00
геолог,1,2,тести,16.12.2024, 13:18:14,38.75,500.00,0.00,453.49,0.00,172.29,0.00,306.25,24.61,335.69,0.00
геолог,1,2,тести,16.12.2024, 13:18:14,374.81,500.00,0.00,62.37,0.00,500.00,0.00,231.69,0.00,40.62,0.00
геолог,1,2,тести,16.12.2024, 13:18:14,374.81,500.00,0.00,62.37,0.00,500.00,0.00,231.69,0.00,40.62,0.00
геолог,1,2,тести,16.12.2024, 13:18:14,257.50,147.48,218.31,96.91,81.89,500.00,0.00,449.38,0.00,0.00,0.00
геолог,1,2,тести,16.12.2024, 13:18:14,257.50,147.48,218.31,96.91,81.89,500.00,0.00,449.38,0.00,0.00,0.00
геолог,1,2,тести,16.12.2024, 13:18:14,500.00,0.00,279.93,0.00,0.00,500.00,0.00,500.00,0.00,0.00,0.00
геолог,1,2,тести,16.12.2024, 13:18:14,500.00,0.00,279.93,0.00,0.00,500.00,0.00,500.00,0.00,0.00,0.00
геолог,1,2,тести,16.12.2024, 13:18:14,500.00,0.00,279.93,0.00,0.00,500.00,0.00,500.00,0.00,0.00,0.00
геолог,1,2,тести,16.12.2024, 13:18:15,500.00,0.00,500.00,229.26,0.00,214.11,0.00,241.75,418.29,82.52,0.00
Геолог,12,34,тест,16.12.2024, 13:22:09,473.64,170.77,500.00,487.65,500.00,222.29,500.00,500.00,453.60,0.00,0.00
Геолог,12,34,тест,16.12.2024, 13:22:09,26.65,220.56,372.00,297.94,68.89,0.00,500.00,500.00,261.54,0.00,0.00
Геолог,12,34,тест,16.12.2024, 13:22:09,26.65,220.56,372.00,297.94,68.89,0.00,500.00,500.00,261.54,0.00,0.00
Геолог,12,34,тест,16.12.2024, 13:22:09,406.47,0.00,250.50,227.05,385.79,2.42,500.00,500.00,63.84,0.00,32.50
Геолог,12,34,тест,16.12.2024, 13:22:09,406.47,0.00,250.50,227.05,385.79,2.42,500.00,500.00,63.84,0.00,32.50
Геолог,12,34,тест,16.12.2024, 13:22:09,406.47,0.00,250.50,227.05,385.79,2.42,500.00,500.00,63.84,0.00,32.50
Геолог,12,34,тест,16.12.2024, 13:22:09,226.24,0.00,0.00,0.00,34.30,3.19,32.56,209.76,0.69,453.47,309.44
Геолог,12,34,тест,16.12.2024, 13:22:09,226.24,0.00,0.00,0.00,34.30,3.19,32.56,209.76,0.69,453.47,309.44
Геолог,12,34,тест,16.12.2024, 13:22:09,226.24,0.00,0.00,0.00,34.30,3.19,32.56,209.76,0.69,453.47,309.44
Геолог,12,34,тест,16.12.2024, 13:22:09,500.00,0.00,174.37,215.40,0.00,0.00,0.00,0.00,17.13,500.00,500.00
Геолог,12,34,тест,16.12.2024, 13:22:09,500.00,0.00,174.37,215.40,0.00,0.00,0.00,0.00,17.13,500.00,500.00
Геолог,12,34,тест,16.12.2024, 13:22:09,263.43,500.00,0.00,0.00,378.91,321.57,500.00,70.10,500.00,0.00,500.00
Геолог,12,34,тест,16.12.2024, 13:22:10,263.43,500.00,0.00,0.00,378.91,321.57,500.00,70.10,500.00,0.00,500.00
Геолог,12,34,тест,16.12.2024, 13:22:10,336.79,500.00,0.00,0.00,99.81,17.49,500.00,179.46,205.99,1.38,114.56
Геолог,12,34,тест,16.12.2024, 13:22:10,336.79,500.00,0.00,0.00,99.81,17.49,500.00,179.46,205.99,1.38,114.56
Геолог,12,34,тест,16.12.2024, 13:22:10,336.79,500.00,0.00,0.00,99.81,17.49,500.00,179.46,205.99,1.38,114.56
Геолог,12,34,тест,16.12.2024, 13:22:10,500.00,500.00,329.60,108.12,500.00,411.51,425.96,500.00,194.41,0.00,0.00
Геолог,12,34,тест,16.12.2024, 13:22:10,500.00,500.00,329.60,108.12,500.00,411.51,425.96,500.00,194.41,0.00,0.00
Геолог,12,34,тест,16.12.2024, 13:22:10,500.00,500.00,329.60,108.12,500.00,411.51,425.96,500.00,194.41,0.00,0.00
Геолог,12,34,тест,16.12.2024, 13:22:10,500.00,500.00,331.94,0.00,210.78,370.55,38.28,485.82,500.00,0.00,0.00
Геолог,12,34,тест,16.12.2024, 13:22:10,500.00,500.00,331.94,0.00,210.78,370.55,38.28,485.82,500.00,0.00,0.00
Геолог,12,34,тест,16.12.2024, 13:22:10,500.00,500.00,331.94,0.00,210.78,370.55,38.28,485.82,500.00,0.00,0.00
Геолог,12,34,тест,16.12.2024, 13:22:10,500.00,500.00,212.76,118.65,0.00,485.90,335.93,0.00,436.49,0.00,287.09
Геолог,12,34,тест,16.12.2024, 13:22:11,500.00,500.00,212.76,118.65,0.00,485.90,335.93,0.00,436.49,0.00,287.09
Геолог,12,34,тест,16.12.2024, 13:22:11,500.00,459.20,362.11,0.00,462.85,500.00,296.47,0.00,243.34,468.45,500.00
Геолог,12,34,тест,16.12.2024, 13:22:11,500.00,459.20,362.11,0.00,462.85,500.00,296.47,0.00,243.34,468.45,500.00
Геолог,12,34,тест,16.12.2024, 13:22:11,500.00,422.62,314.61,380.34,500.00,500.00,500.00,0.00,335.05,500.00,85.94
Геолог,12,34,тест,16.12.2024, 13:22:11,500.00,422.62,314.61,380.34,500.00,500.00,500.00,0.00,335.05,500.00,85.94
Геолог,12,34,тест,16.12.2024, 13:22:11,500.00,422.62,314.61,380.34,500.00,500.00,500.00,0.00,335.05,500.00,85.94
Геолог,12,34,тест,16.12.2024, 13:22:11,111.27,59.01,500.00,435.57,500.00,500.00,249.90,498.13,403.46,330.03,500.00
Геолог,12,34,тест,16.12.2024, 13:22:11,111.27,59.01,500.00,435.57,500.00,500.00,249.90,498.13,403.46,330.03,500.00
Геолог,12,34,тест,16.12.2024, 13:22:11,236.87,0.00,500.00,145.29,500.00,162.31,479.40,500.00,500.00,72.07,424.50
Геолог,12,34,тест,16.12.2024, 13:22:11,236.87,0.00,500.00,145.29,500.00,162.31,479.40,500.00,500.00,72.07,424.50
Геолог,12,34,тест,16.12.2024, 13:22:11,327.58,276.40,27.81,500.00,500.00,0.00,489.40,4.95,0.00,299.28,500.00
Геолог,12,34,тест,16.12.2024, 13:22:12,327.58,276.40,27.81,500.00,500.00,0.00,489.40,4.95,0.00,299.28,500.00
Геолог,12,34,тест,16.12.2024, 13:22:12,49.88,470.49,11.63,31.07,500.00,0.00,500.00,0.00,427.94,500.00,390.21
Геолог,12,34,тест,16.12.2024, 13:22:12,49.88,470.49,11.63,31.07,500.00,0.00,500.00,0.00,427.94,500.00,390.21
Геолог,12,34,тест,16.12.2024, 13:22:12,0.00,500.00,265.40,413.67,236.42,172.80,500.00,0.00,500.00,500.00,500.00
Геолог,12,34,тест,16.12.2024, 13:22:12,0.00,500.00,265.40,413.67,236.42,172.80,500.00,0.00,500.00,500.00,500.00
Геолог,12,34,тест,16.12.2024, 13:22:12,0.00,500.00,500.00,155.37,342.05,500.00,170.14,77.22,500.00,12.03,500.00
Геолог,12,34,тест,16.12.2024, 13:22:12,0.00,500.00,500.00,155.37,342.05,500.00,170.14,77.22,500.00,12.03,500.00
Геолог,12,34,тест,16.12.2024, 13:22:12,0.00,500.00,500.00,233.22,500.00,224.17,234.17,359.75,500.00,350.07,500.00
Геолог,12,34,тест,16.12.2024, 13:22:12,0.00,500.00,500.00,233.22,500.00,224.17,234.17,359.75,500.00,350.07,500.00
Геолог,12,34,тест,16.12.2024, 13:22:12,0.00,500.00,500.00,233.22,500.00,224.17,234.17,359.75,500.00,350.07,500.00
Геолог,12,34,тест,16.12.2024, 13:22:12,0.00,500.00,500.00,399.16,0.00,0.00,478.91,148.90,0.00,294.76,1.72
Геолог,12,34,тест,16.12.2024, 13:22:13,362.57,500.00,500.00,500.00,381.87,0.00,44.82,306.45,0.00,0.00,171.23
Геолог,12,34,тест,16.12.2024, 13:22:13,362.57,500.00,500.00,500.00,381.87,0.00,44.82,306.45,0.00,0.00,171.23
Геолог,12,34,тест,16.12.2024, 13:22:13,452.88,500.00,500.00,500.00,500.00,0.00,433.84,268.49,84.49,0.00,0.00
Геолог,12,34,тест,16.12.2024, 13:22:13,452.88,500.00,500.00,500.00,500.00,0.00,433.84,268.49,84.49,0.00,0.00
Геолог,12,34,тест,16.12.2024, 13:22:13,102.44,500.00,362.08,350.01,194.41,0.00,11.23,0.00,0.00,0.00,450.56
Геолог,12,34,тест,16.12.2024, 13:22:13,102.44,500.00,362.08,350.01,194.41,0.00,11.23,0.00,0.00,0.00,450.56
Геолог,12,34,тест,16.12.2024, 13:22:13,268.84,500.00,182.48,493.78,0.00,0.00,0.00,0.00,0.00,91.54,500.00
Геолог,12,34,тест,16.12.2024, 13:22:13,268.84,500.00,182.48,493.78,0.00,0.00,0.00,0.00,0.00,91.54,500.00
Геолог,12,34,тест,16.12.2024, 13:22:13,0.00,1.30,134.90,500.00,415.37,0.00,0.00,0.00,133.75,187.54,220.53
Геолог,12,34,тест,16.12.2024, 13:22:13,0.00,1.30,134.90,500.00,415.37,0.00,0.00,0.00,133.75,187.54,220.53
Геологи,12,34,тест,16.12.2024, 13:28:06,0.00,500.00,500.00,199.88,500.00,0.00,0.00,41.42,500.00,329.47,500.00
Геологи,12,34,тест,16.12.2024, 13:28:06,0.00,370.65,500.00,355.27,500.00,380.90,0.00,0.00,500.00,119.71,233.12
Геологи,12,34,тест,16.12.2024, 13:28:06,0.00,370.65,500.00,355.27,500.00,380.90,0.00,0.00,500.00,119.71,233.12
Геологи,12,34,тест,16.12.2024, 13:28:06,0.00,370.65,500.00,355.27,500.00,380.90,0.00,0.00,500.00,119.71,233.12
Геологи,12,34,тест,16.12.2024, 13:28:07,140.91,69.81,490.41,500.00,328.42,500.00,0.00,218.29,55.36,0.00,348.04
Геологи,12,34,тест,16.12.2024, 13:28:07,140.91,69.81,490.41,500.00,328.42,500.00,0.00,218.29,55.36,0.00,348.04
Геологи,12,34,тест,16.12.2024, 13:28:07,140.91,69.81,490.41,500.00,328.42,500.00,0.00,218.29,55.36,293.79,476.68
Геологи,12,34,тест,16.12.2024, 13:28:07,411.34,463.45,500.00,66.24,500.00,500.00,408.09,173.09,142.46,293.79,476.68
Геологи,12,34,тест,16.12.2024, 13:28:07,411.34,463.45,500.00,66.24,500.00,500.00,408.09,173.09,142.46,293.79,476.68
Геологи,12,34,тест,16.12.2024, 13:28:07,0.00,500.00,455.41,386.10,237.47,500.00,429.85,441.06,86.63,500.00,31.78
Геологи,12,34,тест,16.12.2024, 13:28:07,0.00,500.00,455.41,386.10,237.47,500.00,429.85,441.06,86.63,500.00,31.78
Геологи,12,34,тест,16.12.2024, 13:28:07,0.00,178.79,0.00,0.00,500.00,500.00,500.00,154.19,68.58,500.00,500.00
Геологи,12,34,тест,16.12.2024, 13:28:07,450.84,472.09,58.85,0.00,500.00,500.00,214.87,339.81,0.00,500.00,228.45
Геологи,12,34,тест,16.12.2024, 13:28:07,450.84,472.09,58.85,0.00,500.00,486.07,500.00,500.00,448.62,500.00,455.92
Геологи,12,34,тест,16.12.2024, 13:28:07,140.97,500.00,0.00,37.62,171.92,486.07,500.00,500.00,448.62,500.00,455.92
Геологи,12,34,тест,16.12.2024, 13:28:07,140.97,500.00,0.00,37.62,171.92,486.07,500.00,500.00,448.62,500.00,455.92
Геологи,12,34,тест,16.12.2024, 13:28:07,282.20,492.43,36.21,429.80,0.00,307.38,500.00,500.00,279.91,500.00,476.30
Геологи,12,34,тест,16.12.2024, 13:28:08,282.20,492.43,36.21,429.80,0.00,307.38,500.00,500.00,279.91,500.00,476.30
Геологи,12,34,тест,16.12.2024, 13:28:08,282.20,492.43,36.21,429.80,0.00,307.38,500.00,500.00,279.91,500.00,476.30
Геологи,12,34,тест,16.12.2024, 13:28:08,224.62,469.11,500.00,500.00,0.00,500.00,500.00,168.18,136.11,379.79,500.00
Геологи,12,34,тест,16.12.2024, 13:28:08,224.62,469.11,500.00,500.00,0.00,500.00,500.00,168.18,136.11,379.79,500.00
Геологи,12,34,тест,16.12.2024, 13:28:08,500.00,213.10,500.00,500.00,0.00,195.39,500.00,0.00,151.01,500.00,158.38
Геологи,12,34,тест,16.12.2024, 13:28:08,0.00,373.77,0.00,0.00,156.79,0.00,394.52,500.00,0.00,500.00,476.00
Геологи,12,34,тест,16.12.2024, 13:28:08,0.00,373.77,0.00,0.00,156.79,0.00,394.52,500.00,0.00,500.00,476.00
Геологи,12,34,тест,16.12.2024, 13:28:08,390.68,500.00,0.00,362.40,500.00,0.00,500.00,402.96,0.00,239.39,16.01
Геологи,12,34,тест,16.12.2024, 13:28:08,390.68,500.00,0.00,362.40,500.00,0.00,500.00,402.96,0.00,239.39,16.01
Геологи,12,34,тест,16.12.2024, 13:28:08,390.68,500.00,0.00,362.40,500.00,0.00,500.00,402.96,0.00,239.39,16.01
Геологи,12,34,тест,16.12.2024, 13:28:08,500.00,490.90,276.02,326.55,500.00,362.41,500.00,0.00,0.00,0.00,0.00
Геологи,12,34,тест,16.12.2024, 13:28:09,500.00,490.90,276.02,326.55,500.00,362.41,500.00,0.00,0.00,0.00,0.00
Геологи,12,34,тест,16.12.2024, 13:28:09,500.00,490.90,276.02,326.55,500.00,362.41,500.00,0.00,0.00,0.00,84.39
Геологи,12,34,тест,16.12.2024, 13:28:09,500.00,157.34,190.04,500.00,353.33,500.00,500.00,0.00,0.00,430.13,84.39
Геологи,12,34,тест,16.12.2024, 13:28:09,500.00,157.34,190.04,500.00,353.33,500.00,500.00,0.00,0.00,430.13,84.39
Геологи,12,34,тест,16.12.2024, 13:28:09,116.33,0.00,0.00,500.00,156.24,158.98,315.18,156.44,293.86,500.00,0.00
Геологи,12,34,тест,16.12.2024, 13:28:09,431.00,124.97,325.75,500.00,0.00,128.00,150.20,68.96,500.00,312.37,500.00
Геологи,12,34,тест,16.12.2024, 13:28:09,431.00,124.97,325.75,500.00,0.00,128.00,150.20,68.96,500.00,312.37,500.00
Геологи,12,34,тест,16.12.2024, 13:28:09,442.58,0.00,79.21,500.00,0.00,407.05,0.00,362.02,500.00,500.00,217.96
Геологи,12,34,тест,16.12.2024, 13:28:09,442.58,0.00,79.21,500.00,0.00,407.05,0.00,362.02,500.00,500.00,217.96
Геологи,12,34,тест,16.12.2024, 13:28:09,442.58,0.00,0.00,491.72,184.39,500.00,139.00,121.25,500.00,114.89,75.32
Геологи,12,34,тест,16.12.2024, 13:28:10,500.00,0.00,0.00,491.72,184.39,500.00,139.00,121.25,500.00,114.89,75.32
Геологи,12,34,тест,16.12.2024, 13:28:10,500.00,474.08,136.95,500.00,190.95,500.00,492.73,500.00,157.51,114.27,500.00
Геологи,12,34,тест,16.12.2024, 13:28:10,500.00,474.08,136.95,500.00,190.95,500.00,492.73,500.00,157.51,114.27,500.00
Геологи,12,34,тест,16.12.2024, 13:28:10,500.00,474.08,136.95,500.00,190.95,500.00,492.73,500.00,157.51,114.27,500.00
Геологи,12,34,тест,16.12.2024, 13:28:10,436.86,500.00,500.00,157.07,175.11,500.00,397.54,500.00,500.00,0.00,328.07
Геологи,12,34,тест,16.12.2024, 13:28:10,436.86,500.00,500.00,157.07,175.11,500.00,397.54,500.00,500.00,0.00,328.07
Геологи,12,34,тест,16.12.2024, 13:28:10,386.43,272.82,0.00,500.00,0.00,0.00,237.56,500.00,93.60,108.58,0.00
Геологи,12,34,тест,16.12.2024, 13:28:10,386.43,272.82,0.00,500.00,0.00,0.00,237.56,500.00,93.60,108.58,0.00
Геологи,12,34,тест,16.12.2024, 13:28:10,457.98,339.51,259.79,500.00,0.00,0.00,0.00,500.00,325.47,0.00,0.00
Геологи,12,34,тест,16.12.2024, 13:28:10,457.98,339.51,259.79,500.00,0.00,0.00,0.00,500.00,325.47,0.00,0.00
Геологи,12,34,тест,16.12.2024, 13:28:10,500.00,33.59,500.00,500.00,0.00,0.00,300.03,134.31,247.62,339.93,0.00
Геологи,12,34,тест,16.12.2024, 13:28:11,500.00,33.59,500.00,500.00,0.00,0.00,300.03,134.31,247.62,339.93,0.00
Геологи,12,34,тест,16.12.2024, 13:28:11,500.00,0.00,500.00,500.00,0.00,0.00,463.95,333.16,42.63,500.00,0.00
Геологи,12,34,тест,16.12.2024, 13:28:11,500.00,0.00,500.00,500.00,0.00,0.00,463.95,333.16,42.63,500.00,0.00
Геологи,12,34,тест,16.12.2024, 13:28:11,92.86,109.74,500.00,416.32,0.00,26.13,427.24,0.00,458.93,463.21,0.00
Геологи,12,34,тест,16.12.2024, 13:28:11,92.86,109.74,500.00,416.32,0.00,26.13,427.24,0.00,458.93,463.21,0.00
Геологи,12,34,тест,16.12.2024, 13:28:11,500.00,0.00,500.00,395.94,0.00,101.10,467.95,461.14,500.00,218.35,206.22
куеу,54,45,епап,16.12.2024, 13:35:23,395.46,0.00,148.41,341.36,262.83,474.07,0.00,25.75,180.68,177.12,115.02
куеу,54,45,епап,16.12.2024, 13:35:24,395.46,0.00,148.41,341.36,262.83,474.07,0.00,25.75,180.68,177.12,115.02
куеу,54,45,епап,16.12.2024, 13:35:24,500.00,0.00,154.10,500.00,339.86,500.00,411.86,0.00,17.76,419.56,0.00
куеу,54,45,епап,16.12.2024, 13:35:24,500.00,0.00,154.10,500.00,339.86,500.00,411.86,0.00,17.76,419.56,0.00
куеу,54,45,епап,16.12.2024, 13:35:24,500.00,0.00,154.10,500.00,339.86,500.00,411.86,0.00,17.76,419.56,0.00
куеу,54,45,епап,16.12.2024, 13:35:24,403.42,175.83,341.74,500.00,500.00,269.03,457.05,0.00,294.37,494.30,42.86
куеу,54,45,епап,16.12.2024, 13:35:24,403.42,175.83,341.74,500.00,500.00,269.03,457.05,0.00,294.37,494.30,42.86
куеу,54,45,епап,16.12.2024, 13:35:24,66.63,0.00,0.00,500.00,353.19,406.44,500.00,0.00,296.55,500.00,0.00
куеу,54,45,епап,16.12.2024, 13:35:24,66.63,0.00,0.00,500.00,353.19,406.44,500.00,0.00,296.55,500.00,0.00
куеу,54,45,епап,16.12.2024, 13:35:24,66.63,0.00,0.00,500.00,353.19,406.44,500.00,0.00,296.55,500.00,0.00
куеу,54,45,епап,16.12.2024, 13:35:24,359.62,0.00,349.97,500.00,0.00,0.00,436.44,0.00,500.00,500.00,0.00
куеу,54,45,епап,16.12.2024, 13:35:24,388.65,406.85,500.00,341.01,0.00,183.86,208.49,379.14,471.83,500.00,84.75
куеу,54,45,епап,16.12.2024, 13:35:24,500.00,37.73,500.00,418.13,0.00,0.00,289.20,500.00,500.00,169.31,28.85
куеу,54,45,епап,16.12.2024, 13:35:24,500.00,37.73,500.00,418.13,0.00,0.00,289.20,500.00,500.00,169.31,28.85
куеу,54,45,епап,16.12.2024, 13:35:25,500.00,136.98,141.45,195.51,335.59,231.21,495.85,287.83,284.18,500.00,430.10
куеу,54,45,епап,16.12.2024, 13:35:25,500.00,136.98,141.45,195.51,335.59,231.21,495.85,287.83,284.18,500.00,430.10
куеу,54,45,епап,16.12.2024, 13:35:25,500.00,136.98,141.45,195.51,335.59,231.21,495.85,287.83,284.18,500.00,430.10
куеу,54,45,епап,16.12.2024, 13:35:25,234.99,457.96,500.00,142.88,370.09,500.00,500.00,0.00,456.00,500.00,500.00
куеу,54,45,епап,16.12.2024, 13:35:25,234.99,457.96,500.00,142.88,370.09,500.00,500.00,0.00,456.00,500.00,500.00
куеу,54,45,епап,16.12.2024, 13:35:25,234.99,457.96,500.00,142.88,370.09,500.00,500.00,0.00,456.00,500.00,500.00
куеу,54,45,епап,16.12.2024, 13:35:25,253.53,265.80,500.00,0.00,0.00,377.72,500.00,0.00,500.00,70.90,500.00
куеу,54,45,епап,16.12.2024, 13:35:25,253.53,265.80,500.00,0.00,0.00,377.72,500.00,0.00,500.00,70.90,500.00
куеу,54,45,епап,16.12.2024, 13:35:25,0.00,81.57,276.96,441.28,137.94,0.22,0.00,462.12,500.00,426.70,389.67
куеу,54,45,епап,16.12.2024, 13:35:25,0.00,0.00,0.00,323.55,445.19,408.95,270.27,106.43,500.00,500.00,270.13
куеу,54,45,епап,16.12.2024, 13:35:25,0.00,0.00,0.00,323.55,445.19,408.95,270.27,106.43,500.00,500.00,270.13
куеу,54,45,епап,16.12.2024, 13:35:25,0.00,0.00,0.00,323.55,445.19,408.95,270.27,106.43,500.00,500.00,270.13
куеу,54,45,епап,16.12.2024, 13:35:26,338.56,167.33,0.00,255.22,500.00,500.00,449.43,433.65,500.00,315.19,66.18
куеу,54,45,епап,16.12.2024, 13:35:26,338.56,167.33,0.00,255.22,500.00,500.00,449.43,433.65,500.00,315.19,66.18
куеу,54,45,епап,16.12.2024, 13:35:26,338.56,167.33,0.00,255.22,500.00,500.00,449.43,433.65,500.00,315.19,66.18
куеу,54,45,епап,16.12.2024, 13:35:26,0.00,347.76,0.00,500.00,96.05,321.03,407.75,0.00,500.00,90.17,414.97
куеу,54,45,епап,16.12.2024, 13:35:26,0.00,347.76,0.00,500.00,96.05,321.03,407.75,0.00,500.00,90.17,414.97
куеу,54,45,епап,16.12.2024, 13:35:26,0.00,500.00,0.00,500.00,500.00,0.00,179.32,0.00,428.42,0.00,455.81
куеу,54,45,епап,16.12.2024, 13:35:26,0.00,500.00,0.00,500.00,500.00,0.00,179.32,0.00,428.42,0.00,455.81
Геологи,12,34,тест,16.12.2024, 13:36:20,500.00,0.00,110.28,0.00,0.00,0.00,0.00,500.00,0.00,415.43,291.33
Геологи,12,34,тест,16.12.2024, 13:36:20,262.40,0.00,220.03,0.00,0.00,0.00,5.43,416.03,197.62,500.00,445.52
Геологи,12,34,тест,16.12.2024, 13:36:20,262.40,0.00,220.03,0.00,0.00,0.00,5.43,416.03,197.62,500.00,445.52
Геологи,12,34,тест,16.12.2024, 13:36:20,262.40,0.00,220.03,0.00,0.00,0.00,5.43,416.03,197.62,500.00,312.60
Геологи,12,34,тест,16.12.2024, 13:36:20,287.52,274.52,0.00,0.00,329.56,0.00,390.78,500.00,286.37,500.00,312.60
Геологи,12,34,тест,16.12.2024, 13:36:20,287.52,274.52,0.00,0.00,329.56,0.00,390.78,500.00,286.37,500.00,312.60
Геологи,12,34,тест,16.12.2024, 13:36:20,500.00,171.84,0.00,0.00,0.00,0.00,0.00,500.00,0.00,337.29,0.00
Геологи,12,34,тест,16.12.2024, 13:36:20,500.00,171.84,0.00,0.00,0.00,0.00,0.00,500.00,0.00,337.29,0.00
Геологи,12,34,тест,16.12.2024, 13:36:21,500.00,171.84,0.00,0.00,0.00,0.00,0.00,500.00,0.00,337.29,0.00
Геологи,12,34,тест,16.12.2024, 13:36:21,19.70,500.00,248.88,0.00,0.00,236.67,0.00,500.00,407.81,0.00,0.00
Геологи,12,34,тест,16.12.2024, 13:36:21,19.70,500.00,248.88,0.00,0.00,236.67,0.00,500.00,407.81,0.00,0.00
Геологи,12,34,тест,16.12.2024, 13:36:21,0.00,484.47,56.09,0.00,314.87,74.04,500.00,130.51,241.88,500.00,73.30
Геологи,12,34,тест,16.12.2024, 13:36:21,0.00,484.47,56.09,0.00,314.87,74.04,500.00,130.51,241.88,500.00,73.30
Геологи,12,34,тест,16.12.2024, 13:36:21,0.00,0.00,0.00,262.43,0.00,0.00,500.00,284.15,0.00,236.96,0.00
Геологи,12,34,тест,16.12.2024, 13:36:21,0.00,0.00,0.00,262.43,0.00,0.00,500.00,284.15,0.00,236.96,0.00
Геологи,12,34,тест,16.12.2024, 13:36:21,348.24,341.58,343.31,90.75,35.29,0.00,500.00,344.10,0.00,351.04,364.92
Геологи,12,34,тест,16.12.2024, 13:36:21,348.24,341.58,343.31,90.75,35.29,0.00,500.00,344.10,0.00,351.04,364.92
Геологи,12,34,тест,16.12.2024, 13:36:21,348.24,341.58,343.31,90.75,35.29,0.00,500.00,344.10,0.00,351.04,364.92
Геологи,12,34,тест,16.12.2024, 13:36:21,500.00,500.00,500.00,0.00,255.50,0.00,347.59,56.72,0.00,36.81,169.63
Геологи,12,34,тест,16.12.2024, 13:36:21,500.00,500.00,500.00,0.00,255.50,0.00,347.59,56.72,0.00,36.81,169.63
Геологи,12,34,тест,16.12.2024, 13:36:21,500.00,500.00,500.00,0.00,255.50,0.00,347.59,56.72,0.00,36.81,169.63
Геологи,12,34,тест,16.12.2024, 13:36:22,235.71,332.69,500.00,495.74,500.00,0.00,500.00,157.95,82.13,60.65,338.16
Геологи,12,34,тест,16.12.2024, 13:36:22,0.00,391.05,0.00,476.83,500.00,260.86,500.00,188.85,370.09,0.00,130.03
Геологи,12,34,тест,16.12.2024, 13:36:22,479.21,259.18,292.59,46.77,183.08,500.00,500.00,358.67,257.38,0.00,181.43
Геологи,12,34,тест,16.12.2024, 13:36:22,479.21,259.18,292.59,46.77,183.08,500.00,500.00,358.67,257.38,0.00,181.43
Геологи,12,34,тест,16.12.2024, 13:36:22,479.21,259.18,292.59,46.77,183.08,500.00,500.00,358.67,257.38,0.00,181.43
Геологи,12,34,тест,16.12.2024, 13:36:22,500.00,126.62,0.00,0.00,126.63,500.00,500.00,116.63,154.51,0.00,178.21
Геологи,12,34,тест,16.12.2024, 13:36:22,500.00,126.62,0.00,0.00,126.63,500.00,500.00,116.63,154.51,0.00,178.21
Геологи,12,34,тест,16.12.2024, 13:36:22,500.00,126.62,0.00,0.00,126.63,500.00,500.00,317.33,345.04,255.50,500.00
Геологи,12,34,тест,16.12.2024, 13:36:22,276.74,0.00,0.00,119.63,124.97,500.00,500.00,317.33,345.04,255.50,500.00
Геологи,12,34,тест,16.12.2024, 13:36:22,276.74,0.00,0.00,119.63,124.97,500.00,500.00,317.33,345.04,255.50,500.00
Геологи,12,34,тест,16.12.2024, 13:36:23,383.31,96.79,0.00,0.00,0.00,500.00,500.00,500.00,430.11,397.61,193.00
Геологи,12,34,тест,16.12.2024, 13:36:23,383.31,96.79,0.00,0.00,0.00,500.00,500.00,500.00,430.11,397.61,193.00
Геологи,12,34,тест,16.12.2024, 13:36:23,500.00,0.00,500.00,6.19,35.35,310.97,500.00,500.00,500.00,500.00,500.00
Геологи,12,34,тест,16.12.2024, 13:36:23,500.00,0.00,77.57,0.00,375.69,500.00,500.00,500.00,500.00,500.00,115.63
Геологи,12,34,тест,16.12.2024, 13:36:23,500.00,0.00,77.57,0.00,375.69,500.00,500.00,500.00,500.00,500.00,115.63
Геологи,12,34,тест,16.12.2024, 13:36:23,500.00,187.38,0.00,0.00,282.62,500.00,81.27,163.30,500.00,500.00,0.00
Геологи,12,34,тест,16.12.2024, 13:36:23,500.00,187.38,0.00,0.00,282.62,500.00,81.27,163.30,500.00,500.00,0.00
Геологи,12,34,тест,16.12.2024, 13:36:23,500.00,500.00,128.34,244.57,401.73,194.65,221.23,0.00,67.40,450.22,0.00
Геологи,12,34,тест,16.12.2024, 13:36:23,500.00,500.00,128.34,244.57,401.73,194.65,221.23,0.00,67.40,450.22,0.00
Геологи,12,34,тест,16.12.2024, 13:36:23,500.00,14.11,111.26,74.77,0.00,0.00,0.00,50.33,0.00,375.63,0.00
Геологи,12,34,тест,16.12.2024, 13:36:24,500.00,14.11,111.26,74.77,0.00,0.00,0.00,50.33,0.00,375.63,0.00
Геологи,12,34,тест,16.12.2024, 13:36:24,500.00,14.11,111.26,74.77,0.00,0.00,0.00,50.33,0.00,375.63,0.00
Геологи,12,34,тест,16.12.2024, 13:36:24,500.00,473.26,0.00,199.51,0.00,0.00,0.00,352.02,0.00,500.00,0.00
Геологи,12,34,тест,16.12.2024, 13:36:24,61.80,500.00,409.72,0.00,0.00,183.80,0.00,500.00,480.56,308.44,500.00
Геологи,12,34,тест,16.12.2024, 13:36:24,376.18,234.00,39.50,320.43,261.25,0.00,429.53,500.00,500.00,451.10,500.00
Геологи,12,34,тест,16.12.2024, 13:36:24,376.18,234.00,39.50,320.43,261.25,0.00,429.53,500.00,500.00,451.10,500.00
Геологи,12,34,тест,16.12.2024, 13:36:24,500.00,0.00,383.67,500.00,334.30,0.00,137.28,63.48,500.00,403.72,500.00
Геологи,12,34,тест,16.12.2024, 13:36:24,500.00,0.00,383.67,500.00,334.30,0.00,137.28,63.48,500.00,403.72,500.00
Геологи,12,34,тест,16.12.2024, 13:36:24,500.00,429.55,299.84,500.00,289.38,374.71,280.21,270.61,9.49,22.18,12.56
Геологи,12,34,тест,16.12.2024, 13:36:24,500.00,429.55,299.84,500.00,289.38,374.71,280.21,270.61,9.49,22.18,12.56
Геологи,12,34,тест,16.12.2024, 13:36:24,437.00,402.91,66.22,500.00,0.00,0.00,500.00,500.00,0.00,91.15,0.00
Геологи,12,34,тест,16.12.2024, 13:36:25,437.00,402.91,14.88,252.23,14.67,0.00,222.29,195.56,488.24,271.49,0.00
Геологи,12,34,тест,16.12.2024, 13:36:25,3.50,500.00,14.88,252.23,14.67,0.00,222.29,195.56,488.24,271.49,0.00
Геологи,12,34,тест,16.12.2024, 13:36:25,164.76,36.64,0.00,0.00,0.00,0.60,362.53,121.08,500.00,484.07,87.79
Геологи,12,34,тест,16.12.2024, 13:36:25,500.00,192.50,0.00,0.00,164.70,493.87,149.43,11.68,327.10,0.00,0.00
Геологи,12,34,тест,16.12.2024, 13:36:25,140.27,500.00,0.00,0.00,347.26,500.00,0.00,0.00,500.00,0.00,0.00
Геологи,12,34,тест,16.12.2024, 13:36:25,19.04,500.00,12.35,0.00,0.00,167.26,0.00,0.00,120.49,236.00,126.08
Геологи,12,34,тест,16.12.2024, 13:36:25,19.04,500.00,12.35,0.00,0.00,167.26,0.00,0.00,120.49,236.00,126.08
Геологи,12,34,тест,16.12.2024, 13:36:25,0.00,500.00,471.11,23.23,0.00,500.00,301.41,0.00,376.75,0.00,369.63
Геологи,12,34,тест,16.12.2024, 13:36:26,4.03,500.00,500.00,153.78,0.00,500.00,387.98,0.00,456.69,0.00,500.00
Геологи,12,34,тест,16.12.2024, 13:36:26,4.03,500.00,500.00,153.78,0.00,500.00,387.98,476.33,50.52,0.00,108.76
Геологи,12,34,тест,16.12.2024, 13:36:26,291.28,495.29,500.00,0.00,192.68,311.13,169.51,476.33,50.52,0.00,108.76
Геологи,12,34,тест,16.12.2024, 13:36:26,500.00,500.00,351.85,108.40,357.11,149.64,326.05,500.00,128.56,0.00,482.00
Геологи,12,34,тест,16.12.2024, 13:36:26,500.00,50.30,500.00,0.00,222.05,0.00,391.09,500.00,0.00,0.00,193.72
Геологи,12,34,тест,16.12.2024, 13:36:26,500.00,50.30,500.00,0.00,222.05,0.00,391.09,500.00,0.00,0.00,193.72
Геологи,12,34,тест,16.12.2024, 13:36:26,500.00,500.00,305.90,0.00,0.00,0.00,436.05,500.00,481.85,0.00,65.27
Геологи,12,34,тест,16.12.2024, 13:36:26,500.00,500.00,500.00,0.00,259.31,0.00,500.00,500.00,72.85,420.43,0.00
Геологи,12,34,тест,16.12.2024, 13:36:26,500.00,500.00,500.00,0.00,259.31,12.23,500.00,342.81,500.00,298.65,335.66
Геологи,12,34,тест,16.12.2024, 13:36:26,436.33,500.00,500.00,62.46,0.00,12.23,500.00,342.81,500.00,298.65,335.66
Геологи,12,34,тест,16.12.2024, 13:36:26,500.00,500.00,500.00,380.71,403.17,233.01,500.00,14.39,264.51,286.67,0.00
Геологи,12,34,тест,16.12.2024, 13:36:27,303.38,500.00,158.03,0.00,500.00,209.49,425.64,294.28,10.97,500.00,268.09
Геологи,12,34,тест,16.12.2024, 13:36:27,0.00,500.00,0.00,0.00,500.00,245.26,500.00,0.00,7.00,248.49,500.00
Геологи,12,34,тест,16.12.2024, 13:36:27,0.00,500.00,0.00,0.00,500.00,245.26,500.00,0.00,7.00,248.49,500.00
Геологи,12,34,тест,16.12.2024, 13:36:27,194.55,500.00,254.59,0.00,500.00,304.62,255.66,0.00,59.15,500.00,245.40
Геологи,12,34,тест,16.12.2024, 13:36:27,0.00,500.00,380.68,371.50,500.00,500.00,0.00,482.45,500.00,500.00,500.00
Геологи,12,34,тест,16.12.2024, 13:36:27,0.00,500.00,380.68,371.50,500.00,500.00,0.00,482.45,500.00,500.00,500.00
Геологи,12,34,тест,16.12.2024, 13:36:27,173.89,306.61,16.95,500.00,500.00,461.84,46.05,500.00,500.00,21.17,500.00
Геологи,12,34,тест,16.12.2024, 13:36:27,0.00,0.00,0.00,199.26,500.00,500.00,473.00,500.00,500.00,149.22,500.00
Геологи,12,34,тест,16.12.2024, 13:36:27,0.00,0.00,332.33,500.00,500.00,500.00,500.00,500.00,500.00,0.00,207.88
Геологи,12,34,тест,16.12.2024, 13:36:27,457.20,312.74,332.33,500.00,500.00,500.00,500.00,500.00,500.00,0.00,207.88
Геологи,12,34,тест,16.12.2024, 13:36:27,500.00,201.51,279.57,143.37,500.00,180.60,500.00,197.70,31.57,49.88,235.89
Геологи,12,34,тест,16.12.2024, 13:36:28,35.75,452.82,500.00,0.00,453.50,212.50,500.00,0.00,144.80,251.41,500.00
Геологи,12,34,тест,16.12.2024, 13:36:28,0.00,91.62,220.94,4.05,500.00,39.00,246.45,414.56,0.00,500.00,500.00
Геологи,12,34,тест,16.12.2024, 13:36:28,44.85,212.88,466.87,480.37,105.23,0.00,121.76,490.99,428.31,500.00,500.00
Геологи,12,34,тест,16.12.2024, 13:36:28,44.85,212.88,466.87,480.37,105.23,0.00,121.76,490.99,428.31,500.00,500.00
Геологи,12,34,тест,16.12.2024, 13:36:28,226.32,0.00,190.54,1.03,472.33,0.00,0.00,192.84,36.23,217.39,500.00
Геологи,12,34,тест,16.12.2024, 13:36:28,380.05,259.89,372.01,27.80,500.00,311.38,0.00,315.81,6.48,500.00,13.41
Геологи,12,34,тест,16.12.2024, 13:36:28,500.00,268.47,500.00,498.68,500.00,500.00,361.59,500.00,387.67,448.87,315.81
Геологи,12,34,тест,16.12.2024, 13:36:28,500.00,0.00,500.00,500.00,500.00,500.00,50.34,500.00,0.00,7.61,0.00
Геологи,12,34,тест,16.12.2024, 13:36:28,453.48,211.40,408.04,368.48,500.00,268.31,226.01,431.72,0.00,0.00,0.00
Геологи,12,34,тест,16.12.2024, 13:36:28,500.00,0.00,500.00,29.18,500.00,380.79,0.00,403.54,0.00,0.00,0.00
Геологи,12,34,тест,16.12.2024, 13:36:29,500.00,100.23,500.00,0.00,500.00,0.00,0.00,500.00,0.00,0.00,0.00
Геологи,12,34,тест,16.12.2024, 13:36:29,500.00,100.23,500.00,0.00,500.00,0.00,0.00,500.00,251.90,0.00,42.56
Геологи,12,34,тест,16.12.2024, 13:36:29,500.00,78.80,0.00,88.34,54.97,361.70,0.00,335.92,0.00,177.85,417.57
Геологи,12,34,тест,16.12.2024, 13:36:29,500.00,78.80,0.00,88.34,54.97,361.70,0.00,335.92,0.00,177.85,417.57
Геологи,12,34,тест,16.12.2024, 13:36:29,500.00,0.00,0.00,0.00,500.00,25.59,0.00,500.00,428.71,111.29,478.72
Геологи,12,34,тест,16.12.2024, 13:36:29,500.00,247.45,40.13,396.06,500.00,386.84,91.14,500.00,500.00,40.56,206.52
Геологи,12,34,тест,16.12.2024, 13:36:29,500.00,0.00,470.33,500.00,429.96,500.00,0.00,23.22,368.19,316.75,500.00
Геологи,12,34,тест,16.12.2024, 13:36:29,218.06,0.00,240.61,21.24,500.00,500.00,0.00,0.00,0.00,7.07,500.00
Геологи,12,34,тест,16.12.2024, 13:36:29,0.00,0.00,10.33,116.61,158.73,446.87,372.02,328.80,485.91,0.00,367.54
Геологи,12,34,тест,16.12.2024, 13:36:29,0.00,355.79,430.60,94.87,191.10,366.42,219.24,435.72,500.00,0.00,176.76
Геологи,12,34,тест,16.12.2024, 13:36:30,0.00,0.00,341.88,0.00,138.59,500.00,500.00,500.00,231.86,0.00,0.00
Геологи,12,34,тест,16.12.2024, 13:36:30,218.16,247.50,62.70,0.00,252.38,500.00,500.00,20.98,0.00,68.28,393.25
Геологи,12,34,тест,16.12.2024, 13:36:30,218.16,247.50,62.70,0.00,252.38,500.00,500.00,20.98,0.00,68.28,393.25
Геологи,12,34,тест,16.12.2024, 13:36:30,21.51,500.00,493.86,0.00,350.83,209.48,291.87,0.00,396.04,0.00,500.00
Геологи,12,34,тест,16.12.2024, 13:36:30,0.00,456.05,500.00,396.00,500.00,0.00,62.27,213.37,500.00,339.73,500.00
Геологи,12,34,тест,16.12.2024, 13:36:30,115.21,180.26,500.00,500.00,188.22,0.00,428.25,313.15,177.77,492.29,500.00
Геологи,12,34,тест,16.12.2024, 13:36:30,318.19,317.91,500.00,500.00,0.00,0.00,350.48,0.00,453.68,500.00,500.00
Геологи,12,34,тест,16.12.2024, 13:36:30,318.19,317.91,500.00,500.00,0.00,0.00,303.25,82.19,500.00,335.86,500.00
Геологи,12,34,тест,16.12.2024, 13:36:30,95.32,164.11,500.00,500.00,0.00,0.00,118.43,0.00,490.78,411.21,500.00
Геологи,12,34,тест,16.12.2024, 13:36:31,492.55,70.11,314.60,500.00,90.26,0.00,118.43,466.84,500.00,325.63,500.00
Геологи,12,34,тест,16.12.2024, 13:36:31,500.00,500.00,500.00,500.00,0.00,0.00,0.00,500.00,392.52,128.65,500.00
Геологи,12,34,тест,16.12.2024, 13:36:31,216.56,500.00,463.96,383.94,210.10,400.21,204.46,500.00,0.00,0.00,75.70
Геологи,12,34,тест,16.12.2024, 13:36:31,300.54,67.20,500.00,190.66,500.00,500.00,63.02,500.00,289.06,390.40,478.52
Геологи,12,34,тест,16.12.2024, 13:36:31,500.00,0.69,500.00,418.67,500.00,496.25,0.00,500.00,500.00,500.00,140.05
Геологи,12,34,тест,16.12.2024, 13:36:31,500.00,41.43,500.00,500.00,500.00,141.06,0.00,281.35,500.00,500.00,23.33
Геологи,12,34,тест,16.12.2024, 13:36:31,371.76,0.00,151.23,500.00,500.00,260.60,357.09,250.25,239.14,500.00,0.00
Геологи,12,34,тест,16.12.2024, 13:36:31,371.76,0.00,151.23,500.00,500.00,260.60,357.09,0.00,244.70,65.63,153.40
Геологи,12,34,тест,16.12.2024, 13:36:31,258.12,144.72,85.87,500.00,500.00,500.00,0.00,318.11,148.18,0.00,500.00
Геологи,12,34,тест,16.12.2024, 13:36:31,248.49,498.66,40.25,500.00,500.00,500.00,0.00,318.11,148.18,0.00,56.09
Геологи,12,34,тест,16.12.2024, 13:36:32,248.49,498.66,40.25,500.00,154.04,131.08,326.87,436.78,24.79,178.62,56.09
Геологи,12,34,тест,16.12.2024, 13:36:32,500.00,500.00,63.98,500.00,154.04,131.08,326.87,436.78,396.24,0.00,0.00
Геологи,12,34,тест,16.12.2024, 13:36:32,405.67,500.00,0.00,500.00,0.00,0.00,402.12,500.00,240.52,40.64,99.23
Геологи,12,34,тест,16.12.2024, 13:36:32,309.37,484.42,182.92,500.00,149.64,0.00,402.12,500.00,0.00,500.00,385.35
Геологи,12,34,тест,16.12.2024, 13:36:32,500.00,500.00,405.65,500.00,0.00,0.00,416.22,164.99,326.93,500.00,500.00
Геологи,12,34,тест,16.12.2024, 13:36:32,500.00,500.00,405.65,500.00,0.00,0.00,416.22,164.99,326.93,500.00,500.00
Геологи,12,34,тест,16.12.2024, 13:36:32,359.36,392.15,500.00,4.63,0.00,435.03,500.00,0.00,124.99,10.88,500.00
Геологи,12,34,тест,16.12.2024, 13:36:32,0.00,500.00,97.28,0.00,320.97,0.00,404.69,0.00,282.49,351.91,110.52
Геологи,12,34,тест,16.12.2024, 13:36:32,0.00,500.00,263.56,408.40,204.81,0.00,500.00,0.00,12.56,500.00,500.00
Геологи,12,34,тест,16.12.2024, 13:36:33,0.00,500.00,500.00,345.60,480.22,161.93,500.00,316.21,0.00,33.91,500.00
Геологи,12,34,тест,16.12.2024, 13:36:33,0.00,500.00,500.00,323.79,279.05,269.60,66.86,380.41,123.67,334.16,35.12
Геолог,1,2,тест,16.12.2024, 13:41:50,105.03,500.00,222.19,254.17,44.22,500.00,429.72,500.00,500.00,500.00,382.06
Геолог,1,2,тест,16.12.2024, 13:41:50,0.00,445.96,318.25,338.53,232.78,500.00,0.00,283.59,252.44,384.73,500.00
Геолог,1,2,тест,16.12.2024, 13:41:50,293.26,500.00,500.00,404.28,13.31,500.00,0.00,500.00,252.44,500.00,500.00
Геолог,1,2,тест,16.12.2024, 13:41:50,293.26,500.00,500.00,404.28,13.31,500.00,0.00,500.00,500.00,500.00,500.00
Геолог,1,2,тест,16.12.2024, 13:41:50,293.26,500.00,500.00,404.28,13.31,500.00,0.00,500.00,500.00,446.43,500.00
Геолог,1,2,тест,16.12.2024, 13:41:50,500.00,500.00,500.00,0.00,0.00,100.55,0.00,500.00,500.00,446.43,500.00
Геолог,1,2,тест,16.12.2024, 13:41:50,500.00,500.00,500.00,0.00,0.00,100.55,0.00,500.00,500.00,446.43,500.00
Геолог,1,2,тест,16.12.2024, 13:41:50,248.13,203.17,500.00,485.77,212.64,0.00,10.19,500.00,500.00,73.65,42.12
Геолог,1,2,тест,16.12.2024, 13:41:50,248.13,203.17,500.00,485.77,212.64,0.00,10.19,213.68,500.00,73.65,42.12
Геолог,1,2,тест,16.12.2024, 13:41:50,248.13,203.17,500.00,485.77,212.64,0.00,10.19,213.68,500.00,73.65,42.12
Геолог,1,2,тест,16.12.2024, 13:41:50,500.00,0.00,500.00,500.00,38.69,0.00,8.98,213.68,500.00,0.00,0.00
Геолог,1,2,тест,16.12.2024, 13:41:51,500.00,153.23,283.52,500.00,72.36,143.64,6.24,0.00,0.00,0.00,0.00
Геолог,1,2,тест,16.12.2024, 13:41:51,168.99,214.18,0.00,406.16,0.00,500.00,113.35,0.00,385.05,0.00,0.00
Геолог,1,2,тест,16.12.2024, 13:41:51,168.99,214.18,0.00,406.16,0.00,500.00,113.35,110.33,385.05,0.00,0.00
Геолог,1,2,тест,16.12.2024, 13:41:51,0.00,0.00,0.00,54.37,240.40,500.00,0.00,110.33,500.00,0.00,65.92
Геолог,1,2,тест,16.12.2024, 13:41:51,0.00,0.00,0.00,54.37,240.40,500.00,0.00,110.33,500.00,0.00,65.92
Геолог,1,2,тест,16.12.2024, 13:41:51,0.00,0.00,0.00,54.37,240.40,500.00,0.00,0.00,500.00,0.00,65.92
Геолог,1,2,тест,16.12.2024, 13:41:51,0.00,0.00,0.00,0.00,30.57,422.41,42.35,0.00,183.86,0.00,0.00
Геолог,1,2,тест,16.12.2024, 13:41:51,0.00,0.00,0.00,0.00,30.57,422.41,42.35,0.00,183.86,0.00,0.00
Геолог,1,2,тест,16.12.2024, 13:41:51,0.00,0.00,0.00,0.00,30.57,422.41,42.35,0.00,183.86,0.00,0.00
Геолог,1,2,тест,16.12.2024, 13:41:51,275.45,68.34,79.97,464.23,0.00,213.22,0.00,0.00,0.00,39.28,82.06
Геолог,1,2,тест,16.12.2024, 13:41:51,275.45,68.34,79.97,464.23,0.00,213.22,0.00,81.74,0.00,39.28,82.06
Геолог,1,2,тест,16.12.2024, 13:41:52,0.00,500.00,500.00,157.79,0.00,500.00,458.26,126.74,252.07,359.18,0.00
Геолог,1,2,тест,16.12.2024, 13:41:52,128.88,500.00,500.00,0.00,0.00,500.00,155.92,126.74,0.00,66.61,0.00
Геолог,1,2,тест,16.12.2024, 13:41:52,128.88,500.00,500.00,0.00,0.00,500.00,155.92,242.53,0.00,66.61,0.00
Геолог,1,2,тест,16.12.2024, 13:41:52,128.88,500.00,500.00,0.00,0.00,500.00,155.92,242.53,0.00,66.61,0.00
Геолог,1,2,тест,16.12.2024, 13:41:52,40.18,167.87,231.25,0.00,0.00,500.00,67.96,145.46,0.00,0.00,65.12
Геолог,1,2,тест,16.12.2024, 13:41:52,40.18,167.87,231.25,0.00,0.00,500.00,67.96,145.46,0.00,0.00,65.12
Геолог,1,2,тест,16.12.2024, 13:41:52,0.00,389.44,281.39,0.00,457.83,73.31,0.00,145.46,0.00,0.00,0.00
Геолог,1,2,тест,16.12.2024, 13:41:52,0.00,389.44,281.39,0.00,457.83,73.31,0.00,0.00,0.00,0.00,0.00
Геолог,1,2,тест,16.12.2024, 13:41:52,0.00,389.44,281.39,0.00,457.83,73.31,0.00,0.00,268.80,0.00,0.00
Геолог,1,2,тест,16.12.2024, 13:41:52,0.00,15.64,500.00,0.00,262.73,373.21,487.86,95.35,268.80,0.00,0.00
Геолог,1,2,тест,16.12.2024, 13:41:52,0.00,15.64,500.00,0.00,262.73,373.21,487.86,95.35,401.90,0.00,0.00
Геолог,1,2,тест,16.12.2024, 13:41:53,0.00,500.00,0.00,0.00,45.50,148.84,500.00,500.00,500.00,5.92,159.95
Геолог,1,2,тест,16.12.2024, 13:41:53,131.11,500.00,0.00,129.93,0.00,0.00,454.90,495.84,500.00,0.00,287.99
Геолог,1,2,тест,16.12.2024, 13:41:53,131.11,500.00,0.00,129.93,0.00,0.00,454.90,495.84,500.00,0.00,287.99
Геолог,1,2,тест,16.12.2024, 13:41:53,0.00,454.01,0.00,195.55,338.91,354.21,500.00,495.84,500.00,193.39,0.00
Геолог,1,2,тест,16.12.2024, 13:41:53,0.00,454.01,0.00,195.55,338.91,354.21,500.00,500.00,500.00,193.39,0.00
Геолог,1,2,тест,16.12.2024, 13:41:53,0.00,454.01,0.00,195.55,338.91,354.21,500.00,500.00,500.00,193.39,0.00
Геолог,1,2,тест,16.12.2024, 13:41:53,225.84,259.40,0.00,500.00,500.00,0.00,500.00,423.95,500.00,0.00,0.00
Геолог,1,2,тест,16.12.2024, 13:41:53,225.84,259.40,0.00,500.00,500.00,0.00,500.00,423.95,484.54,0.00,0.00
Геолог,1,2,тест,16.12.2024, 13:41:53,134.34,0.00,461.42,88.20,107.45,0.00,500.00,500.00,484.54,0.00,0.00
Геолог,1,2,тест,16.12.2024, 13:41:53,134.34,0.00,461.42,88.20,107.45,0.00,500.00,500.00,500.00,0.00,0.00
Геолог,1,2,тест,16.12.2024, 13:41:53,406.11,0.00,500.00,0.00,199.30,0.00,500.00,276.55,500.00,0.00,12.16
Геолог,1,2,тест,16.12.2024, 13:41:54,105.01,0.00,500.00,326.65,500.00,83.97,500.00,265.54,500.00,90.82,11.49
Геолог,1,2,тест,16.12.2024, 13:41:54,0.00,124.91,500.00,314.66,261.89,333.56,500.00,500.00,500.00,0.00,318.38
Геолог,1,2,тест,16.12.2024, 13:41:54,12.38,500.00,75.40,0.00,500.00,182.54,381.93,500.00,388.23,255.13,0.00
Геолог,1,2,тест,16.12.2024, 13:41:54,12.38,500.00,75.40,0.00,500.00,182.54,381.93,500.00,388.23,255.13,0.00
Геолог,1,2,тест,16.12.2024, 13:41:54,0.00,500.00,0.00,214.78,407.47,466.49,7.54,500.00,77.97,187.63,0.00
Геолог,1,2,тест,16.12.2024, 13:41:54,0.00,500.00,0.00,214.78,407.47,466.49,7.54,87.87,77.97,187.63,0.00
Геолог,1,2,тест,16.12.2024, 13:41:54,211.48,164.73,349.90,351.71,0.00,78.73,266.03,87.87,318.90,474.15,260.08
Геолог,1,2,тест,16.12.2024, 13:41:54,211.48,164.73,349.90,351.71,0.00,78.73,266.03,415.82,318.90,474.15,260.08
Геолог,1,2,тест,16.12.2024, 13:41:54,108.16,253.76,0.00,0.00,0.00,0.00,248.80,415.82,500.00,500.00,238.01
Геолог,1,2,тест,16.12.2024, 13:41:54,108.16,253.76,0.00,0.00,0.00,0.00,248.80,495.82,500.00,500.00,238.01
Геолог,1,2,тест,16.12.2024, 13:41:54,0.00,223.24,0.00,420.54,0.00,0.00,0.00,500.00,500.00,500.00,500.00
Геолог,1,2,тест,16.12.2024, 13:41:55,321.27,500.00,0.00,317.61,0.00,343.84,239.73,500.00,500.00,500.00,485.90
Геолог,1,2,тест,16.12.2024, 13:41:55,0.00,424.06,0.00,500.00,112.05,10.59,295.74,500.00,500.00,141.81,20.08
Геолог,1,2,тест,16.12.2024, 13:41:55,0.00,424.06,0.00,500.00,112.05,10.59,295.74,500.00,500.00,141.81,20.08
Геолог,1,2,тест,16.12.2024, 13:41:55,0.00,106.40,466.71,500.00,0.00,0.00,500.00,500.00,500.00,500.00,0.00
Геолог,1,2,тест,16.12.2024, 13:41:55,0.00,106.40,466.71,500.00,0.00,0.00,500.00,500.00,500.00,500.00,0.00
Геолог,1,2,тест,16.12.2024, 13:41:55,170.58,166.83,256.67,500.00,258.51,0.00,107.72,500.00,500.00,130.20,388.63
Геолог,1,2,тест,16.12.2024, 13:41:55,170.58,166.83,256.67,500.00,258.51,0.00,107.72,500.00,500.00,0.00,500.00
Геолог,1,2,тест,16.12.2024, 13:41:55,316.97,463.12,500.00,295.00,0.00,364.73,232.12,500.00,500.00,0.00,500.00
Геолог,1,2,тест,16.12.2024, 13:41:55,446.44,352.32,237.16,296.49,201.92,0.00,0.00,129.53,500.00,414.14,106.90
Геолог,1,2,тест,16.12.2024, 13:41:55,446.44,352.32,237.16,296.49,201.92,0.00,0.00,129.53,300.56,476.54,500.00
Геолог,1,2,тест,16.12.2024, 13:41:55,500.00,444.86,337.41,0.00,0.00,0.00,0.00,185.95,500.00,476.54,500.00
ку,123,24,аыва,16.12.2024, 13:51:34,500.00,0.00,0.00,0.00,500.00,0.00,383.56,500.00,500.00,463.48,0.00
ку,123,24,аыва,16.12.2024, 13:51:34,500.00,324.15,395.18,244.35,500.00,0.00,162.51,500.00,365.63,467.22,216.47
ку,123,24,аыва,16.12.2024, 13:51:34,500.00,324.15,395.18,244.35,500.00,0.00,162.51,500.00,365.63,467.22,216.47
ку,123,24,аыва,16.12.2024, 13:51:34,500.00,153.34,500.00,443.40,500.00,52.31,234.93,69.47,0.00,0.00,178.08
ку,123,24,аыва,16.12.2024, 13:51:34,500.00,153.34,500.00,443.40,500.00,52.31,234.93,69.47,0.00,0.00,178.08
ку,123,24,аыва,16.12.2024, 13:51:34,500.00,153.34,500.00,443.40,500.00,52.31,234.93,0.00,0.00,0.00,500.00
ку,123,24,аыва,16.12.2024, 13:51:35,298.26,32.03,73.94,83.61,500.00,0.00,327.97,0.00,0.00,0.00,500.00
ку,123,24,аыва,16.12.2024, 13:51:35,298.26,32.03,73.94,83.61,500.00,0.00,327.97,0.00,0.00,0.00,500.00
ку,123,24,аыва,16.12.2024, 13:51:35,500.00,289.41,0.00,500.00,245.30,0.00,322.50,0.00,0.00,0.00,468.99
ку,123,24,аыва,16.12.2024, 13:51:35,500.00,289.41,0.00,500.00,245.30,0.00,322.50,0.00,0.00,0.00,468.99
ку,123,24,аыва,16.12.2024, 13:51:35,500.00,289.41,0.00,500.00,245.30,0.00,322.50,0.00,0.00,0.00,468.99
ку,123,24,аыва,16.12.2024, 13:51:35,476.06,500.00,42.41,0.60,29.07,8.02,500.00,216.16,88.01,129.98,417.84
ку,123,24,аыва,16.12.2024, 13:51:35,476.06,500.00,42.41,0.60,29.07,8.02,500.00,216.16,88.01,129.98,417.84
ку,123,24,аыва,16.12.2024, 13:51:35,0.00,486.35,0.00,0.00,0.00,0.00,500.00,0.00,495.05,500.00,500.00
ку,123,24,аыва,16.12.2024, 13:51:35,0.00,486.35,0.00,0.00,0.00,0.00,500.00,0.00,495.05,500.00,500.00
ку,123,24,аыва,16.12.2024, 13:51:35,0.00,486.35,0.00,0.00,0.00,0.00,500.00,0.00,495.05,500.00,500.00
ку,123,24,аыва,16.12.2024, 13:51:35,292.48,124.17,294.32,0.00,0.00,157.69,500.00,200.58,477.58,304.25,274.34
ку,123,24,аыва,16.12.2024, 13:51:35,292.48,124.17,294.32,0.00,0.00,157.69,500.00,200.58,477.58,304.25,274.34
ку,123,24,аыва,16.12.2024, 13:51:35,0.00,411.21,119.34,0.00,23.29,324.45,500.00,500.00,500.00,339.68,500.00
ку,123,24,аыва,16.12.2024, 13:51:36,0.00,411.21,119.34,0.00,23.29,324.45,500.00,500.00,500.00,339.68,500.00
ку,123,24,аыва,16.12.2024, 13:51:36,0.00,411.21,119.34,0.00,23.29,324.45,500.00,500.00,500.00,339.68,500.00
ку,123,24,аыва,16.12.2024, 13:51:36,0.00,0.00,0.00,77.70,0.00,500.00,500.00,500.00,223.51,204.42,500.00
ку,123,24,аыва,16.12.2024, 13:51:36,500.00,500.00,500.00,500.00,500.00,500.00,298.26,298.26,500.00,500.00,500.00,476.06,476.06,0.00,0.00,0.00,292.48,292.48,0.00,0.00,0.00,0.00,0.00,324.15,324.15,153.34,153.34,153.34,32.03,32.03,289.41,289.41,289.41,500.00,500.00,486.35,486.35,486.35,124.17,124.17,411.21,411.21,411.21,0.00,0.00,395.18,395.18,500.00,500.00,500.00,73.94,73.94,0.00,0.00,0.00,42.41,42.41,0.00,0.00,0.00,294.32,294.32,119.34,119.34,119.34,0.00,0.00,244.35,244.35,443.40,443.40,443.40,83.61,83.61,500.00,500.00,500.00,0.60,0.60,0.00,0.00,0.00,0.00,0.00,0.00,0.00,0.00,77.70,500.00,500.00,500.00,500.00,500.00,500.00,500.00,500.00,245.30,245.30,245.30,29.07,29.07,0.00,0.00,0.00,0.00,0.00,23.29,23.29,23.29,0.00,0.00,0.00,0.00,52.31,52.31,52.31,0.00,0.00,0.00,0.00,0.00,8.02,8.02,0.00,0.00,0.00,157.69,157.69,324.45,324.45,324.45,500.00,383.56,162.51,162.51,234.93,234.93,234.93,327.97,327.97,322.50,322.50,322.50,500.00,500.00,500.00,500.00,500.00,500.00,500.00,500.00,500.00,500.00,500.00,500.00,500.00,500.00,69.47,69.47,0.00,0.00,0.00,0.00,0.00,0.00,216.16,216.16,0.00,0.00,0.00,200.58,200.58,500.00,500.00,500.00,500.00,500.00,365.63,365.63,0.00,0.00,0.00,0.00,0.00,0.00,0.00,0.00,88.01,88.01,495.05,495.05,495.05,477.58,477.58,500.00,500.00,500.00,223.51,463.48,467.22,467.22,0.00,0.00,0.00,0.00,0.00,0.00,0.00,0.00,129.98,129.98,500.00,500.00,500.00,304.25,304.25,339.68,339.68,339.68,204.42,0.00,216.47,216.47,178.08,178.08,500.00,500.00,500.00,468.99,468.99,468.99,417.84,417.84,500.00,500.00,500.00,274.34,274.34,500.00,500.00,500.00,500.00
Геолог,34,34,тест,16.12.2024, 14:00:34,500.00,74.44,345.20,281.88,227.11,0.00,322.63,0.00,500.00,0.00,69.73
Геолог,34,34,тест,16.12.2024, 14:00:35,500.00,0.00,500.00,0.00,500.00,0.00,500.00,93.48,469.57,170.66,8.01
Геолог,34,34,тест,16.12.2024, 14:00:35,500.00,0.00,500.00,224.57,500.00,301.95,500.00,0.00,500.00,316.13,0.00
Геолог,34,34,тест,16.12.2024, 14:00:35,500.00,0.00,210.70,224.57,500.00,301.95,500.00,0.00,500.00,316.13,0.00
Геолог,34,34,тест,16.12.2024, 14:00:35,500.00,0.00,210.70,224.57,500.00,301.95,500.00,0.00,500.00,316.13,0.00
Геолог,34,34,тест,16.12.2024, 14:00:35,82.68,151.83,210.70,0.00,500.00,388.94,500.00,65.51,500.00,0.00,0.00
Геолог,34,34,тест,16.12.2024, 14:00:35,82.68,151.83,0.00,0.00,500.00,388.94,500.00,65.51,500.00,0.00,0.00
Геолог,34,34,тест,16.12.2024, 14:00:35,82.68,151.83,0.00,0.00,500.00,388.94,500.00,65.51,500.00,0.00,0.00
Геолог,34,34,тест,16.12.2024, 14:00:35,11.42,500.00,0.00,130.43,227.50,356.54,500.00,2.77,500.00,372.21,0.00
Геолог,34,34,тест,16.12.2024, 14:00:35,11.42,500.00,466.72,130.43,227.50,356.54,500.00,2.77,500.00,372.21,0.00
Геолог,34,34,тест,16.12.2024, 14:00:35,11.42,500.00,466.72,130.43,227.50,356.54,500.00,2.77,500.00,372.21,0.00
Геолог,34,34,тест,16.12.2024, 14:00:35,0.00,328.84,197.77,166.54,196.58,0.00,331.83,500.00,0.00,0.00,105.08
Геолог,34,34,тест,16.12.2024, 14:00:35,0.00,0.00,197.77,163.65,0.00,0.00,0.00,41.15,456.90,0.00,500.00
Геолог,34,34,тест,16.12.2024, 14:00:35,0.00,0.00,219.74,163.65,0.00,0.00,0.00,41.15,456.90,0.00,500.00
Геолог,34,34,тест,16.12.2024, 14:00:36,0.00,0.00,219.74,163.65,0.00,0.00,0.00,41.15,456.90,0.00,500.00
Геолог,34,34,тест,16.12.2024, 14:00:36,0.00,0.00,219.74,473.38,0.00,370.21,18.72,128.61,310.82,127.29,178.98
Геолог,34,34,тест,16.12.2024, 14:00:36,0.00,0.00,0.00,473.38,0.00,370.21,18.72,128.61,310.82,127.29,178.98
Геолог,34,34,тест,16.12.2024, 14:00:36,0.00,0.00,0.00,473.38,0.00,370.21,18.72,128.61,310.82,127.29,178.98
Геолог,34,34,тест,16.12.2024, 14:00:36,0.00,373.39,0.00,500.00,180.96,500.00,378.55,342.23,0.00,146.24,173.78
Геолог,34,34,тест,16.12.2024, 14:00:36,0.00,373.39,250.76,500.00,180.96,500.00,378.55,342.23,0.00,146.24,173.78
Геолог,34,34,тест,16.12.2024, 14:00:36,0.00,373.39,250.76,500.00,180.96,500.00,378.55,342.23,0.00,146.24,173.78
Геолог,34,34,тест,16.12.2024, 14:00:36,0.00,500.00,250.76,410.32,0.00,345.65,500.00,500.00,0.00,500.00,0.00
Геолог,34,34,тест,16.12.2024, 14:00:36,372.76,291.77,486.99,336.28,0.00,0.00,336.99,500.00,0.00,500.00,62.71
Геолог,34,34,тест,16.12.2024, 14:00:36,271.46,171.49,486.99,423.55,50.36,0.00,500.00,493.67,0.00,500.00,0.00
Геолог,34,34,тест,16.12.2024, 14:00:36,271.46,171.49,71.64,423.55,50.36,0.00,500.00,493.67,0.00,500.00,0.00
Геолог,34,34,тест,16.12.2024, 14:00:37,271.46,171.49,71.64,423.55,50.36,0.00,500.00,493.67,0.00,500.00,0.00
Геолог,34,34,тест,16.12.2024, 14:00:37,25.30,407.80,0.00,324.16,0.00,176.06,94.34,336.64,187.48,500.00,0.00
Геолог,34,34,тест,16.12.2024, 14:00:37,25.30,407.80,0.00,324.16,0.00,176.06,94.34,336.64,187.48,500.00,0.00
Геолог,34,34,тест,16.12.2024, 14:00:37,0.00,3.88,0.00,475.24,0.00,0.00,339.96,500.00,500.00,471.90,262.34
Геолог,34,34,тест,16.12.2024, 14:00:37,0.00,3.88,0.00,475.24,0.00,0.00,339.96,500.00,500.00,471.90,262.34
Геолог,34,34,тест,16.12.2024, 14:00:37,0.00,3.88,0.00,475.24,0.00,0.00,339.96,500.00,500.00,471.90,262.34
Геолог,34,34,тест,16.12.2024, 14:00:37,357.56,0.00,0.00,150.33,364.85,0.00,500.00,83.05,191.48,444.93,385.72
Геолог,34,34,тест,16.12.2024, 14:00:37,357.56,0.00,0.00,150.33,364.85,0.00,500.00,83.05,191.48,444.93,385.72
Геолог,34,34,тест,16.12.2024, 14:00:37,489.88,281.71,346.03,434.36,18.48,58.29,345.70,500.00,418.51,486.66,381.11
Геолог,34,34,тест,16.12.2024, 14:00:37,268.37,0.00,346.03,500.00,306.88,0.00,496.31,68.59,0.00,274.82,8.58
Геолог,34,34,тест,16.12.2024, 14:00:37,268.37,0.00,360.94,500.00,306.88,0.00,496.31,68.59,0.00,274.82,8.58
Геолог,34,34,тест,16.12.2024, 14:00:38,268.37,0.00,360.94,500.00,306.88,0.00,496.31,68.59,114.08,500.00,435.48
Геолог,34,34,тест,16.12.2024, 14:00:38,7.13,30.12,446.23,475.61,0.00,494.52,500.00,333.55,114.08,500.00,435.48
Геолог,34,34,тест,16.12.2024, 14:00:38,7.13,30.12,446.23,475.61,0.00,494.52,500.00,333.55,114.08,500.00,435.48
Геолог,34,34,тест,16.12.2024, 14:00:38,0.00,0.00,500.00,500.00,382.94,181.55,291.47,0.00,251.24,500.00,77.27
Геолог,34,34,тест,16.12.2024, 14:00:38,0.00,0.00,500.00,500.00,382.94,181.55,291.47,0.00,251.24,500.00,77.27
Геолог,34,34,тест,16.12.2024, 14:00:38,63.73,0.00,479.14,359.74,500.00,500.00,500.00,0.00,245.18,500.00,179.55
Геолог,34,34,тест,16.12.2024, 14:00:38,0.00,0.00,500.00,302.20,258.48,500.00,355.39,0.00,0.00,352.45,20.99
Геолог,34,34,тест,16.12.2024, 14:00:38,0.00,0.00,500.00,302.20,258.48,500.00,355.39,0.00,0.00,352.45,20.99
Геолог,34,34,тест,16.12.2024, 14:00:38,0.00,235.79,500.00,139.01,0.00,500.00,500.00,500.00,500.00,465.25,412.39
Геолог,34,34,тест,16.12.2024, 14:00:38,26.46,0.00,17.52,126.77,4.15,500.00,500.00,500.00,500.00,0.00,500.00
Геолог,34,34,тест,16.12.2024, 14:00:38,26.46,0.00,17.52,126.77,4.15,500.00,500.00,500.00,500.00,0.00,500.00
Геолог,34,34,тест,16.12.2024, 14:00:39,0.00,0.00,0.00,0.00,194.94,226.48,324.31,500.00,492.22,0.00,500.00
Геолог,34,34,тест,16.12.2024, 14:00:39,0.00,0.00,0.00,0.00,194.94,226.48,324.31,500.00,492.22,0.00,500.00
Геолог,34,34,тест,16.12.2024, 14:00:39,0.00,149.67,158.94,0.00,11.45,0.00,56.77,265.17,33.60,146.80,500.00
Геолог,34,34,тест,16.12.2024, 14:00:39,0.00,149.67,158.94,0.00,11.45,0.00,56.77,265.17,33.60,146.80,500.00
Геолог,34,34,тест,16.12.2024, 14:00:39,500.00,500.00,500.00,500.00,500.00,82.68,82.68,82.68,11.42,11.42,11.42,0.00,0.00,0.00,0.00,0.00,0.00,0.00,0.00,0.00,0.00,0.00,372.76,271.46,271.46,271.46,25.30,25.30,0.00,0.00,0.00,357.56,357.56,489.88,268.37,268.37,268.37,7.13,7.13,0.00,0.00,63.73,0.00,0.00,0.00,26.46,26.46,0.00,0.00,0.00,0.00,74.44,0.00,0.00,0.00,0.00,151.83,151.83,151.83,500.00,500.00,500.00,328.84,0.00,0.00,0.00,0.00,0.00,0.00,373.39,373.39,373.39,500.00,291.77,171.49,171.49,171.49,407.80,407.80,3.88,3.88,3.88,0.00,0.00,281.71,0.00,0.00,0.00,30.12,30.12,0.00,0.00,0.00,0.00,0.00,235.79,0.00,0.00,0.00,0.00,149.67,149.67,345.20,500.00,500.00,210.70,210.70,210.70,0.00,0.00,0.00,466.72,466.72,197.77,197.77,219.74,219.74,219.74,0.00,0.00,0.00,250.76,250.76,250.76,486.99,486.99,71.64,71.64,0.00,0.00,0.00,0.00,0.00,0.00,0.00,346.03,346.03,360.94,360.94,446.23,446.23,500.00,500.00,479.14,500.00,500.00,500.00,17.52,17.52,0.00,0.00,158.94,158.94,281.88,0.00,224.57,224.57,224.57,0.00,0.00,0.00,130.43,130.43,130.43,166.54,163.65,163.65,163.65,473.38,473.38,473.38,500.00,500.00,500.00,410.32,336.28,423.55,423.55,423.55,324.16,324.16,475.24,475.24,475.24,150.33,150.33,434.36,500.00,500.00,500.00,475.61,475.61,500.00,500.00,359.74,302.20,302.20,139.01,126.77,126.77,0.00,0.00,0.00,0.00,227.11,500.00,500.00,500.00,500.00,500.00,500.00,500.00,227.50,227.50,227.50,196.58,0.00,0.00,0.00,0.00,0.00,0.00,180.96,180.96,180.96,0.00,0.00,50.36,50.36,50.36,0.00,0.00,0.00,0.00,0.00,364.85,364.85,18.48,306.88,306.88,306.88,0.00,0.00,382.94,382.94,500.00,258.48,258.48,0.00,4.15,4.15,194.94,194.94,11.45,11.45,0.00,0.00,301.95,301.95,301.95,388.94,388.94,388.94,356.54,356.54,356.54,0.00,0.00,0.00,0.00,370.21,370.21,370.21,500.00,500.00,500.00,345.65,0.00,0.00,0.00,0.00,176.06,176.06,0.00,0.00,0.00,0.00,0.00,58.29,0.00,0.00,0.00,494.52,494.52,181.55,181.55,500.00,500.00,500.00,500.00,500.00,500.00,226.48,226.48,0.00,0.00,322.63,500.00,500.00,500.00,500.00,500.00,500.00,500.00,500.00,500.00,500.00,331.83,0.00,0.00,0.00,18.72,18.72,18.72,378.55,378.55,378.55,500.00,336.99,500.00,500.00,500.00,94.34,94.34,339.96,339.96,339.96,500.00,500.00,345.70,496.31,496.31,496.31,500.00,500.00,291.47,291.47,500.00,355.39,355.39,500.00,500.00,500.00,324.31,324.31,56.77,56.77,0.00,93.48,0.00,0.00,0.00,65.51,65.51,65.51,2.77,2.77,2.77,500.00,41.15,41.15,41.15,128.61,128.61,128.61,342.23,342.23,342.23,500.00,500.00,493.67,493.67,493.67,336.64,336.64,500.00,500.00,500.00,83.05,83.05,500.00,68.59,68.59,68.59,333.55,333.55,0.00,0.00,0.00,0.00,0.00,500.00,500.00,500.00,500.00,500.00,265.17,265.17,500.00,469.57,500.00,500.00,500.00,500.00,500.00,500.00,500.00,500.00,500.00,0.00,456.90,456.90,456.90,310.82,310.82,310.82,0.00,0.00,0.00,0.00,0.00,0.00,0.00,0.00,187.48,187.48,500.00,500.00,500.00,191.48,191.48,418.51,0.00,0.00,114.08,114.08,114.08,251.24,251.24,245.18,0.00,0.00,500.00,500.00,500.00,492.22,492.22,33.60,33.60,0.00,170.66,316.13,316.13,316.13,0.00,0.00,0.00,372.21,372.21,372.21,0.00,0.00,0.00,0.00,127.29,127.29,127.29,146.24,146.24,146.24,500.00,500.00,500.00,500.00,500.00,500.00,500.00,471.90,471.90,471.90,444.93,444.93,486.66,274.82,274.82,500.00,500.00,500.00,500.00,500.00,500.00,352.45,352.45,465.25,0.00,0.00,0.00,0.00,146.80,146.80,69.73,8.01,0.00,0.00,0.00,0.00,0.00,0.00,0.00,0.00,0.00,105.08,500.00,500.00,500.00,178.98,178.98,178.98,173.78,173.78,173.78,0.00,62.71,0.00,0.00,0.00,0.00,0.00,262.34,262.34,262.34,385.72,385.72,381.11,8.58,8.58,435.48,435.48,435.48,77.27,77.27,179.55,20.99,20.99,412.39,500.00,500.00,500.00,500.00,500.00,500.00
Геолог,34,34,тест,16.12.2024, 14:00:39,0.00,414.36,61.94,331.73,0.00,0.00,491.86,500.00,55.35,466.38,171.73
Геолог,34,34,тест,16.12.2024, 14:00:39,0.00,414.36,61.94,331.73,0.00,0.00,491.86,500.00,499.13,500.00,0.00
Геолог,34,34,тест,16.12.2024, 14:00:39,0.00,0.00,46.42,95.01,0.00,429.78,372.78,500.00,499.13,500.00,0.00
Геолог,34,34,тест,16.12.2024, 14:00:39,0.00,0.00,134.21,96.05,0.00,282.25,0.00,372.81,500.00,432.60,393.83
Геологи,12,34,Тести,16.12.2024, 14:10:10,240.15,500.00,500.00,34.50,500.00,165.85,269.23,387.88,471.90,127.72,500.00
Геологи,12,34,Тести,16.12.2024, 14:10:10,0.00,500.00,22.03,0.00,500.00,0.00,50.40,218.75,500.00,275.78,500.00
Геологи,12,34,Тести,16.12.2024, 14:10:10,323.57,500.00,429.02,0.00,204.18,0.00,0.00,87.60,254.06,0.00,500.00
Геологи,12,34,Тести,16.12.2024, 14:10:10,323.57,500.00,429.02,0.00,204.18,0.00,0.00,87.60,254.06,0.00,500.00
Геологи,12,34,Тести,16.12.2024, 14:10:10,323.57,500.00,429.02,0.00,204.18,0.00,0.00,87.60,254.06,0.00,500.00
Геологи,12,34,Тести,16.12.2024, 14:10:10,375.52,500.00,500.00,299.50,0.00,0.00,110.32,147.43,429.95,0.00,331.27
Геологи,12,34,Тести,16.12.2024, 14:10:10,375.52,500.00,500.00,299.50,0.00,0.00,110.32,147.43,429.95,0.00,331.27
Геологи,12,34,Тести,16.12.2024, 14:10:10,375.52,500.00,500.00,299.50,0.00,0.00,110.32,147.43,429.95,0.00,331.27
Геологи,12,34,Тести,16.12.2024, 14:10:10,264.57,500.00,187.82,500.00,2.56,0.00,372.51,500.00,140.63,0.00,500.00
Геологи,12,34,Тести,16.12.2024, 14:10:10,264.57,500.00,187.82,500.00,2.56,0.00,372.51,500.00,140.63,0.00,500.00
Геологи,12,34,Тести,16.12.2024, 14:10:10,264.57,500.00,187.82,500.00,2.56,0.00,372.51,500.00,140.63,0.00,500.00
Геологи,12,34,Тести,16.12.2024, 14:10:10,129.92,500.00,52.22,0.00,500.00,0.00,0.00,204.81,500.00,0.00,429.36
Геологи,12,34,Тести,16.12.2024, 14:10:11,0.00,348.51,458.26,0.00,500.00,69.80,107.92,470.35,81.44,0.00,224.43
Геологи,12,34,Тести,16.12.2024, 14:10:11,0.00,348.51,458.26,0.00,500.00,69.80,107.92,470.35,81.44,0.00,224.43
Геологи,12,34,Тести,16.12.2024, 14:10:11,0.00,348.51,458.26,0.00,500.00,69.80,107.92,470.35,81.44,0.00,224.43
Геологи,12,34,Тести,16.12.2024, 14:10:11,0.00,0.00,500.00,126.26,140.51,0.00,258.27,500.00,500.00,326.93,0.00
Геологи,12,34,Тести,16.12.2024, 14:10:11,0.00,0.00,500.00,126.26,140.51,0.00,258.27,500.00,500.00,326.93,0.00
Геологи,12,34,Тести,16.12.2024, 14:10:11,0.00,0.00,500.00,126.26,140.51,0.00,258.27,500.00,500.00,326.93,0.00
Геологи,12,34,Тести,16.12.2024, 14:10:11,402.09,110.63,500.00,150.46,355.28,0.00,39.20,476.58,500.00,303.53,234.64
Геологи,12,34,Тести,16.12.2024, 14:10:11,402.09,110.63,500.00,150.46,355.28,0.00,39.20,476.58,500.00,303.53,234.64
Геологи,12,34,Тести,16.12.2024, 14:10:11,179.48,500.00,374.32,334.95,500.00,0.00,263.02,151.30,500.00,47.30,279.33
Геологи,12,34,Тести,16.12.2024, 14:10:11,179.48,500.00,374.32,334.95,500.00,0.00,263.02,151.30,500.00,47.30,279.33
Геологи,12,34,Тести,16.12.2024, 14:10:11,474.71,0.00,260.68,269.06,357.20,281.53,500.00,500.00,98.29,262.69,0.00
Геологи,12,34,Тести,16.12.2024, 14:10:12,474.71,0.00,260.68,269.06,357.20,281.53,500.00,500.00,98.29,262.69,0.00
Геологи,12,34,Тести,16.12.2024, 14:10:12,500.00,0.00,117.42,162.87,178.66,0.00,283.31,434.85,387.16,0.00,0.00
Геологи,12,34,Тести,16.12.2024, 14:10:12,500.00,0.00,117.42,162.87,178.66,0.00,283.31,434.85,387.16,0.00,0.00
Геологи,12,34,Тести,16.12.2024, 14:10:12,500.00,0.00,117.42,162.87,178.66,0.00,283.31,434.85,387.16,0.00,0.00
Геологи,12,34,Тести,16.12.2024, 14:10:12,126.44,481.52,0.00,438.20,208.41,361.39,500.00,500.00,500.00,144.47,70.85
Геологи,12,34,Тести,16.12.2024, 14:10:12,126.44,481.52,0.00,438.20,208.41,361.39,500.00,500.00,500.00,144.47,70.85
Геологи,12,34,Тести,16.12.2024, 14:10:12,500.00,153.29,399.07,500.00,95.77,478.13,500.00,135.94,473.45,0.00,0.00
Геологи,12,34,Тести,16.12.2024, 14:10:12,500.00,153.29,399.07,500.00,95.77,478.13,500.00,135.94,473.45,0.00,0.00
Геологи,12,34,Тести,16.12.2024, 14:10:12,290.32,406.11,398.31,500.00,118.97,292.34,500.00,0.00,263.44,0.00,0.00
Геологи,12,34,Тести,16.12.2024, 14:10:12,290.32,406.11,398.31,500.00,118.97,292.34,500.00,0.00,263.44,0.00,0.00
Геологи,12,34,Тести,16.12.2024, 14:10:12,0.00,359.26,500.00,103.15,102.00,500.00,500.00,0.00,275.46,132.60,500.00
Геологи,12,34,Тести,16.12.2024, 14:10:13,67.18,273.82,500.00,472.25,18.17,500.00,500.00,0.00,157.83,331.48,113.50
Геологи,12,34,Тести,16.12.2024, 14:10:13,67.18,273.82,500.00,472.25,18.17,500.00,500.00,0.00,157.83,331.48,113.50
Геологи,12,34,Тести,16.12.2024, 14:10:13,0.00,320.38,500.00,500.00,0.00,62.90,500.00,472.56,500.00,500.00,0.00
Геологи,12,34,Тести,16.12.2024, 14:10:13,0.00,320.38,500.00,500.00,0.00,62.90,500.00,472.56,500.00,500.00,0.00
Геологи,12,34,Тести,16.12.2024, 14:10:13,0.00,434.99,319.38,65.11,0.00,0.00,500.00,500.00,500.00,68.55,238.06
Геологи,12,34,Тести,16.12.2024, 14:10:13,0.00,434.99,319.38,65.11,0.00,0.00,500.00,500.00,500.00,68.55,238.06
Геологи,12,34,Тести,16.12.2024, 14:10:13,240.15,0.00,323.57,323.57,323.57,375.52,375.52,375.52,264.57,264.57,264.57,129.92,0.00,0.00,0.00,0.00,0.00,0.00,402.09,402.09,179.48,179.48,474.71,474.71,500.00,500.00,500.00,126.44,126.44,500.00,500.00,290.32,290.32,0.00,67.18,67.18,0.00,0.00,0.00,0.00,500.00,500.00,500.00,500.00,500.00,500.00,500.00,500.00,500.00,500.00,500.00,500.00,348.51,348.51,348.51,0.00,0.00,0.00,110.63,110.63,500.00,500.00,0.00,0.00,0.00,0.00,0.00,481.52,481.52,153.29,153.29,406.11,406.11,359.26,273.82,273.82,320.38,320.38,434.99,434.99,500.00,22.03,429.02,429.02,429.02,500.00,500.00,500.00,187.82,187.82,187.82,52.22,458.26,458.26,458.26,500.00,500.00,500.00,500.00,500.00,374.32,374.32,260.68,260.68,117.42,117.42,117.42,0.00,0.00,399.07,399.07,398.31,398.31,500.00,500.00,500.00,500.00,500.00,319.38,319.38,34.50,0.00,0.00,0.00,0.00,299.50,299.50,299.50,500.00,500.00,500.00,0.00,0.00,0.00,0.00,126.26,126.26,126.26,150.46,150.46,334.95,334.95,269.06,269.06,162.87,162.87,162.87,438.20,438.20,500.00,500.00,500.00,500.00,103.15,472.25,472.25,500.00,500.00,65.11,65.11,500.00,500.00,204.18,204.18,204.18,0.00,0.00,0.00,2.56,2.56,2.56,500.00,500.00,500.00,500.00,140.51,140.51,140.51,355.28,355.28,500.00,500.00,357.20,357.20,178.66,178.66,178.66,208.41,208.41,95.77,95.77,118.97,118.97,102.00,18.17,18.17,0.00,0.00,0.00,0.00,165.85,0.00,0.00,0.00,0.00,0.00,0.00,0.00,0.00,0.00,0.00,0.00,69.80,69.80,69.80,0.00,0.00,0.00,0.00,0.00,0.00,0.00,281.53,281.53,0.00,0.00,0.00,361.39,361.39,478.13,478.13,292.34,292.34,500.00,500.00,500.00,62.90,62.90,0.00,0.00,269.23,50.40,0.00,0.00,0.00,110.32,110.32,110.32,372.51,372.51,372.51,0.00,107.92,107.92,107.92,258.27,258.27,258.27,39.20,39.20,263.02,263.02,500.00,500.00,283.31,283.31,283.31,500.00,500.00,500.00,500.00,500.00,500.00,500.00,500.00,500.00,500.00,500.00,500.00,500.00,387.88,218.75,87.60,87.60,87.60,147.43,147.43,147.43,500.00,500.00,500.00,204.81,470.35,470.35,470.35,500.00,500.00,500.00,476.58,476.58,151.30,151.30,500.00,500.00,434.85,434.85,434.85,500.00,500.00,135.94,135.94,0.00,0.00,0.00,0.00,0.00,472.56,472.56,500.00,500.00,471.90,500.00,254.06,254.06,254.06,429.95,429.95,429.95,140.63,140.63,140.63,500.00,81.44,81.44,81.44,500.00,500.00,500.00,500.00,500.00,500.00,500.00,98.29,98.29,387.16,387.16,387.16,500.00,500.00,473.45,473.45,263.44,263.44,275.46,157.83,157.83,500.00,500.00,500.00,500.00,127.72,275.78,0.00,0.00,0.00,0.00,0.00,0.00,0.00,0.00,0.00,0.00,0.00,0.00,0.00,326.93,326.93,326.93,303.53,303.53,47.30,47.30,262.69,262.69,0.00,0.00,0.00,144.47,144.47,0.00,0.00,0.00,0.00,132.60,331.48,331.48,500.00,500.00,68.55,68.55,500.00,500.00,500.00,500.00,500.00,331.27,331.27,331.27,500.00,500.00,500.00,429.36,224.43,224.43,224.43,0.00,0.00,0.00,234.64,234.64,279.33,279.33,0.00,0.00,0.00,0.00,0.00,70.85,70.85,0.00,0.00,0.00,0.00,500.00,113.50,113.50,0.00,0.00,238.06,238.06
Геологи,12,34,Тести,16.12.2024, 14:10:13,0.00,434.99,500.00,122.13,362.75,0.00,326.79,500.00,500.00,369.96,0.00
Геологи,12,34,Тести,16.12.2024, 14:10:13,0.00,405.97,500.00,122.13,362.75,0.00,326.79,500.00,500.00,369.96,0.00
Геологи,12,34,Тести,16.12.2024, 14:10:13,0.00,405.97,500.00,122.13,362.75,0.00,326.79,500.00,500.00,369.96,0.00
Геологи,12,34,Тести,16.12.2024, 14:10:13,0.00,500.00,143.97,260.79,500.00,159.20,330.61,500.00,500.00,174.01,0.00
Геологи,123,456,тестирование,16.12.2024, 14:14:41,14:14:41,0.00,330.59,300.00,0.00,0.00,383.31,396.83,500.00,254.62,382.22,500.00
Геологи,123,456,тестирование,16.12.2024, 14:14:42,14:14:42,395.27,0.00,0.00,0.00,0.00,500.00,223.90,443.15,353.42,211.26,463.60
Геологи,123,456,тестирование,16.12.2024, 14:14:42,14:14:42,395.27,0.00,0.00,0.00,0.00,500.00,223.90,443.15,500.00,211.26,463.60
Геологи,123,456,тестирование,16.12.2024, 14:14:42,14:14:42,381.21,105.89,0.00,123.34,201.46,14.29,500.00,500.00,500.00,500.00,500.00
Геологи,123,456,тестирование,16.12.2024, 14:14:42,14:14:42,381.21,105.89,0.00,123.34,201.46,14.29,500.00,500.00,500.00,500.00,500.00
Геологи,123,456,тестирование,16.12.2024, 14:14:42,14:14:42,381.21,105.89,0.00,123.34,201.46,14.29,500.00,500.00,500.00,500.00,500.00
Геологи,123,456,тестирование,16.12.2024, 14:14:42,14:14:42,0.00,0.00,0.00,267.27,459.86,0.00,500.00,500.00,500.00,500.00,42.62
Геологи,123,456,тестирование,16.12.2024, 14:14:42,14:14:42,0.00,0.00,0.00,267.27,459.86,0.00,500.00,500.00,500.00,500.00,42.62
Геологи,123,456,тестирование,16.12.2024, 14:14:42,14:14:42,0.00,0.00,0.00,267.27,459.86,0.00,500.00,500.00,500.00,500.00,42.62
Геологи,123,456,тестирование,16.12.2024, 14:14:42,14:14:42,0.00,0.00,14.88,0.00,500.00,0.00,500.00,23.08,203.97,500.00,0.00
Геологи,123,456,тестирование,16.12.2024, 14:14:42,14:14:42,0.00,0.00,14.88,0.00,500.00,0.00,500.00,23.08,203.97,500.00,0.00
Геологи,123,456,тестирование,16.12.2024, 14:14:42,14:14:42,500.00,143.38,0.00,452.45,0.00,500.00,112.61,0.00,500.00,66.57,86.91
Геологи,123,456,тестирование,16.12.2024, 14:14:42,14:14:42,500.00,500.00,0.00,452.45,0.00,500.00,112.61,0.00,292.80,66.57,86.91
Геологи,123,456,тестирование,16.12.2024, 14:14:43,14:14:43,500.00,500.00,238.73,500.00,312.97,500.00,318.49,0.00,292.80,140.36,0.00
Геологи,123,456,тестирование,16.12.2024, 14:14:43,14:14:43,500.00,500.00,238.73,500.00,312.97,500.00,318.49,0.00,292.80,140.36,0.00
Геологи,123,456,тестирование,16.12.2024, 14:14:43,14:14:43,500.00,500.00,238.73,500.00,312.97,500.00,318.49,0.00,292.80,140.36,0.00
Геологи,123,456,тестирование,16.12.2024, 14:14:43,14:14:43,500.00,278.12,269.76,500.00,182.75,500.00,452.54,0.00,80.32,53.79,52.41
Геологи,123,456,тестирование,16.12.2024, 14:14:43,14:14:43,500.00,278.12,269.76,500.00,182.75,500.00,452.54,0.00,80.32,53.79,52.41
Геологи,123,456,тестирование,16.12.2024, 14:14:43,14:14:43,500.00,278.12,269.76,500.00,182.75,500.00,452.54,0.00,80.32,53.79,52.41
Геологи,123,456,тестирование,16.12.2024, 14:14:43,14:14:43,305.23,417.65,0.00,299.44,0.00,451.50,500.00,197.81,377.20,295.61,0.00
Геологи,123,456,тестирование,16.12.2024, 14:14:43,14:14:43,305.23,417.65,0.00,299.44,0.00,451.50,500.00,197.81,377.20,295.61,0.00
Геологи,123,456,тестирование,16.12.2024, 14:14:43,14:14:43,195.68,32.43,444.07,9.27,469.70,31.32,159.92,500.00,292.75,0.00,0.00
Геологи,123,456,тестирование,16.12.2024, 14:14:43,14:14:43,0.00,0.00,255.67,313.62,183.15,0.00,53.61,500.00,215.92,0.00,457.26
Геологи,123,456,тестирование,16.12.2024, 14:14:43,14:14:43,143.56,184.36,500.00,170.24,0.00,0.00,151.83,500.00,148.82,181.64,128.16
Геологи,123,456,тестирование,16.12.2024, 14:14:44,14:14:44,143.56,184.36,500.00,170.24,0.00,0.00,151.83,500.00,148.82,181.64,128.16
Геологи,123,456,тестирование,16.12.2024, 14:14:44,14:14:44,143.56,184.36,500.00,170.24,0.00,0.00,151.83,500.00,148.82,181.64,128.16
Геологи,123,456,тестирование,16.12.2024, 14:14:44,14:14:44,355.43,289.92,17.62,0.00,345.91,292.17,87.55,500.00,436.87,42.10,375.86
Геологи,123,456,тестирование,16.12.2024, 14:14:44,14:14:44,355.43,289.92,17.62,0.00,345.91,292.17,87.55,500.00,436.87,42.10,375.86
Геологи,123,456,тестирование,16.12.2024, 14:14:44,14:14:44,500.00,204.08,0.00,385.25,500.00,364.65,323.93,498.54,372.75,189.26,500.00
Геологи,123,456,тестирование,16.12.2024, 14:14:44,14:14:44,500.00,204.08,0.00,385.25,500.00,364.65,323.93,498.54,372.75,189.26,500.00
Геологи,123,456,тестирование,16.12.2024, 14:14:44,14:14:44,500.00,204.08,0.00,385.25,500.00,364.65,323.93,498.54,372.75,189.26,500.00
Геологи,123,456,тестирование,16.12.2024, 14:14:44,14:14:44,500.00,500.00,0.00,487.06,500.00,68.99,500.00,500.00,19.34,0.00,358.95
Геологи,123,456,тестирование,16.12.2024, 14:14:44,14:14:44,500.00,500.00,0.00,487.06,500.00,68.99,500.00,500.00,19.34,0.00,358.95
Геологи,123,456,тестирование,16.12.2024, 14:14:44,14:14:44,52.15,0.00,0.00,500.00,500.00,345.81,500.00,0.00,35.98,465.15,101.45
Геологи,123,456,тестирование,16.12.2024, 14:14:45,14:14:45,0.00,239.94,345.98,500.00,386.35,500.00,90.70,250.46,0.00,99.61,420.64
Геологи,123,456,тестирование,16.12.2024, 14:14:45,14:14:45,0.00,239.94,345.98,500.00,386.35,500.00,90.70,250.46,0.00,99.61,420.64
Геологи,123,456,тестирование,16.12.2024, 14:14:45,14:14:45,150.54,0.00,420.40,500.00,500.00,500.00,133.91,500.00,0.00,500.00,475.67
Геологи,123,456,тестирование,16.12.2024, 14:14:45,14:14:45,150.54,0.00,420.40,500.00,500.00,500.00,133.91,500.00,0.00,500.00,475.67
Геологи,123,456,тестирование,16.12.2024, 14:14:45,14:14:45,41.13,0.00,140.63,500.00,396.28,500.00,366.71,500.00,0.00,500.00,145.76
Геологи,123,456,тестирование,16.12.2024, 14:14:45,14:14:45,41.13,0.00,140.63,500.00,396.28,500.00,366.71,500.00,0.00,500.00,145.76
Геологи,123,456,тестирование,16.12.2024, 14:14:45,14:14:45,0.00,307.11,0.00,64.11,318.70,457.55,500.00,500.00,467.16,500.00,315.45
Геологи,123,456,тестирование,16.12.2024, 14:14:45,14:14:45,0.00,307.11,0.00,64.11,318.70,457.55,500.00,500.00,467.16,500.00,315.45
Геологи,123,456,тестирование,16.12.2024, 14:14:45,14:14:45,0.00,350.81,376.99,0.00,213.20,489.24,500.00,191.80,500.00,500.00,0.00
Геологи,123,456,тестирование,16.12.2024, 14:14:45,14:14:45,0.00,350.81,376.99,0.00,213.20,489.24,500.00,191.80,500.00,500.00,0.00
Геологи,123,456,тестирование,16.12.2024, 14:14:45,14:14:45,224.74,0.00,500.00,500.00,0.00,0.00,315.79,322.42,37.76,179.72,221.69
Геологи,123,456,тестирование,16.12.2024, 14:14:45,14:14:45,500.00,457.12,405.11,420.81,153.03,254.70,211.79,500.00,0.00,500.00,0.00
Геологи,123,456,тестирование,16.12.2024, 14:14:46,14:14:46,500.00,457.12,405.11,420.81,153.03,254.70,211.79,500.00,0.00,500.00,0.00
Геологи,123,456,тестирование,16.12.2024, 14:14:46,14:14:46,500.00,457.12,405.11,420.81,153.03,254.70,211.79,119.02,0.00,167.80,0.00
Геологи,123,456,тестирование,16.12.2024, 14:14:46,14:14:46,500.00,500.00,500.00,282.68,0.00,486.22,0.00,119.02,0.00,167.80,0.00
Геологи,123,456,тестирование,16.12.2024, 14:14:46,14:14:46,500.00,500.00,500.00,282.68,0.00,486.22,0.00,119.02,0.00,167.80,0.00
Геологи,123,456,тестирование,16.12.2024, 14:14:46,14:14:46,500.00,291.09,500.00,481.98,0.00,500.00,16.98,248.42,0.00,310.72,0.00
Геологи,123,456,тестирование,16.12.2024, 14:14:46,14:14:46,500.00,500.00,500.00,500.00,0.00,119.58,0.00,447.04,222.93,420.08,0.00
Геологи,123,456,тестирование,16.12.2024, 14:14:46,14:14:46,500.00,500.00,500.00,500.00,0.00,119.58,0.00,447.04,222.93,420.08,0.00
Геологи,123,456,тестирование,16.12.2024, 14:14:46,14:14:46,500.00,500.00,500.00,500.00,0.00,119.58,0.00,447.04,222.93,420.08,0.00
Геологи,123,456,тестирование,16.12.2024, 14:14:46,14:14:46,136.66,500.00,500.00,429.14,0.00,267.51,0.00,12.80,500.00,500.00,0.00
Геологи,123,456,тестирование,16.12.2024, 14:14:46,14:14:46,0.00,67.39,0.00,500.00,301.70,500.00,0.00,20.16,500.00,443.69,0.00
Геологи,123,456,тестирование,16.12.2024, 14:14:46,14:14:46,0.00,47.68,0.00,500.00,500.00,84.18,373.64,354.60,500.00,378.29,0.00
Геологи,123,456,тестирование,16.12.2024, 14:14:47,14:14:47,0.00,47.68,0.00,500.00,500.00,84.18,373.64,354.60,500.00,378.29,0.00
Геологи,123,456,тестирование,16.12.2024, 14:14:47,14:14:47,0.00,289.49,0.00,19.27,500.00,495.66,500.00,199.17,196.61,0.00,0.00
Геологи,123,456,тестирование,16.12.2024, 14:14:47,14:14:47,0.00,289.49,0.00,19.27,500.00,495.66,500.00,199.17,196.61,0.00,0.00
Геологи,123,456,тестирование,16.12.2024, 14:14:47,14:14:47,0.00,500.00,354.93,429.37,500.00,342.49,306.05,500.00,345.74,352.85,0.00
Геологи,123,456,тестирование,16.12.2024, 14:14:47,14:14:47,132.55,500.00,468.90,500.00,493.46,500.00,283.47,340.77,500.00,0.00,0.00
Геологи,123,456,тестирование,16.12.2024, 14:14:47,14:14:47,132.55,500.00,468.90,500.00,493.46,500.00,283.47,340.77,500.00,0.00,0.00
Геологи,123,456,тестирование,16.12.2024, 14:14:47,14:14:47,487.60,89.71,500.00,22.65,375.73,101.89,500.00,500.00,314.86,0.00,304.13
Геологи,123,456,тестирование,16.12.2024, 14:14:47,14:14:47,487.60,89.71,500.00,22.65,375.73,101.89,500.00,500.00,314.86,0.00,304.13
Геологи,123,456,тестирование,16.12.2024, 14:14:47,14:14:47,500.00,29.82,187.07,0.00,500.00,0.00,480.05,500.00,500.00,309.22,500.00
Геологи,123,456,тестирование,16.12.2024, 14:14:47,14:14:47,248.39,414.17,195.86,7.92,493.81,132.42,312.90,355.70,357.80,500.00,88.03
Геологи,123,456,тестирование,16.12.2024, 14:14:48,14:14:48,0.00,309.55,302.70,337.87,325.15,0.00,342.31,338.34,180.66,68.47,308.44
Геологи,123,456,тестирование,16.12.2024, 14:14:48,14:14:48,0.00,500.00,390.72,0.00,0.00,0.00,500.00,86.40,309.00,0.00,97.59
Геологи,123,456,тестирование,16.12.2024, 14:14:48,14:14:48,0.00,500.00,390.72,0.00,0.00,0.00,500.00,86.40,309.00,0.00,97.59
Геологи,123,456,тестирование,16.12.2024, 14:14:48,14:14:48,203.01,62.40,500.00,87.65,469.77,490.65,279.49,0.00,456.02,0.00,500.00
Геологи,123,456,тестирование,16.12.2024, 14:14:48,14:14:48,500.00,435.64,389.74,236.74,432.06,500.00,260.60,0.00,500.00,411.38,240.26
Геологи,123,456,тестирование,16.12.2024, 14:14:48,14:14:48,500.00,435.64,389.74,236.74,432.06,500.00,260.60,0.00,500.00,411.38,240.26
Геологи,123,456,тестирование,16.12.2024, 14:14:48,14:14:48,500.00,500.00,187.38,500.00,500.00,500.00,58.95,0.00,231.49,500.00,0.00
Геологи,123,456,тестирование,16.12.2024, 14:14:48,14:14:48,500.00,500.00,187.38,500.00,500.00,500.00,58.95,0.00,231.49,500.00,0.00
Геологи,123,456,тестирование,16.12.2024, 14:14:48,14:14:48,500.00,45.95,351.67,251.23,235.49,500.00,402.84,0.00,500.00,500.00,318.21
Геологи,123,456,тестирование,16.12.2024, 14:14:48,14:14:48,336.62,0.00,227.27,0.00,0.00,355.17,256.66,158.89,119.17,148.42,378.54
Геологи,123,456,тестирование,16.12.2024, 14:14:48,14:14:48,0.00,20.09,401.72,210.17,176.85,0.00,413.49,18.96,0.00,469.53,331.84
Геологи,123,456,тестирование,16.12.2024, 14:14:48,14:14:48,63.36,438.42,500.00,500.00,0.00,321.42,109.00,0.00,0.00,500.00,276.19
Геологи,123,456,тестирование,16.12.2024, 14:14:49,14:14:49,165.70,432.53,500.00,500.00,40.20,500.00,0.00,376.30,0.00,500.00,415.56
Геологи,123,456,тестирование,16.12.2024, 14:14:49,14:14:49,165.70,432.53,500.00,500.00,40.20,500.00,0.00,376.30,0.00,500.00,415.56
Геологи,123,456,тестирование,16.12.2024, 14:14:49,14:14:49,89.24,0.00,185.05,500.00,0.00,205.95,0.00,500.00,148.02,296.49,8.51
Геологи,123,456,тестирование,16.12.2024, 14:14:49,14:14:49,89.24,0.00,185.05,500.00,0.00,205.95,0.00,500.00,148.02,296.49,8.51
Геологи,123,456,тестирование,16.12.2024, 14:14:49,14:14:49,500.00,223.52,0.00,450.73,0.00,0.00,168.88,500.00,219.43,417.65,0.00
Геологи,123,456,тестирование,16.12.2024, 14:14:49,14:14:49,500.00,0.00,0.00,389.87,0.00,0.00,0.00,270.90,92.14,500.00,0.00
Геологи,123,456,тестирование,16.12.2024, 14:14:49,14:14:49,500.00,0.00,0.00,389.87,0.00,301.33,0.00,274.63,0.00,500.00,381.97
Геологи,123,456,тестирование,16.12.2024, 14:14:49,14:14:49,406.86,449.93,456.98,474.81,287.78,301.33,0.00,274.63,0.00,500.00,381.97
Геологи,123,456,тестирование,16.12.2024, 14:14:49,14:14:49,431.95,31.88,177.06,224.66,366.76,0.00,0.00,259.73,494.84,500.00,500.00
Геологи,123,456,тестирование,16.12.2024, 14:14:49,14:14:49,272.01,0.00,42.21,0.00,500.00,0.00,215.15,500.00,56.52,74.41,301.33
Геологи,123,456,тестирование,16.12.2024, 14:14:49,14:14:49,0.00,0.00,0.00,0.00,138.10,0.00,500.00,500.00,60.45,474.84,0.00
Геологи,123,456,тестирование,16.12.2024, 14:14:50,14:14:50,208.01,0.00,0.00,273.63,81.25,169.80,156.83,231.64,98.27,153.48,22.90
Геологи,123,456,тестирование,16.12.2024, 14:14:50,14:14:50,208.01,0.00,0.00,273.63,81.25,169.80,156.83,231.64,98.27,153.48,22.90
Геологи,123,456,тестирование,16.12.2024, 14:14:50,14:14:50,500.00,103.78,0.00,0.00,131.04,279.73,129.71,288.74,0.00,43.75,176.92
Геологи,123,456,тестирование,16.12.2024, 14:14:50,14:14:50,384.04,107.69,182.09,0.00,346.77,102.04,419.46,299.79,6.79,0.00,345.81
Геологи,123,456,тестирование,16.12.2024, 14:14:50,14:14:50,384.04,107.69,182.09,0.00,346.77,102.04,419.46,410.11,370.86,69.29,500.00
Геологи,123,456,тестирование,16.12.2024, 14:14:50,14:14:50,0.00,289.68,478.68,0.00,500.00,63.79,500.00,410.11,370.86,69.29,500.00
Геологи,123,456,тестирование,16.12.2024, 14:14:50,14:14:50,0.00,395.27,395.27,381.21,381.21,381.21,0.00,0.00,0.00,0.00,0.00,500.00,500.00,500.00,500.00,500.00,500.00,500.00,500.00,305.23,305.23,195.68,0.00,143.56,143.56,143.56,355.43,355.43,500.00,500.00,500.00,500.00,500.00,52.15,0.00,0.00,150.54,150.54,41.13,41.13,0.00,0.00,0.00,0.00,224.74,500.00,500.00,500.00,500.00,500.00,500.00,500.00,500.00,500.00,136.66,0.00,0.00,0.00,0.00,0.00,0.00,132.55,132.55,487.60,487.60,500.00,248.39,0.00,0.00,0.00,203.01,500.00,500.00,500.00,500.00,500.00,336.62,0.00,63.36,165.70,165.70,89.24,89.24,500.00,500.00,500.00,406.86,431.95,272.01,0.00,208.01,208.01,500.00,384.04,384.04,0.00,330.59,0.00,0.00,105.89,105.89,105.89,0.00,0.00,0.00,0.00,0.00,143.38,500.00,500.00,500.00,500.00,278.12,278.12,278.12,417.65,417.65,32.43,0.00,184.36,184.36,184.36,289.92,289.92,204.08,204.08,204.08,500.00,500.00,0.00,239.94,239.94,0.00,0.00,0.00,0.00,307.11,307.11,350.81,350.81,0.00,457.12,457.12,457.12,500.00,500.00,291.09,500.00,500.00,500.00,500.00,67.39,47.68,47.68,289.49,289.49,500.00,500.00,500.00,89.71,89.71,29.82,414.17,309.55,500.00,500.00,62.40,435.64,435.64,500.00,500.00,45.95,0.00,20.09,438.42,432.53,432.53,0.00,0.00,223.52,0.00,0.00,449.93,31.88,0.00,0.00,0.00,0.00,103.78,107.69,107.69,289.68,300.00,0.00,0.00,0.00,0.00,0.00,0.00,0.00,0.00,14.88,14.88,0.00,0.00,238.73,238.73,238.73,269.76,269.76,269.76,0.00,0.00,444.07,255.67,500.00,500.00,500.00,17.62,17.62,0.00,0.00,0.00,0.00,0.00,0.00,345.98,345.98,420.40,420.40,140.63,140.63,0.00,0.00,376.99,376.99,500.00,405.11,405.11,405.11,500.00,500.00,500.00,500.00,500.00,500.00,500.00,0.00,0.00,0.00,0.00,0.00,354.93,468.90,468.90,500.00,500.00,187.07,195.86,302.70,390.72,390.72,500.00,389.74,389.74,187.38,187.38,351.67,227.27,401.72,500.00,500.00,500.00,185.05,185.05,0.00,0.00,0.00,456.98,177.06,42.21,0.00,0.00,0.00,0.00,182.09,182.09,478.68,0.00,0.00,0.00,123.34,123.34,123.34,267.27,267.27,267.27,0.00,0.00,452.45,452.45,500.00,500.00,500.00,500.00,500.00,500.00,299.44,299.44,9.27,313.62,170.24,170.24,170.24,0.00,0.00,385.25,385.25,385.25,487.06,487.06,500.00,500.00,500.00,500.00,500.00,500.00,500.00,64.11,64.11,0.00,0.00,500.00,420.81,420.81,420.81,282.68,282.68,481.98,500.00,500.00,500.00,429.14,500.00,500.00,500.00,19.27,19.27,429.37,500.00,500.00,22.65,22.65,0.00,7.92,337.87,0.00,0.00,87.65,236.74,236.74,500.00,500.00,251.23,0.00,210.17,500.00,500.00,500.00,500.00,500.00,450.73,389.87,389.87,474.81,224.66,0.00,0.00,273.63,273.63,0.00,0.00,0.00,0.00,0.00,0.00,0.00,201.46,201.46,201.46,459.86,459.86,459.86,500.00,500.00,0.00,0.00,312.97,312.97,312.97,182.75,182.75,182.75,0.00,0.00,469.70,183.15,0.00,0.00,0.00,345.91,345.91,500.00,500.00,500.00,500.00,500.00,500.00,386.35,386.35,500.00,500.00,396.28,396.28,318.70,318.70,213.20,213.20,0.00,153.03,153.03,153.03,0.00,0.00,0.00,0.00,0.00,0.00,0.00,301.70,500.00,500.00,500.00,500.00,500.00,493.46,493.46,375.73,375.73,500.00,493.81,325.15,0.00,0.00,469.77,432.06,432.06,500.00,500.00,235.49,0.00,176.85,0.00,40.20,40.20,0.00,0.00,0.00,0.00,0.00,287.78,366.76,500.00,138.10,81.25,81.25,131.04,346.77,346.77,500.00,383.31,500.00,500.00,14.29,14.29,14.29,0.00,0.00,0.00,0.00,0.00,500.00,500.00,500.00,500.00,500.00,500.00,500.00,500.00,451.50,451.50,31.32,0.00,0.00,0.00,0.00,292.17,292.17,364.65,364.65,364.65,68.99,68.99,345.81,500.00,500.00,500.00,500.00,500.00,500.00,457.55,457.55,489.24,489.24,0.00,254.70,254.70,254.70,486.22,486.22,500.00,119.58,119.58,119.58,267.51,500.00,84.18,84.18,495.66,495.66,342.49,500.00,500.00,101.89,101.89,0.00,132.42,0.00,0.00,0.00,490.65,500.00,500.00,500.00,500.00,500.00,355.17,0.00,321.42,500.00,500.00,205.95,205.95,0.00,0.00,301.33,301.33,0.00,0.00,0.00,169.80,169.80,279.73,102.04,102.04,63.79,396.83,223.90,223.90,500.00,500.00,500.00,500.00,500.00,500.00,500.00,500.00,112.61,112.61,318.49,318.49,318.49,452.54,452.54,452.54,500.00,500.00,159.92,53.61,151.83,151.83,151.83,87.55,87.55,323.93,323.93,323.93,500.00,500.00,500.00,90.70,90.70,133.91,133.91,366.71,366.71,500.00,500.00,500.00,500.00,315.79,211.79,211.79,211.79,0.00,0.00,16.98,0.00,0.00,0.00,0.00,0.00,373.64,373.64,500.00,500.00,306.05,283.47,283.47,500.00,500.00,480.05,312.90,342.31,500.00,500.00,279.49,260.60,260.60,58.95,58.95,402.84,256.66,413.49,109.00,0.00,0.00,0.00,0.00,168.88,0.00,0.00,0.00,0.00,215.15,500.00,156.83,156.83,129.71,419.46,419.46,500.00,500.00,443.15,443.15,500.00,500.00,500.00,500.00,500.00,500.00,23.08,23.08,0.00,0.00,0.00,0.00,0.00,0.00,0.00,0.00,197.81,197.81,500.00,500.00,500.00,500.00,500.00,500.00,500.00,498.54,498.54,498.54,500.00,500.00,0.00,250.46,250.46,500.00,500.00,500.00,500.00,500.00,500.00,191.80,191.80,322.42,500.00,500.00,119.02,119.02,119.02,248.42,447.04,447.04,447.04,12.80,20.16,354.60,354.60,199.17,199.17,500.00,340.77,340.77,500.00,500.00,500.00,355.70,338.34,86.40,86.40,0.00,0.00,0.00,0.00,0.00,0.00,158.89,18.96,0.00,376.30,376.30,500.00,500.00,500.00,270.90,274.63,274.63,259.73,500.00,500.00,231.64,231.64,288.74,299.79,410.11,410.11,254.62,353.42,500.00,500.00,500.00,500.00,500.00,500.00,500.00,203.97,203.97,500.00,292.80,292.80,292.80,292.80,80.32,80.32,80.32,377.20,377.20,292.75,215.92,148.82,148.82,148.82,436.87,436.87,372.75,372.75,372.75,19.34,19.34,35.98,0.00,0.00,0.00,0.00,0.00,0.00,467.16,467.16,500.00,500.00,37.76,0.00,0.00,0.00,0.00,0.00,0.00,222.93,222.93,222.93,500.00,500.00,500.00,500.00,196.61,196.61,345.74,500.00,500.00,314.86,314.86,500.00,357.80,180.66,309.00,309.00,456.02,500.00,500.00,231.49,231.49,500.00,119.17,0.00,0.00,0.00,0.00,148.02,148.02,219.43,92.14,0.00,0.00,494.84,56.52,60.45,98.27,98.27,0.00,6.79,370.86,370.86,382.22,211.26,211.26,500.00,500.00,500.00,500.00,500.00,500.00,500.00,500.00,66.57,66.57,140.36,140.36,140.36,53.79,53.79,53.79,295.61,295.61,0.00,0.00,181.64,181.64,181.64,42.10,42.10,189.26,189.26,189.26,0.00,0.00,465.15,99.61,99.61,500.00,500.00,500.00,500.00,500.00,500.00,500.00,500.00,179.72,500.00,500.00,167.80,167.80,167.80,310.72,420.08,420.08,420.08,500.00,443.69,378.29,378.29,0.00,0.00,352.85,0.00,0.00,0.00,0.00,309.22,500.00,68.47,0.00,0.00,0.00,411.38,411.38,500.00,500.00,500.00,148.42,469.53,500.00,500.00,500.00,296.49,296.49,417.65,500.00,500.00,500.00,500.00,74.41,474.84,153.48,153.48,43.75,0.00,69.29,69.29,500.00,463.60,463.60,500.00,500.00,500.00,42.62,42.62,42.62,0.00,0.00,86.91,86.91,0.00,0.00,0.00,52.41,52.41,52.41,0.00,0.00,0.00,457.26,128.16,128.16,128.16,375.86,375.86,500.00,500.00,500.00,358.95,358.95,101.45,420.64,420.64,475.67,475.67,145.76,145.76,315.45,315.45,0.00,0.00,221.69,0.00,0.00,0.00,0.00,0.00,0.00,0.00,0.00,0.00,0.00,0.00,0.00,0.00,0.00,0.00,0.00,0.00,0.00,304.13,304.13,500.00,88.03,308.44,97.59,97.59,500.00,240.26,240.26,0.00,0.00,318.21,378.54,331.84,276.19,415.56,415.56,8.51,8.51,0.00,0.00,381.97,381.97,500.00,301.33,0.00,22.90,22.90,176.92,345.81,500.00,500.00
Геологи,123,456,тестирование,16.12.2024, 14:14:50,14:14:50,0.00,232.46,389.04,0.00,359.32,407.70,110.06,500.00,166.54,0.00,500.00
Геологи,123,456,тестирование,16.12.2024, 14:14:50,14:14:50,429.18,0.00,151.80,23.95,500.00,492.70,440.35,345.57,67.56,288.94,309.14
Геологи,123,456,тестирование,16.12.2024, 14:14:50,14:14:50,429.18,0.00,151.80,23.95,500.00,492.70,440.35,345.57,67.56,288.94,309.14
Геологи,12,34,тест,16.12.2024, 14:19:32,14:19:32,500.00,222.41,500.00,500.00,245.37,0.00,500.00,103.92,0.00,28.18,0.00
Геологи,12,34,тест,16.12.2024, 14:19:32,14:19:32,500.00,474.44,500.00,329.42,136.37,0.00,496.80,348.12,62.58,63.01,0.00
Геологи,12,34,тест,16.12.2024, 14:19:32,14:19:32,500.00,474.44,458.05,136.64,0.00,0.00,500.00,153.41,75.40,20.05,124.50
Геологи,12,34,тест,16.12.2024, 14:19:32,14:19:32,500.00,275.62,458.05,136.64,0.00,0.00,500.00,153.41,75.40,20.05,124.50
Геологи,12,34,тест,16.12.2024, 14:19:32,14:19:32,500.00,275.62,458.05,136.64,0.00,0.00,500.00,153.41,75.40,20.05,124.50
Геологи,12,34,тест,16.12.2024, 14:19:32,14:19:32,74.64,275.62,362.17,469.06,82.53,0.00,340.31,99.44,0.00,0.00,500.00
Геологи,12,34,тест,16.12.2024, 14:19:32,14:19:32,74.64,36.36,362.17,469.06,82.53,0.00,340.31,99.44,0.00,0.00,500.00
Геологи,12,34,тест,16.12.2024, 14:19:32,14:19:32,74.64,36.36,362.17,469.06,82.53,0.00,340.31,99.44,0.00,0.00,500.00
Геологи,12,34,тест,16.12.2024, 14:19:32,14:19:32,0.00,0.00,500.00,22.75,51.72,401.17,130.69,28.60,0.00,0.00,333.12
Геологи,12,34,тест,16.12.2024, 14:19:33,14:19:33,0.00,0.00,500.00,22.75,51.72,401.17,130.69,28.60,0.00,0.00,333.12
Геологи,12,34,тест,16.12.2024, 14:19:33,14:19:33,0.00,0.00,500.00,22.75,51.72,401.17,130.69,28.60,0.00,0.00,333.12
Геологи,12,34,тест,16.12.2024, 14:19:33,14:19:33,500.00,42.90,500.00,428.23,500.00,499.76,0.00,19.92,412.36,0.00,441.73
Геологи,12,34,тест,16.12.2024, 14:19:33,14:19:33,7.29,500.00,392.87,266.68,500.00,396.79,432.74,0.00,420.09,0.00,3.41
Геологи,12,34,тест,16.12.2024, 14:19:33,14:19:33,7.29,500.00,392.87,266.68,500.00,396.79,432.74,0.00,420.09,0.00,3.41
Геологи,12,34,тест,16.12.2024, 14:19:33,14:19:33,438.96,500.00,0.00,500.00,397.69,500.00,470.27,238.67,500.00,119.56,0.00
Геологи,12,34,тест,16.12.2024, 14:19:33,14:19:33,438.96,500.00,0.00,500.00,397.69,500.00,470.27,238.67,500.00,119.56,0.00
Геологи,12,34,тест,16.12.2024, 14:19:33,14:19:33,438.96,500.00,0.00,500.00,397.69,500.00,470.27,238.67,500.00,119.56,0.00
Геологи,12,34,тест,16.12.2024, 14:19:33,14:19:33,500.00,500.00,325.86,500.00,500.00,500.00,500.00,0.00,500.00,0.00,268.76
Геологи,12,34,тест,16.12.2024, 14:19:33,14:19:33,500.00,500.00,325.86,500.00,500.00,500.00,500.00,0.00,500.00,0.00,268.76
Геологи,12,34,тест,16.12.2024, 14:19:33,14:19:33,500.00,500.00,325.86,500.00,500.00,500.00,500.00,0.00,500.00,0.00,268.76
Геологи,12,34,тест,16.12.2024, 14:19:33,14:19:33,500.00,500.00,0.00,500.00,131.94,125.87,56.83,354.63,500.00,312.03,500.00
Геологи,12,34,тест,16.12.2024, 14:19:33,14:19:33,500.00,500.00,0.00,500.00,131.94,125.87,56.83,354.63,500.00,312.03,500.00
Геологи,12,34,тест,16.12.2024, 14:19:34,14:19:34,500.00,500.00,226.51,95.48,293.25,500.00,500.00,0.00,500.00,128.89,482.63
Геологи,12,34,тест,16.12.2024, 14:19:34,14:19:34,500.00,500.00,413.31,0.00,0.00,108.89,500.00,0.00,500.00,0.00,500.00
Геологи,12,34,тест,16.12.2024, 14:19:34,14:19:34,500.00,500.00,413.31,0.00,0.00,108.89,500.00,0.00,500.00,0.00,500.00
Геологи,12,34,тест,16.12.2024, 14:19:34,14:19:34,500.00,500.00,413.31,0.00,0.00,108.89,500.00,0.00,500.00,0.00,500.00
Геологи,12,34,тест,16.12.2024, 14:19:34,14:19:34,500.00,500.00,86.74,272.62,322.65,0.00,500.00,444.81,500.00,0.00,500.00
Геологи,12,34,тест,16.12.2024, 14:19:34,14:19:34,500.00,500.00,86.74,272.62,322.65,0.00,500.00,444.81,500.00,0.00,500.00
Геологи,12,34,тест,16.12.2024, 14:19:34,14:19:34,294.01,500.00,0.00,0.00,220.47,0.00,381.17,500.00,500.00,156.03,176.74
Геологи,12,34,тест,16.12.2024, 14:19:34,14:19:34,294.01,500.00,0.00,0.00,220.47,0.00,381.17,500.00,500.00,156.03,176.74
Геологи,12,34,тест,16.12.2024, 14:19:34,14:19:34,294.01,500.00,0.00,0.00,220.47,0.00,381.17,500.00,500.00,156.03,176.74
Геологи,12,34,тест,16.12.2024, 14:19:34,14:19:34,62.35,500.00,0.00,470.25,472.06,427.39,500.00,76.06,500.00,0.00,500.00
Геологи,12,34,тест,16.12.2024, 14:19:34,14:19:34,62.35,58.22,0.00,470.25,472.06,427.39,500.00,76.06,500.00,0.00,500.00
Геологи,12,34,тест,16.12.2024, 14:19:35,14:19:35,0.00,77.96,180.08,55.64,0.00,0.00,396.60,14.81,500.00,438.82,500.00
Геологи,12,34,тест,16.12.2024, 14:19:35,14:19:35,0.00,0.00,180.08,55.64,0.00,0.00,396.60,14.81,500.00,438.82,500.00
Геологи,12,34,тест,16.12.2024, 14:19:35,14:19:35,488.25,0.00,149.33,199.98,309.55,125.51,0.00,391.88,88.07,500.00,500.00
Геологи,12,34,тест,16.12.2024, 14:19:35,14:19:35,488.25,0.00,149.33,199.98,309.55,125.51,0.00,391.88,88.07,500.00,500.00
Геологи,12,34,тест,16.12.2024, 14:19:35,14:19:35,488.25,0.00,149.33,199.98,135.84,269.46,445.93,36.65,500.00,19.52,488.44
Геологи,12,34,тест,16.12.2024, 14:19:35,14:19:35,500.00,500.00,500.00,500.00,500.00,74.64,74.64,74.64,0.00,0.00,0.00,500.00,7.29,7.29,438.96,438.96,438.96,500.00,500.00,500.00,500.00,500.00,500.00,500.00,500.00,500.00,500.00,500.00,294.01,294.01,294.01,62.35,62.35,0.00,0.00,488.25,488.25,488.25,222.41,474.44,474.44,275.62,275.62,275.62,36.36,36.36,0.00,0.00,0.00,42.90,500.00,500.00,500.00,500.00,500.00,500.00,500.00,500.00,500.00,500.00,500.00,500.00,500.00,500.00,500.00,500.00,500.00,500.00,500.00,500.00,58.22,77.96,0.00,0.00,0.00,0.00,500.00,500.00,458.05,458.05,458.05,362.17,362.17,362.17,500.00,500.00,500.00,500.00,392.87,392.87,0.00,0.00,0.00,325.86,325.86,325.86,0.00,0.00,226.51,413.31,413.31,413.31,86.74,86.74,0.00,0.00,0.00,0.00,0.00,180.08,180.08,149.33,149.33,149.33,500.00,329.42,136.64,136.64,136.64,469.06,469.06,469.06,22.75,22.75,22.75,428.23,266.68,266.68,500.00,500.00,500.00,500.00,500.00,500.00,500.00,500.00,95.48,0.00,0.00,0.00,272.62,272.62,0.00,0.00,0.00,470.25,470.25,55.64,55.64,199.98,199.98,199.98,245.37,136.37,0.00,0.00,0.00,82.53,82.53,82.53,51.72,51.72,51.72,500.00,500.00,500.00,397.69,397.69,397.69,500.00,500.00,500.00,131.94,131.94,293.25,0.00,0.00,0.00,322.65,322.65,220.47,220.47,220.47,472.06,472.06,0.00,0.00,309.55,309.55,135.84,0.00,0.00,0.00,0.00,0.00,0.00,0.00,0.00,401.17,401.17,401.17,499.76,396.79,396.79,500.00,500.00,500.00,500.00,500.00,500.00,125.87,125.87,500.00,108.89,108.89,108.89,0.00,0.00,0.00,0.00,0.00,427.39,427.39,0.00,0.00,125.51,125.51,269.46,500.00,496.80,500.00,500.00,500.00,340.31,340.31,340.31,130.69,130.69,130.69,0.00,432.74,432.74,470.27,470.27,470.27,500.00,500.00,500.00,56.83,56.83,500.00,500.00,500.00,500.00,500.00,500.00,381.17,381.17,381.17,500.00,500.00,396.60,396.60,0.00,0.00,445.93,103.92,348.12,153.41,153.41,153.41,99.44,99.44,99.44,28.60,28.60,28.60,19.92,0.00,0.00,238.67,238.67,238.67,0.00,0.00,0.00,354.63,354.63,0.00,0.00,0.00,0.00,444.81,444.81,500.00,500.00,500.00,76.06,76.06,14.81,14.81,391.88,391.88,36.65,0.00,62.58,75.40,75.40,75.40,0.00,0.00,0.00,0.00,0.00,0.00,412.36,420.09,420.09,500.00,500.00,500.00,500.00,500.00,500.00,500.00,500.00,500.00,500.00,500.00,500.00,500.00,500.00,500.00,500.00,500.00,500.00,500.00,500.00,500.00,88.07,88.07,500.00,28.18,63.01,20.05,20.05,20.05,0.00,0.00,0.00,0.00,0.00,0.00,0.00,0.00,0.00,119.56,119.56,119.56,0.00,0.00,0.00,312.03,312.03,128.89,0.00,0.00,0.00,0.00,0.00,156.03,156.03,156.03,0.00,0.00,438.82,438.82,500.00,500.00,19.52,0.00,0.00,124.50,124.50,124.50,500.00,500.00,500.00,333.12,333.12,333.12,441.73,3.41,3.41,0.00,0.00,0.00,268.76,268.76,268.76,500.00,500.00,482.63,500.00,500.00,500.00,500.00,500.00,176.74,176.74,176.74,500.00,500.00,500.00,500.00,500.00,500.00,488.44
Геологи,12,34,тест,16.12.2024, 14:19:35,14:19:35,500.00,0.00,101.32,87.04,135.84,269.46,445.93,36.65,500.00,19.52,488.44
Геологи,12,34,тест,16.12.2024, 14:19:35,14:19:35,500.00,0.00,101.32,87.04,135.84,269.46,445.93,36.65,500.00,19.52,488.44
Геологи,12,34,тест,16.12.2024, 14:19:35,14:19:35,147.60,489.87,0.00,500.00,280.75,500.00,39.59,0.00,243.24,0.00,500.00
Геологи,12,34,тест,16.12.2024, 14:19:35,14:19:35,147.60,489.87,0.00,500.00,280.75,500.00,39.59,0.00,243.24,0.00,500.00
Геологи,12,34,тест,16.12.2024, 14:19:36,14:19:36,426.16,432.94,0.00,500.00,265.41,452.80,259.77,409.77,0.00,0.00,500.00
Геологи,12,34,тест,16.12.2024, 14:19:36,14:19:36,426.16,432.94,0.00,500.00,265.41,452.80,259.77,409.77,0.00,0.00,500.00
Злой буратино,45,46,Проба,16.12.2024, 14:20:27,14:20:27,500.00,0.00,0.00,500.00,500.00,0.84,124.83,500.00,227.22,500.00,193.61
Злой буратино,45,46,Проба,16.12.2024, 14:20:27,14:20:27,500.00,0.00,0.00,500.00,500.00,0.84,124.83,500.00,500.00,23.27,500.00
Злой буратино,45,46,Проба,16.12.2024, 14:20:27,14:20:27,476.22,0.00,103.15,480.81,499.89,400.97,0.00,500.00,500.00,23.27,500.00
Злой буратино,45,46,Проба,16.12.2024, 14:20:27,14:20:27,476.22,0.00,103.15,480.81,499.89,400.97,0.00,500.00,500.00,23.27,500.00
Злой буратино,45,46,Проба,16.12.2024, 14:20:27,14:20:27,476.22,0.00,103.15,480.81,499.89,400.97,0.00,500.00,433.37,48.07,500.00
Злой буратино,45,46,Проба,16.12.2024, 14:20:27,14:20:27,421.88,438.20,0.00,264.29,464.86,500.00,77.51,411.99,433.37,48.07,500.00
Злой буратино,45,46,Проба,16.12.2024, 14:20:27,14:20:27,421.88,438.20,0.00,264.29,464.86,500.00,77.51,411.99,433.37,48.07,500.00
Злой буратино,45,46,Проба,16.12.2024, 14:20:27,14:20:27,421.88,438.20,0.00,264.29,464.86,500.00,77.51,411.99,500.00,0.00,152.94
Злой буратино,45,46,Проба,16.12.2024, 14:20:27,14:20:27,247.75,500.00,446.66,0.00,260.59,137.30,500.00,323.81,500.00,0.00,152.94
Злой буратино,45,46,Проба,16.12.2024, 14:20:27,14:20:27,247.75,500.00,446.66,0.00,260.59,137.30,500.00,323.81,500.00,0.00,152.94
Злой буратино,45,46,Проба,16.12.2024, 14:20:27,14:20:27,247.75,500.00,446.66,0.00,260.59,137.30,500.00,323.81,500.00,0.00,463.74
Злой буратино,45,46,Проба,16.12.2024, 14:20:28,14:20:28,500.00,173.74,500.00,146.44,331.82,0.00,47.67,0.00,500.00,226.47,500.00
Злой буратино,45,46,Проба,16.12.2024, 14:20:28,14:20:28,500.00,173.74,500.00,146.44,331.82,0.00,47.67,0.00,500.00,226.47,500.00
Злой буратино,45,46,Проба,16.12.2024, 14:20:28,14:20:28,500.00,173.74,500.00,146.44,331.82,0.00,47.67,0.00,170.97,291.59,267.10
Злой буратино,45,46,Проба,16.12.2024, 14:20:28,14:20:28,382.15,0.00,500.00,0.00,306.92,0.00,0.00,250.19,170.97,291.59,267.10
Злой буратино,45,46,Проба,16.12.2024, 14:20:28,14:20:28,382.15,0.00,500.00,0.00,306.92,0.00,0.00,250.19,379.28,0.00,0.00
Злой буратино,45,46,Проба,16.12.2024, 14:20:28,14:20:28,382.15,0.00,500.00,0.00,306.92,0.00,0.00,250.19,379.28,0.00,0.00
Злой буратино,45,46,Проба,16.12.2024, 14:20:28,14:20:28,500.00,286.94,332.45,0.00,268.06,0.00,84.04,500.00,379.28,0.00,0.00
Злой буратино,45,46,Проба,16.12.2024, 14:20:28,14:20:28,500.00,286.94,332.45,0.00,268.06,0.00,84.04,500.00,410.81,350.52,401.22
Злой буратино,45,46,Проба,16.12.2024, 14:20:28,14:20:28,268.81,307.44,95.08,451.00,415.08,68.17,92.87,339.19,410.81,350.52,401.22
Злой буратино,45,46,Проба,16.12.2024, 14:20:28,14:20:28,268.81,307.44,95.08,451.00,415.08,68.17,92.87,339.19,410.81,350.52,401.22
Злой буратино,45,46,Проба,16.12.2024, 14:20:28,14:20:28,268.81,307.44,95.08,451.00,415.08,68.17,92.87,339.19,91.57,393.43,405.80
Злой буратино,45,46,Проба,16.12.2024, 14:20:29,14:20:29,226.40,328.43,500.00,0.00,161.31,0.00,500.00,500.00,0.00,0.00,500.00
Злой буратино,45,46,Проба,16.12.2024, 14:20:29,14:20:29,226.40,328.43,500.00,0.00,161.31,0.00,500.00,500.00,212.13,180.68,349.16
Злой буратино,45,46,Проба,16.12.2024, 14:20:29,14:20:29,0.00,500.00,478.32,0.00,168.13,36.50,500.00,380.41,212.13,180.68,349.16
Злой буратино,45,46,Проба,16.12.2024, 14:20:29,14:20:29,0.00,500.00,478.32,0.00,168.13,36.50,500.00,380.41,386.04,0.00,43.99
Злой буратино,45,46,Проба,16.12.2024, 14:20:29,14:20:29,0.00,500.00,478.32,0.00,168.13,36.50,500.00,380.41,386.04,0.00,43.99
Злой буратино,45,46,Проба,16.12.2024, 14:20:29,14:20:29,244.51,246.64,445.83,79.09,0.00,500.00,500.00,500.00,386.04,0.00,43.99
Злой буратино,45,46,Проба,16.12.2024, 14:20:29,14:20:29,244.51,246.64,445.83,79.09,0.00,500.00,500.00,500.00,60.17,0.00,0.00
Злой буратино,45,46,Проба,16.12.2024, 14:20:29,14:20:29,183.00,445.77,438.48,28.32,0.00,500.00,500.00,500.00,60.17,0.00,0.00
Злой буратино,45,46,Проба,16.12.2024, 14:20:29,14:20:29,183.00,445.77,438.48,28.32,0.00,500.00,500.00,500.00,60.17,0.00,0.00
Злой буратино,45,46,Проба,16.12.2024, 14:20:29,14:20:29,183.00,445.77,438.48,28.32,0.00,500.00,500.00,500.00,208.53,445.41,164.63
Злой буратино,45,46,Проба,16.12.2024, 14:20:29,14:20:29,500.00,233.87,500.00,272.94,470.52,500.00,134.20,210.68,208.53,445.41,164.63
Злой буратино,45,46,Проба,16.12.2024, 14:20:30,14:20:30,11.18,0.00,191.82,0.00,74.10,176.89,0.00,451.99,500.00,36.48,500.00
Злой буратино,45,46,Проба,16.12.2024, 14:20:30,14:20:30,0.00,172.23,358.15,0.00,0.00,97.98,178.45,197.42,500.00,240.66,102.53
Злой буратино,45,46,Проба,16.12.2024, 14:20:30,14:20:30,0.00,172.23,358.15,0.00,0.00,97.98,178.45,197.42,500.00,240.66,102.53
Злой буратино,45,46,Проба,16.12.2024, 14:20:30,14:20:30,0.00,172.23,358.15,0.00,0.00,97.98,178.45,197.42,500.00,190.31,500.00
Злой буратино,45,46,Проба,16.12.2024, 14:20:30,14:20:30,232.53,500.00,0.00,0.00,365.39,149.55,423.22,226.08,500.00,107.41,23.89
Злой буратино,45,46,Проба,16.12.2024, 14:20:30,14:20:30,232.53,500.00,0.00,0.00,365.39,149.55,423.22,226.08,500.00,107.41,23.89
Злой буратино,45,46,Проба,16.12.2024, 14:20:30,14:20:30,500.00,500.00,0.00,458.80,500.00,215.88,41.04,402.31,500.00,51.50,233.13
Злой буратино,45,46,Проба,16.12.2024, 14:20:30,14:20:30,500.00,500.00,0.00,458.80,500.00,215.88,41.04,402.31,500.00,51.50,233.13
Злой буратино,45,46,Проба,16.12.2024, 14:20:30,14:20:30,209.24,500.00,261.71,180.95,36.94,59.56,13.24,0.00,500.00,51.50,233.13
Злой буратино,45,46,Проба,16.12.2024, 14:20:30,14:20:30,209.24,500.00,261.71,180.95,36.94,59.56,13.24,0.00,500.00,0.00,373.51
Злой буратино,45,46,Проба,16.12.2024, 14:20:30,14:20:30,209.24,500.00,261.71,180.95,247.88,0.00,0.00,426.75,500.00,0.00,373.51
Злой буратино,45,46,Проба,16.12.2024, 14:20:31,14:20:31,0.93,191.81,500.00,191.09,0.00,374.15,0.00,349.30,0.00,421.69,0.00
Злой буратино,45,46,Проба,16.12.2024, 14:20:31,14:20:31,0.93,191.81,500.00,191.09,0.00,374.15,0.00,349.30,0.00,325.17,350.27
Злой буратино,45,46,Проба,16.12.2024, 14:20:31,14:20:31,0.93,191.81,500.00,191.09,0.00,374.15,0.00,349.30,0.00,325.17,350.27
Злой буратино,45,46,Проба,16.12.2024, 14:20:31,14:20:31,0.00,201.69,500.00,232.77,123.65,500.00,0.00,500.00,0.00,208.60,38.11
Злой буратино,45,46,Проба,16.12.2024, 14:20:31,14:20:31,0.00,201.69,500.00,232.77,123.65,500.00,0.00,500.00,0.00,208.60,38.11
Злой буратино,45,46,Проба,16.12.2024, 14:20:31,14:20:31,0.00,355.01,50.19,129.75,323.79,271.46,0.00,441.09,335.57,213.40,315.19
Злой буратино,45,46,Проба,16.12.2024, 14:20:31,14:20:31,0.00,500.00,191.17,385.21,234.93,108.44,0.00,138.50,0.00,170.54,125.99
Злой буратино,45,46,Проба,16.12.2024, 14:20:31,14:20:31,0.00,500.00,191.17,385.21,234.93,108.44,0.00,138.50,0.00,170.54,125.99
Злой буратино,45,46,Проба,16.12.2024, 14:20:31,14:20:31,0.00,500.00,0.00,0.00,0.00,241.90,0.00,31.62,0.00,101.61,207.47
Злой буратино,45,46,Проба,16.12.2024, 14:20:31,14:20:31,0.00,500.00,0.00,0.00,0.00,241.90,0.00,31.62,0.00,101.61,207.47
Злой буратино,45,46,Проба,16.12.2024, 14:20:31,14:20:31,0.00,18.54,275.90,278.72,77.45,500.00,0.00,0.00,0.00,117.52,370.88
Злой буратино,45,46,Проба,16.12.2024, 14:20:32,14:20:32,500.00,500.00,500.00,332.51,500.00,0.00,245.20,0.00,37.26,276.25,69.37
Злой буратино,45,46,Проба,16.12.2024, 14:20:32,14:20:32,500.00,500.00,500.00,332.51,500.00,0.00,245.20,0.00,107.10,0.00,295.80
Злой буратино,45,46,Проба,16.12.2024, 14:20:32,14:20:32,500.00,354.69,500.00,40.32,500.00,258.71,157.85,277.60,107.10,0.00,295.80
Злой буратино,45,46,Проба,16.12.2024, 14:20:32,14:20:32,500.00,354.69,500.00,40.32,500.00,258.71,157.85,277.60,0.00,0.00,482.88
Злой буратино,45,46,Проба,16.12.2024, 14:20:32,14:20:32,500.00,0.00,92.88,0.00,500.00,0.00,193.32,0.00,0.00,0.00,482.88
Злой буратино,45,46,Проба,16.12.2024, 14:20:32,14:20:32,500.00,0.00,92.88,0.00,500.00,0.00,193.32,0.00,0.00,242.19,500.00
Злой буратино,45,46,Проба,16.12.2024, 14:20:32,14:20:32,500.00,0.00,500.00,0.00,419.56,109.88,0.00,17.87,0.00,412.19,357.74
Злой буратино,45,46,Проба,16.12.2024, 14:20:32,14:20:32,500.00,0.00,500.00,0.00,419.56,109.88,0.00,17.87,0.00,412.19,357.74
Злой буратино,45,46,Проба,16.12.2024, 14:20:32,14:20:32,500.00,0.00,500.00,0.00,500.00,0.00,0.00,378.74,0.00,475.39,151.85
Злой буратино,45,46,Проба,16.12.2024, 14:20:32,14:20:32,500.00,0.00,500.00,0.00,187.50,125.02,81.72,500.00,0.00,475.39,151.85
Злой буратино,45,46,Проба,16.12.2024, 14:20:32,14:20:32,500.00,457.22,497.77,0.00,187.50,125.02,81.72,500.00,0.00,428.86,0.00
Злой буратино,45,46,Проба,16.12.2024, 14:20:33,14:20:33,280.39,337.23,500.00,0.00,63.72,227.66,355.43,267.79,58.67,0.00,0.00
Злой буратино,45,46,Проба,16.12.2024, 14:20:33,14:20:33,280.39,337.23,500.00,0.00,63.72,227.66,355.43,267.79,408.34,0.00,300.77
Злой буратино,45,46,Проба,16.12.2024, 14:20:33,14:20:33,0.00,500.00,183.98,271.26,123.07,496.75,500.00,212.90,283.61,0.00,500.00
Злой буратино,45,46,Проба,16.12.2024, 14:20:33,14:20:33,0.00,500.00,183.98,271.26,123.07,496.75,500.00,212.90,283.61,0.00,500.00
Злой буратино,45,46,Проба,16.12.2024, 14:20:33,14:20:33,482.91,470.46,0.00,108.91,0.00,500.00,459.84,467.37,118.53,0.00,217.89
Злой буратино,45,46,Проба,16.12.2024, 14:20:33,14:20:33,500.00,448.67,208.06,245.16,0.00,500.00,337.68,500.00,0.00,480.88,386.08
Злой буратино,45,46,Проба,16.12.2024, 14:20:33,14:20:33,500.00,448.67,208.06,245.16,0.00,500.00,337.68,500.00,0.00,480.88,386.08
Злой буратино,45,46,Проба,16.12.2024, 14:20:33,14:20:33,500.00,320.33,0.00,0.00,0.00,475.34,460.31,500.00,0.00,500.00,117.40
Злой буратино,45,46,Проба,16.12.2024, 14:20:33,14:20:33,500.00,320.33,0.00,0.00,0.00,475.34,460.31,500.00,0.00,199.87,0.00
Злой буратино,45,46,Проба,16.12.2024, 14:20:34,14:20:34,465.67,500.00,0.00,0.00,0.00,0.00,73.00,500.00,217.31,199.87,0.00
Злой буратино,45,46,Проба,16.12.2024, 14:20:34,14:20:34,500.00,408.72,491.07,378.56,0.00,454.96,500.00,41.34,341.72,0.00,0.00
Злой буратино,45,46,Проба,16.12.2024, 14:20:34,14:20:34,500.00,500.00,476.22,476.22,476.22,421.88,421.88,421.88,247.75,247.75,247.75,500.00,500.00,500.00,382.15,382.15,382.15,500.00,500.00,268.81,268.81,268.81,226.40,226.40,0.00,0.00,0.00,244.51,244.51,183.00,183.00,183.00,500.00,11.18,0.00,0.00,0.00,232.53,232.53,500.00,500.00,209.24,209.24,209.24,0.93,0.93,0.93,0.00,0.00,0.00,0.00,0.00,0.00,0.00,0.00,500.00,500.00,500.00,500.00,500.00,500.00,500.00,500.00,500.00,500.00,500.00,280.39,280.39,0.00,0.00,482.91,500.00,500.00,500.00,500.00,465.67,500.00,0.00,0.00,0.00,0.00,0.00,438.20,438.20,438.20,500.00,500.00,500.00,173.74,173.74,173.74,0.00,0.00,0.00,286.94,286.94,307.44,307.44,307.44,328.43,328.43,500.00,500.00,500.00,246.64,246.64,445.77,445.77,445.77,233.87,0.00,172.23,172.23,172.23,500.00,500.00,500.00,500.00,500.00,500.00,500.00,191.81,191.81,191.81,201.69,201.69,355.01,500.00,500.00,500.00,500.00,18.54,500.00,500.00,354.69,354.69,0.00,0.00,0.00,0.00,0.00,0.00,457.22,337.23,337.23,500.00,500.00,470.46,448.67,448.67,320.33,320.33,500.00,408.72,0.00,0.00,103.15,103.15,103.15,0.00,0.00,0.00,446.66,446.66,446.66,500.00,500.00,500.00,500.00,500.00,500.00,332.45,332.45,95.08,95.08,95.08,500.00,500.00,478.32,478.32,478.32,445.83,445.83,438.48,438.48,438.48,500.00,191.82,358.15,358.15,358.15,0.00,0.00,0.00,0.00,261.71,261.71,261.71,500.00,500.00,500.00,500.00,500.00,50.19,191.17,191.17,0.00,0.00,275.90,500.00,500.00,500.00,500.00,92.88,92.88,500.00,500.00,500.00,500.00,497.77,500.00,500.00,183.98,183.98,0.00,208.06,208.06,0.00,0.00,0.00,491.07,500.00,500.00,480.81,480.81,480.81,264.29,264.29,264.29,0.00,0.00,0.00,146.44,146.44,146.44,0.00,0.00,0.00,0.00,0.00,451.00,451.00,451.00,0.00,0.00,0.00,0.00,0.00,79.09,79.09,28.32,28.32,28.32,272.94,0.00,0.00,0.00,0.00,0.00,0.00,458.80,458.80,180.95,180.95,180.95,191.09,191.09,191.09,232.77,232.77,129.75,385.21,385.21,0.00,0.00,278.72,332.51,332.51,40.32,40.32,0.00,0.00,0.00,0.00,0.00,0.00,0.00,0.00,0.00,271.26,271.26,108.91,245.16,245.16,0.00,0.00,0.00,378.56,500.00,500.00,499.89,499.89,499.89,464.86,464.86,464.86,260.59,260.59,260.59,331.82,331.82,331.82,306.92,306.92,306.92,268.06,268.06,415.08,415.08,415.08,161.31,161.31,168.13,168.13,168.13,0.00,0.00,0.00,0.00,0.00,470.52,74.10,0.00,0.00,0.00,365.39,365.39,500.00,500.00,36.94,36.94,247.88,0.00,0.00,0.00,123.65,123.65,323.79,234.93,234.93,0.00,0.00,77.45,500.00,500.00,500.00,500.00,500.00,500.00,419.56,419.56,500.00,187.50,187.50,63.72,63.72,123.07,123.07,0.00,0.00,0.00,0.00,0.00,0.00,0.00,0.84,0.84,400.97,400.97,400.97,500.00,500.00,500.00,137.30,137.30,137.30,0.00,0.00,0.00,0.00,0.00,0.00,0.00,0.00,68.17,68.17,68.17,0.00,0.00,36.50,36.50,36.50,500.00,500.00,500.00,500.00,500.00,500.00,176.89,97.98,97.98,97.98,149.55,149.55,215.88,215.88,59.56,59.56,0.00,374.15,374.15,374.15,500.00,500.00,271.46,108.44,108.44,241.90,241.90,500.00,0.00,0.00,258.71,258.71,0.00,0.00,109.88,109.88,0.00,125.02,125.02,227.66,227.66,496.75,496.75,500.00,500.00,500.00,475.34,475.34,0.00,454.96,124.83,124.83,0.00,0.00,0.00,77.51,77.51,77.51,500.00,500.00,500.00,47.67,47.67,47.67,0.00,0.00,0.00,84.04,84.04,92.87,92.87,92.87,500.00,500.00,500.00,500.00,500.00,500.00,500.00,500.00,500.00,500.00,134.20,0.00,178.45,178.45,178.45,423.22,423.22,41.04,41.04,13.24,13.24,0.00,0.00,0.00,0.00,0.00,0.00,0.00,0.00,0.00,0.00,0.00,0.00,245.20,245.20,157.85,157.85,193.32,193.32,0.00,0.00,0.00,81.72,81.72,355.43,355.43,500.00,500.00,459.84,337.68,337.68,460.31,460.31,73.00,500.00,500.00,500.00,500.00,500.00,500.00,411.99,411.99,411.99,323.81,323.81,323.81,0.00,0.00,0.00,250.19,250.19,250.19,500.00,500.00,339.19,339.19,339.19,500.00,500.00,380.41,380.41,380.41,500.00,500.00,500.00,500.00,500.00,210.68,451.99,197.42,197.42,197.42,226.08,226.08,402.31,402.31,0.00,0.00,426.75,349.30,349.30,349.30,500.00,500.00,441.09,138.50,138.50,31.62,31.62,0.00,0.00,0.00,277.60,277.60,0.00,0.00,17.87,17.87,378.74,500.00,500.00,267.79,267.79,212.90,212.90,467.37,500.00,500.00,500.00,500.00,500.00,41.34,227.22,500.00,500.00,500.00,433.37,433.37,433.37,500.00,500.00,500.00,500.00,500.00,500.00,170.97,170.97,379.28,379.28,379.28,410.81,410.81,410.81,91.57,0.00,212.13,212.13,386.04,386.04,386.04,60.17,60.17,60.17,208.53,208.53,500.00,500.00,500.00,500.00,500.00,500.00,500.00,500.00,500.00,500.00,500.00,0.00,0.00,0.00,0.00,0.00,335.57,0.00,0.00,0.00,0.00,0.00,37.26,107.10,107.10,0.00,0.00,0.00,0.00,0.00,0.00,0.00,0.00,58.67,408.34,283.61,283.61,118.53,0.00,0.00,0.00,0.00,217.31,341.72,500.00,23.27,23.27,23.27,48.07,48.07,48.07,0.00,0.00,0.00,0.00,226.47,226.47,291.59,291.59,0.00,0.00,0.00,350.52,350.52,350.52,393.43,0.00,180.68,180.68,0.00,0.00,0.00,0.00,0.00,0.00,445.41,445.41,36.48,240.66,240.66,190.31,107.41,107.41,51.50,51.50,51.50,0.00,0.00,421.69,325.17,325.17,208.60,208.60,213.40,170.54,170.54,101.61,101.61,117.52,276.25,0.00,0.00,0.00,0.00,242.19,412.19,412.19,475.39,475.39,428.86,0.00,0.00,0.00,0.00,0.00,480.88,480.88,500.00,199.87,199.87,0.00,193.61,500.00,500.00,500.00,500.00,500.00,500.00,152.94,152.94,152.94,463.74,500.00,500.00,267.10,267.10,0.00,0.00,0.00,401.22,401.22,401.22,405.80,500.00,349.16,349.16,43.99,43.99,43.99,0.00,0.00,0.00,164.63,164.63,500.00,102.53,102.53,500.00,23.89,23.89,233.13,233.13,233.13,373.51,373.51,0.00,350.27,350.27,38.11,38.11,315.19,125.99,125.99,207.47,207.47,370.88,69.37,295.80,295.80,482.88,482.88,500.00,357.74,357.74,151.85,151.85,0.00,0.00,300.77,500.00,500.00,217.89,386.08,386.08,117.40,0.00,0.00,0.00
