Date,Time,P_left,P_right,P_pipe,Q_left,Q_right,Q_pipe,VolumeL,VolumeR,VolumePipe,Qw,Dens_recirc,Dens_pipe,DesignIdx,StagesIdx,Design_desiredDens,VolumeLR,VolumeW,QVSource,Q_Slurry,Design_desiredSlurry,Design_Qw,CementValveSetValRecomend,CementValveOut,CementValveSetValMaxUser,Auto,PressAlarmVal,ValveGain,WaterSPGR,DensCement,CriteryDensChange,Dens_calculate,Q_LR,StageCode,V_org,Q_L_,Q_R_,Q_LR_,Q_,V_L_,V_R_,V_LR_,V_
12/20/2024,16:37:32,0.0,0.0,404.0,36.4,0.0,0.0,0.0,0.0,-0.01,0,1.21,2.42,0,0.0,0,214.2,0,0,0,0,0,0,0,0,0,1000.0,0,0,0,0,2.42,36.4,-1.0,0,36.4,0.0,36.4,0.0,0.0,0.0,214.2,-0.01
12/20/2024,16:37:33,0.0,0.0,404.0,36.4,0.0,0.0,0.0,0.0,-0.01,0,1.21,2.42,0,0.0,0,214.27,0,0,0,0,0,0,0,0,0,1000.0,0,0,0,0,2.42,36.4,-1.0,0,36.4,0.0,36.4,0.0,0.0,0.0,214.27,-0.01
12/20/2024,16:37:34,0.0,0.0,404.0,36.4,0.0,0.0,0.0,0.0,-0.01,0,1.21,2.42,0,0.0,0,214.27,0,0,0,0,0,0,0,0,0,1000.0,0,0,0,0,2.42,36.4,-1.0,0,36.4,0.0,36.4,0.0,0.0,0.0,214.27,-0.01
12/20/2024,16:37:35,0.0,0.0,404.0,36.4,0.0,0.0,0.0,0.0,-0.01,0,1.21,2.42,0,0.0,0,214.34,0,0,0,0,0,0,0,0,0,1000.0,0,0,0,0,2.42,36.4,-1.0,0,36.4,0.0,36.4,0.0,0.0,0.0,214.34,-0.01
12/20/2024,16:37:36,0.0,0.0,404.0,36.4,0.0,0.0,0.0,0.0,-0.01,0,1.21,2.42,0,0.0,0,214.38,0,0,0,0,0,0,0,0,0,1000.0,0,0,0,0,2.42,36.4,-1.0,0,36.4,0.0,36.4,0.0,0.0,0.0,214.38,-0.01
12/20/2024,16:37:37,0.0,0.0,404.0,36.4,0.0,0.0,0.0,0.0,-0.01,0,1.21,2.42,0,0.0,0,214.38,0,0,0,0,0,0,0,0,0,1000.0,0,0,0,0,2.42,36.4,-1.0,0,36.4,0.0,36.4,0.0,0.0,0.0,214.38,-0.01
12/20/2024,16:37:38,0.0,0.0,404.0,36.4,0.0,0.0,0.0,0.0,-0.01,0,1.21,2.42,0,0.0,0,214.41,0,0,0,0,0,0,0,0,0,1000.0,0,0,0,0,2.42,36.4,-1.0,0,36.4,0.0,36.4,0.0,0.0,0.0,214.41,-0.01
12/20/2024,16:37:39,0.0,0.0,404.0,36.4,0.0,0.0,0.0,0.0,-0.01,0,1.21,2.42,0,0.0,0,214.49,0,0,0,0,0,0,0,0,0,1000.0,0,0,0,0,2.42,36.4,-1.0,0,36.4,0.0,36.4,0.0,0.0,0.0,214.49,-0.01
12/20/2024,16:37:40,0.0,0.0,404.0,36.4,0.0,0.0,0.0,0.0,-0.01,0,1.21,2.42,0,0.0,0,214.49,0,0,0,0,0,0,0,0,0,1000.0,0,0,0,0,2.42,36.4,-1.0,0,36.4,0.0,36.4,0.0,0.0,0.0,214.49,-0.01
12/20/2024,16:37:41,0.0,0.0,404.0,36.4,0.0,0.0,0.0,0.0,-0.01,0,1.21,2.42,0,0.0,0,214.52,0,0,0,0,0,0,0,0,0,1000.0,0,0,0,0,2.42,36.4,-1.0,0,36.4,0.0,36.4,0.0,0.0,0.0,214.52,-0.01
12/20/2024,16:37:42,0.0,0.0,404.0,36.4,0.0,0.0,0.0,0.0,-0.01,0,1.21,2.42,0,0.0,0,214.56,0,0,0,0,0,0,0,0,0,1000.0,0,0,0,0,2.42,36.4,-1.0,0,36.4,0.0,36.4,0.0,0.0,0.0,214.56,-0.01
12/20/2024,16:37:43,0.0,0.0,404.0,36.4,0.0,0.0,0.0,0.0,-0.01,0,1.21,2.42,0,0.0,0,214.63,0,0,0,0,0,0,0,0,0,1000.0,0,0,0,0,2.42,37.2,-1.0,0,36.4,0.0,37.2,0.0,0.0,0.0,214.63,-0.01
12/20/2024,16:37:44,0.0,0.0,404.0,37.2,0.0,0.0,0.0,0.0,-0.01,0,1.21,2.42,0,0.0,0,214.67,0,0,0,0,0,0,0,0,0,1000.0,0,0,0,0,2.42,39.0,-1.0,0,37.2,0.0,39.0,0.0,0.0,0.0,214.67,-0.01
12/20/2024,16:37:45,0.0,0.0,404.0,37.5,0.0,0.0,0.0,0.0,-0.01,0,1.21,2.42,0,0.0,0,214.71,0,0,0,0,0,0,0,0,0,1000.0,0,0,0,0,2.42,37.5,-1.0,0,37.5,0.0,37.5,0.0,0.0,0.0,214.71,-0.01
12/20/2024,16:37:46,0.0,0.0,404.0,38.3,0.0,0.0,0.0,0.0,-0.01,0,1.21,2.42,0,0.0,0,214.75,0,0,0,0,0,0,0,0,0,1000.0,0,0,0,0,2.42,38.3,-1.0,0,38.3,0.0,38.3,0.0,0.0,0.0,214.75,-0.01
12/20/2024,16:37:47,0.0,0.0,404.0,38.4,0.0,0.0,0.0,0.0,-0.01,0,1.21,2.42,0,0.0,0,214.78,0,0,0,0,0,0,0,0,0,1000.0,0,0,0,0,2.42,38.4,-1.0,0,38.4,0.0,38.4,0.0,0.0,0.0,214.78,-0.01
12/20/2024,16:37:48,0.0,0.0,404.0,39.0,0.0,0.0,0.0,0.0,-0.01,0,1.21,2.42,0,0.0,0,214.82,0,0,0,0,0,0,0,0,0,1000.0,0,0,0,0,2.42,39.0,-1.0,0,39.0,0.0,39.0,0.0,0.0,0.0,214.82,-0.01
12/20/2024,16:37:49,0.0,0.0,404.0,39.1,0.0,0.0,0.0,0.0,-0.01,0,1.21,2.42,0,0.0,0,214.86,0,0,0,0,0,0,0,0,0,1000.0,0,0,0,0,2.42,39.1,-1.0,0,39.1,0.0,39.1,0.0,0.0,0.0,214.86,-0.01
12/20/2024,16:37:50,0.0,0.0,404.0,37.8,0.0,0.0,0.0,0.0,-0.01,0,1.21,2.42,0,0.0,0,214.9,0,0,0,0,0,0,0,0,0,1000.0,0,0,0,0,2.42,37.8,-1.0,0,37.8,0.0,37.8,0.0,0.0,0.0,214.9,-0.01
12/20/2024,16:37:51,0.0,0.0,404.0,37.3,0.0,0.0,0.0,0.0,-0.01,0,1.21,2.42,0,0.0,0,214.94,0,0,0,0,0,0,0,0,0,1000.0,0,0,0,0,2.42,37.3,-1.0,0,37.3,0.0,37.3,0.0,0.0,0.0,214.94,-0.01
12/20/2024,16:37:52,0.0,0.0,404.0,37.3,0.0,0.0,0.0,0.0,-0.01,0,1.21,2.42,0,0.0,0,214.98,0,0,0,0,0,0,0,0,0,1000.0,0,0,0,0,2.42,37.3,-1.0,0,37.3,0.0,37.3,0.0,0.0,0.0,214.98,-0.01
12/20/2024,16:37:53,0.0,0.0,404.0,37.3,0.0,0.0,0.0,0.0,-0.01,0,1.21,2.42,0,0.0,0,215.01,0,0,0,0,0,0,0,0,0,1000.0,0,0,0,0,2.42,37.3,-1.0,0,37.3,0.0,37.3,0.0,0.0,0.0,215.01,-0.01
12/20/2024,16:37:54,0.0,0.0,404.0,37.3,0.0,0.0,0.0,0.0,-0.01,0,1.21,2.42,0,0.0,0,215.05,0,0,0,0,0,0,0,0,0,1000.0,0,0,0,0,2.42,37.3,-1.0,0,37.3,0.0,37.3,0.0,0.0,0.0,215.05,-0.01
12/20/2024,16:37:55,0.0,0.0,404.0,37.3,0.0,0.0,0.0,0.0,-0.01,0,1.21,2.42,0,0.0,0,215.09,0,0,0,0,0,0,0,0,0,1000.0,0,0,0,0,2.42,37.3,-1.0,0,37.3,0.0,37.3,0.0,0.0,0.0,215.09,-0.01
12/20/2024,16:37:56,0.0,0.0,404.0,37.3,0.0,0.0,0.0,0.0,-0.01,0,1.21,2.42,0,0.0,0,215.13,0,0,0,0,0,0,0,0,0,1000.0,0,0,0,0,2.42,37.3,-1.0,0,37.3,0.0,37.3,0.0,0.0,0.0,215.13,-0.01
12/20/2024,16:37:57,0.0,0.0,404.0,37.3,0.0,0.0,0.0,0.0,-0.01,0,1.21,2.42,0,0.0,0,215.13,0,0,0,0,0,0,0,0,0,1000.0,0,0,0,0,2.42,37.3,-1.0,0,37.3,0.0,37.3,0.0,0.0,0.0,215.13,-0.01
12/20/2024,16:37:58,0.0,0.0,404.0,37.3,0.0,0.0,0.0,0.0,-0.01,0,1.21,2.42,0,0.0,0,215.2,0,0,0,0,0,0,0,0,0,1000.0,0,0,0,0,2.42,37.3,-1.0,0,37.3,0.0,37.3,0.0,0.0,0.0,215.2,-0.01
12/20/2024,16:37:59,0.0,0.0,404.0,37.3,0.0,0.0,0.0,0.0,-0.01,0,1.21,2.42,0,0.0,0,215.2,0,0,0,0,0,0,0,0,0,1000.0,0,0,0,0,2.42,37.3,-1.0,0,37.3,0.0,37.3,0.0,0.0,0.0,215.2,-0.01
12/20/2024,16:38:0,0.0,0.0,404.0,37.3,0.0,0.0,0.0,0.0,-0.01,0,1.21,2.42,0,0.0,0,215.27,0,0,0,0,0,0,0,0,0,1000.0,0,0,0,0,2.42,37.3,-1.0,0,37.3,0.0,37.3,0.0,0.0,0.0,215.27,-0.01
12/20/2024,16:38:1,0.0,0.0,404.0,37.3,0.0,0.0,0.0,0.0,-0.01,0,1.21,2.42,0,0.0,0,215.27,0,0,0,0,0,0,0,0,0,1000.0,0,0,0,0,2.42,37.3,-1.0,0,37.3,0.0,37.3,0.0,0.0,0.0,215.27,-0.01
12/20/2024,16:38:2,0.0,0.0,404.0,37.3,0.0,0.0,0.0,0.0,-0.01,0,1.21,2.42,0,0.0,0,215.35,0,0,0,0,0,0,0,0,0,1000.0,0,0,0,0,2.42,37.3,-1.0,0,37.3,0.0,37.3,0.0,0.0,0.0,215.35,-0.01
12/20/2024,16:38:3,0.0,0.0,404.0,37.3,0.0,0.0,0.0,0.0,-0.01,0,1.21,2.42,0,0.0,0,215.35,0,0,0,0,0,0,0,0,0,1000.0,0,0,0,0,2.42,37.3,-1.0,0,37.3,0.0,37.3,0.0,0.0,0.0,215.35,-0.01
12/20/2024,16:38:4,0.0,0.0,404.0,37.3,0.0,0.0,0.0,0.0,-0.01,0,1.21,2.42,0,0.0,0,215.42,0,0,0,0,0,0,0,0,0,1000.0,0,0,0,0,2.42,37.3,-1.0,0,37.3,0.0,37.3,0.0,0.0,0.0,215.42,-0.01
12/20/2024,16:38:5,0.0,0.0,404.0,37.3,0.0,0.0,0.0,0.0,-0.01,0,1.21,2.42,0,0.0,0,215.42,0,0,0,0,0,0,0,0,0,1000.0,0,0,0,0,2.42,37.3,-1.0,0,37.3,0.0,37.3,0.0,0.0,0.0,215.42,-0.01
12/20/2024,16:38:6,0.0,0.0,404.0,37.3,0.0,0.0,0.0,0.0,-0.01,0,1.21,2.42,0,0.0,0,215.5,0,0,0,0,0,0,0,0,0,1000.0,0,0,0,0,2.42,37.3,-1.0,0,37.3,0.0,37.3,0.0,0.0,0.0,215.5,-0.01
12/20/2024,16:38:7,0.0,0.0,404.0,37.3,0.0,0.0,0.0,0.0,-0.01,0,1.21,2.42,0,0.0,0,215.5,0,0,0,0,0,0,0,0,0,1000.0,0,0,0,0,2.42,37.3,-1.0,0,37.3,0.0,37.3,0.0,0.0,0.0,215.5,-0.01
12/20/2024,16:38:8,0.0,0.0,404.0,37.3,0.0,0.0,0.0,0.0,-0.01,0,1.21,2.42,0,0.0,0,215.57,0,0,0,0,0,0,0,0,0,1000.0,0,0,0,0,2.42,37.3,-1.0,0,37.3,0.0,37.3,0.0,0.0,0.0,215.57,-0.01
12/20/2024,16:38:9,0.0,0.0,404.0,37.3,0.0,0.0,0.0,0.0,-0.01,0,1.21,2.42,0,0.0,0,215.57,0,0,0,0,0,0,0,0,0,1000.0,0,0,0,0,2.42,37.3,-1.0,0,37.3,0.0,37.3,0.0,0.0,0.0,215.57,-0.01
12/20/2024,16:38:10,0.0,0.0,404.0,37.3,0.0,0.0,0.0,0.0,-0.01,0,1.21,2.42,0,0.0,0,215.65,0,0,0,0,0,0,0,0,0,1000.0,0,0,0,0,2.42,37.3,-1.0,0,37.3,0.0,37.3,0.0,0.0,0.0,215.65,-0.01
12/20/2024,16:38:11,0.0,0.0,404.0,37.3,0.0,0.0,0.0,0.0,-0.01,0,1.21,2.42,0,0.0,0,215.65,0,0,0,0,0,0,0,0,0,1000.0,0,0,0,0,2.42,37.3,-1.0,0,37.3,0.0,37.3,0.0,0.0,0.0,215.65,-0.01
12/20/2024,16:38:12,0.0,0.0,404.0,37.3,0.0,0.0,0.0,0.0,-0.01,0,1.21,2.42,0,0.0,0,215.72,0,0,0,0,0,0,0,0,0,1000.0,0,0,0,0,2.42,37.3,-1.0,0,37.3,0.0,37.3,0.0,0.0,0.0,215.72,-0.01
12/20/2024,16:38:13,0.0,0.0,404.0,37.3,0.0,0.0,0.0,0.0,-0.01,0,1.21,2.42,0,0.0,0,215.72,0,0,0,0,0,0,0,0,0,1000.0,0,0,0,0,2.42,37.3,-1.0,0,37.3,0.0,37.3,0.0,0.0,0.0,215.72,-0.01
12/20/2024,16:38:14,0.0,0.0,404.0,37.3,0.0,0.0,0.0,0.0,-0.01,0,1.21,2.42,0,0.0,0,215.8,0,0,0,0,0,0,0,0,0,1000.0,0,0,0,0,2.42,37.3,-1.0,0,37.3,0.0,37.3,0.0,0.0,0.0,215.8,-0.01
12/20/2024,16:38:15,0.0,0.0,404.0,37.3,0.0,0.0,0.0,0.0,-0.01,0,1.21,2.42,0,0.0,0,215.8,0,0,0,0,0,0,0,0,0,1000.0,0,0,0,0,2.42,37.3,-1.0,0,37.3,0.0,37.3,0.0,0.0,0.0,215.8,-0.01
12/20/2024,16:38:16,0.0,0.0,404.0,37.3,0.0,0.0,0.0,0.0,-0.01,0,1.21,2.42,0,0.0,0,215.83,0,0,0,0,0,0,0,0,0,1000.0,0,0,0,0,2.42,37.3,-1.0,0,37.3,0.0,37.3,0.0,0.0,0.0,215.83,-0.01
12/20/2024,16:38:17,0.0,0.0,404.0,37.3,0.0,0.0,0.0,0.0,-0.01,0,1.21,2.42,0,0.0,0,215.87,0,0,0,0,0,0,0,0,0,1000.0,0,0,0,0,2.42,37.3,-1.0,0,37.3,0.0,37.3,0.0,0.0,0.0,215.87,-0.01
12/20/2024,16:38:18,0.0,0.0,404.0,37.3,0.0,0.0,0.0,0.0,-0.01,0,1.21,2.42,0,0.0,0,215.95,0,0,0,0,0,0,0,0,0,1000.0,0,0,0,0,2.42,37.3,-1.0,0,37.3,0.0,37.3,0.0,0.0,0.0,215.95,-0.01
12/20/2024,16:38:19,0.0,0.0,404.0,37.3,0.0,0.0,0.0,0.0,-0.01,0,1.21,2.42,0,0.0,0,215.98,0,0,0,0,0,0,0,0,0,1000.0,0,0,0,0,2.42,37.3,-1.0,0,37.3,0.0,37.3,0.0,0.0,0.0,215.98,-0.01
12/20/2024,16:38:20,0.0,0.0,404.0,37.3,0.0,0.0,0.0,0.0,-0.01,0,1.21,2.42,0,0.0,0,216.02,0,0,0,0,0,0,0,0,0,1000.0,0,0,0,0,2.42,37.3,-1.0,0,37.3,0.0,37.3,0.0,0.0,0.0,216.02,-0.01
12/20/2024,16:38:21,0.0,0.0,404.0,37.3,0.0,0.0,0.0,0.0,-0.01,0,1.21,2.42,0,0.0,0,216.06,0,0,0,0,0,0,0,0,0,1000.0,0,0,0,0,2.42,37.3,-1.0,0,37.3,0.0,37.3,0.0,0.0,0.0,216.06,-0.01
12/20/2024,16:38:22,0.0,0.0,404.0,37.3,0.0,0.0,0.0,0.0,-0.01,0,1.21,2.42,0,0.0,0,216.1,0,0,0,0,0,0,0,0,0,1000.0,0,0,0,0,2.42,37.3,-1.0,0,37.3,0.0,37.3,0.0,0.0,0.0,216.1,-0.01
12/20/2024,16:38:23,0.0,0.0,404.0,37.3,0.0,0.0,0.0,0.0,-0.01,0,1.21,2.42,0,0.0,0,216.13,0,0,0,0,0,0,0,0,0,1000.0,0,0,0,0,2.42,37.3,-1.0,0,37.3,0.0,37.3,0.0,0.0,0.0,216.13,-0.01
12/20/2024,16:38:24,0.0,0.0,404.0,37.3,0.0,0.0,0.0,0.0,-0.01,0,1.21,2.42,0,0.0,0,216.17,0,0,0,0,0,0,0,0,0,1000.0,0,0,0,0,2.42,37.3,-1.0,0,37.3,0.0,37.3,0.0,0.0,0.0,216.17,-0.01
12/20/2024,16:38:25,0.0,0.0,404.0,37.3,0.0,0.0,0.0,0.0,-0.01,0,1.21,2.42,0,0.0,0,216.21,0,0,0,0,0,0,0,0,0,1000.0,0,0,0,0,2.42,37.3,-1.0,0,37.3,0.0,37.3,0.0,0.0,0.0,216.21,-0.01
12/20/2024,16:38:26,0.0,0.0,404.0,37.3,0.0,0.0,0.0,0.0,-0.01,0,1.21,2.42,0,0.0,0,216.24,0,0,0,0,0,0,0,0,0,1000.0,0,0,0,0,2.42,37.3,-1.0,0,37.3,0.0,37.3,0.0,0.0,0.0,216.24,-0.01
12/20/2024,16:38:27,0.0,0.0,404.0,37.3,0.0,0.0,0.0,0.0,-0.01,0,1.21,2.42,0,0.0,0,216.24,0,0,0,0,0,0,0,0,0,1000.0,0,0,0,0,2.42,37.3,-1.0,0,37.3,0.0,37.3,0.0,0.0,0.0,216.24,-0.01
12/20/2024,16:38:28,0.0,0.0,404.0,37.3,0.0,0.0,0.0,0.0,-0.01,0,1.21,2.42,0,0.0,0,216.32,0,0,0,0,0,0,0,0,0,1000.0,0,0,0,0,2.42,37.3,-1.0,0,37.3,0.0,37.3,0.0,0.0,0.0,216.32,-0.01
12/20/2024,16:38:29,0.0,0.0,404.0,37.3,0.0,0.0,0.0,0.0,-0.01,0,1.21,2.42,0,0.0,0,216.32,0,0,0,0,0,0,0,0,0,1000.0,0,0,0,0,2.42,37.3,-1.0,0,37.3,0.0,37.3,0.0,0.0,0.0,216.32,-0.01
12/20/2024,16:38:30,0.0,0.0,404.0,37.3,0.0,0.0,0.0,0.0,-0.01,0,1.21,2.42,0,0.0,0,216.39,0,0,0,0,0,0,0,0,0,1000.0,0,0,0,0,2.42,37.3,-1.0,0,37.3,0.0,37.3,0.0,0.0,0.0,216.39,-0.01
12/20/2024,16:38:31,0.0,0.0,404.0,37.3,0.0,0.0,0.0,0.0,-0.01,0,1.21,2.42,0,0.0,0,216.43,0,0,0,0,0,0,0,0,0,1000.0,0,0,0,0,2.42,37.3,-1.0,0,37.3,0.0,37.3,0.0,0.0,0.0,216.43,-0.01
12/20/2024,16:38:32,0.0,0.0,404.0,37.3,0.0,0.0,0.0,0.0,-0.01,0,1.21,2.42,0,0.0,0,216.47,0,0,0,0,0,0,0,0,0,1000.0,0,0,0,0,2.42,37.3,-1.0,0,37.3,0.0,37.3,0.0,0.0,0.0,216.47,-0.01
12/20/2024,16:38:33,0.0,0.0,404.0,37.3,0.0,0.0,0.0,0.0,-0.01,0,1.21,2.42,0,0.0,0,216.47,0,0,0,0,0,0,0,0,0,1000.0,0,0,0,0,2.42,37.3,-1.0,0,37.3,0.0,37.3,0.0,0.0,0.0,216.47,-0.01
12/20/2024,16:38:34,0.0,0.0,404.0,37.3,0.0,0.0,0.0,0.0,-0.01,0,1.21,2.42,0,0.0,0,216.54,0,0,0,0,0,0,0,0,0,1000.0,0,0,0,0,2.42,37.3,-1.0,0,37.3,0.0,37.3,0.0,0.0,0.0,216.54,-0.01
12/20/2024,16:38:35,0.0,0.0,404.0,37.3,0.0,0.0,0.0,0.0,-0.01,0,1.21,2.42,0,0.0,0,216.54,0,0,0,0,0,0,0,0,0,1000.0,0,0,0,0,2.42,37.3,-1.0,0,37.3,0.0,37.3,0.0,0.0,0.0,216.54,-0.01
12/20/2024,16:38:36,0.0,0.0,404.0,37.3,0.0,0.0,0.0,0.0,-0.01,0,1.21,2.42,0,0.0,0,216.62,0,0,0,0,0,0,0,0,0,1000.0,0,0,0,0,2.42,37.3,-1.0,0,37.3,0.0,37.3,0.0,0.0,0.0,216.62,-0.01
12/20/2024,16:38:37,0.0,0.0,404.0,37.3,0.0,0.0,0.0,0.0,-0.01,0,1.21,2.42,0,0.0,0,216.62,0,0,0,0,0,0,0,0,0,1000.0,0,0,0,0,2.42,37.3,-1.0,0,37.3,0.0,37.3,0.0,0.0,0.0,216.62,-0.01
12/20/2024,16:38:38,0.0,0.0,404.0,37.3,0.0,0.0,0.0,0.0,-0.01,0,1.21,2.42,0,0.0,0,216.69,0,0,0,0,0,0,0,0,0,1000.0,0,0,0,0,2.42,37.3,-1.0,0,37.3,0.0,37.3,0.0,0.0,0.0,216.69,-0.01
12/20/2024,16:38:39,0.0,0.0,404.0,37.3,0.0,0.0,0.0,0.0,-0.01,0,1.21,2.42,0,0.0,0,216.69,0,0,0,0,0,0,0,0,0,1000.0,0,0,0,0,2.42,37.3,-1.0,0,37.3,0.0,37.3,0.0,0.0,0.0,216.69,-0.01
12/20/2024,16:38:40,0.0,0.0,404.0,37.3,0.0,0.0,0.0,0.0,-0.01,0,1.21,2.42,0,0.0,0,216.77,0,0,0,0,0,0,0,0,0,1000.0,0,0,0,0,2.42,37.3,-1.0,0,37.3,0.0,37.3,0.0,0.0,0.0,216.77,-0.01
12/20/2024,16:38:41,0.0,0.0,404.0,37.3,0.0,0.0,0.0,0.0,-0.01,0,1.21,2.42,0,0.0,0,216.77,0,0,0,0,0,0,0,0,0,1000.0,0,0,0,0,2.42,37.3,-1.0,0,37.3,0.0,37.3,0.0,0.0,0.0,216.77,-0.01
12/20/2024,16:38:42,0.0,0.0,404.0,37.3,0.0,0.0,0.0,0.0,-0.01,0,1.21,2.42,0,0.0,0,216.8,0,0,0,0,0,0,0,0,0,1000.0,0,0,0,0,2.42,37.3,-1.0,0,37.3,0.0,37.3,0.0,0.0,0.0,216.8,-0.01
12/20/2024,16:38:43,0.0,0.0,404.0,37.3,0.0,0.0,0.0,0.0,-0.01,0,1.21,2.42,0,0.0,0,216.88,0,0,0,0,0,0,0,0,0,1000.0,0,0,0,0,2.42,37.3,-1.0,0,37.3,0.0,37.3,0.0,0.0,0.0,216.88,-0.01
12/20/2024,16:38:44,0.0,0.0,404.0,37.3,0.0,0.0,0.0,0.0,-0.01,0,1.21,2.42,0,0.0,0,216.88,0,0,0,0,0,0,0,0,0,1000.0,0,0,0,0,2.42,37.3,-1.0,0,37.3,0.0,37.3,0.0,0.0,0.0,216.88,-0.01
12/20/2024,16:38:45,0.0,0.0,404.0,37.3,0.0,0.0,0.0,0.0,-0.01,0,1.21,2.42,0,0.0,0,216.92,0,0,0,0,0,0,0,0,0,1000.0,0,0,0,0,2.42,37.3,-1.0,0,37.3,0.0,37.3,0.0,0.0,0.0,216.92,-0.01
12/20/2024,16:38:46,0.0,0.0,404.0,37.3,0.0,0.0,0.0,0.0,-0.01,0,1.21,2.42,0,0.0,0,216.95,0,0,0,0,0,0,0,0,0,1000.0,0,0,0,0,2.42,37.3,-1.0,0,37.3,0.0,37.3,0.0,0.0,0.0,216.95,-0.01
12/20/2024,16:38:47,0.0,0.0,404.0,37.3,0.0,0.0,0.0,0.0,-0.01,0,1.21,2.42,0,0.0,0,217.03,0,0,0,0,0,0,0,0,0,1000.0,0,0,0,0,2.42,37.3,-1.0,0,37.3,0.0,37.3,0.0,0.0,0.0,217.03,-0.01
12/20/2024,16:38:48,0.0,0.0,404.0,37.3,0.0,0.0,0.0,0.0,-0.01,0,1.21,2.42,0,0.0,0,217.06,0,0,0,0,0,0,0,0,0,1000.0,0,0,0,0,2.42,37.3,-1.0,0,37.3,0.0,37.3,0.0,0.0,0.0,217.06,-0.01
12/20/2024,16:38:49,0.0,0.0,404.0,37.4,0.0,0.0,0.0,0.0,-0.01,0,1.21,2.42,0,0.0,0,217.1,0,0,0,0,0,0,0,0,0,1000.0,0,0,0,0,2.42,37.4,-1.0,0,37.4,0.0,37.4,0.0,0.0,0.0,217.1,-0.01
12/20/2024,16:38:52,0.0,0.0,404.0,37.3,0.0,0.0,0.0,0.0,-0.01,0,1.21,2.42,0,0.0,0,217.21,0,0,0,0,0,0,0,0,0,1000.0,0,0,0,0,2.42,37.3,-1.0,0,37.3,0.0,37.3,0.0,0.0,0.0,217.21,-0.01
12/20/2024,16:38:53,0.0,0.0,404.0,37.3,0.0,0.0,0.0,0.0,-0.01,0,1.21,2.42,0,0.0,0,217.25,0,0,0,0,0,0,0,0,0,1000.0,0,0,0,0,2.42,37.3,-1.0,0,37.3,0.0,37.3,0.0,0.0,0.0,217.25,-0.01
12/20/2024,16:38:54,0.0,0.0,404.0,37.3,0.0,0.0,0.0,0.0,-0.01,0,1.21,2.42,0,0.0,0,217.29,0,0,0,0,0,0,0,0,0,1000.0,0,0,0,0,2.42,37.3,-1.0,0,37.3,0.0,37.3,0.0,0.0,0.0,217.29,-0.01
12/20/2024,16:38:55,0.0,0.0,404.0,37.3,0.0,0.0,0.0,0.0,-0.01,0,1.21,2.42,0,0.0,0,217.33,0,0,0,0,0,0,0,0,0,1000.0,0,0,0,0,2.42,37.3,-1.0,0,37.3,0.0,37.3,0.0,0.0,0.0,217.33,-0.01
12/20/2024,16:38:56,0.0,0.0,404.0,37.3,0.0,0.0,0.0,0.0,-0.01,0,1.21,2.42,0,0.0,0,217.33,0,0,0,0,0,0,0,0,0,1000.0,0,0,0,0,2.42,37.3,-1.0,0,37.3,0.0,37.3,0.0,0.0,0.0,217.33,-0.01
12/20/2024,16:38:57,0.0,0.0,404.0,37.3,0.0,0.0,0.0,0.0,-0.01,0,1.21,2.42,0,0.0,0,217.36,0,0,0,0,0,0,0,0,0,1000.0,0,0,0,0,2.42,37.3,-1.0,0,37.3,0.0,37.3,0.0,0.0,0.0,217.36,-0.01
12/20/2024,16:38:58,0.0,0.0,404.0,37.3,0.0,0.0,0.0,0.0,-0.01,0,1.21,2.42,0,0.0,0,217.44,0,0,0,0,0,0,0,0,0,1000.0,0,0,0,0,2.42,37.3,-1.0,0,37.3,0.0,37.3,0.0,0.0,0.0,217.44,-0.01
12/20/2024,16:38:59,0.0,0.0,404.0,37.3,0.0,0.0,0.0,0.0,-0.01,0,1.21,2.42,0,0.0,0,217.48,0,0,0,0,0,0,0,0,0,1000.0,0,0,0,0,2.42,37.3,-1.0,0,37.3,0.0,37.3,0.0,0.0,0.0,217.48,-0.01
12/20/2024,16:39:0,0.0,0.0,404.0,37.3,0.0,0.0,0.0,0.0,-0.01,0,1.21,2.42,0,0.0,0,217.48,0,0,0,0,0,0,0,0,0,1000.0,0,0,0,0,2.42,37.3,-1.0,0,37.3,0.0,37.3,0.0,0.0,0.0,217.48,-0.01
12/20/2024,16:39:1,0.0,0.0,404.0,37.3,0.0,0.0,0.0,0.0,-0.01,0,1.21,2.42,0,0.0,0,217.51,0,0,0,0,0,0,0,0,0,1000.0,0,0,0,0,2.42,37.3,-1.0,0,37.3,0.0,37.3,0.0,0.0,0.0,217.51,-0.01
12/20/2024,16:39:2,0.0,0.0,404.0,37.3,0.0,0.0,0.0,0.0,-0.01,0,1.21,2.42,0,0.0,0,217.59,0,0,0,0,0,0,0,0,0,1000.0,0,0,0,0,2.42,37.3,-1.0,0,37.3,0.0,37.3,0.0,0.0,0.0,217.59,-0.01
12/20/2024,16:39:3,0.0,0.0,404.0,37.3,0.0,0.0,0.0,0.0,-0.01,0,1.21,2.42,0,0.0,0,217.59,0,0,0,0,0,0,0,0,0,1000.0,0,0,0,0,2.42,37.3,-1.0,0,37.3,0.0,37.3,0.0,0.0,0.0,217.59,-0.01
12/20/2024,16:39:4,0.0,0.0,404.0,37.3,0.0,0.0,0.0,0.0,-0.01,0,1.21,2.42,0,0.0,0,217.62,0,0,0,0,0,0,0,0,0,1000.0,0,0,0,0,2.42,37.3,-1.0,0,37.3,0.0,37.3,0.0,0.0,0.0,217.62,-0.01
12/20/2024,16:39:5,0.0,0.0,404.0,37.3,0.0,0.0,0.0,0.0,-0.01,0,1.21,2.42,0,0.0,0,217.7,0,0,0,0,0,0,0,0,0,1000.0,0,0,0,0,2.42,37.3,-1.0,0,37.3,0.0,37.3,0.0,0.0,0.0,217.7,-0.01
12/20/2024,16:39:6,0.0,0.0,404.0,37.3,0.0,0.0,0.0,0.0,-0.01,0,1.21,2.42,0,0.0,0,217.7,0,0,0,0,0,0,0,0,0,1000.0,0,0,0,0,2.42,37.3,-1.0,0,37.3,0.0,37.3,0.0,0.0,0.0,217.7,-0.01
12/20/2024,16:39:7,0.0,0.0,404.0,37.3,0.0,0.0,0.0,0.0,-0.01,0,1.21,2.42,0,0.0,0,217.74,0,0,0,0,0,0,0,0,0,1000.0,0,0,0,0,2.42,37.3,-1.0,0,37.3,0.0,37.3,0.0,0.0,0.0,217.74,-0.01
12/20/2024,16:39:8,0.0,0.0,404.0,37.3,0.0,0.0,0.0,0.0,-0.01,0,1.21,2.42,0,0.0,0,217.81,0,0,0,0,0,0,0,0,0,1000.0,0,0,0,0,2.42,37.3,-1.0,0,37.3,0.0,37.3,0.0,0.0,0.0,217.81,-0.01
12/20/2024,16:39:9,0.0,0.0,404.0,37.3,0.0,0.0,0.0,0.0,-0.01,0,1.21,2.42,0,0.0,0,217.85,0,0,0,0,0,0,0,0,0,1000.0,0,0,0,0,2.42,37.3,-1.0,0,37.3,0.0,37.3,0.0,0.0,0.0,217.85,-0.01
12/20/2024,16:39:10,0.0,0.0,404.0,37.3,0.0,0.0,0.0,0.0,-0.01,0,1.21,2.42,0,0.0,0,217.89,0,0,0,0,0,0,0,0,0,1000.0,0,0,0,0,2.42,37.3,-1.0,0,37.3,0.0,37.3,0.0,0.0,0.0,217.89,-0.01
12/20/2024,16:39:11,0.0,0.0,404.0,37.3,0.0,0.0,0.0,0.0,-0.01,0,1.21,2.42,0,0.0,0,217.92,0,0,0,0,0,0,0,0,0,1000.0,0,0,0,0,2.42,37.3,-1.0,0,37.3,0.0,37.3,0.0,0.0,0.0,217.92,-0.01
12/20/2024,16:39:12,0.0,0.0,404.0,37.3,0.0,0.0,0.0,0.0,-0.01,0,1.21,2.42,0,0.0,0,217.96,0,0,0,0,0,0,0,0,0,1000.0,0,0,0,0,2.42,37.3,-1.0,0,37.3,0.0,37.3,0.0,0.0,0.0,217.96,-0.01
12/20/2024,16:39:13,0.0,0.0,404.0,37.3,0.0,0.0,0.0,0.0,-0.01,0,1.21,2.42,0,0.0,0,218.0,0,0,0,0,0,0,0,0,0,1000.0,0,0,0,0,2.42,37.3,-1.0,0,37.3,0.0,37.3,0.0,0.0,0.0,218.0,-0.01
12/20/2024,16:39:14,0.0,0.0,404.0,37.3,0.0,0.0,0.0,0.0,-0.01,0,1.21,2.42,0,0.0,0,218.03,0,0,0,0,0,0,0,0,0,1000.0,0,0,0,0,2.42,37.3,-1.0,0,37.3,0.0,37.3,0.0,0.0,0.0,218.03,-0.01
12/20/2024,16:39:15,0.0,0.0,404.0,37.3,0.0,0.0,0.0,0.0,-0.01,0,1.21,2.42,0,0.0,0,218.07,0,0,0,0,0,0,0,0,0,1000.0,0,0,0,0,2.42,37.3,-1.0,0,37.3,0.0,37.3,0.0,0.0,0.0,218.07,-0.01
12/20/2024,16:39:16,0.0,0.0,404.0,37.3,0.0,0.0,0.0,0.0,-0.01,0,1.21,2.42,0,0.0,0,218.11,0,0,0,0,0,0,0,0,0,1000.0,0,0,0,0,2.42,37.3,-1.0,0,37.3,0.0,37.3,0.0,0.0,0.0,218.11,-0.01
12/20/2024,16:39:17,0.0,0.0,404.0,37.3,0.0,0.0,0.0,0.0,-0.01,0,1.21,2.42,0,0.0,0,218.11,0,0,0,0,0,0,0,0,0,1000.0,0,0,0,0,2.42,37.3,-1.0,0,37.3,0.0,37.3,0.0,0.0,0.0,218.11,-0.01
12/20/2024,16:39:18,0.0,0.0,404.0,37.3,0.0,0.0,0.0,0.0,-0.01,0,1.21,2.42,0,0.0,0,218.18,0,0,0,0,0,0,0,0,0,1000.0,0,0,0,0,2.42,37.3,-1.0,0,37.3,0.0,37.3,0.0,0.0,0.0,218.18,-0.01
12/20/2024,16:39:19,0.0,0.0,404.0,37.3,0.0,0.0,0.0,0.0,-0.01,0,1.21,2.42,0,0.0,0,218.18,0,0,0,0,0,0,0,0,0,1000.0,0,0,0,0,2.42,37.3,-1.0,0,37.3,0.0,37.3,0.0,0.0,0.0,218.18,-0.01
12/20/2024,16:39:20,0.0,0.0,404.0,37.3,0.0,0.0,0.0,0.0,-0.01,0,1.21,2.42,0,0.0,0,218.22,0,0,0,0,0,0,0,0,0,1000.0,0,0,0,0,2.42,37.3,-1.0,0,37.3,0.0,37.3,0.0,0.0,0.0,218.22,-0.01
12/20/2024,16:39:21,0.0,0.0,404.0,37.3,0.0,0.0,0.0,0.0,-0.01,0,1.21,2.42,0,0.0,0,218.3,0,0,0,0,0,0,0,0,0,1000.0,0,0,0,0,2.42,37.3,-1.0,0,37.3,0.0,37.3,0.0,0.0,0.0,218.3,-0.01
12/20/2024,16:39:22,0.0,0.0,404.0,37.3,0.0,0.0,0.0,0.0,-0.01,0,1.21,2.42,0,0.0,0,218.3,0,0,0,0,0,0,0,0,0,1000.0,0,0,0,0,2.42,37.3,-1.0,0,37.3,0.0,37.3,0.0,0.0,0.0,218.3,-0.01
12/20/2024,16:39:23,0.0,0.0,404.0,37.3,0.0,0.0,0.0,0.0,-0.01,0,1.21,2.42,0,0.0,0,218.33,0,0,0,0,0,0,0,0,0,1000.0,0,0,0,0,2.42,37.3,-1.0,0,37.3,0.0,37.3,0.0,0.0,0.0,218.33,-0.01
12/20/2024,16:39:24,0.0,0.0,404.0,37.3,0.0,0.0,0.0,0.0,-0.01,0,1.21,2.42,0,0.0,0,218.41,0,0,0,0,0,0,0,0,0,1000.0,0,0,0,0,2.42,37.3,-1.0,0,37.3,0.0,37.3,0.0,0.0,0.0,218.41,-0.01
12/20/2024,16:39:25,0.0,0.0,404.0,37.3,0.0,0.0,0.0,0.0,-0.01,0,1.21,2.42,0,0.0,0,218.41,0,0,0,0,0,0,0,0,0,1000.0,0,0,0,0,2.42,37.3,-1.0,0,37.3,0.0,37.3,0.0,0.0,0.0,218.41,-0.01
12/20/2024,16:39:26,0.0,0.0,404.0,37.3,0.0,0.0,0.0,0.0,-0.01,0,1.21,2.42,0,0.0,0,218.48,0,0,0,0,0,0,0,0,0,1000.0,0,0,0,0,2.42,37.3,-1.0,0,37.3,0.0,37.3,0.0,0.0,0.0,218.48,-0.01
12/20/2024,16:39:27,0.0,0.0,404.0,37.3,0.0,0.0,0.0,0.0,-0.01,0,1.21,2.42,0,0.0,0,218.48,0,0,0,0,0,0,0,0,0,1000.0,0,0,0,0,2.42,37.3,-1.0,0,37.3,0.0,37.3,0.0,0.0,0.0,218.48,-0.01
12/20/2024,16:39:28,0.0,0.0,404.0,37.3,0.0,0.0,0.0,0.0,-0.01,0,1.21,2.42,0,0.0,0,218.52,0,0,0,0,0,0,0,0,0,1000.0,0,0,0,0,2.42,37.3,-1.0,0,37.3,0.0,37.3,0.0,0.0,0.0,218.52,-0.01
12/20/2024,16:39:29,0.0,0.0,404.0,37.3,0.0,0.0,0.0,0.0,-0.01,0,1.21,2.42,0,0.0,0,218.59,0,0,0,0,0,0,0,0,0,1000.0,0,0,0,0,2.42,37.3,-1.0,0,37.3,0.0,37.3,0.0,0.0,0.0,218.59,-0.01
12/20/2024,16:39:30,0.0,0.0,404.0,37.3,0.0,0.0,0.0,0.0,-0.01,0,1.21,2.42,0,0.0,0,218.63,0,0,0,0,0,0,0,0,0,1000.0,0,0,0,0,2.42,37.3,-1.0,0,37.3,0.0,37.3,0.0,0.0,0.0,218.63,-0.01
12/20/2024,16:39:31,0.0,0.0,404.0,37.3,0.0,0.0,0.0,0.0,-0.01,0,1.21,2.42,0,0.0,0,218.67,0,0,0,0,0,0,0,0,0,1000.0,0,0,0,0,2.42,37.3,-1.0,0,37.3,0.0,37.3,0.0,0.0,0.0,218.67,-0.01
12/20/2024,16:39:32,0.0,0.0,404.0,37.3,0.0,0.0,0.0,0.0,-0.01,0,1.21,2.42,0,0.0,0,218.71,0,0,0,0,0,0,0,0,0,1000.0,0,0,0,0,2.42,37.3,-1.0,0,37.3,0.0,37.3,0.0,0.0,0.0,218.71,-0.01
12/20/2024,16:39:33,0.0,0.0,404.0,37.3,0.0,0.0,0.0,0.0,-0.01,0,1.21,2.42,0,0.0,0,218.74,0,0,0,0,0,0,0,0,0,1000.0,0,0,0,0,2.42,37.3,-1.0,0,37.3,0.0,37.3,0.0,0.0,0.0,218.74,-0.01
12/20/2024,16:39:34,0.0,0.0,404.0,37.3,0.0,0.0,0.0,0.0,-0.01,0,1.21,2.42,0,0.0,0,218.78,0,0,0,0,0,0,0,0,0,1000.0,0,0,0,0,2.42,37.3,-1.0,0,37.3,0.0,37.3,0.0,0.0,0.0,218.78,-0.01
12/20/2024,16:39:35,0.0,0.0,404.0,37.3,0.0,0.0,0.0,0.0,-0.01,0,1.21,2.42,0,0.0,0,218.82,0,0,0,0,0,0,0,0,0,1000.0,0,0,0,0,2.42,37.3,-1.0,0,37.3,0.0,37.3,0.0,0.0,0.0,218.82,-0.01
12/20/2024,16:39:36,0.0,0.0,404.0,37.3,0.0,0.0,0.0,0.0,-0.01,0,1.21,2.42,0,0.0,0,218.82,0,0,0,0,0,0,0,0,0,1000.0,0,0,0,0,2.42,37.3,-1.0,0,37.3,0.0,37.3,0.0,0.0,0.0,218.82,-0.01
12/20/2024,16:39:37,0.0,0.0,404.0,37.3,0.0,0.0,0.0,0.0,-0.01,0,1.21,2.42,0,0.0,0,218.86,0,0,0,0,0,0,0,0,0,1000.0,0,0,0,0,2.42,37.3,-1.0,0,37.3,0.0,37.3,0.0,0.0,0.0,218.86,-0.01
12/20/2024,16:39:38,0.0,0.0,404.0,37.3,0.0,0.0,0.0,0.0,-0.01,0,1.21,2.42,0,0.0,0,218.93,0,0,0,0,0,0,0,0,0,1000.0,0,0,0,0,2.42,37.3,-1.0,0,37.3,0.0,37.3,0.0,0.0,0.0,218.93,-0.01
12/20/2024,16:39:39,0.0,0.0,404.0,37.3,0.0,0.0,0.0,0.0,-0.01,0,1.21,2.42,0,0.0,0,218.97,0,0,0,0,0,0,0,0,0,1000.0,0,0,0,0,2.42,37.3,-1.0,0,37.3,0.0,37.3,0.0,0.0,0.0,218.97,-0.01
12/20/2024,16:39:40,0.0,0.0,404.0,37.3,0.0,0.0,0.0,0.0,-0.01,0,1.21,2.42,0,0.0,0,218.97,0,0,0,0,0,0,0,0,0,1000.0,0,0,0,0,2.42,37.3,-1.0,0,37.3,0.0,37.3,0.0,0.0,0.0,218.97,-0.01
12/20/2024,16:39:41,0.0,0.0,404.0,37.3,0.0,0.0,0.0,0.0,-0.01,0,1.21,2.42,0,0.0,0,219.0,0,0,0,0,0,0,0,0,0,1000.0,0,0,0,0,2.42,37.3,-1.0,0,37.3,0.0,37.3,0.0,0.0,0.0,219.0,-0.01
12/20/2024,16:39:42,0.0,0.0,404.0,37.3,0.0,0.0,0.0,0.0,-0.01,0,1.21,2.42,0,0.0,0,219.04,0,0,0,0,0,0,0,0,0,1000.0,0,0,0,0,2.42,37.3,-1.0,0,37.3,0.0,37.3,0.0,0.0,0.0,219.04,-0.01
12/20/2024,16:39:43,0.0,0.0,404.0,37.3,0.0,0.0,0.0,0.0,-0.01,0,1.21,2.42,0,0.0,0,219.08,0,0,0,0,0,0,0,0,0,1000.0,0,0,0,0,2.42,37.3,-1.0,0,37.3,0.0,37.3,0.0,0.0,0.0,219.08,-0.01
12/20/2024,16:39:44,0.0,0.0,404.0,37.3,0.0,0.0,0.0,0.0,-0.01,0,1.21,2.42,0,0.0,0,219.12,0,0,0,0,0,0,0,0,0,1000.0,0,0,0,0,2.42,37.3,-1.0,0,37.3,0.0,37.3,0.0,0.0,0.0,219.12,-0.01
12/20/2024,16:39:45,0.0,0.0,404.0,37.3,0.0,0.0,0.0,0.0,-0.01,0,1.21,2.42,0,0.0,0,219.15,0,0,0,0,0,0,0,0,0,1000.0,0,0,0,0,2.42,37.3,-1.0,0,37.3,0.0,37.3,0.0,0.0,0.0,219.15,-0.01
12/20/2024,16:39:46,0.0,0.0,404.0,37.3,0.0,0.0,0.0,0.0,-0.01,0,1.21,2.42,0,0.0,0,219.23,0,0,0,0,0,0,0,0,0,1000.0,0,0,0,0,2.42,37.3,-1.0,0,37.3,0.0,37.3,0.0,0.0,0.0,219.23,-0.01
12/20/2024,16:39:47,0.0,0.0,404.0,37.3,0.0,0.0,0.0,0.0,-0.01,0,1.21,2.42,0,0.0,0,219.27,0,0,0,0,0,0,0,0,0,1000.0,0,0,0,0,2.42,37.3,-1.0,0,37.3,0.0,37.3,0.0,0.0,0.0,219.27,-0.01
12/20/2024,16:39:48,0.0,0.0,404.0,37.4,0.0,0.0,0.0,0.0,-0.01,0,1.21,2.42,0,0.0,0,219.3,0,0,0,0,0,0,0,0,0,1000.0,0,0,0,0,2.42,37.4,-1.0,0,37.4,0.0,37.4,0.0,0.0,0.0,219.3,-0.01
12/20/2024,16:39:49,0.0,0.0,404.0,37.3,0.0,0.0,0.0,0.0,-0.01,0,1.21,2.42,0,0.0,0,219.34,0,0,0,0,0,0,0,0,0,1000.0,0,0,0,0,2.42,37.3,-1.0,0,37.3,0.0,37.3,0.0,0.0,0.0,219.34,-0.01
12/20/2024,16:39:50,0.0,0.0,404.0,37.3,0.0,0.0,0.0,0.0,-0.01,0,1.21,2.42,0,0.0,0,219.38,0,0,0,0,0,0,0,0,0,1000.0,0,0,0,0,2.42,37.3,-1.0,0,37.3,0.0,37.3,0.0,0.0,0.0,219.38,-0.01
12/20/2024,16:39:51,0.0,0.0,404.0,37.3,0.0,0.0,0.0,0.0,-0.01,0,1.21,2.42,0,0.0,0,219.41,0,0,0,0,0,0,0,0,0,1000.0,0,0,0,0,2.42,37.3,-1.0,0,37.3,0.0,37.3,0.0,0.0,0.0,219.41,-0.01
12/20/2024,16:39:52,0.0,0.0,404.0,37.3,0.0,0.0,0.0,0.0,-0.01,0,1.21,2.42,0,0.0,0,219.45,0,0,0,0,0,0,0,0,0,1000.0,0,0,0,0,2.42,37.3,-1.0,0,37.3,0.0,37.3,0.0,0.0,0.0,219.45,-0.01
12/20/2024,16:39:53,0.0,0.0,404.0,37.3,0.0,0.0,0.0,0.0,-0.01,0,1.21,2.42,0,0.0,0,219.49,0,0,0,0,0,0,0,0,0,1000.0,0,0,0,0,2.42,37.3,-1.0,0,37.3,0.0,37.3,0.0,0.0,0.0,219.49,-0.01
12/20/2024,16:39:54,0.0,0.0,404.0,37.3,0.0,0.0,0.0,0.0,-0.01,0,1.21,2.42,0,0.0,0,219.53,0,0,0,0,0,0,0,0,0,1000.0,0,0,0,0,2.42,37.3,-1.0,0,37.3,0.0,37.3,0.0,0.0,0.0,219.53,-0.01
12/20/2024,16:39:55,0.0,0.0,404.0,37.3,0.0,0.0,0.0,0.0,-0.01,0,1.21,2.42,0,0.0,0,219.56,0,0,0,0,0,0,0,0,0,1000.0,0,0,0,0,2.42,37.3,-1.0,0,37.3,0.0,37.3,0.0,0.0,0.0,219.56,-0.01
12/20/2024,16:39:56,0.0,0.0,404.0,37.3,0.0,0.0,0.0,0.0,-0.01,0,1.21,2.42,0,0.0,0,219.6,0,0,0,0,0,0,0,0,0,1000.0,0,0,0,0,2.42,37.3,-1.0,0,37.3,0.0,37.3,0.0,0.0,0.0,219.6,-0.01
12/20/2024,16:39:57,0.0,0.0,404.0,37.3,0.0,0.0,0.0,0.0,-0.01,0,1.21,2.42,0,0.0,0,219.64,0,0,0,0,0,0,0,0,0,1000.0,0,0,0,0,2.42,37.3,-1.0,0,37.3,0.0,37.3,0.0,0.0,0.0,219.64,-0.01
12/20/2024,16:39:58,0.0,0.0,404.0,37.3,0.0,0.0,0.0,0.0,-0.01,0,1.21,2.42,0,0.0,0,219.68,0,0,0,0,0,0,0,0,0,1000.0,0,0,0,0,2.42,37.3,-1.0,0,37.3,0.0,37.3,0.0,0.0,0.0,219.68,-0.01
12/20/2024,16:39:59,0.0,0.0,404.0,37.3,0.0,0.0,0.0,0.0,-0.01,0,1.21,2.42,0,0.0,0,219.71,0,0,0,0,0,0,0,0,0,1000.0,0,0,0,0,2.42,37.3,-1.0,0,37.3,0.0,37.3,0.0,0.0,0.0,219.71,-0.01
12/20/2024,16:40:0,0.0,0.0,404.0,37.3,0.0,0.0,0.0,0.0,-0.01,0,1.21,2.42,0,0.0,0,219.75,0,0,0,0,0,0,0,0,0,1000.0,0,0,0,0,2.42,37.3,-1.0,0,37.3,0.0,37.3,0.0,0.0,0.0,219.75,-0.01
12/20/2024,16:40:1,0.0,0.0,404.0,37.3,0.0,0.0,0.0,0.0,-0.01,0,1.21,2.42,0,0.0,0,219.79,0,0,0,0,0,0,0,0,0,1000.0,0,0,0,0,2.42,37.3,-1.0,0,37.3,0.0,37.3,0.0,0.0,0.0,219.79,-0.01
12/20/2024,16:40:2,0.0,0.0,404.0,37.3,0.0,0.0,0.0,0.0,-0.01,0,1.21,2.42,0,0.0,0,219.83,0,0,0,0,0,0,0,0,0,1000.0,0,0,0,0,2.42,37.3,-1.0,0,37.3,0.0,37.3,0.0,0.0,0.0,219.83,-0.01
12/20/2024,16:40:3,0.0,0.0,404.0,37.3,0.0,0.0,0.0,0.0,-0.01,0,1.21,2.42,0,0.0,0,219.86,0,0,0,0,0,0,0,0,0,1000.0,0,0,0,0,2.42,37.3,-1.0,0,37.3,0.0,37.3,0.0,0.0,0.0,219.86,-0.01
12/20/2024,16:40:4,0.0,0.0,404.0,37.3,0.0,0.0,0.0,0.0,-0.01,0,1.21,2.42,0,0.0,0,219.9,0,0,0,0,0,0,0,0,0,1000.0,0,0,0,0,2.42,37.3,-1.0,0,37.3,0.0,37.3,0.0,0.0,0.0,219.9,-0.01
12/20/2024,16:40:5,0.0,0.0,404.0,37.3,0.0,0.0,0.0,0.0,-0.01,0,1.21,2.42,0,0.0,0,219.94,0,0,0,0,0,0,0,0,0,1000.0,0,0,0,0,2.42,37.3,-1.0,0,37.3,0.0,37.3,0.0,0.0,0.0,219.94,-0.01
12/20/2024,16:40:6,0.0,0.0,404.0,37.3,0.0,0.0,0.0,0.0,-0.01,0,1.21,2.42,0,0.0,0,219.97,0,0,0,0,0,0,0,0,0,1000.0,0,0,0,0,2.42,37.3,-1.0,0,37.3,0.0,37.3,0.0,0.0,0.0,219.97,-0.01
12/20/2024,16:40:7,0.0,0.0,404.0,37.3,0.0,0.0,0.0,0.0,-0.01,0,1.21,2.42,0,0.0,0,220.01,0,0,0,0,0,0,0,0,0,1000.0,0,0,0,0,2.42,37.3,-1.0,0,37.3,0.0,37.3,0.0,0.0,0.0,220.01,-0.01
12/20/2024,16:40:8,0.0,0.0,404.0,37.3,0.0,0.0,0.0,0.0,-0.01,0,1.21,2.42,0,0.0,0,220.01,0,0,0,0,0,0,0,0,0,1000.0,0,0,0,0,2.42,37.3,-1.0,0,37.3,0.0,37.3,0.0,0.0,0.0,220.01,-0.01
12/20/2024,16:40:9,0.0,0.0,404.0,37.3,0.0,0.0,0.0,0.0,-0.01,0,1.21,2.42,0,0.0,0,220.09,0,0,0,0,0,0,0,0,0,1000.0,0,0,0,0,2.42,37.3,-1.0,0,37.3,0.0,37.3,0.0,0.0,0.0,220.09,-0.01
12/20/2024,16:40:10,0.0,0.0,404.0,37.3,0.0,0.0,0.0,0.0,-0.01,0,1.21,2.42,0,0.0,0,220.09,0,0,0,0,0,0,0,0,0,1000.0,0,0,0,0,2.42,37.3,-1.0,0,37.3,0.0,37.3,0.0,0.0,0.0,220.09,-0.01
12/20/2024,16:40:11,0.0,0.0,404.0,37.3,0.0,0.0,0.0,0.0,-0.01,0,1.21,2.42,0,0.0,0,220.16,0,0,0,0,0,0,0,0,0,1000.0,0,0,0,0,2.42,37.3,-1.0,0,37.3,0.0,37.3,0.0,0.0,0.0,220.16,-0.01
12/20/2024,16:40:12,0.0,0.0,404.0,37.3,0.0,0.0,0.0,0.0,-0.01,0,1.21,2.42,0,0.0,0,220.16,0,0,0,0,0,0,0,0,0,1000.0,0,0,0,0,2.42,37.3,-1.0,0,37.3,0.0,37.3,0.0,0.0,0.0,220.16,-0.01
12/20/2024,16:40:13,0.0,0.0,404.0,37.3,0.0,0.0,0.0,0.0,-0.01,0,1.21,2.42,0,0.0,0,220.24,0,0,0,0,0,0,0,0,0,1000.0,0,0,0,0,2.42,37.3,-1.0,0,37.3,0.0,37.3,0.0,0.0,0.0,220.24,-0.01
12/20/2024,16:40:14,0.0,0.0,404.0,37.3,0.0,0.0,0.0,0.0,-0.01,0,1.21,2.42,0,0.0,0,220.24,0,0,0,0,0,0,0,0,0,1000.0,0,0,0,0,2.42,37.3,-1.0,0,37.3,0.0,37.3,0.0,0.0,0.0,220.24,-0.01
12/20/2024,16:40:15,0.0,0.0,404.0,37.3,0.0,0.0,0.0,0.0,-0.01,0,1.21,2.42,0,0.0,0,220.31,0,0,0,0,0,0,0,0,0,1000.0,0,0,0,0,2.42,37.3,-1.0,0,37.3,0.0,37.3,0.0,0.0,0.0,220.31,-0.01
12/20/2024,16:40:16,0.0,0.0,404.0,37.3,0.0,0.0,0.0,0.0,-0.01,0,1.21,2.42,0,0.0,0,220.31,0,0,0,0,0,0,0,0,0,1000.0,0,0,0,0,2.42,37.3,-1.0,0,37.3,0.0,37.3,0.0,0.0,0.0,220.31,-0.01
12/20/2024,16:40:17,0.0,0.0,404.0,37.3,0.0,0.0,0.0,0.0,-0.01,0,1.21,2.42,0,0.0,0,220.38,0,0,0,0,0,0,0,0,0,1000.0,0,0,0,0,2.42,37.3,-1.0,0,37.3,0.0,37.3,0.0,0.0,0.0,220.38,-0.01
12/20/2024,16:40:18,0.0,0.0,404.0,37.3,0.0,0.0,0.0,0.0,-0.01,0,1.21,2.42,0,0.0,0,220.38,0,0,0,0,0,0,0,0,0,1000.0,0,0,0,0,2.42,37.3,-1.0,0,37.3,0.0,37.3,0.0,0.0,0.0,220.38,-0.01
12/20/2024,16:40:19,0.0,0.0,404.0,37.3,0.0,0.0,0.0,0.0,-0.01,0,1.21,2.42,0,0.0,0,220.46,0,0,0,0,0,0,0,0,0,1000.0,0,0,0,0,2.42,37.3,-1.0,0,37.3,0.0,37.3,0.0,0.0,0.0,220.46,-0.01
12/20/2024,16:40:20,0.0,0.0,404.0,37.3,0.0,0.0,0.0,0.0,-0.01,0,1.21,2.42,0,0.0,0,220.46,0,0,0,0,0,0,0,0,0,1000.0,0,0,0,0,2.42,37.3,-1.0,0,37.3,0.0,37.3,0.0,0.0,0.0,220.46,-0.01
12/20/2024,16:40:21,0.0,0.0,404.0,37.3,0.0,0.0,0.0,0.0,-0.01,0,1.21,2.42,0,0.0,0,220.5,0,0,0,0,0,0,0,0,0,1000.0,0,0,0,0,2.42,37.3,-1.0,0,37.3,0.0,37.3,0.0,0.0,0.0,220.5,-0.01
12/20/2024,16:40:22,0.0,0.0,404.0,37.3,0.0,0.0,0.0,0.0,-0.01,0,1.21,2.42,0,0.0,0,220.53,0,0,0,0,0,0,0,0,0,1000.0,0,0,0,0,2.42,37.3,-1.0,0,37.3,0.0,37.3,0.0,0.0,0.0,220.53,-0.01
12/20/2024,16:40:23,0.0,0.0,404.0,37.3,0.0,0.0,0.0,0.0,-0.01,0,1.21,2.42,0,0.0,0,220.57,0,0,0,0,0,0,0,0,0,1000.0,0,0,0,0,2.42,37.3,-1.0,0,37.3,0.0,37.3,0.0,0.0,0.0,220.57,-0.01
12/20/2024,16:40:24,0.0,0.0,404.0,37.3,0.0,0.0,0.0,0.0,-0.01,0,1.21,2.42,0,0.0,0,220.61,0,0,0,0,0,0,0,0,0,1000.0,0,0,0,0,2.42,37.3,-1.0,0,37.3,0.0,37.3,0.0,0.0,0.0,220.61,-0.01
12/20/2024,16:40:25,0.0,0.0,404.0,37.3,0.0,0.0,0.0,0.0,-0.01,0,1.21,2.42,0,0.0,0,220.65,0,0,0,0,0,0,0,0,0,1000.0,0,0,0,0,2.42,37.3,-1.0,0,37.3,0.0,37.3,0.0,0.0,0.0,220.65,-0.01
12/20/2024,16:40:26,0.0,0.0,404.0,37.3,0.0,0.0,0.0,0.0,-0.01,0,1.21,2.42,0,0.0,0,220.68,0,0,0,0,0,0,0,0,0,1000.0,0,0,0,0,2.42,37.3,-1.0,0,37.3,0.0,37.3,0.0,0.0,0.0,220.68,-0.01
12/20/2024,16:40:27,0.0,0.0,404.0,37.3,0.0,0.0,0.0,0.0,-0.01,0,1.21,2.42,0,0.0,0,220.72,0,0,0,0,0,0,0,0,0,1000.0,0,0,0,0,2.42,37.3,-1.0,0,37.3,0.0,37.3,0.0,0.0,0.0,220.72,-0.01
12/20/2024,16:40:28,0.0,0.0,404.0,37.3,0.0,0.0,0.0,0.0,-0.01,0,1.21,2.42,0,0.0,0,220.76,0,0,0,0,0,0,0,0,0,1000.0,0,0,0,0,2.42,37.3,-1.0,0,37.3,0.0,37.3,0.0,0.0,0.0,220.76,-0.01
12/20/2024,16:40:29,0.0,0.0,404.0,37.3,0.0,0.0,0.0,0.0,-0.01,0,1.21,2.42,0,0.0,0,220.83,0,0,0,0,0,0,0,0,0,1000.0,0,0,0,0,2.42,37.3,-1.0,0,37.3,0.0,37.3,0.0,0.0,0.0,220.83,-0.01
12/20/2024,16:40:30,0.0,0.0,404.0,37.3,0.0,0.0,0.0,0.0,-0.01,0,1.21,2.42,0,0.0,0,220.87,0,0,0,0,0,0,0,0,0,1000.0,0,0,0,0,2.42,37.3,-1.0,0,37.3,0.0,37.3,0.0,0.0,0.0,220.87,-0.01
12/20/2024,16:40:31,0.0,0.0,404.0,37.3,0.0,0.0,0.0,0.0,-0.01,0,1.21,2.42,0,0.0,0,220.91,0,0,0,0,0,0,0,0,0,1000.0,0,0,0,0,2.42,37.3,-1.0,0,37.3,0.0,37.3,0.0,0.0,0.0,220.91,-0.01
12/20/2024,16:40:32,0.0,0.0,404.0,37.3,0.0,0.0,0.0,0.0,-0.01,0,1.21,2.42,0,0.0,0,220.94,0,0,0,0,0,0,0,0,0,1000.0,0,0,0,0,2.42,37.3,-1.0,0,37.3,0.0,37.3,0.0,0.0,0.0,220.94,-0.01
12/20/2024,16:40:33,0.0,0.0,404.0,37.3,0.0,0.0,0.0,0.0,-0.01,0,1.21,2.42,0,0.0,0,220.98,0,0,0,0,0,0,0,0,0,1000.0,0,0,0,0,2.42,37.3,-1.0,0,37.3,0.0,37.3,0.0,0.0,0.0,220.98,-0.01
12/20/2024,16:40:34,0.0,0.0,404.0,37.3,0.0,0.0,0.0,0.0,-0.01,0,1.21,2.42,0,0.0,0,221.02,0,0,0,0,0,0,0,0,0,1000.0,0,0,0,0,2.42,37.3,-1.0,0,37.3,0.0,37.3,0.0,0.0,0.0,221.02,-0.01
12/20/2024,16:40:35,0.0,0.0,404.0,37.3,0.0,0.0,0.0,0.0,-0.01,0,1.21,2.42,0,0.0,0,221.06,0,0,0,0,0,0,0,0,0,1000.0,0,0,0,0,2.42,37.3,-1.0,0,37.3,0.0,37.3,0.0,0.0,0.0,221.06,-0.01
12/20/2024,16:40:36,0.0,0.0,404.0,37.3,0.0,0.0,0.0,0.0,-0.01,0,1.21,2.42,0,0.0,0,221.09,0,0,0,0,0,0,0,0,0,1000.0,0,0,0,0,2.42,37.3,-1.0,0,37.3,0.0,37.3,0.0,0.0,0.0,221.09,-0.01
12/20/2024,16:40:37,0.0,0.0,404.0,37.3,0.0,0.0,0.0,0.0,-0.01,0,1.21,2.42,0,0.0,0,221.13,0,0,0,0,0,0,0,0,0,1000.0,0,0,0,0,2.42,37.3,-1.0,0,37.3,0.0,37.3,0.0,0.0,0.0,221.13,-0.01
12/20/2024,16:40:38,0.0,0.0,404.0,37.3,0.0,0.0,0.0,0.0,-0.01,0,1.21,2.42,0,0.0,0,221.17,0,0,0,0,0,0,0,0,0,1000.0,0,0,0,0,2.42,37.3,-1.0,0,37.3,0.0,37.3,0.0,0.0,0.0,221.17,-0.01
12/20/2024,16:40:39,0.0,0.0,404.0,37.3,0.0,0.0,0.0,0.0,-0.01,0,1.21,2.42,0,0.0,0,221.21,0,0,0,0,0,0,0,0,0,1000.0,0,0,0,0,2.42,37.3,-1.0,0,37.3,0.0,37.3,0.0,0.0,0.0,221.21,-0.01
12/20/2024,16:40:40,0.0,0.0,404.0,37.3,0.0,0.0,0.0,0.0,-0.01,0,1.21,2.42,0,0.0,0,221.24,0,0,0,0,0,0,0,0,0,1000.0,0,0,0,0,2.42,37.3,-1.0,0,37.3,0.0,37.3,0.0,0.0,0.0,221.24,-0.01
12/20/2024,16:40:41,0.0,0.0,404.0,37.3,0.0,0.0,0.0,0.0,-0.01,0,1.21,2.42,0,0.0,0,221.28,0,0,0,0,0,0,0,0,0,1000.0,0,0,0,0,2.42,37.3,-1.0,0,37.3,0.0,37.3,0.0,0.0,0.0,221.28,-0.01
12/20/2024,16:40:42,0.0,0.0,404.0,37.3,0.0,0.0,0.0,0.0,-0.01,0,1.21,2.42,0,0.0,0,221.32,0,0,0,0,0,0,0,0,0,1000.0,0,0,0,0,2.42,37.3,-1.0,0,37.3,0.0,37.3,0.0,0.0,0.0,221.32,-0.01
12/20/2024,16:40:43,0.0,0.0,404.0,37.3,0.0,0.0,0.0,0.0,-0.01,0,1.21,2.42,0,0.0,0,221.35,0,0,0,0,0,0,0,0,0,1000.0,0,0,0,0,2.42,37.3,-1.0,0,37.3,0.0,37.3,0.0,0.0,0.0,221.35,-0.01
12/20/2024,16:40:44,0.0,0.0,404.0,37.3,0.0,0.0,0.0,0.0,-0.01,0,1.21,2.42,0,0.0,0,221.39,0,0,0,0,0,0,0,0,0,1000.0,0,0,0,0,2.42,37.3,-1.0,0,37.3,0.0,37.3,0.0,0.0,0.0,221.39,-0.01
12/20/2024,16:40:45,0.0,0.0,404.0,37.3,0.0,0.0,0.0,0.0,-0.01,0,1.21,2.42,0,0.0,0,221.43,0,0,0,0,0,0,0,0,0,1000.0,0,0,0,0,2.42,37.3,-1.0,0,37.3,0.0,37.3,0.0,0.0,0.0,221.43,-0.01
12/20/2024,16:40:46,0.0,0.0,404.0,37.3,0.0,0.0,0.0,0.0,-0.01,0,1.21,2.42,0,0.0,0,221.47,0,0,0,0,0,0,0,0,0,1000.0,0,0,0,0,2.42,37.3,-1.0,0,37.3,0.0,37.3,0.0,0.0,0.0,221.47,-0.01
12/20/2024,16:40:47,0.0,0.0,404.0,37.3,0.0,0.0,0.0,0.0,-0.01,0,1.21,2.42,0,0.0,0,221.5,0,0,0,0,0,0,0,0,0,1000.0,0,0,0,0,2.42,37.3,-1.0,0,37.3,0.0,37.3,0.0,0.0,0.0,221.5,-0.01
12/20/2024,16:40:48,0.0,0.0,404.0,37.3,0.0,0.0,0.0,0.0,-0.01,0,1.21,2.42,0,0.0,0,221.5,0,0,0,0,0,0,0,0,0,1000.0,0,0,0,0,2.42,37.3,-1.0,0,37.3,0.0,37.3,0.0,0.0,0.0,221.5,-0.01
12/20/2024,16:40:49,0.0,0.0,404.0,37.3,0.0,0.0,0.0,0.0,-0.01,0,1.21,2.42,0,0.0,0,221.58,0,0,0,0,0,0,0,0,0,1000.0,0,0,0,0,2.42,37.3,-1.0,0,37.3,0.0,37.3,0.0,0.0,0.0,221.58,-0.01
12/20/2024,16:40:50,0.0,0.0,404.0,37.3,0.0,0.0,0.0,0.0,-0.01,0,1.21,2.42,0,0.0,0,221.62,0,0,0,0,0,0,0,0,0,1000.0,0,0,0,0,2.42,37.3,-1.0,0,37.3,0.0,37.3,0.0,0.0,0.0,221.62,-0.01
12/20/2024,16:40:51,0.0,0.0,404.0,37.3,0.0,0.0,0.0,0.0,-0.01,0,1.21,2.42,0,0.0,0,221.65,0,0,0,0,0,0,0,0,0,1000.0,0,0,0,0,2.42,37.3,-1.0,0,37.3,0.0,37.3,0.0,0.0,0.0,221.65,-0.01
12/20/2024,16:40:52,0.0,0.0,404.0,37.3,0.0,0.0,0.0,0.0,-0.01,0,1.21,2.42,0,0.0,0,221.69,0,0,0,0,0,0,0,0,0,1000.0,0,0,0,0,2.42,37.3,-1.0,0,37.3,0.0,37.3,0.0,0.0,0.0,221.69,-0.01
12/20/2024,16:40:53,0.0,0.0,404.0,37.3,0.0,0.0,0.0,0.0,-0.01,0,1.21,2.42,0,0.0,0,221.73,0,0,0,0,0,0,0,0,0,1000.0,0,0,0,0,2.42,37.3,-1.0,0,37.3,0.0,37.3,0.0,0.0,0.0,221.73,-0.01
12/20/2024,16:40:54,0.0,0.0,404.0,37.3,0.0,0.0,0.0,0.0,-0.01,0,1.21,2.42,0,0.0,0,221.76,0,0,0,0,0,0,0,0,0,1000.0,0,0,0,0,2.42,37.3,-1.0,0,37.3,0.0,37.3,0.0,0.0,0.0,221.76,-0.01
12/20/2024,16:40:55,0.0,0.0,404.0,37.3,0.0,0.0,0.0,0.0,-0.01,0,1.21,2.42,0,0.0,0,221.8,0,0,0,0,0,0,0,0,0,1000.0,0,0,0,0,2.42,37.3,-1.0,0,37.3,0.0,37.3,0.0,0.0,0.0,221.8,-0.01
12/20/2024,16:40:56,0.0,0.0,404.0,37.3,0.0,0.0,0.0,0.0,-0.01,0,1.21,2.42,0,0.0,0,221.84,0,0,0,0,0,0,0,0,0,1000.0,0,0,0,0,2.42,37.3,-1.0,0,37.3,0.0,37.3,0.0,0.0,0.0,221.84,-0.01
12/20/2024,16:40:57,0.0,0.0,404.0,37.3,0.0,0.0,0.0,0.0,-0.01,0,1.21,2.42,0,0.0,0,221.88,0,0,0,0,0,0,0,0,0,1000.0,0,0,0,0,2.42,37.3,-1.0,0,37.3,0.0,37.3,0.0,0.0,0.0,221.88,-0.01
12/20/2024,16:40:58,0.0,0.0,404.0,37.3,0.0,0.0,0.0,0.0,-0.01,0,1.21,2.42,0,0.0,0,221.91,0,0,0,0,0,0,0,0,0,1000.0,0,0,0,0,2.42,37.3,-1.0,0,37.3,0.0,37.3,0.0,0.0,0.0,221.91,-0.01
12/20/2024,16:40:59,0.0,0.0,404.0,37.3,0.0,0.0,0.0,0.0,-0.01,0,1.21,2.42,0,0.0,0,221.95,0,0,0,0,0,0,0,0,0,1000.0,0,0,0,0,2.42,37.3,-1.0,0,37.3,0.0,37.3,0.0,0.0,0.0,221.95,-0.01
12/20/2024,16:41:0,0.0,0.0,404.0,37.3,0.0,0.0,0.0,0.0,-0.01,0,1.21,2.42,0,0.0,0,221.99,0,0,0,0,0,0,0,0,0,1000.0,0,0,0,0,2.42,37.3,-1.0,0,37.3,0.0,37.3,0.0,0.0,0.0,221.99,-0.01
12/20/2024,16:41:1,0.0,0.0,404.0,37.3,0.0,0.0,0.0,0.0,-0.01,0,1.21,2.42,0,0.0,0,222.03,0,0,0,0,0,0,0,0,0,1000.0,0,0,0,0,2.42,37.3,-1.0,0,37.3,0.0,37.3,0.0,0.0,0.0,222.03,-0.01
12/20/2024,16:41:2,0.0,0.0,404.0,37.3,0.0,0.0,0.0,0.0,-0.01,0,1.21,2.42,0,0.0,0,222.06,0,0,0,0,0,0,0,0,0,1000.0,0,0,0,0,2.42,37.3,-1.0,0,37.3,0.0,37.3,0.0,0.0,0.0,222.06,-0.01
12/20/2024,16:41:3,0.0,0.0,404.0,37.3,0.0,0.0,0.0,0.0,-0.01,0,1.21,2.42,0,0.0,0,222.06,0,0,0,0,0,0,0,0,0,1000.0,0,0,0,0,2.42,37.3,-1.0,0,37.3,0.0,37.3,0.0,0.0,0.0,222.06,-0.01
12/20/2024,16:41:4,0.0,0.0,404.0,37.3,0.0,0.0,0.0,0.0,-0.01,0,1.21,2.42,0,0.0,0,222.14,0,0,0,0,0,0,0,0,0,1000.0,0,0,0,0,2.42,37.3,-1.0,0,37.3,0.0,37.3,0.0,0.0,0.0,222.14,-0.01
12/20/2024,16:41:5,0.0,0.0,404.0,37.3,0.0,0.0,0.0,0.0,-0.01,0,1.21,2.42,0,0.0,0,222.14,0,0,0,0,0,0,0,0,0,1000.0,0,0,0,0,2.42,37.3,-1.0,0,37.3,0.0,37.3,0.0,0.0,0.0,222.14,-0.01
12/20/2024,16:41:6,0.0,0.0,404.0,37.3,0.0,0.0,0.0,0.0,-0.01,0,1.21,2.42,0,0.0,0,222.21,0,0,0,0,0,0,0,0,0,1000.0,0,0,0,0,2.42,37.3,-1.0,0,37.3,0.0,37.3,0.0,0.0,0.0,222.21,-0.01
12/20/2024,16:41:7,0.0,0.0,404.0,37.3,0.0,0.0,0.0,0.0,-0.01,0,1.21,2.42,0,0.0,0,222.21,0,0,0,0,0,0,0,0,0,1000.0,0,0,0,0,2.42,37.3,-1.0,0,37.3,0.0,37.3,0.0,0.0,0.0,222.21,-0.01
12/20/2024,16:41:8,0.0,0.0,404.0,37.3,0.0,0.0,0.0,0.0,-0.01,0,1.21,2.42,0,0.0,0,222.29,0,0,0,0,0,0,0,0,0,1000.0,0,0,0,0,2.42,37.3,-1.0,0,37.3,0.0,37.3,0.0,0.0,0.0,222.29,-0.01
12/20/2024,16:41:9,0.0,0.0,404.0,37.3,0.0,0.0,0.0,0.0,-0.01,0,1.21,2.42,0,0.0,0,222.29,0,0,0,0,0,0,0,0,0,1000.0,0,0,0,0,2.42,37.3,-1.0,0,37.3,0.0,37.3,0.0,0.0,0.0,222.29,-0.01
12/20/2024,16:41:10,0.0,0.0,404.0,37.3,0.0,0.0,0.0,0.0,-0.01,0,1.21,2.42,0,0.0,0,222.36,0,0,0,0,0,0,0,0,0,1000.0,0,0,0,0,2.42,37.3,-1.0,0,37.3,0.0,37.3,0.0,0.0,0.0,222.36,-0.01
12/20/2024,16:41:11,0.0,0.0,404.0,37.3,0.0,0.0,0.0,0.0,-0.01,0,1.21,2.42,0,0.0,0,222.36,0,0,0,0,0,0,0,0,0,1000.0,0,0,0,0,2.42,37.3,-1.0,0,37.3,0.0,37.3,0.0,0.0,0.0,222.36,-0.01
12/20/2024,16:41:12,0.0,0.0,404.0,37.3,0.0,0.0,0.0,0.0,-0.01,0,1.21,2.42,0,0.0,0,222.4,0,0,0,0,0,0,0,0,0,1000.0,0,0,0,0,2.42,37.3,-1.0,0,37.3,0.0,37.3,0.0,0.0,0.0,222.4,-0.01
12/20/2024,16:41:13,0.0,0.0,404.0,37.3,0.0,0.0,0.0,0.0,-0.01,0,1.21,2.42,0,0.0,0,222.44,0,0,0,0,0,0,0,0,0,1000.0,0,0,0,0,2.42,37.3,-1.0,0,37.3,0.0,37.3,0.0,0.0,0.0,222.44,-0.01
12/20/2024,16:41:14,0.0,0.0,404.0,37.3,0.0,0.0,0.0,0.0,-0.01,0,1.21,2.42,0,0.0,0,222.51,0,0,0,0,0,0,0,0,0,1000.0,0,0,0,0,2.42,37.3,-1.0,0,37.3,0.0,37.3,0.0,0.0,0.0,222.51,-0.01
12/20/2024,16:41:15,0.0,0.0,404.0,37.3,0.0,0.0,0.0,0.0,-0.01,0,1.21,2.42,0,0.0,0,222.51,0,0,0,0,0,0,0,0,0,1000.0,0,0,0,0,2.42,37.3,-1.0,0,37.3,0.0,37.3,0.0,0.0,0.0,222.51,-0.01
12/20/2024,16:41:16,0.0,0.0,404.0,37.3,0.0,0.0,0.0,0.0,-0.01,0,1.21,2.42,0,0.0,0,222.59,0,0,0,0,0,0,0,0,0,1000.0,0,0,0,0,2.42,37.3,-1.0,0,37.3,0.0,37.3,0.0,0.0,0.0,222.59,-0.01
12/20/2024,16:41:17,0.0,0.0,404.0,37.3,0.0,0.0,0.0,0.0,-0.01,0,1.21,2.42,0,0.0,0,222.62,0,0,0,0,0,0,0,0,0,1000.0,0,0,0,0,2.42,37.3,-1.0,0,37.3,0.0,37.3,0.0,0.0,0.0,222.62,-0.01
12/20/2024,16:41:18,0.0,0.0,404.0,37.3,0.0,0.0,0.0,0.0,-0.01,0,1.21,2.42,0,0.0,0,222.66,0,0,0,0,0,0,0,0,0,1000.0,0,0,0,0,2.42,37.3,-1.0,0,37.3,0.0,37.3,0.0,0.0,0.0,222.66,-0.01
12/20/2024,16:41:19,0.0,0.0,404.0,37.3,0.0,0.0,0.0,0.0,-0.01,0,1.21,2.42,0,0.0,0,222.7,0,0,0,0,0,0,0,0,0,1000.0,0,0,0,0,2.42,37.3,-1.0,0,37.3,0.0,37.3,0.0,0.0,0.0,222.7,-0.01
12/20/2024,16:41:20,0.0,0.0,404.0,37.3,0.0,0.0,0.0,0.0,-0.01,0,1.21,2.42,0,0.0,0,222.73,0,0,0,0,0,0,0,0,0,1000.0,0,0,0,0,2.42,37.3,-1.0,0,37.3,0.0,37.3,0.0,0.0,0.0,222.73,-0.01
12/20/2024,16:41:21,0.0,0.0,404.0,37.3,0.0,0.0,0.0,0.0,-0.01,0,1.21,2.42,0,0.0,0,222.77,0,0,0,0,0,0,0,0,0,1000.0,0,0,0,0,2.42,37.3,-1.0,0,37.3,0.0,37.3,0.0,0.0,0.0,222.77,-0.01
12/20/2024,16:41:22,0.0,0.0,404.0,37.3,0.0,0.0,0.0,0.0,-0.01,0,1.21,2.42,0,0.0,0,222.81,0,0,0,0,0,0,0,0,0,1000.0,0,0,0,0,2.42,37.3,-1.0,0,37.3,0.0,37.3,0.0,0.0,0.0,222.81,-0.01
12/20/2024,16:41:23,0.0,0.0,404.0,37.3,0.0,0.0,0.0,0.0,-0.01,0,1.21,2.42,0,0.0,0,222.85,0,0,0,0,0,0,0,0,0,1000.0,0,0,0,0,2.42,37.3,-1.0,0,37.3,0.0,37.3,0.0,0.0,0.0,222.85,-0.01
12/20/2024,16:41:24,0.0,0.0,404.0,37.3,0.0,0.0,0.0,0.0,-0.01,0,1.21,2.42,0,0.0,0,222.85,0,0,0,0,0,0,0,0,0,1000.0,0,0,0,0,2.42,37.3,-1.0,0,37.3,0.0,37.3,0.0,0.0,0.0,222.85,-0.01
12/20/2024,16:41:25,0.0,0.0,404.0,37.3,0.0,0.0,0.0,0.0,-0.01,0,1.21,2.42,0,0.0,0,222.92,0,0,0,0,0,0,0,0,0,1000.0,0,0,0,0,2.42,37.3,-1.0,0,37.3,0.0,37.3,0.0,0.0,0.0,222.92,-0.01
12/20/2024,16:41:26,0.0,0.0,404.0,37.3,0.0,0.0,0.0,0.0,-0.01,0,1.21,2.42,0,0.0,0,222.96,0,0,0,0,0,0,0,0,0,1000.0,0,0,0,0,2.42,37.3,-1.0,0,37.3,0.0,37.3,0.0,0.0,0.0,222.96,-0.01
12/20/2024,16:41:27,0.0,0.0,404.0,37.3,0.0,0.0,0.0,0.0,-0.01,0,1.21,2.42,0,0.0,0,223.0,0,0,0,0,0,0,0,0,0,1000.0,0,0,0,0,2.42,37.3,-1.0,0,37.3,0.0,37.3,0.0,0.0,0.0,223.0,-0.01
12/20/2024,16:41:28,0.0,0.0,404.0,37.3,0.0,0.0,0.0,0.0,-0.01,0,1.21,2.42,0,0.0,0,223.03,0,0,0,0,0,0,0,0,0,1000.0,0,0,0,0,2.42,37.3,-1.0,0,37.3,0.0,37.3,0.0,0.0,0.0,223.03,-0.01
12/20/2024,16:41:29,0.0,0.0,404.0,37.3,0.0,0.0,0.0,0.0,-0.01,0,1.21,2.42,0,0.0,0,223.07,0,0,0,0,0,0,0,0,0,1000.0,0,0,0,0,2.42,37.3,-1.0,0,37.3,0.0,37.3,0.0,0.0,0.0,223.07,-0.01
12/20/2024,16:41:30,0.0,0.0,404.0,37.3,0.0,0.0,0.0,0.0,-0.01,0,1.21,2.42,0,0.0,0,223.07,0,0,0,0,0,0,0,0,0,1000.0,0,0,0,0,2.42,37.3,-1.0,0,37.3,0.0,37.3,0.0,0.0,0.0,223.07,-0.01
12/20/2024,16:41:31,0.0,0.0,404.0,37.3,0.0,0.0,0.0,0.0,-0.01,0,1.21,2.42,0,0.0,0,223.14,0,0,0,0,0,0,0,0,0,1000.0,0,0,0,0,2.42,37.3,-1.0,0,37.3,0.0,37.3,0.0,0.0,0.0,223.14,-0.01
12/20/2024,16:41:32,0.0,0.0,404.0,37.3,0.0,0.0,0.0,0.0,-0.01,0,1.21,2.42,0,0.0,0,223.14,0,0,0,0,0,0,0,0,0,1000.0,0,0,0,0,2.42,37.3,-1.0,0,37.3,0.0,37.3,0.0,0.0,0.0,223.14,-0.01
12/20/2024,16:41:33,0.0,0.0,404.0,37.3,0.0,0.0,0.0,0.0,-0.01,0,1.21,2.42,0,0.0,0,223.18,0,0,0,0,0,0,0,0,0,1000.0,0,0,0,0,2.42,37.3,-1.0,0,37.3,0.0,37.3,0.0,0.0,0.0,223.18,-0.01
12/20/2024,16:41:34,0.0,0.0,404.0,37.3,0.0,0.0,0.0,0.0,-0.01,0,1.21,2.42,0,0.0,0,223.22,0,0,0,0,0,0,0,0,0,1000.0,0,0,0,0,2.42,37.3,-1.0,0,37.3,0.0,37.3,0.0,0.0,0.0,223.22,-0.01
12/20/2024,16:41:35,0.0,0.0,404.0,37.3,0.0,0.0,0.0,0.0,-0.01,0,1.21,2.42,0,0.0,0,223.26,0,0,0,0,0,0,0,0,0,1000.0,0,0,0,0,2.42,37.3,-1.0,0,37.3,0.0,37.3,0.0,0.0,0.0,223.26,-0.01
12/20/2024,16:41:36,0.0,0.0,404.0,37.3,0.0,0.0,0.0,0.0,-0.01,0,1.21,2.42,0,0.0,0,223.29,0,0,0,0,0,0,0,0,0,1000.0,0,0,0,0,2.42,37.3,-1.0,0,37.3,0.0,37.3,0.0,0.0,0.0,223.29,-0.01
12/20/2024,16:41:37,0.0,0.0,404.0,37.3,0.0,0.0,0.0,0.0,-0.01,0,1.21,2.42,0,0.0,0,223.33,0,0,0,0,0,0,0,0,0,1000.0,0,0,0,0,2.42,37.3,-1.0,0,37.3,0.0,37.3,0.0,0.0,0.0,223.33,-0.01
12/20/2024,16:41:38,0.0,0.0,404.0,37.3,0.0,0.0,0.0,0.0,-0.01,0,1.21,2.42,0,0.0,0,223.37,0,0,0,0,0,0,0,0,0,1000.0,0,0,0,0,2.42,37.3,-1.0,0,37.3,0.0,37.3,0.0,0.0,0.0,223.37,-0.01
12/20/2024,16:41:39,0.0,0.0,404.0,37.3,0.0,0.0,0.0,0.0,-0.01,0,1.21,2.42,0,0.0,0,223.44,0,0,0,0,0,0,0,0,0,1000.0,0,0,0,0,2.42,37.3,-1.0,0,37.3,0.0,37.3,0.0,0.0,0.0,223.44,-0.01
12/20/2024,16:41:40,0.0,0.0,404.0,37.3,0.0,0.0,0.0,0.0,-0.01,0,1.21,2.42,0,0.0,0,223.44,0,0,0,0,0,0,0,0,0,1000.0,0,0,0,0,2.42,37.3,-1.0,0,37.3,0.0,37.3,0.0,0.0,0.0,223.44,-0.01
12/20/2024,16:41:41,0.0,0.0,404.0,37.3,0.0,0.0,0.0,0.0,-0.01,0,1.21,2.42,0,0.0,0,223.52,0,0,0,0,0,0,0,0,0,1000.0,0,0,0,0,2.42,37.3,-1.0,0,37.3,0.0,37.3,0.0,0.0,0.0,223.52,-0.01
12/20/2024,16:41:42,0.0,0.0,404.0,37.3,0.0,0.0,0.0,0.0,-0.01,0,1.21,2.42,0,0.0,0,223.55,0,0,0,0,0,0,0,0,0,1000.0,0,0,0,0,2.42,37.3,-1.0,0,37.3,0.0,37.3,0.0,0.0,0.0,223.55,-0.01
12/20/2024,16:41:43,0.0,0.0,404.0,37.3,0.0,0.0,0.0,0.0,-0.01,0,1.21,2.42,0,0.0,0,223.59,0,0,0,0,0,0,0,0,0,1000.0,0,0,0,0,2.42,37.3,-1.0,0,37.3,0.0,37.3,0.0,0.0,0.0,223.59,-0.01
12/20/2024,16:41:44,0.0,0.0,404.0,37.3,0.0,0.0,0.0,0.0,-0.01,0,1.21,2.42,0,0.0,0,223.63,0,0,0,0,0,0,0,0,0,1000.0,0,0,0,0,2.42,37.3,-1.0,0,37.3,0.0,37.3,0.0,0.0,0.0,223.63,-0.01
12/20/2024,16:41:45,0.0,0.0,404.0,37.3,0.0,0.0,0.0,0.0,-0.01,0,1.21,2.42,0,0.0,0,223.67,0,0,0,0,0,0,0,0,0,1000.0,0,0,0,0,2.42,37.3,-1.0,0,37.3,0.0,37.3,0.0,0.0,0.0,223.67,-0.01
12/20/2024,16:41:46,0.0,0.0,404.0,37.3,0.0,0.0,0.0,0.0,-0.01,0,1.21,2.42,0,0.0,0,223.7,0,0,0,0,0,0,0,0,0,1000.0,0,0,0,0,2.42,37.3,-1.0,0,37.3,0.0,37.3,0.0,0.0,0.0,223.7,-0.01
12/20/2024,16:41:47,0.0,0.0,404.0,37.4,0.0,0.0,0.0,0.0,-0.01,0,1.21,2.42,0,0.0,0,223.74,0,0,0,0,0,0,0,0,0,1000.0,0,0,0,0,2.42,37.4,-1.0,0,37.4,0.0,37.4,0.0,0.0,0.0,223.74,-0.01
12/20/2024,16:41:48,0.0,0.0,404.0,37.3,0.0,0.0,0.0,0.0,-0.01,0,1.21,2.42,0,0.0,0,223.78,0,0,0,0,0,0,0,0,0,1000.0,0,0,0,0,2.42,37.3,-1.0,0,37.3,0.0,37.3,0.0,0.0,0.0,223.78,-0.01
12/20/2024,16:41:49,0.0,0.0,404.0,37.3,0.0,0.0,0.0,0.0,-0.01,0,1.21,2.42,0,0.0,0,223.82,0,0,0,0,0,0,0,0,0,1000.0,0,0,0,0,2.42,37.3,-1.0,0,37.3,0.0,37.3,0.0,0.0,0.0,223.82,-0.01
12/20/2024,16:41:50,0.0,0.0,404.0,37.3,0.0,0.0,0.0,0.0,-0.01,0,1.21,2.42,0,0.0,0,223.85,0,0,0,0,0,0,0,0,0,1000.0,0,0,0,0,2.42,37.3,-1.0,0,37.3,0.0,37.3,0.0,0.0,0.0,223.85,-0.01
12/20/2024,16:41:51,0.0,0.0,404.0,37.3,0.0,0.0,0.0,0.0,-0.01,0,1.21,2.42,0,0.0,0,223.89,0,0,0,0,0,0,0,0,0,1000.0,0,0,0,0,2.42,37.3,-1.0,0,37.3,0.0,37.3,0.0,0.0,0.0,223.89,-0.01
12/20/2024,16:41:52,0.0,0.0,404.0,37.3,0.0,0.0,0.0,0.0,-0.01,0,1.21,2.42,0,0.0,0,223.93,0,0,0,0,0,0,0,0,0,1000.0,0,0,0,0,2.42,37.3,-1.0,0,37.3,0.0,37.3,0.0,0.0,0.0,223.93,-0.01
12/20/2024,16:41:53,0.0,0.0,404.0,37.3,0.0,0.0,0.0,0.0,-0.01,0,1.21,2.42,0,0.0,0,223.93,0,0,0,0,0,0,0,0,0,1000.0,0,0,0,0,2.42,37.3,-1.0,0,37.3,0.0,37.3,0.0,0.0,0.0,223.93,-0.01
12/20/2024,16:41:54,0.0,0.0,404.0,37.3,0.0,0.0,0.0,0.0,-0.01,0,1.21,2.42,0,0.0,0,224.0,0,0,0,0,0,0,0,0,0,1000.0,0,0,0,0,2.42,37.3,-1.0,0,37.3,0.0,37.3,0.0,0.0,0.0,224.0,-0.01
12/20/2024,16:41:55,0.0,0.0,404.0,37.3,0.0,0.0,0.0,0.0,-0.01,0,1.21,2.42,0,0.0,0,224.04,0,0,0,0,0,0,0,0,0,1000.0,0,0,0,0,2.42,37.3,-1.0,0,37.3,0.0,37.3,0.0,0.0,0.0,224.04,-0.01
12/20/2024,16:41:56,0.0,0.0,404.0,37.3,0.0,0.0,0.0,0.0,-0.01,0,1.21,2.42,0,0.0,0,224.04,0,0,0,0,0,0,0,0,0,1000.0,0,0,0,0,2.42,37.3,-1.0,0,37.3,0.0,37.3,0.0,0.0,0.0,224.04,-0.01
12/20/2024,16:41:57,0.0,0.0,404.0,37.3,0.0,0.0,0.0,0.0,-0.01,0,1.21,2.42,0,0.0,0,224.08,0,0,0,0,0,0,0,0,0,1000.0,0,0,0,0,2.42,37.3,-1.0,0,37.3,0.0,37.3,0.0,0.0,0.0,224.08,-0.01
12/20/2024,16:41:58,0.0,0.0,404.0,37.3,0.0,0.0,0.0,0.0,-0.01,0,1.21,2.42,0,0.0,0,224.15,0,0,0,0,0,0,0,0,0,1000.0,0,0,0,0,2.42,37.3,-1.0,0,37.3,0.0,37.3,0.0,0.0,0.0,224.15,-0.01
12/20/2024,16:41:59,0.0,0.0,404.0,37.3,0.0,0.0,0.0,0.0,-0.01,0,1.21,2.42,0,0.0,0,224.15,0,0,0,0,0,0,0,0,0,1000.0,0,0,0,0,2.42,37.3,-1.0,0,37.3,0.0,37.3,0.0,0.0,0.0,224.15,-0.01
12/20/2024,16:42:0,0.0,0.0,404.0,37.3,0.0,0.0,0.0,0.0,-0.01,0,1.21,2.42,0,0.0,0,224.19,0,0,0,0,0,0,0,0,0,1000.0,0,0,0,0,2.42,37.3,-1.0,0,37.3,0.0,37.3,0.0,0.0,0.0,224.19,-0.01
12/20/2024,16:42:1,0.0,0.0,404.0,37.3,0.0,0.0,0.0,0.0,-0.01,0,1.21,2.42,0,0.0,0,224.23,0,0,0,0,0,0,0,0,0,1000.0,0,0,0,0,2.42,37.3,-1.0,0,37.3,0.0,37.3,0.0,0.0,0.0,224.23,-0.01
12/20/2024,16:42:2,0.0,0.0,404.0,37.3,0.0,0.0,0.0,0.0,-0.01,0,1.21,2.42,0,0.0,0,224.3,0,0,0,0,0,0,0,0,0,1000.0,0,0,0,0,2.42,37.3,-1.0,0,37.3,0.0,37.3,0.0,0.0,0.0,224.3,-0.01
12/20/2024,16:42:3,0.0,0.0,404.0,37.3,0.0,0.0,0.0,0.0,-0.01,0,1.21,2.42,0,0.0,0,224.3,0,0,0,0,0,0,0,0,0,1000.0,0,0,0,0,2.42,37.3,-1.0,0,37.3,0.0,37.3,0.0,0.0,0.0,224.3,-0.01
12/20/2024,16:42:4,0.0,0.0,404.0,37.3,0.0,0.0,0.0,0.0,-0.01,0,1.21,2.42,0,0.0,0,224.34,0,0,0,0,0,0,0,0,0,1000.0,0,0,0,0,2.42,37.3,-1.0,0,37.3,0.0,37.3,0.0,0.0,0.0,224.34,-0.01
12/20/2024,16:42:5,0.0,0.0,404.0,37.3,0.0,0.0,0.0,0.0,-0.01,0,1.21,2.42,0,0.0,0,224.38,0,0,0,0,0,0,0,0,0,1000.0,0,0,0,0,2.42,37.3,-1.0,0,37.3,0.0,37.3,0.0,0.0,0.0,224.38,-0.01
12/20/2024,16:42:6,0.0,0.0,404.0,37.3,0.0,0.0,0.0,0.0,-0.01,0,1.21,2.42,0,0.0,0,224.45,0,0,0,0,0,0,0,0,0,1000.0,0,0,0,0,2.42,37.3,-1.0,0,37.3,0.0,37.3,0.0,0.0,0.0,224.45,-0.01
12/20/2024,16:42:7,0.0,0.0,404.0,37.3,0.0,0.0,0.0,0.0,-0.01,0,1.21,2.42,0,0.0,0,224.45,0,0,0,0,0,0,0,0,0,1000.0,0,0,0,0,2.42,37.3,-1.0,0,37.3,0.0,37.3,0.0,0.0,0.0,224.45,-0.01
12/20/2024,16:42:8,0.0,0.0,404.0,37.3,0.0,0.0,0.0,0.0,-0.01,0,1.21,2.42,0,0.0,0,224.52,0,0,0,0,0,0,0,0,0,1000.0,0,0,0,0,2.42,37.3,-1.0,0,37.3,0.0,37.3,0.0,0.0,0.0,224.52,-0.01
12/20/2024,16:42:9,0.0,0.0,404.0,37.3,0.0,0.0,0.0,0.0,-0.01,0,1.21,2.42,0,0.0,0,224.56,0,0,0,0,0,0,0,0,0,1000.0,0,0,0,0,2.42,37.3,-1.0,0,37.3,0.0,37.3,0.0,0.0,0.0,224.56,-0.01
12/20/2024,16:42:10,0.0,0.0,404.0,37.3,0.0,0.0,0.0,0.0,-0.01,0,1.21,2.42,0,0.0,0,224.6,0,0,0,0,0,0,0,0,0,1000.0,0,0,0,0,2.42,37.3,-1.0,0,37.3,0.0,37.3,0.0,0.0,0.0,224.6,-0.01
12/20/2024,16:42:11,0.0,0.0,404.0,37.3,0.0,0.0,0.0,0.0,-0.01,0,1.21,2.42,0,0.0,0,224.64,0,0,0,0,0,0,0,0,0,1000.0,0,0,0,0,2.42,37.3,-1.0,0,37.3,0.0,37.3,0.0,0.0,0.0,224.64,-0.01
12/20/2024,16:42:12,0.0,0.0,404.0,37.3,0.0,0.0,0.0,0.0,-0.01,0,1.21,2.42,0,0.0,0,224.67,0,0,0,0,0,0,0,0,0,1000.0,0,0,0,0,2.42,37.3,-1.0,0,37.3,0.0,37.3,0.0,0.0,0.0,224.67,-0.01
12/20/2024,16:42:13,0.0,0.0,404.0,37.3,0.0,0.0,0.0,0.0,-0.01,0,1.21,2.42,0,0.0,0,224.71,0,0,0,0,0,0,0,0,0,1000.0,0,0,0,0,2.42,37.3,-1.0,0,37.3,0.0,37.3,0.0,0.0,0.0,224.71,-0.01
12/20/2024,16:42:14,0.0,0.0,404.0,37.3,0.0,0.0,0.0,0.0,-0.01,0,1.21,2.42,0,0.0,0,224.75,0,0,0,0,0,0,0,0,0,1000.0,0,0,0,0,2.42,37.3,-1.0,0,37.3,0.0,37.3,0.0,0.0,0.0,224.75,-0.01
12/20/2024,16:42:15,0.0,0.0,404.0,37.3,0.0,0.0,0.0,0.0,-0.01,0,1.21,2.42,0,0.0,0,224.79,0,0,0,0,0,0,0,0,0,1000.0,0,0,0,0,2.42,37.3,-1.0,0,37.3,0.0,37.3,0.0,0.0,0.0,224.79,-0.01
12/20/2024,16:42:16,0.0,0.0,404.0,37.3,0.0,0.0,0.0,0.0,-0.01,0,1.21,2.42,0,0.0,0,224.82,0,0,0,0,0,0,0,0,0,1000.0,0,0,0,0,2.42,37.3,-1.0,0,37.3,0.0,37.3,0.0,0.0,0.0,224.82,-0.01
12/20/2024,16:42:17,0.0,0.0,404.0,37.3,0.0,0.0,0.0,0.0,-0.01,0,1.21,2.42,0,0.0,0,224.86,0,0,0,0,0,0,0,0,0,1000.0,0,0,0,0,2.42,37.3,-1.0,0,37.3,0.0,37.3,0.0,0.0,0.0,224.86,-0.01
12/20/2024,16:42:18,0.0,0.0,404.0,37.3,0.0,0.0,0.0,0.0,-0.01,0,1.21,2.42,0,0.0,0,224.9,0,0,0,0,0,0,0,0,0,1000.0,0,0,0,0,2.42,37.3,-1.0,0,37.3,0.0,37.3,0.0,0.0,0.0,224.9,-0.01
12/20/2024,16:42:19,0.0,0.0,404.0,37.3,0.0,0.0,0.0,0.0,-0.01,0,1.21,2.42,0,0.0,0,224.94,0,0,0,0,0,0,0,0,0,1000.0,0,0,0,0,2.42,37.3,-1.0,0,37.3,0.0,37.3,0.0,0.0,0.0,224.94,-0.01
12/20/2024,16:42:20,0.0,0.0,404.0,37.3,0.0,0.0,0.0,0.0,-0.01,0,1.21,2.42,0,0.0,0,224.94,0,0,0,0,0,0,0,0,0,1000.0,0,0,0,0,2.42,37.3,-1.0,0,37.3,0.0,37.3,0.0,0.0,0.0,224.94,-0.01
12/20/2024,16:42:21,0.0,0.0,404.0,37.3,0.0,0.0,0.0,0.0,-0.01,0,1.21,2.42,0,0.0,0,224.97,0,0,0,0,0,0,0,0,0,1000.0,0,0,0,0,2.42,37.3,-1.0,0,37.3,0.0,37.3,0.0,0.0,0.0,224.97,-0.01
12/20/2024,16:42:22,0.0,0.0,404.0,37.3,0.0,0.0,0.0,0.0,-0.01,0,1.21,2.42,0,0.0,0,225.05,0,0,0,0,0,0,0,0,0,1000.0,0,0,0,0,2.42,37.3,-1.0,0,37.3,0.0,37.3,0.0,0.0,0.0,225.05,-0.01
12/20/2024,16:42:23,0.0,0.0,404.0,37.3,0.0,0.0,0.0,0.0,-0.01,0,1.21,2.42,0,0.0,0,225.08,0,0,0,0,0,0,0,0,0,1000.0,0,0,0,0,2.42,37.3,-1.0,0,37.3,0.0,37.3,0.0,0.0,0.0,225.08,-0.01
12/20/2024,16:42:24,0.0,0.0,404.0,37.3,0.0,0.0,0.0,0.0,-0.01,0,1.21,2.42,0,0.0,0,225.12,0,0,0,0,0,0,0,0,0,1000.0,0,0,0,0,2.42,37.3,-1.0,0,37.3,0.0,37.3,0.0,0.0,0.0,225.12,-0.01
12/20/2024,16:42:25,0.0,0.0,404.0,37.3,0.0,0.0,0.0,0.0,-0.01,0,1.21,2.42,0,0.0,0,225.16,0,0,0,0,0,0,0,0,0,1000.0,0,0,0,0,2.42,37.3,-1.0,0,37.3,0.0,37.3,0.0,0.0,0.0,225.16,-0.01
12/20/2024,16:42:26,0.0,0.0,404.0,37.3,0.0,0.0,0.0,0.0,-0.01,0,1.21,2.42,0,0.0,0,225.2,0,0,0,0,0,0,0,0,0,1000.0,0,0,0,0,2.42,37.3,-1.0,0,37.3,0.0,37.3,0.0,0.0,0.0,225.2,-0.01
12/20/2024,16:42:27,0.0,0.0,404.0,37.3,0.0,0.0,0.0,0.0,-0.01,0,1.21,2.42,0,0.0,0,225.23,0,0,0,0,0,0,0,0,0,1000.0,0,0,0,0,2.42,37.3,-1.0,0,37.3,0.0,37.3,0.0,0.0,0.0,225.23,-0.01
12/20/2024,16:42:28,0.0,0.0,404.0,37.3,0.0,0.0,0.0,0.0,-0.01,0,1.21,2.42,0,0.0,0,225.27,0,0,0,0,0,0,0,0,0,1000.0,0,0,0,0,2.42,37.3,-1.0,0,37.3,0.0,37.3,0.0,0.0,0.0,225.27,-0.01
12/20/2024,16:42:29,0.0,0.0,404.0,37.3,0.0,0.0,0.0,0.0,-0.01,0,1.21,2.42,0,0.0,0,225.31,0,0,0,0,0,0,0,0,0,1000.0,0,0,0,0,2.42,37.3,-1.0,0,37.3,0.0,37.3,0.0,0.0,0.0,225.31,-0.01
12/20/2024,16:42:30,0.0,0.0,404.0,37.3,0.0,0.0,0.0,0.0,-0.01,0,1.21,2.42,0,0.0,0,225.31,0,0,0,0,0,0,0,0,0,1000.0,0,0,0,0,2.42,37.3,-1.0,0,37.3,0.0,37.3,0.0,0.0,0.0,225.31,-0.01
12/20/2024,16:42:31,0.0,0.0,404.0,37.3,0.0,0.0,0.0,0.0,-0.01,0,1.21,2.42,0,0.0,0,225.38,0,0,0,0,0,0,0,0,0,1000.0,0,0,0,0,2.42,37.3,-1.0,0,37.3,0.0,37.3,0.0,0.0,0.0,225.38,-0.01
12/20/2024,16:42:32,0.0,0.0,404.0,37.3,0.0,0.0,0.0,0.0,-0.01,0,1.21,2.42,0,0.0,0,225.38,0,0,0,0,0,0,0,0,0,1000.0,0,0,0,0,2.42,37.3,-1.0,0,37.3,0.0,37.3,0.0,0.0,0.0,225.38,-0.01
12/20/2024,16:42:33,0.0,0.0,404.0,37.3,0.0,0.0,0.0,0.0,-0.01,0,1.21,2.42,0,0.0,0,225.46,0,0,0,0,0,0,0,0,0,1000.0,0,0,0,0,2.42,37.3,-1.0,0,37.3,0.0,37.3,0.0,0.0,0.0,225.46,-0.01
12/20/2024,16:42:34,0.0,0.0,404.0,37.3,0.0,0.0,0.0,0.0,-0.01,0,1.21,2.42,0,0.0,0,225.46,0,0,0,0,0,0,0,0,0,1000.0,0,0,0,0,2.42,37.3,-1.0,0,37.3,0.0,37.3,0.0,0.0,0.0,225.46,-0.01
12/20/2024,16:42:35,0.0,0.0,404.0,37.3,0.0,0.0,0.0,0.0,-0.01,0,1.21,2.42,0,0.0,0,225.53,0,0,0,0,0,0,0,0,0,1000.0,0,0,0,0,2.42,37.3,-1.0,0,37.3,0.0,37.3,0.0,0.0,0.0,225.53,-0.01
12/20/2024,16:42:36,0.0,0.0,404.0,37.3,0.0,0.0,0.0,0.0,-0.01,0,1.21,2.42,0,0.0,0,225.53,0,0,0,0,0,0,0,0,0,1000.0,0,0,0,0,2.42,37.3,-1.0,0,37.3,0.0,37.3,0.0,0.0,0.0,225.53,-0.01
12/20/2024,16:42:37,0.0,0.0,404.0,37.3,0.0,0.0,0.0,0.0,-0.01,0,1.21,2.42,0,0.0,0,225.61,0,0,0,0,0,0,0,0,0,1000.0,0,0,0,0,2.42,37.3,-1.0,0,37.3,0.0,37.3,0.0,0.0,0.0,225.61,-0.01
12/20/2024,16:42:38,0.0,0.0,404.0,37.3,0.0,0.0,0.0,0.0,-0.01,0,1.21,2.42,0,0.0,0,225.61,0,0,0,0,0,0,0,0,0,1000.0,0,0,0,0,2.42,37.3,-1.0,0,37.3,0.0,37.3,0.0,0.0,0.0,225.61,-0.01
12/20/2024,16:42:39,0.0,0.0,404.0,37.3,0.0,0.0,0.0,0.0,-0.01,0,1.21,2.42,0,0.0,0,225.68,0,0,0,0,0,0,0,0,0,1000.0,0,0,0,0,2.42,37.3,-1.0,0,37.3,0.0,37.3,0.0,0.0,0.0,225.68,-0.01
12/20/2024,16:42:40,0.0,0.0,404.0,37.3,0.0,0.0,0.0,0.0,-0.01,0,1.21,2.42,0,0.0,0,225.68,0,0,0,0,0,0,0,0,0,1000.0,0,0,0,0,2.42,37.3,-1.0,0,37.3,0.0,37.3,0.0,0.0,0.0,225.68,-0.01
12/20/2024,16:42:41,0.0,0.0,404.0,37.3,0.0,0.0,0.0,0.0,-0.01,0,1.21,2.42,0,0.0,0,225.76,0,0,0,0,0,0,0,0,0,1000.0,0,0,0,0,2.42,37.3,-1.0,0,37.3,0.0,37.3,0.0,0.0,0.0,225.76,-0.01
12/20/2024,16:42:42,0.0,0.0,404.0,37.3,0.0,0.0,0.0,0.0,-0.01,0,1.21,2.42,0,0.0,0,225.76,0,0,0,0,0,0,0,0,0,1000.0,0,0,0,0,2.42,37.3,-1.0,0,37.3,0.0,37.3,0.0,0.0,0.0,225.76,-0.01
12/20/2024,16:42:43,0.0,0.0,404.0,37.3,0.0,0.0,0.0,0.0,-0.01,0,1.21,2.42,0,0.0,0,225.83,0,0,0,0,0,0,0,0,0,1000.0,0,0,0,0,2.42,37.3,-1.0,0,37.3,0.0,37.3,0.0,0.0,0.0,225.83,-0.01
12/20/2024,16:42:44,0.0,0.0,404.0,37.3,0.0,0.0,0.0,0.0,-0.01,0,1.21,2.42,0,0.0,0,225.83,0,0,0,0,0,0,0,0,0,1000.0,0,0,0,0,2.42,37.3,-1.0,0,37.3,0.0,37.3,0.0,0.0,0.0,225.83,-0.01
12/20/2024,16:42:45,0.0,0.0,404.0,37.3,0.0,0.0,0.0,0.0,-0.01,0,1.21,2.42,0,0.0,0,225.9,0,0,0,0,0,0,0,0,0,1000.0,0,0,0,0,2.42,37.3,-1.0,0,37.3,0.0,37.3,0.0,0.0,0.0,225.9,-0.01
12/20/2024,16:42:46,0.0,0.0,404.0,37.3,0.0,0.0,0.0,0.0,-0.01,0,1.21,2.42,0,0.0,0,225.9,0,0,0,0,0,0,0,0,0,1000.0,0,0,0,0,2.42,37.3,-1.0,0,37.3,0.0,37.3,0.0,0.0,0.0,225.9,-0.01
12/20/2024,16:42:47,0.0,0.0,404.0,37.3,0.0,0.0,0.0,0.0,-0.01,0,1.21,2.42,0,0.0,0,225.94,0,0,0,0,0,0,0,0,0,1000.0,0,0,0,0,2.42,37.4,-1.0,0,37.3,0.0,37.4,0.0,0.0,0.0,225.94,-0.01
12/20/2024,16:42:48,0.0,0.0,404.0,37.4,0.0,0.0,0.0,0.0,-0.01,0,1.21,2.42,0,0.0,0,225.98,0,0,0,0,0,0,0,0,0,1000.0,0,0,0,0,2.42,37.3,-1.0,0,37.4,0.0,37.3,0.0,0.0,0.0,225.98,-0.01
12/20/2024,16:42:49,0.0,0.0,404.0,37.3,0.0,0.0,0.0,0.0,-0.01,0,1.21,2.42,0,0.0,0,226.09,0,0,0,0,0,0,0,0,0,1000.0,0,0,0,0,2.42,37.3,-1.0,0,37.3,0.0,37.3,0.0,0.0,0.0,226.09,-0.01
12/20/2024,16:42:50,0.0,0.0,404.0,37.3,0.0,0.0,0.0,0.0,-0.01,0,1.21,2.42,0,0.0,0,226.09,0,0,0,0,0,0,0,0,0,1000.0,0,0,0,0,2.42,37.3,-1.0,0,37.3,0.0,37.3,0.0,0.0,0.0,226.09,-0.01
12/20/2024,16:42:51,0.0,0.0,404.0,37.3,0.0,0.0,0.0,0.0,-0.01,0,1.21,2.42,0,0.0,0,226.13,0,0,0,0,0,0,0,0,0,1000.0,0,0,0,0,2.42,37.3,-1.0,0,37.3,0.0,37.3,0.0,0.0,0.0,226.13,-0.01
12/20/2024,16:42:52,0.0,0.0,404.0,37.3,0.0,0.0,0.0,0.0,-0.01,0,1.21,2.42,0,0.0,0,226.17,0,0,0,0,0,0,0,0,0,1000.0,0,0,0,0,2.42,37.3,-1.0,0,37.3,0.0,37.3,0.0,0.0,0.0,226.17,-0.01
12/20/2024,16:42:53,0.0,0.0,404.0,37.3,0.0,0.0,0.0,0.0,-0.01,0,1.21,2.42,0,0.0,0,226.2,0,0,0,0,0,0,0,0,0,1000.0,0,0,0,0,2.42,37.3,-1.0,0,37.3,0.0,37.3,0.0,0.0,0.0,226.2,-0.01
12/20/2024,16:42:54,0.0,0.0,404.0,37.3,0.0,0.0,0.0,0.0,-0.01,0,1.21,2.42,0,0.0,0,226.24,0,0,0,0,0,0,0,0,0,1000.0,0,0,0,0,2.42,37.3,-1.0,0,37.3,0.0,37.3,0.0,0.0,0.0,226.24,-0.01
12/20/2024,16:42:55,0.0,0.0,404.0,37.3,0.0,0.0,0.0,0.0,-0.01,0,1.21,2.42,0,0.0,0,226.28,0,0,0,0,0,0,0,0,0,1000.0,0,0,0,0,2.42,37.3,-1.0,0,37.3,0.0,37.3,0.0,0.0,0.0,226.28,-0.01
12/20/2024,16:42:56,0.0,0.0,404.0,37.3,0.0,0.0,0.0,0.0,-0.01,0,1.21,2.42,0,0.0,0,226.32,0,0,0,0,0,0,0,0,0,1000.0,0,0,0,0,2.42,37.3,-1.0,0,37.3,0.0,37.3,0.0,0.0,0.0,226.32,-0.01
12/20/2024,16:42:57,0.0,0.0,404.0,37.3,0.0,0.0,0.0,0.0,-0.01,0,1.21,2.42,0,0.0,0,226.35,0,0,0,0,0,0,0,0,0,1000.0,0,0,0,0,2.42,37.3,-1.0,0,37.3,0.0,37.3,0.0,0.0,0.0,226.35,-0.01
12/20/2024,16:42:58,0.0,0.0,404.0,37.3,0.0,0.0,0.0,0.0,-0.01,0,1.21,2.42,0,0.0,0,226.39,0,0,0,0,0,0,0,0,0,1000.0,0,0,0,0,2.42,37.3,-1.0,0,37.3,0.0,37.3,0.0,0.0,0.0,226.39,-0.01
12/20/2024,16:42:59,0.0,0.0,404.0,37.3,0.0,0.0,0.0,0.0,-0.01,0,1.21,2.42,0,0.0,0,226.43,0,0,0,0,0,0,0,0,0,1000.0,0,0,0,0,2.42,37.3,-1.0,0,37.3,0.0,37.3,0.0,0.0,0.0,226.43,-0.01
12/20/2024,16:43:0,0.0,0.0,404.0,37.3,0.0,0.0,0.0,0.0,-0.01,0,1.21,2.42,0,0.0,0,226.46,0,0,0,0,0,0,0,0,0,1000.0,0,0,0,0,2.42,37.3,-1.0,0,37.3,0.0,37.3,0.0,0.0,0.0,226.46,-0.01
12/20/2024,16:43:1,0.0,0.0,404.0,37.3,0.0,0.0,0.0,0.0,-0.01,0,1.21,2.42,0,0.0,0,226.5,0,0,0,0,0,0,0,0,0,1000.0,0,0,0,0,2.42,37.3,-1.0,0,37.3,0.0,37.3,0.0,0.0,0.0,226.5,-0.01
12/20/2024,16:43:2,0.0,0.0,404.0,37.3,0.0,0.0,0.0,0.0,-0.01,0,1.21,2.42,0,0.0,0,226.54,0,0,0,0,0,0,0,0,0,1000.0,0,0,0,0,2.42,37.3,-1.0,0,37.3,0.0,37.3,0.0,0.0,0.0,226.54,-0.01
12/20/2024,16:43:3,0.0,0.0,404.0,37.3,0.0,0.0,0.0,0.0,-0.01,0,1.21,2.42,0,0.0,0,226.58,0,0,0,0,0,0,0,0,0,1000.0,0,0,0,0,2.42,37.3,-1.0,0,37.3,0.0,37.3,0.0,0.0,0.0,226.58,-0.01
12/20/2024,16:43:4,0.0,0.0,404.0,37.3,0.0,0.0,0.0,0.0,-0.01,0,1.21,2.42,0,0.0,0,226.61,0,0,0,0,0,0,0,0,0,1000.0,0,0,0,0,2.42,37.3,-1.0,0,37.3,0.0,37.3,0.0,0.0,0.0,226.61,-0.01
12/20/2024,16:43:5,0.0,0.0,404.0,37.3,0.0,0.0,0.0,0.0,-0.01,0,1.21,2.42,0,0.0,0,226.65,0,0,0,0,0,0,0,0,0,1000.0,0,0,0,0,2.42,37.3,-1.0,0,37.3,0.0,37.3,0.0,0.0,0.0,226.65,-0.01
12/20/2024,16:43:6,0.0,0.0,404.0,37.3,0.0,0.0,0.0,0.0,-0.01,0,1.21,2.42,0,0.0,0,226.69,0,0,0,0,0,0,0,0,0,1000.0,0,0,0,0,2.42,37.3,-1.0,0,37.3,0.0,37.3,0.0,0.0,0.0,226.69,-0.01
12/20/2024,16:43:7,0.0,0.0,404.0,37.3,0.0,0.0,0.0,0.0,-0.01,0,1.21,2.42,0,0.0,0,226.73,0,0,0,0,0,0,0,0,0,1000.0,0,0,0,0,2.42,37.3,-1.0,0,37.3,0.0,37.3,0.0,0.0,0.0,226.73,-0.01
12/20/2024,16:43:8,0.0,0.0,404.0,37.3,0.0,0.0,0.0,0.0,-0.01,0,1.21,2.42,0,0.0,0,226.76,0,0,0,0,0,0,0,0,0,1000.0,0,0,0,0,2.42,37.3,-1.0,0,37.3,0.0,37.3,0.0,0.0,0.0,226.76,-0.01
12/20/2024,16:43:9,0.0,0.0,404.0,37.3,0.0,0.0,0.0,0.0,-0.01,0,1.21,2.42,0,0.0,0,226.8,0,0,0,0,0,0,0,0,0,1000.0,0,0,0,0,2.42,37.3,-1.0,0,37.3,0.0,37.3,0.0,0.0,0.0,226.8,-0.01
12/20/2024,16:43:10,0.0,0.0,404.0,37.3,0.0,0.0,0.0,0.0,-0.01,0,1.21,2.42,0,0.0,0,226.84,0,0,0,0,0,0,0,0,0,1000.0,0,0,0,0,2.42,37.3,-1.0,0,37.3,0.0,37.3,0.0,0.0,0.0,226.84,-0.01
12/20/2024,16:43:11,0.0,0.0,404.0,37.3,0.0,0.0,0.0,0.0,-0.01,0,1.21,2.42,0,0.0,0,226.87,0,0,0,0,0,0,0,0,0,1000.0,0,0,0,0,2.42,37.3,-1.0,0,37.3,0.0,37.3,0.0,0.0,0.0,226.87,-0.01
12/20/2024,16:43:12,0.0,0.0,404.0,37.3,0.0,0.0,0.0,0.0,-0.01,0,1.21,2.42,0,0.0,0,226.91,0,0,0,0,0,0,0,0,0,1000.0,0,0,0,0,2.42,37.3,-1.0,0,37.3,0.0,37.3,0.0,0.0,0.0,226.91,-0.01
12/20/2024,16:43:13,0.0,0.0,404.0,37.3,0.0,0.0,0.0,0.0,-0.01,0,1.21,2.42,0,0.0,0,226.95,0,0,0,0,0,0,0,0,0,1000.0,0,0,0,0,2.42,37.3,-1.0,0,37.3,0.0,37.3,0.0,0.0,0.0,226.95,-0.01
12/20/2024,16:43:14,0.0,0.0,404.0,37.3,0.0,0.0,0.0,0.0,-0.01,0,1.21,2.42,0,0.0,0,226.95,0,0,0,0,0,0,0,0,0,1000.0,0,0,0,0,2.42,37.3,-1.0,0,37.3,0.0,37.3,0.0,0.0,0.0,226.95,-0.01
12/20/2024,16:43:15,0.0,0.0,404.0,37.3,0.0,0.0,0.0,0.0,-0.01,0,1.21,2.42,0,0.0,0,227.02,0,0,0,0,0,0,0,0,0,1000.0,0,0,0,0,2.42,37.3,-1.0,0,37.3,0.0,37.3,0.0,0.0,0.0,227.02,-0.01
12/20/2024,16:43:16,0.0,0.0,404.0,37.3,0.0,0.0,0.0,0.0,-0.01,0,1.21,2.42,0,0.0,0,227.02,0,0,0,0,0,0,0,0,0,1000.0,0,0,0,0,2.42,37.3,-1.0,0,37.3,0.0,37.3,0.0,0.0,0.0,227.02,-0.01
12/20/2024,16:43:17,0.0,0.0,404.0,37.3,0.0,0.0,0.0,0.0,-0.01,0,1.21,2.42,0,0.0,0,227.1,0,0,0,0,0,0,0,0,0,1000.0,0,0,0,0,2.42,37.3,-1.0,0,37.3,0.0,37.3,0.0,0.0,0.0,227.1,-0.01
12/20/2024,16:43:18,0.0,0.0,404.0,37.3,0.0,0.0,0.0,0.0,-0.01,0,1.21,2.42,0,0.0,0,227.1,0,0,0,0,0,0,0,0,0,1000.0,0,0,0,0,2.42,37.3,-1.0,0,37.3,0.0,37.3,0.0,0.0,0.0,227.1,-0.01
12/20/2024,16:43:19,0.0,0.0,404.0,37.3,0.0,0.0,0.0,0.0,-0.01,0,1.21,2.42,0,0.0,0,227.17,0,0,0,0,0,0,0,0,0,1000.0,0,0,0,0,2.42,37.3,-1.0,0,37.3,0.0,37.3,0.0,0.0,0.0,227.17,-0.01
12/20/2024,16:43:20,0.0,0.0,404.0,37.3,0.0,0.0,0.0,0.0,-0.01,0,1.21,2.42,0,0.0,0,227.17,0,0,0,0,0,0,0,0,0,1000.0,0,0,0,0,2.42,37.3,-1.0,0,37.3,0.0,37.3,0.0,0.0,0.0,227.17,-0.01
12/20/2024,16:43:21,0.0,0.0,404.0,37.3,0.0,0.0,0.0,0.0,-0.01,0,1.21,2.42,0,0.0,0,227.25,0,0,0,0,0,0,0,0,0,1000.0,0,0,0,0,2.42,37.3,-1.0,0,37.3,0.0,37.3,0.0,0.0,0.0,227.25,-0.01
12/20/2024,16:43:22,0.0,0.0,404.0,37.3,0.0,0.0,0.0,0.0,-0.01,0,1.21,2.42,0,0.0,0,227.25,0,0,0,0,0,0,0,0,0,1000.0,0,0,0,0,2.42,37.3,-1.0,0,37.3,0.0,37.3,0.0,0.0,0.0,227.25,-0.01
12/20/2024,16:43:23,0.0,0.0,404.0,37.3,0.0,0.0,0.0,0.0,-0.01,0,1.21,2.42,0,0.0,0,227.32,0,0,0,0,0,0,0,0,0,1000.0,0,0,0,0,2.42,37.3,-1.0,0,37.3,0.0,37.3,0.0,0.0,0.0,227.32,-0.01
12/20/2024,16:43:24,0.0,0.0,404.0,37.3,0.0,0.0,0.0,0.0,-0.01,0,1.21,2.42,0,0.0,0,227.32,0,0,0,0,0,0,0,0,0,1000.0,0,0,0,0,2.42,37.3,-1.0,0,37.3,0.0,37.3,0.0,0.0,0.0,227.32,-0.01
12/20/2024,16:43:25,0.0,0.0,404.0,37.3,0.0,0.0,0.0,0.0,-0.01,0,1.21,2.42,0,0.0,0,227.36,0,0,0,0,0,0,0,0,0,1000.0,0,0,0,0,2.42,37.3,-1.0,0,37.3,0.0,37.3,0.0,0.0,0.0,227.36,-0.01
12/20/2024,16:43:26,0.0,0.0,404.0,37.3,0.0,0.0,0.0,0.0,-0.01,0,1.21,2.42,0,0.0,0,227.4,0,0,0,0,0,0,0,0,0,1000.0,0,0,0,0,2.42,37.3,-1.0,0,37.3,0.0,37.3,0.0,0.0,0.0,227.4,-0.01
12/20/2024,16:43:27,0.0,0.0,404.0,37.3,0.0,0.0,0.0,0.0,-0.01,0,1.21,2.42,0,0.0,0,227.43,0,0,0,0,0,0,0,0,0,1000.0,0,0,0,0,2.42,37.3,-1.0,0,37.3,0.0,37.3,0.0,0.0,0.0,227.43,-0.01
12/20/2024,16:43:28,0.0,0.0,404.0,37.3,0.0,0.0,0.0,0.0,-0.01,0,1.21,2.42,0,0.0,0,227.51,0,0,0,0,0,0,0,0,0,1000.0,0,0,0,0,2.42,37.3,-1.0,0,37.3,0.0,37.3,0.0,0.0,0.0,227.51,-0.01
12/20/2024,16:43:29,0.0,0.0,404.0,37.3,0.0,0.0,0.0,0.0,-0.01,0,1.21,2.42,0,0.0,0,227.51,0,0,0,0,0,0,0,0,0,1000.0,0,0,0,0,2.42,37.3,-1.0,0,37.3,0.0,37.3,0.0,0.0,0.0,227.51,-0.01
12/20/2024,16:43:30,0.0,0.0,404.0,37.3,0.0,0.0,0.0,0.0,-0.01,0,1.21,2.42,0,0.0,0,227.58,0,0,0,0,0,0,0,0,0,1000.0,0,0,0,0,2.42,37.3,-1.0,0,37.3,0.0,37.3,0.0,0.0,0.0,227.58,-0.01
12/20/2024,16:43:31,0.0,0.0,404.0,37.3,0.0,0.0,0.0,0.0,-0.01,0,1.21,2.42,0,0.0,0,227.58,0,0,0,0,0,0,0,0,0,1000.0,0,0,0,0,2.42,37.3,-1.0,0,37.3,0.0,37.3,0.0,0.0,0.0,227.58,-0.01
12/20/2024,16:43:32,0.0,0.0,404.0,37.3,0.0,0.0,0.0,0.0,-0.01,0,1.21,2.42,0,0.0,0,227.62,0,0,0,0,0,0,0,0,0,1000.0,0,0,0,0,2.42,37.3,-1.0,0,37.3,0.0,37.3,0.0,0.0,0.0,227.62,-0.01
12/20/2024,16:43:33,0.0,0.0,404.0,37.3,0.0,0.0,0.0,0.0,-0.01,0,1.21,2.42,0,0.0,0,227.66,0,0,0,0,0,0,0,0,0,1000.0,0,0,0,0,2.42,37.3,-1.0,0,37.3,0.0,37.3,0.0,0.0,0.0,227.66,-0.01
12/20/2024,16:43:34,0.0,0.0,404.0,37.3,0.0,0.0,0.0,0.0,-0.01,0,1.21,2.42,0,0.0,0,227.7,0,0,0,0,0,0,0,0,0,1000.0,0,0,0,0,2.42,37.3,-1.0,0,37.3,0.0,37.3,0.0,0.0,0.0,227.7,-0.01
12/20/2024,16:43:35,0.0,0.0,404.0,37.3,0.0,0.0,0.0,0.0,-0.01,0,1.21,2.42,0,0.0,0,227.77,0,0,0,0,0,0,0,0,0,1000.0,0,0,0,0,2.42,37.3,-1.0,0,37.3,0.0,37.3,0.0,0.0,0.0,227.77,-0.01
12/20/2024,16:43:36,0.0,0.0,404.0,37.3,0.0,0.0,0.0,0.0,-0.01,0,1.21,2.42,0,0.0,0,227.81,0,0,0,0,0,0,0,0,0,1000.0,0,0,0,0,2.42,37.3,-1.0,0,37.3,0.0,37.3,0.0,0.0,0.0,227.81,-0.01
12/20/2024,16:43:37,0.0,0.0,404.0,37.3,0.0,0.0,0.0,0.0,-0.01,0,1.21,2.42,0,0.0,0,227.88,0,0,0,0,0,0,0,0,0,1000.0,0,0,0,0,2.42,37.3,-1.0,0,37.3,0.0,37.3,0.0,0.0,0.0,227.88,-0.01
12/20/2024,16:43:38,0.0,0.0,404.0,37.3,0.0,0.0,0.0,0.0,-0.01,0,1.21,2.42,0,0.0,0,227.88,0,0,0,0,0,0,0,0,0,1000.0,0,0,0,0,2.42,37.3,-1.0,0,37.3,0.0,37.3,0.0,0.0,0.0,227.88,-0.01
12/20/2024,16:43:39,0.0,0.0,404.0,37.3,0.0,0.0,0.0,0.0,-0.01,0,1.21,2.42,0,0.0,0,227.92,0,0,0,0,0,0,0,0,0,1000.0,0,0,0,0,2.42,37.3,-1.0,0,37.3,0.0,37.3,0.0,0.0,0.0,227.92,-0.01
12/20/2024,16:43:40,0.0,0.0,404.0,37.3,0.0,0.0,0.0,0.0,-0.01,0,1.21,2.42,0,0.0,0,227.96,0,0,0,0,0,0,0,0,0,1000.0,0,0,0,0,2.42,37.3,-1.0,0,37.3,0.0,37.3,0.0,0.0,0.0,227.96,-0.01
12/20/2024,16:43:41,0.0,0.0,404.0,37.3,0.0,0.0,0.0,0.0,-0.01,0,1.21,2.42,0,0.0,0,227.99,0,0,0,0,0,0,0,0,0,1000.0,0,0,0,0,2.42,37.3,-1.0,0,37.3,0.0,37.3,0.0,0.0,0.0,227.99,-0.01
12/20/2024,16:43:42,0.0,0.0,404.0,37.3,0.0,0.0,0.0,0.0,-0.01,0,1.21,2.42,0,0.0,0,228.03,0,0,0,0,0,0,0,0,0,1000.0,0,0,0,0,2.42,37.3,-1.0,0,37.3,0.0,37.3,0.0,0.0,0.0,228.03,-0.01
12/20/2024,16:43:43,0.0,0.0,404.0,37.3,0.0,0.0,0.0,0.0,-0.01,0,1.21,2.42,0,0.0,0,228.07,0,0,0,0,0,0,0,0,0,1000.0,0,0,0,0,2.42,37.3,-1.0,0,37.3,0.0,37.3,0.0,0.0,0.0,228.07,-0.01
12/20/2024,16:43:44,0.0,0.0,404.0,37.3,0.0,0.0,0.0,0.0,-0.01,0,1.21,2.42,0,0.0,0,228.11,0,0,0,0,0,0,0,0,0,1000.0,0,0,0,0,2.42,37.3,-1.0,0,37.3,0.0,37.3,0.0,0.0,0.0,228.11,-0.01
12/20/2024,16:43:45,0.0,0.0,404.0,37.3,0.0,0.0,0.0,0.0,-0.01,0,1.21,2.42,0,0.0,0,228.14,0,0,0,0,0,0,0,0,0,1000.0,0,0,0,0,2.42,37.3,-1.0,0,37.3,0.0,37.3,0.0,0.0,0.0,228.14,-0.01
12/20/2024,16:43:46,0.0,0.0,404.0,37.4,0.0,0.0,0.0,0.0,-0.01,0,1.21,2.42,0,0.0,0,228.18,0,0,0,0,0,0,0,0,0,1000.0,0,0,0,0,2.42,37.4,-1.0,0,37.4,0.0,37.4,0.0,0.0,0.0,228.18,-0.01
12/20/2024,16:43:47,0.0,0.0,404.0,37.3,0.0,0.0,0.0,0.0,-0.01,0,1.21,2.42,0,0.0,0,228.22,0,0,0,0,0,0,0,0,0,1000.0,0,0,0,0,2.42,37.3,-1.0,0,37.3,0.0,37.3,0.0,0.0,0.0,228.22,-0.01
12/20/2024,16:43:48,0.0,0.0,404.0,37.3,0.0,0.0,0.0,0.0,-0.01,0,1.21,2.42,0,0.0,0,228.25,0,0,0,0,0,0,0,0,0,1000.0,0,0,0,0,2.42,37.3,-1.0,0,37.3,0.0,37.3,0.0,0.0,0.0,228.25,-0.01
12/20/2024,16:43:49,0.0,0.0,404.0,37.3,0.0,0.0,0.0,0.0,-0.01,0,1.21,2.42,0,0.0,0,228.29,0,0,0,0,0,0,0,0,0,1000.0,0,0,0,0,2.42,37.3,-1.0,0,37.3,0.0,37.3,0.0,0.0,0.0,228.29,-0.01
12/20/2024,16:43:50,0.0,0.0,404.0,37.3,0.0,0.0,0.0,0.0,-0.01,0,1.21,2.42,0,0.0,0,228.33,0,0,0,0,0,0,0,0,0,1000.0,0,0,0,0,2.42,37.3,-1.0,0,37.3,0.0,37.3,0.0,0.0,0.0,228.33,-0.01
12/20/2024,16:43:51,0.0,0.0,404.0,37.3,0.0,0.0,0.0,0.0,-0.01,0,1.21,2.42,0,0.0,0,228.37,0,0,0,0,0,0,0,0,0,1000.0,0,0,0,0,2.42,37.3,-1.0,0,37.3,0.0,37.3,0.0,0.0,0.0,228.37,-0.01
12/20/2024,16:43:52,0.0,0.0,404.0,37.3,0.0,0.0,0.0,0.0,-0.01,0,1.21,2.42,0,0.0,0,228.4,0,0,0,0,0,0,0,0,0,1000.0,0,0,0,0,2.42,37.3,-1.0,0,37.3,0.0,37.3,0.0,0.0,0.0,228.4,-0.01
12/20/2024,16:43:53,0.0,0.0,404.0,37.3,0.0,0.0,0.0,0.0,-0.01,0,1.21,2.42,0,0.0,0,228.44,0,0,0,0,0,0,0,0,0,1000.0,0,0,0,0,2.42,37.3,-1.0,0,37.3,0.0,37.3,0.0,0.0,0.0,228.44,-0.01
12/20/2024,16:43:54,0.0,0.0,404.0,37.3,0.0,0.0,0.0,0.0,-0.01,0,1.21,2.42,0,0.0,0,228.48,0,0,0,0,0,0,0,0,0,1000.0,0,0,0,0,2.42,37.3,-1.0,0,37.3,0.0,37.3,0.0,0.0,0.0,228.48,-0.01
12/20/2024,16:43:55,0.0,0.0,404.0,37.3,0.0,0.0,0.0,0.0,-0.01,0,1.21,2.42,0,0.0,0,228.52,0,0,0,0,0,0,0,0,0,1000.0,0,0,0,0,2.42,37.3,-1.0,0,37.3,0.0,37.3,0.0,0.0,0.0,228.52,-0.01
12/20/2024,16:43:56,0.0,0.0,404.0,37.3,0.0,0.0,0.0,0.0,-0.01,0,1.21,2.42,0,0.0,0,228.55,0,0,0,0,0,0,0,0,0,1000.0,0,0,0,0,2.42,37.3,-1.0,0,37.3,0.0,37.3,0.0,0.0,0.0,228.55,-0.01
12/20/2024,16:43:57,0.0,0.0,404.0,37.3,0.0,0.0,0.0,0.0,-0.01,0,1.21,2.42,0,0.0,0,228.59,0,0,0,0,0,0,0,0,0,1000.0,0,0,0,0,2.42,37.3,-1.0,0,37.3,0.0,37.3,0.0,0.0,0.0,228.59,-0.01
12/20/2024,16:43:58,0.0,0.0,404.0,37.3,0.0,0.0,0.0,0.0,-0.01,0,1.21,2.42,0,0.0,0,228.63,0,0,0,0,0,0,0,0,0,1000.0,0,0,0,0,2.42,37.3,-1.0,0,37.3,0.0,37.3,0.0,0.0,0.0,228.63,-0.01
12/20/2024,16:43:59,0.0,0.0,404.0,37.3,0.0,0.0,0.0,0.0,-0.01,0,1.21,2.42,0,0.0,0,228.66,0,0,0,0,0,0,0,0,0,1000.0,0,0,0,0,2.42,37.3,-1.0,0,37.3,0.0,37.3,0.0,0.0,0.0,228.66,-0.01
12/20/2024,16:44:0,0.0,0.0,404.0,37.3,0.0,0.0,0.0,0.0,-0.01,0,1.21,2.42,0,0.0,0,228.7,0,0,0,0,0,0,0,0,0,1000.0,0,0,0,0,2.42,37.3,-1.0,0,37.3,0.0,37.3,0.0,0.0,0.0,228.7,-0.01
12/20/2024,16:44:1,0.0,0.0,404.0,37.3,0.0,0.0,0.0,0.0,-0.01,0,1.21,2.42,0,0.0,0,228.74,0,0,0,0,0,0,0,0,0,1000.0,0,0,0,0,2.42,37.3,-1.0,0,37.3,0.0,37.3,0.0,0.0,0.0,228.74,-0.01
12/20/2024,16:44:2,0.0,0.0,404.0,37.3,0.0,0.0,0.0,0.0,-0.01,0,1.21,2.42,0,0.0,0,228.74,0,0,0,0,0,0,0,0,0,1000.0,0,0,0,0,2.42,37.3,-1.0,0,37.3,0.0,37.3,0.0,0.0,0.0,228.74,-0.01
12/20/2024,16:44:3,0.0,0.0,404.0,37.3,0.0,0.0,0.0,0.0,-0.01,0,1.21,2.42,0,0.0,0,228.81,0,0,0,0,0,0,0,0,0,1000.0,0,0,0,0,2.42,37.3,-1.0,0,37.3,0.0,37.3,0.0,0.0,0.0,228.81,-0.01
12/20/2024,16:44:4,0.0,0.0,404.0,37.3,0.0,0.0,0.0,0.0,-0.01,0,1.21,2.42,0,0.0,0,228.81,0,0,0,0,0,0,0,0,0,1000.0,0,0,0,0,2.42,37.3,-1.0,0,37.3,0.0,37.3,0.0,0.0,0.0,228.81,-0.01
12/20/2024,16:44:5,0.0,0.0,404.0,37.3,0.0,0.0,0.0,0.0,-0.01,0,1.21,2.42,0,0.0,0,228.89,0,0,0,0,0,0,0,0,0,1000.0,0,0,0,0,2.42,37.3,-1.0,0,37.3,0.0,37.3,0.0,0.0,0.0,228.89,-0.01
12/20/2024,16:44:6,0.0,0.0,404.0,37.3,0.0,0.0,0.0,0.0,-0.01,0,1.21,2.42,0,0.0,0,228.89,0,0,0,0,0,0,0,0,0,1000.0,0,0,0,0,2.42,37.3,-1.0,0,37.3,0.0,37.3,0.0,0.0,0.0,228.89,-0.01
12/20/2024,16:44:7,0.0,0.0,404.0,37.3,0.0,0.0,0.0,0.0,-0.01,0,1.21,2.42,0,0.0,0,228.96,0,0,0,0,0,0,0,0,0,1000.0,0,0,0,0,2.42,37.3,-1.0,0,37.3,0.0,37.3,0.0,0.0,0.0,228.96,-0.01
12/20/2024,16:44:8,0.0,0.0,404.0,37.3,0.0,0.0,0.0,0.0,-0.01,0,1.21,2.42,0,0.0,0,228.96,0,0,0,0,0,0,0,0,0,1000.0,0,0,0,0,2.42,37.3,-1.0,0,37.3,0.0,37.3,0.0,0.0,0.0,228.96,-0.01
12/20/2024,16:44:9,0.0,0.0,404.0,37.3,0.0,0.0,0.0,0.0,-0.01,0,1.21,2.42,0,0.0,0,229.04,0,0,0,0,0,0,0,0,0,1000.0,0,0,0,0,2.42,37.3,-1.0,0,37.3,0.0,37.3,0.0,0.0,0.0,229.04,-0.01
12/20/2024,16:44:10,0.0,0.0,404.0,37.3,0.0,0.0,0.0,0.0,-0.01,0,1.21,2.42,0,0.0,0,229.04,0,0,0,0,0,0,0,0,0,1000.0,0,0,0,0,2.42,37.3,-1.0,0,37.3,0.0,37.3,0.0,0.0,0.0,229.04,-0.01
12/20/2024,16:44:11,0.0,0.0,404.0,37.3,0.0,0.0,0.0,0.0,-0.01,0,1.21,2.42,0,0.0,0,229.11,0,0,0,0,0,0,0,0,0,1000.0,0,0,0,0,2.42,37.3,-1.0,0,37.3,0.0,37.3,0.0,0.0,0.0,229.11,-0.01
12/20/2024,16:44:12,0.0,0.0,404.0,37.3,0.0,0.0,0.0,0.0,-0.01,0,1.21,2.42,0,0.0,0,229.11,0,0,0,0,0,0,0,0,0,1000.0,0,0,0,0,2.42,37.3,-1.0,0,37.3,0.0,37.3,0.0,0.0,0.0,229.11,-0.01
12/20/2024,16:44:13,0.0,0.0,404.0,37.3,0.0,0.0,0.0,0.0,-0.01,0,1.21,2.42,0,0.0,0,229.19,0,0,0,0,0,0,0,0,0,1000.0,0,0,0,0,2.42,37.3,-1.0,0,37.3,0.0,37.3,0.0,0.0,0.0,229.19,-0.01
12/20/2024,16:44:14,0.0,0.0,404.0,37.3,0.0,0.0,0.0,0.0,-0.01,0,1.21,2.42,0,0.0,0,229.19,0,0,0,0,0,0,0,0,0,1000.0,0,0,0,0,2.42,37.3,-1.0,0,37.3,0.0,37.3,0.0,0.0,0.0,229.19,-0.01
12/20/2024,16:44:15,0.0,0.0,404.0,37.3,0.0,0.0,0.0,0.0,-0.01,0,1.21,2.42,0,0.0,0,229.26,0,0,0,0,0,0,0,0,0,1000.0,0,0,0,0,2.42,37.3,-1.0,0,37.3,0.0,37.3,0.0,0.0,0.0,229.26,-0.01
12/20/2024,16:44:16,0.0,0.0,404.0,37.3,0.0,0.0,0.0,0.0,-0.01,0,1.21,2.42,0,0.0,0,229.26,0,0,0,0,0,0,0,0,0,1000.0,0,0,0,0,2.42,37.3,-1.0,0,37.3,0.0,37.3,0.0,0.0,0.0,229.26,-0.01
12/20/2024,16:44:17,0.0,0.0,404.0,37.3,0.0,0.0,0.0,0.0,-0.01,0,1.21,2.42,0,0.0,0,229.3,0,0,0,0,0,0,0,0,0,1000.0,0,0,0,0,2.42,37.3,-1.0,0,37.3,0.0,37.3,0.0,0.0,0.0,229.3,-0.01
12/20/2024,16:44:18,0.0,0.0,404.0,37.3,0.0,0.0,0.0,0.0,-0.01,0,1.21,2.42,0,0.0,0,229.34,0,0,0,0,0,0,0,0,0,1000.0,0,0,0,0,2.42,37.3,-1.0,0,37.3,0.0,37.3,0.0,0.0,0.0,229.34,-0.01
12/20/2024,16:44:19,0.0,0.0,404.0,37.3,0.0,0.0,0.0,0.0,-0.01,0,1.21,2.42,0,0.0,0,229.37,0,0,0,0,0,0,0,0,0,1000.0,0,0,0,0,2.42,37.3,-1.0,0,37.3,0.0,37.3,0.0,0.0,0.0,229.37,-0.01
12/20/2024,16:44:20,0.0,0.0,404.0,37.3,0.0,0.0,0.0,0.0,-0.01,0,1.21,2.42,0,0.0,0,229.41,0,0,0,0,0,0,0,0,0,1000.0,0,0,0,0,2.42,37.3,-1.0,0,37.3,0.0,37.3,0.0,0.0,0.0,229.41,-0.01
12/20/2024,16:44:21,0.0,0.0,404.0,37.3,0.0,0.0,0.0,0.0,-0.01,0,1.21,2.42,0,0.0,0,229.45,0,0,0,0,0,0,0,0,0,1000.0,0,0,0,0,2.42,37.3,-1.0,0,37.3,0.0,37.3,0.0,0.0,0.0,229.45,-0.01
12/20/2024,16:44:22,0.0,0.0,404.0,37.3,0.0,0.0,0.0,0.0,-0.01,0,1.21,2.42,0,0.0,0,229.52,0,0,0,0,0,0,0,0,0,1000.0,0,0,0,0,2.42,37.3,-1.0,0,37.3,0.0,37.3,0.0,0.0,0.0,229.52,-0.01
12/20/2024,16:44:23,0.0,0.0,404.0,37.3,0.0,0.0,0.0,0.0,-0.01,0,1.21,2.42,0,0.0,0,229.56,0,0,0,0,0,0,0,0,0,1000.0,0,0,0,0,2.42,37.3,-1.0,0,37.3,0.0,37.3,0.0,0.0,0.0,229.56,-0.01
12/20/2024,16:44:24,0.0,0.0,404.0,37.3,0.0,0.0,0.0,0.0,-0.01,0,1.21,2.42,0,0.0,0,229.6,0,0,0,0,0,0,0,0,0,1000.0,0,0,0,0,2.42,37.3,-1.0,0,37.3,0.0,37.3,0.0,0.0,0.0,229.6,-0.01
12/20/2024,16:44:25,0.0,0.0,404.0,37.3,0.0,0.0,0.0,0.0,-0.01,0,1.21,2.42,0,0.0,0,229.63,0,0,0,0,0,0,0,0,0,1000.0,0,0,0,0,2.42,37.3,-1.0,0,37.3,0.0,37.3,0.0,0.0,0.0,229.63,-0.01
12/20/2024,16:44:26,0.0,0.0,404.0,37.3,0.0,0.0,0.0,0.0,-0.01,0,1.21,2.42,0,0.0,0,229.67,0,0,0,0,0,0,0,0,0,1000.0,0,0,0,0,2.42,37.3,-1.0,0,37.3,0.0,37.3,0.0,0.0,0.0,229.67,-0.01
12/20/2024,16:44:27,0.0,0.0,404.0,37.3,0.0,0.0,0.0,0.0,-0.01,0,1.21,2.42,0,0.0,0,229.71,0,0,0,0,0,0,0,0,0,1000.0,0,0,0,0,2.42,37.3,-1.0,0,37.3,0.0,37.3,0.0,0.0,0.0,229.71,-0.01
12/20/2024,16:44:28,0.0,0.0,404.0,37.3,0.0,0.0,0.0,0.0,-0.01,0,1.21,2.42,0,0.0,0,229.75,0,0,0,0,0,0,0,0,0,1000.0,0,0,0,0,2.42,37.3,-1.0,0,37.3,0.0,37.3,0.0,0.0,0.0,229.75,-0.01
12/20/2024,16:44:29,0.0,0.0,404.0,37.3,0.0,0.0,0.0,0.0,-0.01,0,1.21,2.42,0,0.0,0,229.78,0,0,0,0,0,0,0,0,0,1000.0,0,0,0,0,2.42,37.3,-1.0,0,37.3,0.0,37.3,0.0,0.0,0.0,229.78,-0.01
12/20/2024,16:44:30,0.0,0.0,404.0,37.3,0.0,0.0,0.0,0.0,-0.01,0,1.21,2.42,0,0.0,0,229.82,0,0,0,0,0,0,0,0,0,1000.0,0,0,0,0,2.42,37.3,-1.0,0,37.3,0.0,37.3,0.0,0.0,0.0,229.82,-0.01
12/20/2024,16:44:31,0.0,0.0,404.0,37.3,0.0,0.0,0.0,0.0,-0.01,0,1.21,2.42,0,0.0,0,229.86,0,0,0,0,0,0,0,0,0,1000.0,0,0,0,0,2.42,37.3,-1.0,0,37.3,0.0,37.3,0.0,0.0,0.0,229.86,-0.01
12/20/2024,16:44:32,0.0,0.0,404.0,37.3,0.0,0.0,0.0,0.0,-0.01,0,1.21,2.42,0,0.0,0,229.9,0,0,0,0,0,0,0,0,0,1000.0,0,0,0,0,2.42,37.3,-1.0,0,37.3,0.0,37.3,0.0,0.0,0.0,229.9,-0.01
12/20/2024,16:44:33,0.0,0.0,404.0,37.3,0.0,0.0,0.0,0.0,-0.01,0,1.21,2.42,0,0.0,0,229.93,0,0,0,0,0,0,0,0,0,1000.0,0,0,0,0,2.42,37.3,-1.0,0,37.3,0.0,37.3,0.0,0.0,0.0,229.93,-0.01
12/20/2024,16:44:34,0.0,0.0,404.0,37.3,0.0,0.0,0.0,0.0,-0.01,0,1.21,2.42,0,0.0,0,229.97,0,0,0,0,0,0,0,0,0,1000.0,0,0,0,0,2.42,37.3,-1.0,0,37.3,0.0,37.3,0.0,0.0,0.0,229.97,-0.01
12/20/2024,16:44:35,0.0,0.0,404.0,37.3,0.0,0.0,0.0,0.0,-0.01,0,1.21,2.42,0,0.0,0,230.01,0,0,0,0,0,0,0,0,0,1000.0,0,0,0,0,2.42,37.3,-1.0,0,37.3,0.0,37.3,0.0,0.0,0.0,230.01,-0.01
12/20/2024,16:44:36,0.0,0.0,404.0,37.3,0.0,0.0,0.0,0.0,-0.01,0,1.21,2.42,0,0.0,0,230.04,0,0,0,0,0,0,0,0,0,1000.0,0,0,0,0,2.42,37.3,-1.0,0,37.3,0.0,37.3,0.0,0.0,0.0,230.04,-0.01
12/20/2024,16:44:37,0.0,0.0,404.0,37.3,0.0,0.0,0.0,0.0,-0.01,0,1.21,2.42,0,0.0,0,230.08,0,0,0,0,0,0,0,0,0,1000.0,0,0,0,0,2.42,37.3,-1.0,0,37.3,0.0,37.3,0.0,0.0,0.0,230.08,-0.01
12/20/2024,16:44:38,0.0,0.0,404.0,37.3,0.0,0.0,0.0,0.0,-0.01,0,1.21,2.42,0,0.0,0,230.12,0,0,0,0,0,0,0,0,0,1000.0,0,0,0,0,2.42,37.3,-1.0,0,37.3,0.0,37.3,0.0,0.0,0.0,230.12,-0.01
12/20/2024,16:44:39,0.0,0.0,404.0,37.3,0.0,0.0,0.0,0.0,-0.01,0,1.21,2.42,0,0.0,0,230.12,0,0,0,0,0,0,0,0,0,1000.0,0,0,0,0,2.42,37.3,-1.0,0,37.3,0.0,37.3,0.0,0.0,0.0,230.12,-0.01
12/20/2024,16:44:40,0.0,0.0,404.0,37.3,0.0,0.0,0.0,0.0,-0.01,0,1.21,2.42,0,0.0,0,230.19,0,0,0,0,0,0,0,0,0,1000.0,0,0,0,0,2.42,37.3,-1.0,0,37.3,0.0,37.3,0.0,0.0,0.0,230.19,-0.01
12/20/2024,16:44:41,0.0,0.0,404.0,37.3,0.0,0.0,0.0,0.0,-0.01,0,1.21,2.42,0,0.0,0,230.19,0,0,0,0,0,0,0,0,0,1000.0,0,0,0,0,2.42,37.3,-1.0,0,37.3,0.0,37.3,0.0,0.0,0.0,230.19,-0.01
12/20/2024,16:44:42,0.0,0.0,404.0,37.3,0.0,0.0,0.0,0.0,-0.01,0,1.21,2.42,0,0.0,0,230.27,0,0,0,0,0,0,0,0,0,1000.0,0,0,0,0,2.42,37.3,-1.0,0,37.3,0.0,37.3,0.0,0.0,0.0,230.27,-0.01
12/20/2024,16:44:43,0.0,0.0,404.0,37.3,0.0,0.0,0.0,0.0,-0.01,0,1.21,2.42,0,0.0,0,230.27,0,0,0,0,0,0,0,0,0,1000.0,0,0,0,0,2.42,37.3,-1.0,0,37.3,0.0,37.3,0.0,0.0,0.0,230.27,-0.01
12/20/2024,16:44:44,0.0,0.0,404.0,37.3,0.0,0.0,0.0,0.0,-0.01,0,1.21,2.42,0,0.0,0,230.34,0,0,0,0,0,0,0,0,0,1000.0,0,0,0,0,2.42,37.3,-1.0,0,37.3,0.0,37.3,0.0,0.0,0.0,230.34,-0.01
12/20/2024,16:44:45,0.0,0.0,404.0,37.3,0.0,0.0,0.0,0.0,-0.01,0,1.21,2.42,0,0.0,0,230.34,0,0,0,0,0,0,0,0,0,1000.0,0,0,0,0,2.42,37.3,-1.0,0,37.3,0.0,37.3,0.0,0.0,0.0,230.34,-0.01
12/20/2024,16:44:46,0.0,0.0,404.0,37.3,0.0,0.0,0.0,0.0,-0.01,0,1.21,2.42,0,0.0,0,230.42,0,0,0,0,0,0,0,0,0,1000.0,0,0,0,0,2.42,37.3,-1.0,0,37.3,0.0,37.3,0.0,0.0,0.0,230.42,-0.01
12/20/2024,16:44:47,0.0,0.0,404.0,37.3,0.0,0.0,0.0,0.0,-0.01,0,1.21,2.42,0,0.0,0,230.42,0,0,0,0,0,0,0,0,0,1000.0,0,0,0,0,2.42,37.3,-1.0,0,37.3,0.0,37.3,0.0,0.0,0.0,230.42,-0.01
12/20/2024,16:44:48,0.0,0.0,404.0,37.3,0.0,0.0,0.0,0.0,-0.01,0,1.21,2.42,0,0.0,0,230.46,0,0,0,0,0,0,0,0,0,1000.0,0,0,0,0,2.42,37.3,-1.0,0,37.3,0.0,37.3,0.0,0.0,0.0,230.46,-0.01
12/20/2024,16:44:49,0.0,0.0,404.0,37.3,0.0,0.0,0.0,0.0,-0.01,0,1.21,2.42,0,0.0,0,230.49,0,0,0,0,0,0,0,0,0,1000.0,0,0,0,0,2.42,37.3,-1.0,0,37.3,0.0,37.3,0.0,0.0,0.0,230.49,-0.01
12/20/2024,16:44:50,0.0,0.0,404.0,37.3,0.0,0.0,0.0,0.0,-0.01,0,1.21,2.42,0,0.0,0,230.53,0,0,0,0,0,0,0,0,0,1000.0,0,0,0,0,2.42,37.3,-1.0,0,37.3,0.0,37.3,0.0,0.0,0.0,230.53,-0.01
12/20/2024,16:44:51,0.0,0.0,404.0,37.3,0.0,0.0,0.0,0.0,-0.01,0,1.21,2.42,0,0.0,0,230.6,0,0,0,0,0,0,0,0,0,1000.0,0,0,0,0,2.42,37.3,-1.0,0,37.3,0.0,37.3,0.0,0.0,0.0,230.6,-0.01
12/20/2024,16:44:52,0.0,0.0,404.0,37.3,0.0,0.0,0.0,0.0,-0.01,0,1.21,2.42,0,0.0,0,230.6,0,0,0,0,0,0,0,0,0,1000.0,0,0,0,0,2.42,37.3,-1.0,0,37.3,0.0,37.3,0.0,0.0,0.0,230.6,-0.01
12/20/2024,16:44:53,0.0,0.0,404.0,37.3,0.0,0.0,0.0,0.0,-0.01,0,1.21,2.42,0,0.0,0,230.64,0,0,0,0,0,0,0,0,0,1000.0,0,0,0,0,2.42,37.3,-1.0,0,37.3,0.0,37.3,0.0,0.0,0.0,230.64,-0.01
12/20/2024,16:44:54,0.0,0.0,404.0,37.3,0.0,0.0,0.0,0.0,-0.01,0,1.21,2.42,0,0.0,0,230.68,0,0,0,0,0,0,0,0,0,1000.0,0,0,0,0,2.42,37.3,-1.0,0,37.3,0.0,37.3,0.0,0.0,0.0,230.68,-0.01
12/20/2024,16:44:55,0.0,0.0,404.0,37.3,0.0,0.0,0.0,0.0,-0.01,0,1.21,2.42,0,0.0,0,230.72,0,0,0,0,0,0,0,0,0,1000.0,0,0,0,0,2.42,37.3,-1.0,0,37.3,0.0,37.3,0.0,0.0,0.0,230.72,-0.01
12/20/2024,16:44:56,0.0,0.0,404.0,37.3,0.0,0.0,0.0,0.0,-0.01,0,1.21,2.42,0,0.0,0,230.75,0,0,0,0,0,0,0,0,0,1000.0,0,0,0,0,2.42,37.3,-1.0,0,37.3,0.0,37.3,0.0,0.0,0.0,230.75,-0.01
12/20/2024,16:44:57,0.0,0.0,404.0,37.3,0.0,0.0,0.0,0.0,-0.01,0,1.21,2.42,0,0.0,0,230.83,0,0,0,0,0,0,0,0,0,1000.0,0,0,0,0,2.42,37.3,-1.0,0,37.3,0.0,37.3,0.0,0.0,0.0,230.83,-0.01
12/20/2024,16:44:58,0.0,0.0,404.0,37.3,0.0,0.0,0.0,0.0,-0.01,0,1.21,2.42,0,0.0,0,230.83,0,0,0,0,0,0,0,0,0,1000.0,0,0,0,0,2.42,37.3,-1.0,0,37.3,0.0,37.3,0.0,0.0,0.0,230.83,-0.01
12/20/2024,16:44:59,0.0,0.0,404.0,37.3,0.0,0.0,0.0,0.0,-0.01,0,1.21,2.42,0,0.0,0,230.9,0,0,0,0,0,0,0,0,0,1000.0,0,0,0,0,2.42,37.3,-1.0,0,37.3,0.0,37.3,0.0,0.0,0.0,230.9,-0.01
12/20/2024,16:45:0,0.0,0.0,404.0,37.3,0.0,0.0,0.0,0.0,-0.01,0,1.21,2.42,0,0.0,0,230.94,0,0,0,0,0,0,0,0,0,1000.0,0,0,0,0,2.42,37.3,-1.0,0,37.3,0.0,37.3,0.0,0.0,0.0,230.94,-0.01
12/20/2024,16:45:1,0.0,0.0,404.0,37.3,0.0,0.0,0.0,0.0,-0.01,0,1.21,2.42,0,0.0,0,230.98,0,0,0,0,0,0,0,0,0,1000.0,0,0,0,0,2.42,37.3,-1.0,0,37.3,0.0,37.3,0.0,0.0,0.0,230.98,-0.01
12/20/2024,16:45:2,0.0,0.0,404.0,37.3,0.0,0.0,0.0,0.0,-0.01,0,1.21,2.42,0,0.0,0,231.01,0,0,0,0,0,0,0,0,0,1000.0,0,0,0,0,2.42,37.3,-1.0,0,37.3,0.0,37.3,0.0,0.0,0.0,231.01,-0.01
12/20/2024,16:45:3,0.0,0.0,404.0,37.3,0.0,0.0,0.0,0.0,-0.01,0,1.21,2.42,0,0.0,0,231.05,0,0,0,0,0,0,0,0,0,1000.0,0,0,0,0,2.42,37.3,-1.0,0,37.3,0.0,37.3,0.0,0.0,0.0,231.05,-0.01
12/20/2024,16:45:4,0.0,0.0,404.0,37.3,0.0,0.0,0.0,0.0,-0.01,0,1.21,2.42,0,0.0,0,231.09,0,0,0,0,0,0,0,0,0,1000.0,0,0,0,0,2.42,37.3,-1.0,0,37.3,0.0,37.3,0.0,0.0,0.0,231.09,-0.01
12/20/2024,16:45:5,0.0,0.0,404.0,37.3,0.0,0.0,0.0,0.0,-0.01,0,1.21,2.42,0,0.0,0,231.13,0,0,0,0,0,0,0,0,0,1000.0,0,0,0,0,2.42,37.3,-1.0,0,37.3,0.0,37.3,0.0,0.0,0.0,231.13,-0.01
12/20/2024,16:45:6,0.0,0.0,404.0,37.3,0.0,0.0,0.0,0.0,-0.01,0,1.21,2.42,0,0.0,0,231.16,0,0,0,0,0,0,0,0,0,1000.0,0,0,0,0,2.42,37.3,-1.0,0,37.3,0.0,37.3,0.0,0.0,0.0,231.16,-0.01
12/20/2024,16:45:7,0.0,0.0,404.0,37.3,0.0,0.0,0.0,0.0,-0.01,0,1.21,2.42,0,0.0,0,231.2,0,0,0,0,0,0,0,0,0,1000.0,0,0,0,0,2.42,37.3,-1.0,0,37.3,0.0,37.3,0.0,0.0,0.0,231.2,-0.01
12/20/2024,16:45:8,0.0,0.0,404.0,37.3,0.0,0.0,0.0,0.0,-0.01,0,1.21,2.42,0,0.0,0,231.24,0,0,0,0,0,0,0,0,0,1000.0,0,0,0,0,2.42,37.3,-1.0,0,37.3,0.0,37.3,0.0,0.0,0.0,231.24,-0.01
12/20/2024,16:45:9,0.0,0.0,404.0,37.3,0.0,0.0,0.0,0.0,-0.01,0,1.21,2.42,0,0.0,0,231.28,0,0,0,0,0,0,0,0,0,1000.0,0,0,0,0,2.42,37.3,-1.0,0,37.3,0.0,37.3,0.0,0.0,0.0,231.28,-0.01
12/20/2024,16:45:10,0.0,0.0,404.0,37.3,0.0,0.0,0.0,0.0,-0.01,0,1.21,2.42,0,0.0,0,231.31,0,0,0,0,0,0,0,0,0,1000.0,0,0,0,0,2.42,37.3,-1.0,0,37.3,0.0,37.3,0.0,0.0,0.0,231.31,-0.01
12/20/2024,16:45:11,0.0,0.0,404.0,37.3,0.0,0.0,0.0,0.0,-0.01,0,1.21,2.42,0,0.0,0,231.35,0,0,0,0,0,0,0,0,0,1000.0,0,0,0,0,2.42,37.3,-1.0,0,37.3,0.0,37.3,0.0,0.0,0.0,231.35,-0.01
12/20/2024,16:45:12,0.0,0.0,404.0,37.3,0.0,0.0,0.0,0.0,-0.01,0,1.21,2.42,0,0.0,0,231.39,0,0,0,0,0,0,0,0,0,1000.0,0,0,0,0,2.42,37.3,-1.0,0,37.3,0.0,37.3,0.0,0.0,0.0,231.39,-0.01
12/20/2024,16:45:13,0.0,0.0,404.0,37.3,0.0,0.0,0.0,0.0,-0.01,0,1.21,2.42,0,0.0,0,231.43,0,0,0,0,0,0,0,0,0,1000.0,0,0,0,0,2.42,37.3,-1.0,0,37.3,0.0,37.3,0.0,0.0,0.0,231.43,-0.01
12/20/2024,16:45:14,0.0,0.0,404.0,37.3,0.0,0.0,0.0,0.0,-0.01,0,1.21,2.42,0,0.0,0,231.46,0,0,0,0,0,0,0,0,0,1000.0,0,0,0,0,2.42,37.3,-1.0,0,37.3,0.0,37.3,0.0,0.0,0.0,231.46,-0.01
12/20/2024,16:45:15,0.0,0.0,404.0,37.3,0.0,0.0,0.0,0.0,-0.01,0,1.21,2.42,0,0.0,0,231.5,0,0,0,0,0,0,0,0,0,1000.0,0,0,0,0,2.42,37.3,-1.0,0,37.3,0.0,37.3,0.0,0.0,0.0,231.5,-0.01
12/20/2024,16:45:16,0.0,0.0,404.0,37.3,0.0,0.0,0.0,0.0,-0.01,0,1.21,2.42,0,0.0,0,231.54,0,0,0,0,0,0,0,0,0,1000.0,0,0,0,0,2.42,37.3,-1.0,0,37.3,0.0,37.3,0.0,0.0,0.0,231.54,-0.01
12/20/2024,16:45:17,0.0,0.0,404.0,37.3,0.0,0.0,0.0,0.0,-0.01,0,1.21,2.42,0,0.0,0,231.57,0,0,0,0,0,0,0,0,0,1000.0,0,0,0,0,2.42,37.3,-1.0,0,37.3,0.0,37.3,0.0,0.0,0.0,231.57,-0.01
12/20/2024,16:45:18,0.0,0.0,404.0,37.3,0.0,0.0,0.0,0.0,-0.01,0,1.21,2.42,0,0.0,0,231.61,0,0,0,0,0,0,0,0,0,1000.0,0,0,0,0,2.42,37.3,-1.0,0,37.3,0.0,37.3,0.0,0.0,0.0,231.61,-0.01
12/20/2024,16:45:19,0.0,0.0,404.0,37.3,0.0,0.0,0.0,0.0,-0.01,0,1.21,2.42,0,0.0,0,231.65,0,0,0,0,0,0,0,0,0,1000.0,0,0,0,0,2.42,37.3,-1.0,0,37.3,0.0,37.3,0.0,0.0,0.0,231.65,-0.01
12/20/2024,16:45:20,0.0,0.0,404.0,37.3,0.0,0.0,0.0,0.0,-0.01,0,1.21,2.42,0,0.0,0,231.69,0,0,0,0,0,0,0,0,0,1000.0,0,0,0,0,2.42,37.3,-1.0,0,37.3,0.0,37.3,0.0,0.0,0.0,231.69,-0.01
12/20/2024,16:45:21,0.0,0.0,404.0,37.3,0.0,0.0,0.0,0.0,-0.01,0,1.21,2.42,0,0.0,0,231.72,0,0,0,0,0,0,0,0,0,1000.0,0,0,0,0,2.42,37.3,-1.0,0,37.3,0.0,37.3,0.0,0.0,0.0,231.72,-0.01
12/20/2024,16:45:22,0.0,0.0,404.0,37.3,0.0,0.0,0.0,0.0,-0.01,0,1.21,2.42,0,0.0,0,231.76,0,0,0,0,0,0,0,0,0,1000.0,0,0,0,0,2.42,37.3,-1.0,0,37.3,0.0,37.3,0.0,0.0,0.0,231.76,-0.01
12/20/2024,16:45:23,0.0,0.0,404.0,37.3,0.0,0.0,0.0,0.0,-0.01,0,1.21,2.42,0,0.0,0,231.76,0,0,0,0,0,0,0,0,0,1000.0,0,0,0,0,2.42,37.3,-1.0,0,37.3,0.0,37.3,0.0,0.0,0.0,231.76,-0.01
12/20/2024,16:45:24,0.0,0.0,404.0,37.3,0.0,0.0,0.0,0.0,-0.01,0,1.21,2.42,0,0.0,0,231.84,0,0,0,0,0,0,0,0,0,1000.0,0,0,0,0,2.42,37.3,-1.0,0,37.3,0.0,37.3,0.0,0.0,0.0,231.84,-0.01
12/20/2024,16:45:25,0.0,0.0,404.0,37.3,0.0,0.0,0.0,0.0,-0.01,0,1.21,2.42,0,0.0,0,231.84,0,0,0,0,0,0,0,0,0,1000.0,0,0,0,0,2.42,37.3,-1.0,0,37.3,0.0,37.3,0.0,0.0,0.0,231.84,-0.01
12/20/2024,16:45:26,0.0,0.0,404.0,37.3,0.0,0.0,0.0,0.0,-0.01,0,1.21,2.42,0,0.0,0,231.91,0,0,0,0,0,0,0,0,0,1000.0,0,0,0,0,2.42,37.3,-1.0,0,37.3,0.0,37.3,0.0,0.0,0.0,231.91,-0.01
12/20/2024,16:45:27,0.0,0.0,404.0,37.3,0.0,0.0,0.0,0.0,-0.01,0,1.21,2.42,0,0.0,0,231.91,0,0,0,0,0,0,0,0,0,1000.0,0,0,0,0,2.42,37.3,-1.0,0,37.3,0.0,37.3,0.0,0.0,0.0,231.91,-0.01
12/20/2024,16:45:28,0.0,0.0,404.0,37.3,0.0,0.0,0.0,0.0,-0.01,0,1.21,2.42,0,0.0,0,231.98,0,0,0,0,0,0,0,0,0,1000.0,0,0,0,0,2.42,37.3,-1.0,0,37.3,0.0,37.3,0.0,0.0,0.0,231.98,-0.01
12/20/2024,16:45:29,0.0,0.0,404.0,37.3,0.0,0.0,0.0,0.0,-0.01,0,1.21,2.42,0,0.0,0,231.98,0,0,0,0,0,0,0,0,0,1000.0,0,0,0,0,2.42,37.3,-1.0,0,37.3,0.0,37.3,0.0,0.0,0.0,231.98,-0.01
12/20/2024,16:45:30,0.0,0.0,404.0,37.3,0.0,0.0,0.0,0.0,-0.01,0,1.21,2.42,0,0.0,0,232.06,0,0,0,0,0,0,0,0,0,1000.0,0,0,0,0,2.42,37.3,-1.0,0,37.3,0.0,37.3,0.0,0.0,0.0,232.06,-0.01
12/20/2024,16:45:31,0.0,0.0,404.0,37.3,0.0,0.0,0.0,0.0,-0.01,0,1.21,2.42,0,0.0,0,232.06,0,0,0,0,0,0,0,0,0,1000.0,0,0,0,0,2.42,37.3,-1.0,0,37.3,0.0,37.3,0.0,0.0,0.0,232.06,-0.01
12/20/2024,16:45:32,0.0,0.0,404.0,37.3,0.0,0.0,0.0,0.0,-0.01,0,1.21,2.42,0,0.0,0,232.13,0,0,0,0,0,0,0,0,0,1000.0,0,0,0,0,2.42,37.3,-1.0,0,37.3,0.0,37.3,0.0,0.0,0.0,232.13,-0.01
12/20/2024,16:45:33,0.0,0.0,404.0,37.3,0.0,0.0,0.0,0.0,-0.01,0,1.21,2.42,0,0.0,0,232.13,0,0,0,0,0,0,0,0,0,1000.0,0,0,0,0,2.42,37.3,-1.0,0,37.3,0.0,37.3,0.0,0.0,0.0,232.13,-0.01
12/20/2024,16:45:34,0.0,0.0,404.0,37.3,0.0,0.0,0.0,0.0,-0.01,0,1.21,2.42,0,0.0,0,232.21,0,0,0,0,0,0,0,0,0,1000.0,0,0,0,0,2.42,37.3,-1.0,0,37.3,0.0,37.3,0.0,0.0,0.0,232.21,-0.01
12/20/2024,16:45:35,0.0,0.0,404.0,37.3,0.0,0.0,0.0,0.0,-0.01,0,1.21,2.42,0,0.0,0,232.21,0,0,0,0,0,0,0,0,0,1000.0,0,0,0,0,2.42,37.3,-1.0,0,37.3,0.0,37.3,0.0,0.0,0.0,232.21,-0.01
12/20/2024,16:45:36,0.0,0.0,404.0,37.3,0.0,0.0,0.0,0.0,-0.01,0,1.21,2.42,0,0.0,0,232.25,0,0,0,0,0,0,0,0,0,1000.0,0,0,0,0,2.42,37.3,-1.0,0,37.3,0.0,37.3,0.0,0.0,0.0,232.25,-0.01
12/20/2024,16:45:37,0.0,0.0,404.0,37.3,0.0,0.0,0.0,0.0,-0.01,0,1.21,2.42,0,0.0,0,232.28,0,0,0,0,0,0,0,0,0,1000.0,0,0,0,0,2.42,37.3,-1.0,0,37.3,0.0,37.3,0.0,0.0,0.0,232.28,-0.01
12/20/2024,16:45:38,0.0,0.0,404.0,37.3,0.0,0.0,0.0,0.0,-0.01,0,1.21,2.42,0,0.0,0,232.32,0,0,0,0,0,0,0,0,0,1000.0,0,0,0,0,2.42,37.3,-1.0,0,37.3,0.0,37.3,0.0,0.0,0.0,232.32,-0.01
12/20/2024,16:45:39,0.0,0.0,404.0,37.3,0.0,0.0,0.0,0.0,-0.01,0,1.21,2.42,0,0.0,0,232.36,0,0,0,0,0,0,0,0,0,1000.0,0,0,0,0,2.42,37.3,-1.0,0,37.3,0.0,37.3,0.0,0.0,0.0,232.36,-0.01
12/20/2024,16:45:40,0.0,0.0,404.0,37.3,0.0,0.0,0.0,0.0,-0.01,0,1.21,2.42,0,0.0,0,232.39,0,0,0,0,0,0,0,0,0,1000.0,0,0,0,0,2.42,37.3,-1.0,0,37.3,0.0,37.3,0.0,0.0,0.0,232.39,-0.01
12/20/2024,16:45:41,0.0,0.0,404.0,37.3,0.0,0.0,0.0,0.0,-0.01,0,1.21,2.42,0,0.0,0,232.43,0,0,0,0,0,0,0,0,0,1000.0,0,0,0,0,2.42,37.3,-1.0,0,37.3,0.0,37.3,0.0,0.0,0.0,232.43,-0.01
12/20/2024,16:45:42,0.0,0.0,404.0,37.3,0.0,0.0,0.0,0.0,-0.01,0,1.21,2.42,0,0.0,0,232.47,0,0,0,0,0,0,0,0,0,1000.0,0,0,0,0,2.42,37.3,-1.0,0,37.3,0.0,37.3,0.0,0.0,0.0,232.47,-0.01
12/20/2024,16:45:43,0.0,0.0,404.0,37.3,0.0,0.0,0.0,0.0,-0.01,0,1.21,2.42,0,0.0,0,232.51,0,0,0,0,0,0,0,0,0,1000.0,0,0,0,0,2.42,37.3,-1.0,0,37.3,0.0,37.3,0.0,0.0,0.0,232.51,-0.01
12/20/2024,16:45:44,0.0,0.0,404.0,37.3,0.0,0.0,0.0,0.0,-0.01,0,1.21,2.42,0,0.0,0,232.54,0,0,0,0,0,0,0,0,0,1000.0,0,0,0,0,2.42,37.3,-1.0,0,37.3,0.0,37.3,0.0,0.0,0.0,232.54,-0.01
12/20/2024,16:45:45,0.0,0.0,404.0,37.3,0.0,0.0,0.0,0.0,-0.01,0,1.21,2.42,0,0.0,0,232.58,0,0,0,0,0,0,0,0,0,1000.0,0,0,0,0,2.42,37.4,-1.0,0,37.3,0.0,37.4,0.0,0.0,0.0,232.58,-0.01
12/20/2024,16:45:46,0.0,0.0,404.0,37.4,0.0,0.0,0.0,0.0,-0.01,0,1.21,2.42,0,0.0,0,232.66,0,0,0,0,0,0,0,0,0,1000.0,0,0,0,0,2.42,37.3,-1.0,0,37.4,0.0,37.3,0.0,0.0,0.0,232.66,-0.01
12/20/2024,16:45:47,0.0,0.0,404.0,37.3,0.0,0.0,0.0,0.0,-0.01,0,1.21,2.42,0,0.0,0,232.69,0,0,0,0,0,0,0,0,0,1000.0,0,0,0,0,2.42,37.3,-1.0,0,37.3,0.0,37.3,0.0,0.0,0.0,232.69,-0.01
12/20/2024,16:45:48,0.0,0.0,404.0,37.3,0.0,0.0,0.0,0.0,-0.01,0,1.21,2.42,0,0.0,0,232.73,0,0,0,0,0,0,0,0,0,1000.0,0,0,0,0,2.42,37.3,-1.0,0,37.3,0.0,37.3,0.0,0.0,0.0,232.73,-0.01
12/20/2024,16:45:49,0.0,0.0,404.0,37.3,0.0,0.0,0.0,0.0,-0.01,0,1.21,2.42,0,0.0,0,232.77,0,0,0,0,0,0,0,0,0,1000.0,0,0,0,0,2.42,37.3,-1.0,0,37.3,0.0,37.3,0.0,0.0,0.0,232.77,-0.01
12/20/2024,16:45:50,0.0,0.0,404.0,37.3,0.0,0.0,0.0,0.0,-0.01,0,1.21,2.42,0,0.0,0,232.81,0,0,0,0,0,0,0,0,0,1000.0,0,0,0,0,2.42,37.3,-1.0,0,37.3,0.0,37.3,0.0,0.0,0.0,232.81,-0.01
12/20/2024,16:45:51,0.0,0.0,404.0,37.3,0.0,0.0,0.0,0.0,-0.01,0,1.21,2.42,0,0.0,0,232.84,0,0,0,0,0,0,0,0,0,1000.0,0,0,0,0,2.42,37.3,-1.0,0,37.3,0.0,37.3,0.0,0.0,0.0,232.84,-0.01
12/20/2024,16:45:52,0.0,0.0,404.0,37.3,0.0,0.0,0.0,0.0,-0.01,0,1.21,2.42,0,0.0,0,232.88,0,0,0,0,0,0,0,0,0,1000.0,0,0,0,0,2.42,37.3,-1.0,0,37.3,0.0,37.3,0.0,0.0,0.0,232.88,-0.01
12/20/2024,16:45:53,0.0,0.0,404.0,37.3,0.0,0.0,0.0,0.0,-0.01,0,1.21,2.42,0,0.0,0,232.92,0,0,0,0,0,0,0,0,0,1000.0,0,0,0,0,2.42,37.3,-1.0,0,37.3,0.0,37.3,0.0,0.0,0.0,232.92,-0.01
12/20/2024,16:45:54,0.0,0.0,404.0,37.3,0.0,0.0,0.0,0.0,-0.01,0,1.21,2.42,0,0.0,0,232.95,0,0,0,0,0,0,0,0,0,1000.0,0,0,0,0,2.42,37.3,-1.0,0,37.3,0.0,37.3,0.0,0.0,0.0,232.95,-0.01
12/20/2024,16:45:55,0.0,0.0,404.0,37.3,0.0,0.0,0.0,0.0,-0.01,0,1.21,2.42,0,0.0,0,232.99,0,0,0,0,0,0,0,0,0,1000.0,0,0,0,0,2.42,37.3,-1.0,0,37.3,0.0,37.3,0.0,0.0,0.0,232.99,-0.01
12/20/2024,16:45:56,0.0,0.0,404.0,37.3,0.0,0.0,0.0,0.0,-0.01,0,1.21,2.42,0,0.0,0,233.03,0,0,0,0,0,0,0,0,0,1000.0,0,0,0,0,2.42,37.3,-1.0,0,37.3,0.0,37.3,0.0,0.0,0.0,233.03,-0.01
12/20/2024,16:45:57,0.0,0.0,404.0,37.3,0.0,0.0,0.0,0.0,-0.01,0,1.21,2.42,0,0.0,0,233.07,0,0,0,0,0,0,0,0,0,1000.0,0,0,0,0,2.42,37.3,-1.0,0,37.3,0.0,37.3,0.0,0.0,0.0,233.07,-0.01
12/20/2024,16:45:58,0.0,0.0,404.0,37.3,0.0,0.0,0.0,0.0,-0.01,0,1.21,2.42,0,0.0,0,233.1,0,0,0,0,0,0,0,0,0,1000.0,0,0,0,0,2.42,37.3,-1.0,0,37.3,0.0,37.3,0.0,0.0,0.0,233.1,-0.01
12/20/2024,16:45:59,0.0,0.0,404.0,37.3,0.0,0.0,0.0,0.0,-0.01,0,1.21,2.42,0,0.0,0,233.14,0,0,0,0,0,0,0,0,0,1000.0,0,0,0,0,2.42,37.3,-1.0,0,37.3,0.0,37.3,0.0,0.0,0.0,233.14,-0.01
12/20/2024,16:46:0,0.0,0.0,404.0,37.3,0.0,0.0,0.0,0.0,-0.01,0,1.21,2.42,0,0.0,0,233.18,0,0,0,0,0,0,0,0,0,1000.0,0,0,0,0,2.42,37.3,-1.0,0,37.3,0.0,37.3,0.0,0.0,0.0,233.18,-0.01
12/20/2024,16:46:1,0.0,0.0,404.0,37.3,0.0,0.0,0.0,0.0,-0.01,0,1.21,2.42,0,0.0,0,233.22,0,0,0,0,0,0,0,0,0,1000.0,0,0,0,0,2.42,37.3,-1.0,0,37.3,0.0,37.3,0.0,0.0,0.0,233.22,-0.01
12/20/2024,16:46:2,0.0,0.0,404.0,37.3,0.0,0.0,0.0,0.0,-0.01,0,1.21,2.42,0,0.0,0,233.25,0,0,0,0,0,0,0,0,0,1000.0,0,0,0,0,2.42,37.3,-1.0,0,37.3,0.0,37.3,0.0,0.0,0.0,233.25,-0.01
12/20/2024,16:46:3,0.0,0.0,404.0,37.3,0.0,0.0,0.0,0.0,-0.01,0,1.21,2.42,0,0.0,0,233.29,0,0,0,0,0,0,0,0,0,1000.0,0,0,0,0,2.42,37.3,-1.0,0,37.3,0.0,37.3,0.0,0.0,0.0,233.29,-0.01
12/20/2024,16:46:4,0.0,0.0,404.0,37.3,0.0,0.0,0.0,0.0,-0.01,0,1.21,2.42,0,0.0,0,233.33,0,0,0,0,0,0,0,0,0,1000.0,0,0,0,0,2.42,37.3,-1.0,0,37.3,0.0,37.3,0.0,0.0,0.0,233.33,-0.01
12/20/2024,16:46:5,0.0,0.0,404.0,37.3,0.0,0.0,0.0,0.0,-0.01,0,1.21,2.42,0,0.0,0,233.36,0,0,0,0,0,0,0,0,0,1000.0,0,0,0,0,2.42,37.3,-1.0,0,37.3,0.0,37.3,0.0,0.0,0.0,233.36,-0.01
12/20/2024,16:46:6,0.0,0.0,404.0,37.3,0.0,0.0,0.0,0.0,-0.01,0,1.21,2.42,0,0.0,0,233.4,0,0,0,0,0,0,0,0,0,1000.0,0,0,0,0,2.42,37.3,-1.0,0,37.3,0.0,37.3,0.0,0.0,0.0,233.4,-0.01
12/20/2024,16:46:7,0.0,0.0,404.0,37.3,0.0,0.0,0.0,0.0,-0.01,0,1.21,2.42,0,0.0,0,233.44,0,0,0,0,0,0,0,0,0,1000.0,0,0,0,0,2.42,37.3,-1.0,0,37.3,0.0,37.3,0.0,0.0,0.0,233.44,-0.01
12/20/2024,16:46:8,0.0,0.0,404.0,37.3,0.0,0.0,0.0,0.0,-0.01,0,1.21,2.42,0,0.0,0,233.48,0,0,0,0,0,0,0,0,0,1000.0,0,0,0,0,2.42,37.3,-1.0,0,37.3,0.0,37.3,0.0,0.0,0.0,233.48,-0.01
12/20/2024,16:46:9,0.0,0.0,404.0,37.3,0.0,0.0,0.0,0.0,-0.01,0,1.21,2.42,0,0.0,0,233.51,0,0,0,0,0,0,0,0,0,1000.0,0,0,0,0,2.42,37.3,-1.0,0,37.3,0.0,37.3,0.0,0.0,0.0,233.51,-0.01
12/20/2024,16:46:10,0.0,0.0,404.0,37.3,0.0,0.0,0.0,0.0,-0.01,0,1.21,2.42,0,0.0,0,233.55,0,0,0,0,0,0,0,0,0,1000.0,0,0,0,0,2.42,37.3,-1.0,0,37.3,0.0,37.3,0.0,0.0,0.0,233.55,-0.01
12/20/2024,16:46:11,0.0,0.0,404.0,37.3,0.0,0.0,0.0,0.0,-0.01,0,1.21,2.42,0,0.0,0,233.59,0,0,0,0,0,0,0,0,0,1000.0,0,0,0,0,2.42,37.3,-1.0,0,37.3,0.0,37.3,0.0,0.0,0.0,233.59,-0.01
12/20/2024,16:46:12,0.0,0.0,404.0,37.3,0.0,0.0,0.0,0.0,-0.01,0,1.21,2.42,0,0.0,0,233.59,0,0,0,0,0,0,0,0,0,1000.0,0,0,0,0,2.42,37.3,-1.0,0,37.3,0.0,37.3,0.0,0.0,0.0,233.59,-0.01
12/20/2024,16:46:13,0.0,0.0,404.0,37.3,0.0,0.0,0.0,0.0,-0.01,0,1.21,2.42,0,0.0,0,233.66,0,0,0,0,0,0,0,0,0,1000.0,0,0,0,0,2.42,37.3,-1.0,0,37.3,0.0,37.3,0.0,0.0,0.0,233.66,-0.01
12/20/2024,16:46:14,0.0,0.0,404.0,37.3,0.0,0.0,0.0,0.0,-0.01,0,1.21,2.42,0,0.0,0,233.66,0,0,0,0,0,0,0,0,0,1000.0,0,0,0,0,2.42,37.3,-1.0,0,37.3,0.0,37.3,0.0,0.0,0.0,233.66,-0.01
12/20/2024,16:46:15,0.0,0.0,404.0,37.3,0.0,0.0,0.0,0.0,-0.01,0,1.21,2.42,0,0.0,0,233.74,0,0,0,0,0,0,0,0,0,1000.0,0,0,0,0,2.42,37.3,-1.0,0,37.3,0.0,37.3,0.0,0.0,0.0,233.74,-0.01
12/20/2024,16:46:16,0.0,0.0,404.0,37.3,0.0,0.0,0.0,0.0,-0.01,0,1.21,2.42,0,0.0,0,233.74,0,0,0,0,0,0,0,0,0,1000.0,0,0,0,0,2.42,37.3,-1.0,0,37.3,0.0,37.3,0.0,0.0,0.0,233.74,-0.01
12/20/2024,16:46:17,0.0,0.0,404.0,37.3,0.0,0.0,0.0,0.0,-0.01,0,1.21,2.42,0,0.0,0,233.81,0,0,0,0,0,0,0,0,0,1000.0,0,0,0,0,2.42,37.3,-1.0,0,37.3,0.0,37.3,0.0,0.0,0.0,233.81,-0.01
12/20/2024,16:46:18,0.0,0.0,404.0,37.3,0.0,0.0,0.0,0.0,-0.01,0,1.21,2.42,0,0.0,0,233.81,0,0,0,0,0,0,0,0,0,1000.0,0,0,0,0,2.42,37.3,-1.0,0,37.3,0.0,37.3,0.0,0.0,0.0,233.81,-0.01
12/20/2024,16:46:19,0.0,0.0,404.0,37.3,0.0,0.0,0.0,0.0,-0.01,0,1.21,2.42,0,0.0,0,233.89,0,0,0,0,0,0,0,0,0,1000.0,0,0,0,0,2.42,37.3,-1.0,0,37.3,0.0,37.3,0.0,0.0,0.0,233.89,-0.01
12/20/2024,16:46:20,0.0,0.0,404.0,37.3,0.0,0.0,0.0,0.0,-0.01,0,1.21,2.42,0,0.0,0,233.89,0,0,0,0,0,0,0,0,0,1000.0,0,0,0,0,2.42,37.3,-1.0,0,37.3,0.0,37.3,0.0,0.0,0.0,233.89,-0.01
12/20/2024,16:46:21,0.0,0.0,404.0,37.3,0.0,0.0,0.0,0.0,-0.01,0,1.21,2.42,0,0.0,0,233.92,0,0,0,0,0,0,0,0,0,1000.0,0,0,0,0,2.42,37.3,-1.0,0,37.3,0.0,37.3,0.0,0.0,0.0,233.92,-0.01
12/20/2024,16:46:22,0.0,0.0,404.0,37.3,0.0,0.0,0.0,0.0,-0.01,0,1.21,2.42,0,0.0,0,233.96,0,0,0,0,0,0,0,0,0,1000.0,0,0,0,0,2.42,37.3,-1.0,0,37.3,0.0,37.3,0.0,0.0,0.0,233.96,-0.01
12/20/2024,16:46:23,0.0,0.0,404.0,37.3,0.0,0.0,0.0,0.0,-0.01,0,1.21,2.42,0,0.0,0,234.0,0,0,0,0,0,0,0,0,0,1000.0,0,0,0,0,2.42,37.3,-1.0,0,37.3,0.0,37.3,0.0,0.0,0.0,234.0,-0.01
12/20/2024,16:46:24,0.0,0.0,404.0,37.3,0.0,0.0,0.0,0.0,-0.01,0,1.21,2.42,0,0.0,0,234.04,0,0,0,0,0,0,0,0,0,1000.0,0,0,0,0,2.42,37.3,-1.0,0,37.3,0.0,37.3,0.0,0.0,0.0,234.04,-0.01
12/20/2024,16:46:25,0.0,0.0,404.0,37.3,0.0,0.0,0.0,0.0,-0.01,0,1.21,2.42,0,0.0,0,234.07,0,0,0,0,0,0,0,0,0,1000.0,0,0,0,0,2.42,37.3,-1.0,0,37.3,0.0,37.3,0.0,0.0,0.0,234.07,-0.01
12/20/2024,16:46:26,0.0,0.0,404.0,37.3,0.0,0.0,0.0,0.0,-0.01,0,1.21,2.42,0,0.0,0,234.15,0,0,0,0,0,0,0,0,0,1000.0,0,0,0,0,2.42,37.3,-1.0,0,37.3,0.0,37.3,0.0,0.0,0.0,234.15,-0.01
12/20/2024,16:46:27,0.0,0.0,404.0,37.3,0.0,0.0,0.0,0.0,-0.01,0,1.21,2.42,0,0.0,0,234.15,0,0,0,0,0,0,0,0,0,1000.0,0,0,0,0,2.42,37.3,-1.0,0,37.3,0.0,37.3,0.0,0.0,0.0,234.15,-0.01
12/20/2024,16:46:28,0.0,0.0,404.0,37.3,0.0,0.0,0.0,0.0,-0.01,0,1.21,2.42,0,0.0,0,234.22,0,0,0,0,0,0,0,0,0,1000.0,0,0,0,0,2.42,37.3,-1.0,0,37.3,0.0,37.3,0.0,0.0,0.0,234.22,-0.01
12/20/2024,16:46:29,0.0,0.0,404.0,37.3,0.0,0.0,0.0,0.0,-0.01,0,1.21,2.42,0,0.0,0,234.22,0,0,0,0,0,0,0,0,0,1000.0,0,0,0,0,2.42,37.3,-1.0,0,37.3,0.0,37.3,0.0,0.0,0.0,234.22,-0.01
12/20/2024,16:46:30,0.0,0.0,404.0,37.3,0.0,0.0,0.0,0.0,-0.01,0,1.21,2.42,0,0.0,0,234.3,0,0,0,0,0,0,0,0,0,1000.0,0,0,0,0,2.42,37.3,-1.0,0,37.3,0.0,37.3,0.0,0.0,0.0,234.3,-0.01
12/20/2024,16:46:31,0.0,0.0,404.0,37.3,0.0,0.0,0.0,0.0,-0.01,0,1.21,2.42,0,0.0,0,234.3,0,0,0,0,0,0,0,0,0,1000.0,0,0,0,0,2.42,37.3,-1.0,0,37.3,0.0,37.3,0.0,0.0,0.0,234.3,-0.01
12/20/2024,16:46:32,0.0,0.0,404.0,37.3,0.0,0.0,0.0,0.0,-0.01,0,1.21,2.42,0,0.0,0,234.37,0,0,0,0,0,0,0,0,0,1000.0,0,0,0,0,2.42,37.3,-1.0,0,37.3,0.0,37.3,0.0,0.0,0.0,234.37,-0.01
12/20/2024,16:46:33,0.0,0.0,404.0,37.3,0.0,0.0,0.0,0.0,-0.01,0,1.21,2.42,0,0.0,0,234.41,0,0,0,0,0,0,0,0,0,1000.0,0,0,0,0,2.42,37.3,-1.0,0,37.3,0.0,37.3,0.0,0.0,0.0,234.41,-0.01
12/20/2024,16:46:34,0.0,0.0,404.0,37.3,0.0,0.0,0.0,0.0,-0.01,0,1.21,2.42,0,0.0,0,234.45,0,0,0,0,0,0,0,0,0,1000.0,0,0,0,0,2.42,37.3,-1.0,0,37.3,0.0,37.3,0.0,0.0,0.0,234.45,-0.01
12/20/2024,16:46:35,0.0,0.0,404.0,37.3,0.0,0.0,0.0,0.0,-0.01,0,1.21,2.42,0,0.0,0,234.48,0,0,0,0,0,0,0,0,0,1000.0,0,0,0,0,2.42,37.3,-1.0,0,37.3,0.0,37.3,0.0,0.0,0.0,234.48,-0.01
12/20/2024,16:46:36,0.0,0.0,404.0,37.3,0.0,0.0,0.0,0.0,-0.01,0,1.21,2.42,0,0.0,0,234.52,0,0,0,0,0,0,0,0,0,1000.0,0,0,0,0,2.42,37.3,-1.0,0,37.3,0.0,37.3,0.0,0.0,0.0,234.52,-0.01
12/20/2024,16:46:37,0.0,0.0,404.0,37.3,0.0,0.0,0.0,0.0,-0.01,0,1.21,2.42,0,0.0,0,234.56,0,0,0,0,0,0,0,0,0,1000.0,0,0,0,0,2.42,37.3,-1.0,0,37.3,0.0,37.3,0.0,0.0,0.0,234.56,-0.01
12/20/2024,16:46:38,0.0,0.0,404.0,37.3,0.0,0.0,0.0,0.0,-0.01,0,1.21,2.42,0,0.0,0,234.6,0,0,0,0,0,0,0,0,0,1000.0,0,0,0,0,2.42,37.3,-1.0,0,37.3,0.0,37.3,0.0,0.0,0.0,234.6,-0.01
12/20/2024,16:46:39,0.0,0.0,404.0,37.3,0.0,0.0,0.0,0.0,-0.01,0,1.21,2.42,0,0.0,0,234.63,0,0,0,0,0,0,0,0,0,1000.0,0,0,0,0,2.42,37.3,-1.0,0,37.3,0.0,37.3,0.0,0.0,0.0,234.63,-0.01
12/20/2024,16:46:40,0.0,0.0,404.0,37.3,0.0,0.0,0.0,0.0,-0.01,0,1.21,2.42,0,0.0,0,234.67,0,0,0,0,0,0,0,0,0,1000.0,0,0,0,0,2.42,37.3,-1.0,0,37.3,0.0,37.3,0.0,0.0,0.0,234.67,-0.01
12/20/2024,16:46:41,0.0,0.0,404.0,37.3,0.0,0.0,0.0,0.0,-0.01,0,1.21,2.42,0,0.0,0,234.71,0,0,0,0,0,0,0,0,0,1000.0,0,0,0,0,2.42,37.3,-1.0,0,37.3,0.0,37.3,0.0,0.0,0.0,234.71,-0.01
12/20/2024,16:46:42,0.0,0.0,404.0,37.3,0.0,0.0,0.0,0.0,-0.01,0,1.21,2.42,0,0.0,0,234.74,0,0,0,0,0,0,0,0,0,1000.0,0,0,0,0,2.42,37.3,-1.0,0,37.3,0.0,37.3,0.0,0.0,0.0,234.74,-0.01
12/20/2024,16:46:43,0.0,0.0,404.0,37.3,0.0,0.0,0.0,0.0,-0.01,0,1.21,2.42,0,0.0,0,234.78,0,0,0,0,0,0,0,0,0,1000.0,0,0,0,0,2.42,37.3,-1.0,0,37.3,0.0,37.3,0.0,0.0,0.0,234.78,-0.01
12/20/2024,16:46:44,0.0,0.0,404.0,37.4,0.0,0.0,0.0,0.0,-0.01,0,1.21,2.42,0,0.0,0,234.82,0,0,0,0,0,0,0,0,0,1000.0,0,0,0,0,2.42,37.4,-1.0,0,37.4,0.0,37.4,0.0,0.0,0.0,234.82,-0.01
12/20/2024,16:46:45,0.0,0.0,404.0,37.3,0.0,0.0,0.0,0.0,-0.01,0,1.21,2.42,0,0.0,0,234.86,0,0,0,0,0,0,0,0,0,1000.0,0,0,0,0,2.42,37.3,-1.0,0,37.3,0.0,37.3,0.0,0.0,0.0,234.86,-0.01
12/20/2024,16:46:46,0.0,0.0,404.0,37.3,0.0,0.0,0.0,0.0,-0.01,0,1.21,2.42,0,0.0,0,234.89,0,0,0,0,0,0,0,0,0,1000.0,0,0,0,0,2.42,37.3,-1.0,0,37.3,0.0,37.3,0.0,0.0,0.0,234.89,-0.01
12/20/2024,16:46:47,0.0,0.0,404.0,37.3,0.0,0.0,0.0,0.0,-0.01,0,1.21,2.42,0,0.0,0,234.93,0,0,0,0,0,0,0,0,0,1000.0,0,0,0,0,2.42,37.3,-1.0,0,37.3,0.0,37.3,0.0,0.0,0.0,234.93,-0.01
12/20/2024,16:46:48,0.0,0.0,404.0,37.3,0.0,0.0,0.0,0.0,-0.01,0,1.21,2.42,0,0.0,0,234.97,0,0,0,0,0,0,0,0,0,1000.0,0,0,0,0,2.42,37.3,-1.0,0,37.3,0.0,37.3,0.0,0.0,0.0,234.97,-0.01
12/20/2024,16:46:49,0.0,0.0,404.0,37.3,0.0,0.0,0.0,0.0,-0.01,0,1.21,2.42,0,0.0,0,235.01,0,0,0,0,0,0,0,0,0,1000.0,0,0,0,0,2.42,37.3,-1.0,0,37.3,0.0,37.3,0.0,0.0,0.0,235.01,-0.01
12/20/2024,16:46:50,0.0,0.0,404.0,37.3,0.0,0.0,0.0,0.0,-0.01,0,1.21,2.42,0,0.0,0,235.04,0,0,0,0,0,0,0,0,0,1000.0,0,0,0,0,2.42,37.3,-1.0,0,37.3,0.0,37.3,0.0,0.0,0.0,235.04,-0.01
12/20/2024,16:46:51,0.0,0.0,404.0,37.3,0.0,0.0,0.0,0.0,-0.01,0,1.21,2.42,0,0.0,0,235.08,0,0,0,0,0,0,0,0,0,1000.0,0,0,0,0,2.42,37.3,-1.0,0,37.3,0.0,37.3,0.0,0.0,0.0,235.08,-0.01
12/20/2024,16:46:52,0.0,0.0,404.0,37.3,0.0,0.0,0.0,0.0,-0.01,0,1.21,2.42,0,0.0,0,235.12,0,0,0,0,0,0,0,0,0,1000.0,0,0,0,0,2.42,37.3,-1.0,0,37.3,0.0,37.3,0.0,0.0,0.0,235.12,-0.01
12/20/2024,16:46:53,0.0,0.0,404.0,37.3,0.0,0.0,0.0,0.0,-0.01,0,1.21,2.42,0,0.0,0,235.12,0,0,0,0,0,0,0,0,0,1000.0,0,0,0,0,2.42,37.3,-1.0,0,37.3,0.0,37.3,0.0,0.0,0.0,235.12,-0.01
12/20/2024,16:46:54,0.0,0.0,404.0,37.3,0.0,0.0,0.0,0.0,-0.01,0,1.21,2.42,0,0.0,0,235.19,0,0,0,0,0,0,0,0,0,1000.0,0,0,0,0,2.42,37.3,-1.0,0,37.3,0.0,37.3,0.0,0.0,0.0,235.19,-0.01
12/20/2024,16:46:55,0.0,0.0,404.0,37.3,0.0,0.0,0.0,0.0,-0.01,0,1.21,2.42,0,0.0,0,235.23,0,0,0,0,0,0,0,0,0,1000.0,0,0,0,0,2.42,37.3,-1.0,0,37.3,0.0,37.3,0.0,0.0,0.0,235.23,-0.01
12/20/2024,16:46:56,0.0,0.0,404.0,37.3,0.0,0.0,0.0,0.0,-0.01,0,1.21,2.42,0,0.0,0,235.27,0,0,0,0,0,0,0,0,0,1000.0,0,0,0,0,2.42,37.3,-1.0,0,37.3,0.0,37.3,0.0,0.0,0.0,235.27,-0.01
12/20/2024,16:46:57,0.0,0.0,404.0,37.3,0.0,0.0,0.0,0.0,-0.01,0,1.21,2.42,0,0.0,0,235.3,0,0,0,0,0,0,0,0,0,1000.0,0,0,0,0,2.42,37.3,-1.0,0,37.3,0.0,37.3,0.0,0.0,0.0,235.3,-0.01
12/20/2024,16:46:58,0.0,0.0,404.0,37.3,0.0,0.0,0.0,0.0,-0.01,0,1.21,2.42,0,0.0,0,235.34,0,0,0,0,0,0,0,0,0,1000.0,0,0,0,0,2.42,37.3,-1.0,0,37.3,0.0,37.3,0.0,0.0,0.0,235.34,-0.01
12/20/2024,16:46:59,0.0,0.0,404.0,37.3,0.0,0.0,0.0,0.0,-0.01,0,1.21,2.42,0,0.0,0,235.38,0,0,0,0,0,0,0,0,0,1000.0,0,0,0,0,2.42,37.3,-1.0,0,37.3,0.0,37.3,0.0,0.0,0.0,235.38,-0.01
12/20/2024,16:47:0,0.0,0.0,404.0,37.3,0.0,0.0,0.0,0.0,-0.01,0,1.21,2.42,0,0.0,0,235.42,0,0,0,0,0,0,0,0,0,1000.0,0,0,0,0,2.42,37.3,-1.0,0,37.3,0.0,37.3,0.0,0.0,0.0,235.42,-0.01
12/20/2024,16:47:1,0.0,0.0,404.0,37.3,0.0,0.0,0.0,0.0,-0.01,0,1.21,2.42,0,0.0,0,235.45,0,0,0,0,0,0,0,0,0,1000.0,0,0,0,0,2.42,37.3,-1.0,0,37.3,0.0,37.3,0.0,0.0,0.0,235.45,-0.01
12/20/2024,16:47:2,0.0,0.0,404.0,37.3,0.0,0.0,0.0,0.0,-0.01,0,1.21,2.42,0,0.0,0,235.49,0,0,0,0,0,0,0,0,0,1000.0,0,0,0,0,2.42,37.3,-1.0,0,37.3,0.0,37.3,0.0,0.0,0.0,235.49,-0.01
12/20/2024,16:47:3,0.0,0.0,404.0,37.3,0.0,0.0,0.0,0.0,-0.01,0,1.21,2.42,0,0.0,0,235.53,0,0,0,0,0,0,0,0,0,1000.0,0,0,0,0,2.42,37.3,-1.0,0,37.3,0.0,37.3,0.0,0.0,0.0,235.53,-0.01
12/20/2024,16:47:4,0.0,0.0,404.0,37.3,0.0,0.0,0.0,0.0,-0.01,0,1.21,2.42,0,0.0,0,235.53,0,0,0,0,0,0,0,0,0,1000.0,0,0,0,0,2.42,37.3,-1.0,0,37.3,0.0,37.3,0.0,0.0,0.0,235.53,-0.01
12/20/2024,16:47:5,0.0,0.0,404.0,37.3,0.0,0.0,0.0,0.0,-0.01,0,1.21,2.42,0,0.0,0,235.6,0,0,0,0,0,0,0,0,0,1000.0,0,0,0,0,2.42,37.3,-1.0,0,37.3,0.0,37.3,0.0,0.0,0.0,235.6,-0.01
12/20/2024,16:47:6,0.0,0.0,404.0,37.3,0.0,0.0,0.0,0.0,-0.01,0,1.21,2.42,0,0.0,0,235.6,0,0,0,0,0,0,0,0,0,1000.0,0,0,0,0,2.42,37.3,-1.0,0,37.3,0.0,37.3,0.0,0.0,0.0,235.6,-0.01
12/20/2024,16:47:7,0.0,0.0,404.0,37.3,0.0,0.0,0.0,0.0,-0.01,0,1.21,2.42,0,0.0,0,235.68,0,0,0,0,0,0,0,0,0,1000.0,0,0,0,0,2.42,37.3,-1.0,0,37.3,0.0,37.3,0.0,0.0,0.0,235.68,-0.01
12/20/2024,16:47:8,0.0,0.0,404.0,37.3,0.0,0.0,0.0,0.0,-0.01,0,1.21,2.42,0,0.0,0,235.68,0,0,0,0,0,0,0,0,0,1000.0,0,0,0,0,2.42,37.3,-1.0,0,37.3,0.0,37.3,0.0,0.0,0.0,235.68,-0.01
12/20/2024,16:47:9,0.0,0.0,404.0,37.3,0.0,0.0,0.0,0.0,-0.01,0,1.21,2.42,0,0.0,0,235.75,0,0,0,0,0,0,0,0,0,1000.0,0,0,0,0,2.42,37.3,-1.0,0,37.3,0.0,37.3,0.0,0.0,0.0,235.75,-0.01
12/20/2024,16:47:10,0.0,0.0,404.0,37.3,0.0,0.0,0.0,0.0,-0.01,0,1.21,2.42,0,0.0,0,235.75,0,0,0,0,0,0,0,0,0,1000.0,0,0,0,0,2.42,37.3,-1.0,0,37.3,0.0,37.3,0.0,0.0,0.0,235.75,-0.01
12/20/2024,16:47:11,0.0,0.0,404.0,37.3,0.0,0.0,0.0,0.0,-0.01,0,1.21,2.42,0,0.0,0,235.83,0,0,0,0,0,0,0,0,0,1000.0,0,0,0,0,2.42,37.3,-1.0,0,37.3,0.0,37.3,0.0,0.0,0.0,235.83,-0.01
12/20/2024,16:47:12,0.0,0.0,404.0,37.3,0.0,0.0,0.0,0.0,-0.01,0,1.21,2.42,0,0.0,0,235.83,0,0,0,0,0,0,0,0,0,1000.0,0,0,0,0,2.42,37.3,-1.0,0,37.3,0.0,37.3,0.0,0.0,0.0,235.83,-0.01
12/20/2024,16:47:13,0.0,0.0,404.0,37.3,0.0,0.0,0.0,0.0,-0.01,0,1.21,2.42,0,0.0,0,235.9,0,0,0,0,0,0,0,0,0,1000.0,0,0,0,0,2.42,37.3,-1.0,0,37.3,0.0,37.3,0.0,0.0,0.0,235.9,-0.01
12/20/2024,16:47:14,0.0,0.0,404.0,37.3,0.0,0.0,0.0,0.0,-0.01,0,1.21,2.42,0,0.0,0,235.9,0,0,0,0,0,0,0,0,0,1000.0,0,0,0,0,2.42,37.3,-1.0,0,37.3,0.0,37.3,0.0,0.0,0.0,235.9,-0.01
12/20/2024,16:47:15,0.0,0.0,404.0,37.3,0.0,0.0,0.0,0.0,-0.01,0,1.21,2.42,0,0.0,0,235.94,0,0,0,0,0,0,0,0,0,1000.0,0,0,0,0,2.42,37.3,-1.0,0,37.3,0.0,37.3,0.0,0.0,0.0,235.94,-0.01
12/20/2024,16:47:16,0.0,0.0,404.0,37.3,0.0,0.0,0.0,0.0,-0.01,0,1.21,2.42,0,0.0,0,235.98,0,0,0,0,0,0,0,0,0,1000.0,0,0,0,0,2.42,37.3,-1.0,0,37.3,0.0,37.3,0.0,0.0,0.0,235.98,-0.01
12/20/2024,16:47:17,0.0,0.0,404.0,37.3,0.0,0.0,0.0,0.0,-0.01,0,1.21,2.42,0,0.0,0,236.01,0,0,0,0,0,0,0,0,0,1000.0,0,0,0,0,2.42,37.3,-1.0,0,37.3,0.0,37.3,0.0,0.0,0.0,236.01,-0.01
12/20/2024,16:47:18,0.0,0.0,404.0,37.3,0.0,0.0,0.0,0.0,-0.01,0,1.21,2.42,0,0.0,0,236.05,0,0,0,0,0,0,0,0,0,1000.0,0,0,0,0,2.42,37.3,-1.0,0,37.3,0.0,37.3,0.0,0.0,0.0,236.05,-0.01
12/20/2024,16:47:19,0.0,0.0,404.0,37.3,0.0,0.0,0.0,0.0,-0.01,0,1.21,2.42,0,0.0,0,236.09,0,0,0,0,0,0,0,0,0,1000.0,0,0,0,0,2.42,37.3,-1.0,0,37.3,0.0,37.3,0.0,0.0,0.0,236.09,-0.01
12/20/2024,16:47:20,0.0,0.0,404.0,37.3,0.0,0.0,0.0,0.0,-0.01,0,1.21,2.42,0,0.0,0,236.12,0,0,0,0,0,0,0,0,0,1000.0,0,0,0,0,2.42,37.3,-1.0,0,37.3,0.0,37.3,0.0,0.0,0.0,236.12,-0.01
12/20/2024,16:47:21,0.0,0.0,404.0,37.3,0.0,0.0,0.0,0.0,-0.01,0,1.21,2.42,0,0.0,0,236.16,0,0,0,0,0,0,0,0,0,1000.0,0,0,0,0,2.42,37.3,-1.0,0,37.3,0.0,37.3,0.0,0.0,0.0,236.16,-0.01
12/20/2024,16:47:22,0.0,0.0,404.0,37.3,0.0,0.0,0.0,0.0,-0.01,0,1.21,2.42,0,0.0,0,236.2,0,0,0,0,0,0,0,0,0,1000.0,0,0,0,0,2.42,37.3,-1.0,0,37.3,0.0,37.3,0.0,0.0,0.0,236.2,-0.01
12/20/2024,16:47:23,0.0,0.0,404.0,37.3,0.0,0.0,0.0,0.0,-0.01,0,1.21,2.42,0,0.0,0,236.24,0,0,0,0,0,0,0,0,0,1000.0,0,0,0,0,2.42,37.3,-1.0,0,37.3,0.0,37.3,0.0,0.0,0.0,236.24,-0.01
12/20/2024,16:47:24,0.0,0.0,404.0,37.3,0.0,0.0,0.0,0.0,-0.01,0,1.21,2.42,0,0.0,0,236.31,0,0,0,0,0,0,0,0,0,1000.0,0,0,0,0,2.42,37.3,-1.0,0,37.3,0.0,37.3,0.0,0.0,0.0,236.31,-0.01
12/20/2024,16:47:25,0.0,0.0,404.0,37.3,0.0,0.0,0.0,0.0,-0.01,0,1.21,2.42,0,0.0,0,236.35,0,0,0,0,0,0,0,0,0,1000.0,0,0,0,0,2.42,37.3,-1.0,0,37.3,0.0,37.3,0.0,0.0,0.0,236.35,-0.01
12/20/2024,16:47:26,0.0,0.0,404.0,37.3,0.0,0.0,0.0,0.0,-0.01,0,1.21,2.42,0,0.0,0,236.39,0,0,0,0,0,0,0,0,0,1000.0,0,0,0,0,2.42,37.3,-1.0,0,37.3,0.0,37.3,0.0,0.0,0.0,236.39,-0.01
12/20/2024,16:47:27,0.0,0.0,404.0,37.3,0.0,0.0,0.0,0.0,-0.01,0,1.21,2.42,0,0.0,0,236.42,0,0,0,0,0,0,0,0,0,1000.0,0,0,0,0,2.42,37.3,-1.0,0,37.3,0.0,37.3,0.0,0.0,0.0,236.42,-0.01
12/20/2024,16:47:28,0.0,0.0,404.0,37.3,0.0,0.0,0.0,0.0,-0.01,0,1.21,2.42,0,0.0,0,236.46,0,0,0,0,0,0,0,0,0,1000.0,0,0,0,0,2.42,37.3,-1.0,0,37.3,0.0,37.3,0.0,0.0,0.0,236.46,-0.01
12/20/2024,16:47:29,0.0,0.0,404.0,37.3,0.0,0.0,0.0,0.0,-0.01,0,1.21,2.42,0,0.0,0,236.5,0,0,0,0,0,0,0,0,0,1000.0,0,0,0,0,2.42,37.3,-1.0,0,37.3,0.0,37.3,0.0,0.0,0.0,236.5,-0.01
12/20/2024,16:47:30,0.0,0.0,404.0,37.3,0.0,0.0,0.0,0.0,-0.01,0,1.21,2.42,0,0.0,0,236.53,0,0,0,0,0,0,0,0,0,1000.0,0,0,0,0,2.42,37.3,-1.0,0,37.3,0.0,37.3,0.0,0.0,0.0,236.53,-0.01
12/20/2024,16:47:31,0.0,0.0,404.0,37.3,0.0,0.0,0.0,0.0,-0.01,0,1.21,2.42,0,0.0,0,236.57,0,0,0,0,0,0,0,0,0,1000.0,0,0,0,0,2.42,37.3,-1.0,0,37.3,0.0,37.3,0.0,0.0,0.0,236.57,-0.01
12/20/2024,16:47:32,0.0,0.0,404.0,37.3,0.0,0.0,0.0,0.0,-0.01,0,1.21,2.42,0,0.0,0,236.61,0,0,0,0,0,0,0,0,0,1000.0,0,0,0,0,2.42,37.3,-1.0,0,37.3,0.0,37.3,0.0,0.0,0.0,236.61,-0.01
12/20/2024,16:47:33,0.0,0.0,404.0,37.3,0.0,0.0,0.0,0.0,-0.01,0,1.21,2.42,0,0.0,0,236.65,0,0,0,0,0,0,0,0,0,1000.0,0,0,0,0,2.42,37.3,-1.0,0,37.3,0.0,37.3,0.0,0.0,0.0,236.65,-0.01
12/20/2024,16:47:34,0.0,0.0,404.0,37.3,0.0,0.0,0.0,0.0,-0.01,0,1.21,2.42,0,0.0,0,236.68,0,0,0,0,0,0,0,0,0,1000.0,0,0,0,0,2.42,37.3,-1.0,0,37.3,0.0,37.3,0.0,0.0,0.0,236.68,-0.01
12/20/2024,16:47:35,0.0,0.0,404.0,37.3,0.0,0.0,0.0,0.0,-0.01,0,1.21,2.42,0,0.0,0,236.72,0,0,0,0,0,0,0,0,0,1000.0,0,0,0,0,2.42,37.3,-1.0,0,37.3,0.0,37.3,0.0,0.0,0.0,236.72,-0.01
12/20/2024,16:47:36,0.0,0.0,404.0,37.3,0.0,0.0,0.0,0.0,-0.01,0,1.21,2.42,0,0.0,0,236.76,0,0,0,0,0,0,0,0,0,1000.0,0,0,0,0,2.42,37.3,-1.0,0,37.3,0.0,37.3,0.0,0.0,0.0,236.76,-0.01
12/20/2024,16:47:37,0.0,0.0,404.0,37.3,0.0,0.0,0.0,0.0,-0.01,0,1.21,2.42,0,0.0,0,236.8,0,0,0,0,0,0,0,0,0,1000.0,0,0,0,0,2.42,37.3,-1.0,0,37.3,0.0,37.3,0.0,0.0,0.0,236.8,-0.01
12/20/2024,16:47:38,0.0,0.0,404.0,37.3,0.0,0.0,0.0,0.0,-0.01,0,1.21,2.42,0,0.0,0,236.83,0,0,0,0,0,0,0,0,0,1000.0,0,0,0,0,2.42,37.3,-1.0,0,37.3,0.0,37.3,0.0,0.0,0.0,236.83,-0.01
12/20/2024,16:47:39,0.0,0.0,404.0,37.3,0.0,0.0,0.0,0.0,-0.01,0,1.21,2.42,0,0.0,0,236.87,0,0,0,0,0,0,0,0,0,1000.0,0,0,0,0,2.42,37.3,-1.0,0,37.3,0.0,37.3,0.0,0.0,0.0,236.87,-0.01
12/20/2024,16:47:40,0.0,0.0,404.0,37.3,0.0,0.0,0.0,0.0,-0.01,0,1.21,2.42,0,0.0,0,236.91,0,0,0,0,0,0,0,0,0,1000.0,0,0,0,0,2.42,37.3,-1.0,0,37.3,0.0,37.3,0.0,0.0,0.0,236.91,-0.01
12/20/2024,16:47:41,0.0,0.0,404.0,37.3,0.0,0.0,0.0,0.0,-0.01,0,1.21,2.42,0,0.0,0,236.95,0,0,0,0,0,0,0,0,0,1000.0,0,0,0,0,2.42,37.3,-1.0,0,37.3,0.0,37.3,0.0,0.0,0.0,236.95,-0.01
12/20/2024,16:47:42,0.0,0.0,404.0,37.3,0.0,0.0,0.0,0.0,-0.01,0,1.21,2.42,0,0.0,0,236.98,0,0,0,0,0,0,0,0,0,1000.0,0,0,0,0,2.42,37.3,-1.0,0,37.3,0.0,37.3,0.0,0.0,0.0,236.98,-0.01
12/20/2024,16:47:43,0.0,0.0,404.0,37.4,0.0,0.0,0.0,0.0,-0.01,0,1.21,2.42,0,0.0,0,237.02,0,0,0,0,0,0,0,0,0,1000.0,0,0,0,0,2.42,37.4,-1.0,0,37.4,0.0,37.4,0.0,0.0,0.0,237.02,-0.01
12/20/2024,16:47:44,0.0,0.0,404.0,37.3,0.0,0.0,0.0,0.0,-0.01,0,1.21,2.42,0,0.0,0,237.06,0,0,0,0,0,0,0,0,0,1000.0,0,0,0,0,2.42,37.3,-1.0,0,37.3,0.0,37.3,0.0,0.0,0.0,237.06,-0.01
12/20/2024,16:47:45,0.0,0.0,404.0,37.3,0.0,0.0,0.0,0.0,-0.01,0,1.21,2.42,0,0.0,0,237.09,0,0,0,0,0,0,0,0,0,1000.0,0,0,0,0,2.42,37.3,-1.0,0,37.3,0.0,37.3,0.0,0.0,0.0,237.09,-0.01
12/20/2024,16:47:46,0.0,0.0,404.0,37.3,0.0,0.0,0.0,0.0,-0.01,0,1.21,2.42,0,0.0,0,237.13,0,0,0,0,0,0,0,0,0,1000.0,0,0,0,0,2.42,37.3,-1.0,0,37.3,0.0,37.3,0.0,0.0,0.0,237.13,-0.01
12/20/2024,16:47:47,0.0,0.0,404.0,37.3,0.0,0.0,0.0,0.0,-0.01,0,1.21,2.42,0,0.0,0,237.13,0,0,0,0,0,0,0,0,0,1000.0,0,0,0,0,2.42,37.3,-1.0,0,37.3,0.0,37.3,0.0,0.0,0.0,237.13,-0.01
12/20/2024,16:47:48,0.0,0.0,404.0,37.3,0.0,0.0,0.0,0.0,-0.01,0,1.21,2.42,0,0.0,0,237.21,0,0,0,0,0,0,0,0,0,1000.0,0,0,0,0,2.42,37.3,-1.0,0,37.3,0.0,37.3,0.0,0.0,0.0,237.21,-0.01
12/20/2024,16:47:49,0.0,0.0,404.0,37.3,0.0,0.0,0.0,0.0,-0.01,0,1.21,2.42,0,0.0,0,237.21,0,0,0,0,0,0,0,0,0,1000.0,0,0,0,0,2.42,37.3,-1.0,0,37.3,0.0,37.3,0.0,0.0,0.0,237.21,-0.01
12/20/2024,16:47:50,0.0,0.0,404.0,37.3,0.0,0.0,0.0,0.0,-0.01,0,1.21,2.42,0,0.0,0,237.28,0,0,0,0,0,0,0,0,0,1000.0,0,0,0,0,2.42,37.3,-1.0,0,37.3,0.0,37.3,0.0,0.0,0.0,237.28,-0.01
12/20/2024,16:47:51,0.0,0.0,404.0,37.3,0.0,0.0,0.0,0.0,-0.01,0,1.21,2.42,0,0.0,0,237.32,0,0,0,0,0,0,0,0,0,1000.0,0,0,0,0,2.42,37.3,-1.0,0,37.3,0.0,37.3,0.0,0.0,0.0,237.32,-0.01
12/20/2024,16:47:52,0.0,0.0,404.0,37.3,0.0,0.0,0.0,0.0,-0.01,0,1.21,2.42,0,0.0,0,237.36,0,0,0,0,0,0,0,0,0,1000.0,0,0,0,0,2.42,37.3,-1.0,0,37.3,0.0,37.3,0.0,0.0,0.0,237.36,-0.01
12/20/2024,16:47:53,0.0,0.0,404.0,37.3,0.0,0.0,0.0,0.0,-0.01,0,1.21,2.42,0,0.0,0,237.39,0,0,0,0,0,0,0,0,0,1000.0,0,0,0,0,2.42,37.3,-1.0,0,37.3,0.0,37.3,0.0,0.0,0.0,237.39,-0.01
12/20/2024,16:47:54,0.0,0.0,404.0,37.3,0.0,0.0,0.0,0.0,-0.01,0,1.21,2.42,0,0.0,0,237.43,0,0,0,0,0,0,0,0,0,1000.0,0,0,0,0,2.42,37.3,-1.0,0,37.3,0.0,37.3,0.0,0.0,0.0,237.43,-0.01
12/20/2024,16:47:55,0.0,0.0,404.0,37.3,0.0,0.0,0.0,0.0,-0.01,0,1.21,2.42,0,0.0,0,237.47,0,0,0,0,0,0,0,0,0,1000.0,0,0,0,0,2.42,37.3,-1.0,0,37.3,0.0,37.3,0.0,0.0,0.0,237.47,-0.01
12/20/2024,16:47:56,0.0,0.0,404.0,37.3,0.0,0.0,0.0,0.0,-0.01,0,1.21,2.42,0,0.0,0,237.47,0,0,0,0,0,0,0,0,0,1000.0,0,0,0,0,2.42,37.3,-1.0,0,37.3,0.0,37.3,0.0,0.0,0.0,237.47,-0.01
12/20/2024,16:47:57,0.0,0.0,404.0,37.3,0.0,0.0,0.0,0.0,-0.01,0,1.21,2.42,0,0.0,0,237.54,0,0,0,0,0,0,0,0,0,1000.0,0,0,0,0,2.42,37.3,-1.0,0,37.3,0.0,37.3,0.0,0.0,0.0,237.54,-0.01
12/20/2024,16:47:58,0.0,0.0,404.0,37.3,0.0,0.0,0.0,0.0,-0.01,0,1.21,2.42,0,0.0,0,237.54,0,0,0,0,0,0,0,0,0,1000.0,0,0,0,0,2.42,37.3,-1.0,0,37.3,0.0,37.3,0.0,0.0,0.0,237.54,-0.01
12/20/2024,16:47:59,0.0,0.0,404.0,37.3,0.0,0.0,0.0,0.0,-0.01,0,1.21,2.42,0,0.0,0,237.62,0,0,0,0,0,0,0,0,0,1000.0,0,0,0,0,2.42,37.3,-1.0,0,37.3,0.0,37.3,0.0,0.0,0.0,237.62,-0.01
12/20/2024,16:48:0,0.0,0.0,404.0,37.3,0.0,0.0,0.0,0.0,-0.01,0,1.21,2.42,0,0.0,0,237.62,0,0,0,0,0,0,0,0,0,1000.0,0,0,0,0,2.42,37.3,-1.0,0,37.3,0.0,37.3,0.0,0.0,0.0,237.62,-0.01
12/20/2024,16:48:1,0.0,0.0,404.0,37.3,0.0,0.0,0.0,0.0,-0.01,0,1.21,2.42,0,0.0,0,237.69,0,0,0,0,0,0,0,0,0,1000.0,0,0,0,0,2.42,37.3,-1.0,0,37.3,0.0,37.3,0.0,0.0,0.0,237.69,-0.01
12/20/2024,16:48:2,0.0,0.0,404.0,37.3,0.0,0.0,0.0,0.0,-0.01,0,1.21,2.42,0,0.0,0,237.69,0,0,0,0,0,0,0,0,0,1000.0,0,0,0,0,2.42,37.3,-1.0,0,37.3,0.0,37.3,0.0,0.0,0.0,237.69,-0.01
12/20/2024,16:48:3,0.0,0.0,404.0,37.3,0.0,0.0,0.0,0.0,-0.01,0,1.21,2.42,0,0.0,0,237.77,0,0,0,0,0,0,0,0,0,1000.0,0,0,0,0,2.42,37.3,-1.0,0,37.3,0.0,37.3,0.0,0.0,0.0,237.77,-0.01
12/20/2024,16:48:4,0.0,0.0,404.0,37.3,0.0,0.0,0.0,0.0,-0.01,0,1.21,2.42,0,0.0,0,237.77,0,0,0,0,0,0,0,0,0,1000.0,0,0,0,0,2.42,37.3,-1.0,0,37.3,0.0,37.3,0.0,0.0,0.0,237.77,-0.01
12/20/2024,16:48:5,0.0,0.0,404.0,37.3,0.0,0.0,0.0,0.0,-0.01,0,1.21,2.42,0,0.0,0,237.84,0,0,0,0,0,0,0,0,0,1000.0,0,0,0,0,2.42,37.3,-1.0,0,37.3,0.0,37.3,0.0,0.0,0.0,237.84,-0.01
12/20/2024,16:48:6,0.0,0.0,404.0,37.3,0.0,0.0,0.0,0.0,-0.01,0,1.21,2.42,0,0.0,0,237.84,0,0,0,0,0,0,0,0,0,1000.0,0,0,0,0,2.42,37.3,-1.0,0,37.3,0.0,37.3,0.0,0.0,0.0,237.84,-0.01
12/20/2024,16:48:7,0.0,0.0,404.0,37.3,0.0,0.0,0.0,0.0,-0.01,0,1.21,2.42,0,0.0,0,237.88,0,0,0,0,0,0,0,0,0,1000.0,0,0,0,0,2.42,37.3,-1.0,0,37.3,0.0,37.3,0.0,0.0,0.0,237.88,-0.01
12/20/2024,16:48:8,0.0,0.0,404.0,37.3,0.0,0.0,0.0,0.0,-0.01,0,1.21,2.42,0,0.0,0,237.91,0,0,0,0,0,0,0,0,0,1000.0,0,0,0,0,2.42,37.3,-1.0,0,37.3,0.0,37.3,0.0,0.0,0.0,237.91,-0.01
12/20/2024,16:48:9,0.0,0.0,404.0,37.3,0.0,0.0,0.0,0.0,-0.01,0,1.21,2.42,0,0.0,0,237.95,0,0,0,0,0,0,0,0,0,1000.0,0,0,0,0,2.42,37.3,-1.0,0,37.3,0.0,37.3,0.0,0.0,0.0,237.95,-0.01
12/20/2024,16:48:10,0.0,0.0,404.0,37.3,0.0,0.0,0.0,0.0,-0.01,0,1.21,2.42,0,0.0,0,237.99,0,0,0,0,0,0,0,0,0,1000.0,0,0,0,0,2.42,37.3,-1.0,0,37.3,0.0,37.3,0.0,0.0,0.0,237.99,-0.01
12/20/2024,16:48:11,0.0,0.0,404.0,37.3,0.0,0.0,0.0,0.0,-0.01,0,1.21,2.42,0,0.0,0,238.03,0,0,0,0,0,0,0,0,0,1000.0,0,0,0,0,2.42,37.3,-1.0,0,37.3,0.0,37.3,0.0,0.0,0.0,238.03,-0.01
12/20/2024,16:48:12,0.0,0.0,404.0,37.3,0.0,0.0,0.0,0.0,-0.01,0,1.21,2.42,0,0.0,0,238.06,0,0,0,0,0,0,0,0,0,1000.0,0,0,0,0,2.42,37.3,-1.0,0,37.3,0.0,37.3,0.0,0.0,0.0,238.06,-0.01
12/20/2024,16:48:13,0.0,0.0,404.0,37.3,0.0,0.0,0.0,0.0,-0.01,0,1.21,2.42,0,0.0,0,238.1,0,0,0,0,0,0,0,0,0,1000.0,0,0,0,0,2.42,37.3,-1.0,0,37.3,0.0,37.3,0.0,0.0,0.0,238.1,-0.01
12/20/2024,16:48:14,0.0,0.0,404.0,37.3,0.0,0.0,0.0,0.0,-0.01,0,1.21,2.42,0,0.0,0,238.18,0,0,0,0,0,0,0,0,0,1000.0,0,0,0,0,2.42,37.3,-1.0,0,37.3,0.0,37.3,0.0,0.0,0.0,238.18,-0.01
12/20/2024,16:48:15,0.0,0.0,404.0,37.3,0.0,0.0,0.0,0.0,-0.01,0,1.21,2.42,0,0.0,0,238.21,0,0,0,0,0,0,0,0,0,1000.0,0,0,0,0,2.42,37.3,-1.0,0,37.3,0.0,37.3,0.0,0.0,0.0,238.21,-0.01
12/20/2024,16:48:16,0.0,0.0,404.0,37.3,0.0,0.0,0.0,0.0,-0.01,0,1.21,2.42,0,0.0,0,238.25,0,0,0,0,0,0,0,0,0,1000.0,0,0,0,0,2.42,37.3,-1.0,0,37.3,0.0,37.3,0.0,0.0,0.0,238.25,-0.01
12/20/2024,16:48:17,0.0,0.0,404.0,37.3,0.0,0.0,0.0,0.0,-0.01,0,1.21,2.42,0,0.0,0,238.29,0,0,0,0,0,0,0,0,0,1000.0,0,0,0,0,2.42,37.3,-1.0,0,37.3,0.0,37.3,0.0,0.0,0.0,238.29,-0.01
12/20/2024,16:48:18,0.0,0.0,404.0,37.3,0.0,0.0,0.0,0.0,-0.01,0,1.21,2.42,0,0.0,0,238.33,0,0,0,0,0,0,0,0,0,1000.0,0,0,0,0,2.42,37.3,-1.0,0,37.3,0.0,37.3,0.0,0.0,0.0,238.33,-0.01
12/20/2024,16:48:19,0.0,0.0,404.0,37.3,0.0,0.0,0.0,0.0,-0.01,0,1.21,2.42,0,0.0,0,238.36,0,0,0,0,0,0,0,0,0,1000.0,0,0,0,0,2.42,37.3,-1.0,0,37.3,0.0,37.3,0.0,0.0,0.0,238.36,-0.01
12/20/2024,16:48:20,0.0,0.0,404.0,37.3,0.0,0.0,0.0,0.0,-0.01,0,1.21,2.42,0,0.0,0,238.4,0,0,0,0,0,0,0,0,0,1000.0,0,0,0,0,2.42,37.3,-1.0,0,37.3,0.0,37.3,0.0,0.0,0.0,238.4,-0.01
12/20/2024,16:48:21,0.0,0.0,404.0,37.3,0.0,0.0,0.0,0.0,-0.01,0,1.21,2.42,0,0.0,0,238.44,0,0,0,0,0,0,0,0,0,1000.0,0,0,0,0,2.42,37.3,-1.0,0,37.3,0.0,37.3,0.0,0.0,0.0,238.44,-0.01
12/20/2024,16:48:22,0.0,0.0,404.0,37.3,0.0,0.0,0.0,0.0,-0.01,0,1.21,2.42,0,0.0,0,238.47,0,0,0,0,0,0,0,0,0,1000.0,0,0,0,0,2.42,37.3,-1.0,0,37.3,0.0,37.3,0.0,0.0,0.0,238.47,-0.01
12/20/2024,16:48:23,0.0,0.0,404.0,37.3,0.0,0.0,0.0,0.0,-0.01,0,1.21,2.42,0,0.0,0,238.51,0,0,0,0,0,0,0,0,0,1000.0,0,0,0,0,2.42,37.3,-1.0,0,37.3,0.0,37.3,0.0,0.0,0.0,238.51,-0.01
12/20/2024,16:48:24,0.0,0.0,404.0,37.3,0.0,0.0,0.0,0.0,-0.01,0,1.21,2.42,0,0.0,0,238.55,0,0,0,0,0,0,0,0,0,1000.0,0,0,0,0,2.42,37.3,-1.0,0,37.3,0.0,37.3,0.0,0.0,0.0,238.55,-0.01
12/20/2024,16:48:25,0.0,0.0,404.0,37.3,0.0,0.0,0.0,0.0,-0.01,0,1.21,2.42,0,0.0,0,238.59,0,0,0,0,0,0,0,0,0,1000.0,0,0,0,0,2.42,37.3,-1.0,0,37.3,0.0,37.3,0.0,0.0,0.0,238.59,-0.01
12/20/2024,16:48:26,0.0,0.0,404.0,37.3,0.0,0.0,0.0,0.0,-0.01,0,1.21,2.42,0,0.0,0,238.62,0,0,0,0,0,0,0,0,0,1000.0,0,0,0,0,2.42,37.3,-1.0,0,37.3,0.0,37.3,0.0,0.0,0.0,238.62,-0.01
12/20/2024,16:48:27,0.0,0.0,404.0,37.3,0.0,0.0,0.0,0.0,-0.01,0,1.21,2.42,0,0.0,0,238.66,0,0,0,0,0,0,0,0,0,1000.0,0,0,0,0,2.42,37.3,-1.0,0,37.3,0.0,37.3,0.0,0.0,0.0,238.66,-0.01
12/20/2024,16:48:28,0.0,0.0,404.0,37.3,0.0,0.0,0.0,0.0,-0.01,0,1.21,2.42,0,0.0,0,238.7,0,0,0,0,0,0,0,0,0,1000.0,0,0,0,0,2.42,37.3,-1.0,0,37.3,0.0,37.3,0.0,0.0,0.0,238.7,-0.01
12/20/2024,16:48:29,0.0,0.0,404.0,37.3,0.0,0.0,0.0,0.0,-0.01,0,1.21,2.42,0,0.0,0,238.74,0,0,0,0,0,0,0,0,0,1000.0,0,0,0,0,2.42,37.3,-1.0,0,37.3,0.0,37.3,0.0,0.0,0.0,238.74,-0.01
12/20/2024,16:48:30,0.0,0.0,404.0,37.3,0.0,0.0,0.0,0.0,-0.01,0,1.21,2.42,0,0.0,0,238.77,0,0,0,0,0,0,0,0,0,1000.0,0,0,0,0,2.42,37.3,-1.0,0,37.3,0.0,37.3,0.0,0.0,0.0,238.77,-0.01
12/20/2024,16:48:31,0.0,0.0,404.0,37.3,0.0,0.0,0.0,0.0,-0.01,0,1.21,2.42,0,0.0,0,238.81,0,0,0,0,0,0,0,0,0,1000.0,0,0,0,0,2.42,37.3,-1.0,0,37.3,0.0,37.3,0.0,0.0,0.0,238.81,-0.01
12/20/2024,16:48:32,0.0,0.0,404.0,37.3,0.0,0.0,0.0,0.0,-0.01,0,1.21,2.42,0,0.0,0,238.85,0,0,0,0,0,0,0,0,0,1000.0,0,0,0,0,2.42,37.3,-1.0,0,37.3,0.0,37.3,0.0,0.0,0.0,238.85,-0.01
12/20/2024,16:48:33,0.0,0.0,404.0,37.3,0.0,0.0,0.0,0.0,-0.01,0,1.21,2.42,0,0.0,0,238.88,0,0,0,0,0,0,0,0,0,1000.0,0,0,0,0,2.42,37.3,-1.0,0,37.3,0.0,37.3,0.0,0.0,0.0,238.88,-0.01
12/20/2024,16:48:34,0.0,0.0,404.0,37.3,0.0,0.0,0.0,0.0,-0.01,0,1.21,2.42,0,0.0,0,238.92,0,0,0,0,0,0,0,0,0,1000.0,0,0,0,0,2.42,37.3,-1.0,0,37.3,0.0,37.3,0.0,0.0,0.0,238.92,-0.01
12/20/2024,16:48:35,0.0,0.0,404.0,37.3,0.0,0.0,0.0,0.0,-0.01,0,1.21,2.42,0,0.0,0,238.96,0,0,0,0,0,0,0,0,0,1000.0,0,0,0,0,2.42,37.3,-1.0,0,37.3,0.0,37.3,0.0,0.0,0.0,238.96,-0.01
12/20/2024,16:48:36,0.0,0.0,404.0,37.3,0.0,0.0,0.0,0.0,-0.01,0,1.21,2.42,0,0.0,0,239.0,0,0,0,0,0,0,0,0,0,1000.0,0,0,0,0,2.42,37.3,-1.0,0,37.3,0.0,37.3,0.0,0.0,0.0,239.0,-0.01
12/20/2024,16:48:37,0.0,0.0,404.0,37.3,0.0,0.0,0.0,0.0,-0.01,0,1.21,2.42,0,0.0,0,239.0,0,0,0,0,0,0,0,0,0,1000.0,0,0,0,0,2.42,37.3,-1.0,0,37.3,0.0,37.3,0.0,0.0,0.0,239.0,-0.01
12/20/2024,16:48:38,0.0,0.0,404.0,37.3,0.0,0.0,0.0,0.0,-0.01,0,1.21,2.42,0,0.0,0,239.07,0,0,0,0,0,0,0,0,0,1000.0,0,0,0,0,2.42,37.3,-1.0,0,37.3,0.0,37.3,0.0,0.0,0.0,239.07,-0.01
12/20/2024,16:48:39,0.0,0.0,404.0,37.3,0.0,0.0,0.0,0.0,-0.01,0,1.21,2.42,0,0.0,0,239.07,0,0,0,0,0,0,0,0,0,1000.0,0,0,0,0,2.42,37.3,-1.0,0,37.3,0.0,37.3,0.0,0.0,0.0,239.07,-0.01
12/20/2024,16:48:40,0.0,0.0,404.0,37.3,0.0,0.0,0.0,0.0,-0.01,0,1.21,2.42,0,0.0,0,239.15,0,0,0,0,0,0,0,0,0,1000.0,0,0,0,0,2.42,37.3,-1.0,0,37.3,0.0,37.3,0.0,0.0,0.0,239.15,-0.01
12/20/2024,16:48:41,0.0,0.0,404.0,37.3,0.0,0.0,0.0,0.0,-0.01,0,1.21,2.42,0,0.0,0,239.15,0,0,0,0,0,0,0,0,0,1000.0,0,0,0,0,2.42,37.3,-1.0,0,37.3,0.0,37.3,0.0,0.0,0.0,239.15,-0.01
12/20/2024,16:48:42,0.0,0.0,404.0,37.4,0.0,0.0,0.0,0.0,-0.01,0,1.21,2.42,0,0.0,0,239.22,0,0,0,0,0,0,0,0,0,1000.0,0,0,0,0,2.42,37.4,-1.0,0,37.4,0.0,37.4,0.0,0.0,0.0,239.22,-0.01
12/20/2024,16:48:43,0.0,0.0,404.0,37.4,0.0,0.0,0.0,0.0,-0.01,0,1.21,2.42,0,0.0,0,239.22,0,0,0,0,0,0,0,0,0,1000.0,0,0,0,0,2.42,37.4,-1.0,0,37.4,0.0,37.4,0.0,0.0,0.0,239.22,-0.01
12/20/2024,16:48:44,0.0,0.0,404.0,37.3,0.0,0.0,0.0,0.0,-0.01,0,1.21,2.42,0,0.0,0,239.3,0,0,0,0,0,0,0,0,0,1000.0,0,0,0,0,2.42,37.3,-1.0,0,37.3,0.0,37.3,0.0,0.0,0.0,239.3,-0.01
12/20/2024,16:48:45,0.0,0.0,404.0,37.3,0.0,0.0,0.0,0.0,-0.01,0,1.21,2.42,0,0.0,0,239.3,0,0,0,0,0,0,0,0,0,1000.0,0,0,0,0,2.42,37.3,-1.0,0,37.3,0.0,37.3,0.0,0.0,0.0,239.3,-0.01
12/20/2024,16:48:46,0.0,0.0,404.0,37.3,0.0,0.0,0.0,0.0,-0.01,0,1.21,2.42,0,0.0,0,239.37,0,0,0,0,0,0,0,0,0,1000.0,0,0,0,0,2.42,37.3,-1.0,0,37.3,0.0,37.3,0.0,0.0,0.0,239.37,-0.01
12/20/2024,16:48:47,0.0,0.0,404.0,37.3,0.0,0.0,0.0,0.0,-0.01,0,1.21,2.42,0,0.0,0,239.37,0,0,0,0,0,0,0,0,0,1000.0,0,0,0,0,2.42,37.3,-1.0,0,37.3,0.0,37.3,0.0,0.0,0.0,239.37,-0.01
12/20/2024,16:48:48,0.0,0.0,404.0,37.3,0.0,0.0,0.0,0.0,-0.01,0,1.21,2.42,0,0.0,0,239.41,0,0,0,0,0,0,0,0,0,1000.0,0,0,0,0,2.42,37.3,-1.0,0,37.3,0.0,37.3,0.0,0.0,0.0,239.41,-0.01
12/20/2024,16:48:49,0.0,0.0,404.0,37.3,0.0,0.0,0.0,0.0,-0.01,0,1.21,2.42,0,0.0,0,239.48,0,0,0,0,0,0,0,0,0,1000.0,0,0,0,0,2.42,37.3,-1.0,0,37.3,0.0,37.3,0.0,0.0,0.0,239.48,-0.01
12/20/2024,16:48:50,0.0,0.0,404.0,37.3,0.0,0.0,0.0,0.0,-0.01,0,1.21,2.42,0,0.0,0,239.48,0,0,0,0,0,0,0,0,0,1000.0,0,0,0,0,2.42,37.3,-1.0,0,37.3,0.0,37.3,0.0,0.0,0.0,239.48,-0.01
12/20/2024,16:48:51,0.0,0.0,404.0,37.3,0.0,0.0,0.0,0.0,-0.01,0,1.21,2.42,0,0.0,0,239.56,0,0,0,0,0,0,0,0,0,1000.0,0,0,0,0,2.42,37.3,-1.0,0,37.3,0.0,37.3,0.0,0.0,0.0,239.56,-0.01
12/20/2024,16:48:52,0.0,0.0,404.0,37.3,0.0,0.0,0.0,0.0,-0.01,0,1.21,2.42,0,0.0,0,239.56,0,0,0,0,0,0,0,0,0,1000.0,0,0,0,0,2.42,37.3,-1.0,0,37.3,0.0,37.3,0.0,0.0,0.0,239.56,-0.01
12/20/2024,16:48:53,0.0,0.0,404.0,37.3,0.0,0.0,0.0,0.0,-0.01,0,1.21,2.42,0,0.0,0,239.63,0,0,0,0,0,0,0,0,0,1000.0,0,0,0,0,2.42,37.3,-1.0,0,37.3,0.0,37.3,0.0,0.0,0.0,239.63,-0.01
12/20/2024,16:48:54,0.0,0.0,404.0,37.3,0.0,0.0,0.0,0.0,-0.01,0,1.21,2.42,0,0.0,0,239.63,0,0,0,0,0,0,0,0,0,1000.0,0,0,0,0,2.42,37.3,-1.0,0,37.3,0.0,37.3,0.0,0.0,0.0,239.63,-0.01
12/20/2024,16:48:55,0.0,0.0,404.0,37.3,0.0,0.0,0.0,0.0,-0.01,0,1.21,2.42,0,0.0,0,239.71,0,0,0,0,0,0,0,0,0,1000.0,0,0,0,0,2.42,37.3,-1.0,0,37.3,0.0,37.3,0.0,0.0,0.0,239.71,-0.01
12/20/2024,16:48:56,0.0,0.0,404.0,37.3,0.0,0.0,0.0,0.0,-0.01,0,1.21,2.42,0,0.0,0,239.71,0,0,0,0,0,0,0,0,0,1000.0,0,0,0,0,2.42,37.3,-1.0,0,37.3,0.0,37.3,0.0,0.0,0.0,239.71,-0.01
12/20/2024,16:48:57,0.0,0.0,404.0,37.3,0.0,0.0,0.0,0.0,-0.01,0,1.21,2.42,0,0.0,0,239.78,0,0,0,0,0,0,0,0,0,1000.0,0,0,0,0,2.42,37.3,-1.0,0,37.3,0.0,37.3,0.0,0.0,0.0,239.78,-0.01
12/20/2024,16:48:58,0.0,0.0,404.0,37.3,0.0,0.0,0.0,0.0,-0.01,0,1.21,2.42,0,0.0,0,239.78,0,0,0,0,0,0,0,0,0,1000.0,0,0,0,0,2.42,37.3,-1.0,0,37.3,0.0,37.3,0.0,0.0,0.0,239.78,-0.01
12/20/2024,16:48:59,0.0,0.0,404.0,37.3,0.0,0.0,0.0,0.0,-0.01,0,1.21,2.42,0,0.0,0,239.82,0,0,0,0,0,0,0,0,0,1000.0,0,0,0,0,2.42,37.3,-1.0,0,37.3,0.0,37.3,0.0,0.0,0.0,239.82,-0.01
12/20/2024,16:49:0,0.0,0.0,404.0,37.3,0.0,0.0,0.0,0.0,-0.01,0,1.21,2.42,0,0.0,0,239.85,0,0,0,0,0,0,0,0,0,1000.0,0,0,0,0,2.42,37.3,-1.0,0,37.3,0.0,37.3,0.0,0.0,0.0,239.85,-0.01
12/20/2024,16:49:1,0.0,0.0,404.0,37.3,0.0,0.0,0.0,0.0,-0.01,0,1.21,2.42,0,0.0,0,239.93,0,0,0,0,0,0,0,0,0,1000.0,0,0,0,0,2.42,37.3,-1.0,0,37.3,0.0,37.3,0.0,0.0,0.0,239.93,-0.01
12/20/2024,16:49:2,0.0,0.0,404.0,37.3,0.0,0.0,0.0,0.0,-0.01,0,1.21,2.42,0,0.0,0,239.97,0,0,0,0,0,0,0,0,0,1000.0,0,0,0,0,2.42,37.3,-1.0,0,37.3,0.0,37.3,0.0,0.0,0.0,239.97,-0.01
12/20/2024,16:49:3,0.0,0.0,404.0,37.3,0.0,0.0,0.0,0.0,-0.01,0,1.21,2.42,0,0.0,0,240.0,0,0,0,0,0,0,0,0,0,1000.0,0,0,0,0,2.42,37.3,-1.0,0,37.3,0.0,37.3,0.0,0.0,0.0,240.0,-0.01
12/20/2024,16:49:4,0.0,0.0,404.0,37.3,0.0,0.0,0.0,0.0,-0.01,0,1.21,2.42,0,0.0,0,240.04,0,0,0,0,0,0,0,0,0,1000.0,0,0,0,0,2.42,37.3,-1.0,0,37.3,0.0,37.3,0.0,0.0,0.0,240.04,-0.01
12/20/2024,16:49:5,0.0,0.0,404.0,37.3,0.0,0.0,0.0,0.0,-0.01,0,1.21,2.42,0,0.0,0,240.08,0,0,0,0,0,0,0,0,0,1000.0,0,0,0,0,2.42,37.3,-1.0,0,37.3,0.0,37.3,0.0,0.0,0.0,240.08,-0.01
12/20/2024,16:49:6,0.0,0.0,404.0,37.3,0.0,0.0,0.0,0.0,-0.01,0,1.21,2.42,0,0.0,0,240.12,0,0,0,0,0,0,0,0,0,1000.0,0,0,0,0,2.42,37.3,-1.0,0,37.3,0.0,37.3,0.0,0.0,0.0,240.12,-0.01
12/20/2024,16:49:7,0.0,0.0,404.0,37.3,0.0,0.0,0.0,0.0,-0.01,0,1.21,2.42,0,0.0,0,240.15,0,0,0,0,0,0,0,0,0,1000.0,0,0,0,0,2.42,37.3,-1.0,0,37.3,0.0,37.3,0.0,0.0,0.0,240.15,-0.01
12/20/2024,16:49:8,0.0,0.0,404.0,37.3,0.0,0.0,0.0,0.0,-0.01,0,1.21,2.42,0,0.0,0,240.19,0,0,0,0,0,0,0,0,0,1000.0,0,0,0,0,2.42,37.3,-1.0,0,37.3,0.0,37.3,0.0,0.0,0.0,240.19,-0.01
12/20/2024,16:49:9,0.0,0.0,404.0,37.3,0.0,0.0,0.0,0.0,-0.01,0,1.21,2.42,0,0.0,0,240.23,0,0,0,0,0,0,0,0,0,1000.0,0,0,0,0,2.42,37.3,-1.0,0,37.3,0.0,37.3,0.0,0.0,0.0,240.23,-0.01
12/20/2024,16:49:10,0.0,0.0,404.0,37.3,0.0,0.0,0.0,0.0,-0.01,0,1.21,2.42,0,0.0,0,240.26,0,0,0,0,0,0,0,0,0,1000.0,0,0,0,0,2.42,37.3,-1.0,0,37.3,0.0,37.3,0.0,0.0,0.0,240.26,-0.01
12/20/2024,16:49:11,0.0,0.0,404.0,37.3,0.0,0.0,0.0,0.0,-0.01,0,1.21,2.42,0,0.0,0,240.3,0,0,0,0,0,0,0,0,0,1000.0,0,0,0,0,2.42,37.3,-1.0,0,37.3,0.0,37.3,0.0,0.0,0.0,240.3,-0.01
12/20/2024,16:49:12,0.0,0.0,404.0,37.3,0.0,0.0,0.0,0.0,-0.01,0,1.21,2.42,0,0.0,0,240.34,0,0,0,0,0,0,0,0,0,1000.0,0,0,0,0,2.42,37.3,-1.0,0,37.3,0.0,37.3,0.0,0.0,0.0,240.34,-0.01
12/20/2024,16:49:13,0.0,0.0,404.0,37.3,0.0,0.0,0.0,0.0,-0.01,0,1.21,2.42,0,0.0,0,240.38,0,0,0,0,0,0,0,0,0,1000.0,0,0,0,0,2.42,37.3,-1.0,0,37.3,0.0,37.3,0.0,0.0,0.0,240.38,-0.01
12/20/2024,16:49:14,0.0,0.0,404.0,37.3,0.0,0.0,0.0,0.0,-0.01,0,1.21,2.42,0,0.0,0,240.41,0,0,0,0,0,0,0,0,0,1000.0,0,0,0,0,2.42,37.3,-1.0,0,37.3,0.0,37.3,0.0,0.0,0.0,240.41,-0.01
12/20/2024,16:49:15,0.0,0.0,404.0,37.3,0.0,0.0,0.0,0.0,-0.01,0,1.21,2.42,0,0.0,0,240.45,0,0,0,0,0,0,0,0,0,1000.0,0,0,0,0,2.42,37.3,-1.0,0,37.3,0.0,37.3,0.0,0.0,0.0,240.45,-0.01
12/20/2024,16:49:16,0.0,0.0,404.0,37.3,0.0,0.0,0.0,0.0,-0.01,0,1.21,2.42,0,0.0,0,240.49,0,0,0,0,0,0,0,0,0,1000.0,0,0,0,0,2.42,37.3,-1.0,0,37.3,0.0,37.3,0.0,0.0,0.0,240.49,-0.01
12/20/2024,16:49:17,0.0,0.0,404.0,37.3,0.0,0.0,0.0,0.0,-0.01,0,1.21,2.42,0,0.0,0,240.53,0,0,0,0,0,0,0,0,0,1000.0,0,0,0,0,2.42,37.3,-1.0,0,37.3,0.0,37.3,0.0,0.0,0.0,240.53,-0.01
12/20/2024,16:49:18,0.0,0.0,404.0,37.3,0.0,0.0,0.0,0.0,-0.01,0,1.21,2.42,0,0.0,0,240.56,0,0,0,0,0,0,0,0,0,1000.0,0,0,0,0,2.42,37.3,-1.0,0,37.3,0.0,37.3,0.0,0.0,0.0,240.56,-0.01
12/20/2024,16:49:19,0.0,0.0,404.0,37.3,0.0,0.0,0.0,0.0,-0.01,0,1.21,2.42,0,0.0,0,240.6,0,0,0,0,0,0,0,0,0,1000.0,0,0,0,0,2.42,37.3,-1.0,0,37.3,0.0,37.3,0.0,0.0,0.0,240.6,-0.01
12/20/2024,16:49:20,0.0,0.0,404.0,37.3,0.0,0.0,0.0,0.0,-0.01,0,1.21,2.42,0,0.0,0,240.6,0,0,0,0,0,0,0,0,0,1000.0,0,0,0,0,2.42,37.3,-1.0,0,37.3,0.0,37.3,0.0,0.0,0.0,240.6,-0.01
12/20/2024,16:49:21,0.0,0.0,404.0,37.3,0.0,0.0,0.0,0.0,-0.01,0,1.21,2.42,0,0.0,0,240.68,0,0,0,0,0,0,0,0,0,1000.0,0,0,0,0,2.42,37.3,-1.0,0,37.3,0.0,37.3,0.0,0.0,0.0,240.68,-0.01
12/20/2024,16:49:22,0.0,0.0,404.0,37.3,0.0,0.0,0.0,0.0,-0.01,0,1.21,2.42,0,0.0,0,240.71,0,0,0,0,0,0,0,0,0,1000.0,0,0,0,0,2.42,37.3,-1.0,0,37.3,0.0,37.3,0.0,0.0,0.0,240.71,-0.01
12/20/2024,16:49:23,0.0,0.0,404.0,37.3,0.0,0.0,0.0,0.0,-0.01,0,1.21,2.42,0,0.0,0,240.75,0,0,0,0,0,0,0,0,0,1000.0,0,0,0,0,2.42,37.3,-1.0,0,37.3,0.0,37.3,0.0,0.0,0.0,240.75,-0.01
12/20/2024,16:49:24,0.0,0.0,404.0,37.3,0.0,0.0,0.0,0.0,-0.01,0,1.21,2.42,0,0.0,0,240.79,0,0,0,0,0,0,0,0,0,1000.0,0,0,0,0,2.42,37.3,-1.0,0,37.3,0.0,37.3,0.0,0.0,0.0,240.79,-0.01
12/20/2024,16:49:25,0.0,0.0,404.0,37.3,0.0,0.0,0.0,0.0,-0.01,0,1.21,2.42,0,0.0,0,240.82,0,0,0,0,0,0,0,0,0,1000.0,0,0,0,0,2.42,37.3,-1.0,0,37.3,0.0,37.3,0.0,0.0,0.0,240.82,-0.01
12/20/2024,16:49:26,0.0,0.0,404.0,37.3,0.0,0.0,0.0,0.0,-0.01,0,1.21,2.42,0,0.0,0,240.86,0,0,0,0,0,0,0,0,0,1000.0,0,0,0,0,2.42,37.3,-1.0,0,37.3,0.0,37.3,0.0,0.0,0.0,240.86,-0.01
12/20/2024,16:49:27,0.0,0.0,404.0,37.3,0.0,0.0,0.0,0.0,-0.01,0,1.21,2.42,0,0.0,0,240.9,0,0,0,0,0,0,0,0,0,1000.0,0,0,0,0,2.42,37.3,-1.0,0,37.3,0.0,37.3,0.0,0.0,0.0,240.9,-0.01
12/20/2024,16:49:28,0.0,0.0,404.0,37.3,0.0,0.0,0.0,0.0,-0.01,0,1.21,2.42,0,0.0,0,240.94,0,0,0,0,0,0,0,0,0,1000.0,0,0,0,0,2.42,37.3,-1.0,0,37.3,0.0,37.3,0.0,0.0,0.0,240.94,-0.01
12/20/2024,16:49:29,0.0,0.0,404.0,37.3,0.0,0.0,0.0,0.0,-0.01,0,1.21,2.42,0,0.0,0,240.94,0,0,0,0,0,0,0,0,0,1000.0,0,0,0,0,2.42,37.3,-1.0,0,37.3,0.0,37.3,0.0,0.0,0.0,240.94,-0.01
12/20/2024,16:49:30,0.0,0.0,404.0,37.3,0.0,0.0,0.0,0.0,-0.01,0,1.21,2.42,0,0.0,0,241.01,0,0,0,0,0,0,0,0,0,1000.0,0,0,0,0,2.42,37.3,-1.0,0,37.3,0.0,37.3,0.0,0.0,0.0,241.01,-0.01
12/20/2024,16:49:31,0.0,0.0,404.0,37.3,0.0,0.0,0.0,0.0,-0.01,0,1.21,2.42,0,0.0,0,241.01,0,0,0,0,0,0,0,0,0,1000.0,0,0,0,0,2.42,37.3,-1.0,0,37.3,0.0,37.3,0.0,0.0,0.0,241.01,-0.01
12/20/2024,16:49:32,0.0,0.0,404.0,37.3,0.0,0.0,0.0,0.0,-0.01,0,1.21,2.42,0,0.0,0,241.09,0,0,0,0,0,0,0,0,0,1000.0,0,0,0,0,2.42,37.3,-1.0,0,37.3,0.0,37.3,0.0,0.0,0.0,241.09,-0.01
12/20/2024,16:49:33,0.0,0.0,404.0,37.3,0.0,0.0,0.0,0.0,-0.01,0,1.21,2.42,0,0.0,0,241.09,0,0,0,0,0,0,0,0,0,1000.0,0,0,0,0,2.42,37.3,-1.0,0,37.3,0.0,37.3,0.0,0.0,0.0,241.09,-0.01
12/20/2024,16:49:34,0.0,0.0,404.0,37.3,0.0,0.0,0.0,0.0,-0.01,0,1.21,2.42,0,0.0,0,241.16,0,0,0,0,0,0,0,0,0,1000.0,0,0,0,0,2.42,37.3,-1.0,0,37.3,0.0,37.3,0.0,0.0,0.0,241.16,-0.01
12/20/2024,16:49:35,0.0,0.0,404.0,37.3,0.0,0.0,0.0,0.0,-0.01,0,1.21,2.42,0,0.0,0,241.16,0,0,0,0,0,0,0,0,0,1000.0,0,0,0,0,2.42,37.3,-1.0,0,37.3,0.0,37.3,0.0,0.0,0.0,241.16,-0.01
12/20/2024,16:49:36,0.0,0.0,404.0,37.3,0.0,0.0,0.0,0.0,-0.01,0,1.21,2.42,0,0.0,0,241.23,0,0,0,0,0,0,0,0,0,1000.0,0,0,0,0,2.42,37.3,-1.0,0,37.3,0.0,37.3,0.0,0.0,0.0,241.23,-0.01
12/20/2024,16:49:37,0.0,0.0,404.0,37.3,0.0,0.0,0.0,0.0,-0.01,0,1.21,2.42,0,0.0,0,241.23,0,0,0,0,0,0,0,0,0,1000.0,0,0,0,0,2.42,37.3,-1.0,0,37.3,0.0,37.3,0.0,0.0,0.0,241.23,-0.01
12/20/2024,16:49:38,0.0,0.0,404.0,37.3,0.0,0.0,0.0,0.0,-0.01,0,1.21,2.42,0,0.0,0,241.31,0,0,0,0,0,0,0,0,0,1000.0,0,0,0,0,2.42,37.3,-1.0,0,37.3,0.0,37.3,0.0,0.0,0.0,241.31,-0.01
12/20/2024,16:49:39,0.0,0.0,404.0,37.3,0.0,0.0,0.0,0.0,-0.01,0,1.21,2.42,0,0.0,0,241.31,0,0,0,0,0,0,0,0,0,1000.0,0,0,0,0,2.42,37.3,-1.0,0,37.3,0.0,37.3,0.0,0.0,0.0,241.31,-0.01
12/20/2024,16:49:40,0.0,0.0,404.0,37.3,0.0,0.0,0.0,0.0,-0.01,0,1.21,2.42,0,0.0,0,241.35,0,0,0,0,0,0,0,0,0,1000.0,0,0,0,0,2.42,37.3,-1.0,0,37.3,0.0,37.3,0.0,0.0,0.0,241.35,-0.01
12/20/2024,16:49:41,0.0,0.0,404.0,37.3,0.0,0.0,0.0,0.0,-0.01,0,1.21,2.42,0,0.0,0,241.38,0,0,0,0,0,0,0,0,0,1000.0,0,0,0,0,2.42,37.3,-1.0,0,37.3,0.0,37.3,0.0,0.0,0.0,241.38,-0.01
12/20/2024,16:49:42,0.0,0.0,404.0,37.3,0.0,0.0,0.0,0.0,-0.01,0,1.21,2.42,0,0.0,0,241.42,0,0,0,0,0,0,0,0,0,1000.0,0,0,0,0,2.42,37.3,-1.0,0,37.3,0.0,37.3,0.0,0.0,0.0,241.42,-0.01
12/20/2024,16:49:43,0.0,0.0,404.0,37.4,0.0,0.0,0.0,0.0,-0.01,0,1.21,2.42,0,0.0,0,241.46,0,0,0,0,0,0,0,0,0,1000.0,0,0,0,0,2.42,37.4,-1.0,0,37.4,0.0,37.4,0.0,0.0,0.0,241.46,-0.01
12/20/2024,16:49:44,0.0,0.0,404.0,37.3,0.0,0.0,0.0,0.0,-0.01,0,1.21,2.42,0,0.0,0,241.5,0,0,0,0,0,0,0,0,0,1000.0,0,0,0,0,2.42,37.3,-1.0,0,37.3,0.0,37.3,0.0,0.0,0.0,241.5,-0.01
12/20/2024,16:49:45,0.0,0.0,404.0,37.3,0.0,0.0,0.0,0.0,-0.01,0,1.21,2.42,0,0.0,0,241.53,0,0,0,0,0,0,0,0,0,1000.0,0,0,0,0,2.42,37.3,-1.0,0,37.3,0.0,37.3,0.0,0.0,0.0,241.53,-0.01
12/20/2024,16:49:46,0.0,0.0,404.0,37.3,0.0,0.0,0.0,0.0,-0.01,0,1.21,2.42,0,0.0,0,241.57,0,0,0,0,0,0,0,0,0,1000.0,0,0,0,0,2.42,37.3,-1.0,0,37.3,0.0,37.3,0.0,0.0,0.0,241.57,-0.01
12/20/2024,16:49:47,0.0,0.0,404.0,37.3,0.0,0.0,0.0,0.0,-0.01,0,1.21,2.42,0,0.0,0,241.61,0,0,0,0,0,0,0,0,0,1000.0,0,0,0,0,2.42,37.3,-1.0,0,37.3,0.0,37.3,0.0,0.0,0.0,241.61,-0.01
12/20/2024,16:49:48,0.0,0.0,404.0,37.3,0.0,0.0,0.0,0.0,-0.01,0,1.21,2.42,0,0.0,0,241.64,0,0,0,0,0,0,0,0,0,1000.0,0,0,0,0,2.42,37.3,-1.0,0,37.3,0.0,37.3,0.0,0.0,0.0,241.64,-0.01
12/20/2024,16:49:49,0.0,0.0,404.0,37.3,0.0,0.0,0.0,0.0,-0.01,0,1.21,2.42,0,0.0,0,241.72,0,0,0,0,0,0,0,0,0,1000.0,0,0,0,0,2.42,37.3,-1.0,0,37.3,0.0,37.3,0.0,0.0,0.0,241.72,-0.01
12/20/2024,16:49:50,0.0,0.0,404.0,37.3,0.0,0.0,0.0,0.0,-0.01,0,1.21,2.42,0,0.0,0,241.76,0,0,0,0,0,0,0,0,0,1000.0,0,0,0,0,2.42,37.3,-1.0,0,37.3,0.0,37.3,0.0,0.0,0.0,241.76,-0.01
12/20/2024,16:49:51,0.0,0.0,404.0,37.3,0.0,0.0,0.0,0.0,-0.01,0,1.21,2.42,0,0.0,0,241.79,0,0,0,0,0,0,0,0,0,1000.0,0,0,0,0,2.42,37.3,-1.0,0,37.3,0.0,37.3,0.0,0.0,0.0,241.79,-0.01
12/20/2024,16:49:52,0.0,0.0,404.0,37.3,0.0,0.0,0.0,0.0,-0.01,0,1.21,2.42,0,0.0,0,241.83,0,0,0,0,0,0,0,0,0,1000.0,0,0,0,0,2.42,37.3,-1.0,0,37.3,0.0,37.3,0.0,0.0,0.0,241.83,-0.01
12/20/2024,16:49:53,0.0,0.0,404.0,37.3,0.0,0.0,0.0,0.0,-0.01,0,1.21,2.42,0,0.0,0,241.87,0,0,0,0,0,0,0,0,0,1000.0,0,0,0,0,2.42,37.3,-1.0,0,37.3,0.0,37.3,0.0,0.0,0.0,241.87,-0.01
12/20/2024,16:49:54,0.0,0.0,404.0,37.3,0.0,0.0,0.0,0.0,-0.01,0,1.21,2.42,0,0.0,0,241.91,0,0,0,0,0,0,0,0,0,1000.0,0,0,0,0,2.42,37.3,-1.0,0,37.3,0.0,37.3,0.0,0.0,0.0,241.91,-0.01
12/20/2024,16:49:55,0.0,0.0,404.0,37.3,0.0,0.0,0.0,0.0,-0.01,0,1.21,2.42,0,0.0,0,241.94,0,0,0,0,0,0,0,0,0,1000.0,0,0,0,0,2.42,37.3,-1.0,0,37.3,0.0,37.3,0.0,0.0,0.0,241.94,-0.01
12/20/2024,16:49:56,0.0,0.0,404.0,37.3,0.0,0.0,0.0,0.0,-0.01,0,1.21,2.42,0,0.0,0,241.98,0,0,0,0,0,0,0,0,0,1000.0,0,0,0,0,2.42,37.3,-1.0,0,37.3,0.0,37.3,0.0,0.0,0.0,241.98,-0.01
12/20/2024,16:49:57,0.0,0.0,404.0,37.3,0.0,0.0,0.0,0.0,-0.01,0,1.21,2.42,0,0.0,0,242.02,0,0,0,0,0,0,0,0,0,1000.0,0,0,0,0,2.42,37.3,-1.0,0,37.3,0.0,37.3,0.0,0.0,0.0,242.02,-0.01
12/20/2024,16:49:58,0.0,0.0,404.0,37.3,0.0,0.0,0.0,0.0,-0.01,0,1.21,2.42,0,0.0,0,242.06,0,0,0,0,0,0,0,0,0,1000.0,0,0,0,0,2.42,37.3,-1.0,0,37.3,0.0,37.3,0.0,0.0,0.0,242.06,-0.01
12/20/2024,16:49:59,0.0,0.0,404.0,37.3,0.0,0.0,0.0,0.0,-0.01,0,1.21,2.42,0,0.0,0,242.09,0,0,0,0,0,0,0,0,0,1000.0,0,0,0,0,2.42,37.3,-1.0,0,37.3,0.0,37.3,0.0,0.0,0.0,242.09,-0.01
12/20/2024,16:50:0,0.0,0.0,404.0,37.3,0.0,0.0,0.0,0.0,-0.01,0,1.21,2.42,0,0.0,0,242.13,0,0,0,0,0,0,0,0,0,1000.0,0,0,0,0,2.42,37.3,-1.0,0,37.3,0.0,37.3,0.0,0.0,0.0,242.13,-0.01
12/20/2024,16:50:1,0.0,0.0,404.0,37.3,0.0,0.0,0.0,0.0,-0.01,0,1.21,2.42,0,0.0,0,242.17,0,0,0,0,0,0,0,0,0,1000.0,0,0,0,0,2.42,37.3,-1.0,0,37.3,0.0,37.3,0.0,0.0,0.0,242.17,-0.01
12/20/2024,16:50:2,0.0,0.0,404.0,37.3,0.0,0.0,0.0,0.0,-0.01,0,1.21,2.42,0,0.0,0,242.2,0,0,0,0,0,0,0,0,0,1000.0,0,0,0,0,2.42,37.3,-1.0,0,37.3,0.0,37.3,0.0,0.0,0.0,242.2,-0.01
12/20/2024,16:50:3,0.0,0.0,404.0,37.3,0.0,0.0,0.0,0.0,-0.01,0,1.21,2.42,0,0.0,0,242.24,0,0,0,0,0,0,0,0,0,1000.0,0,0,0,0,2.42,37.3,-1.0,0,37.3,0.0,37.3,0.0,0.0,0.0,242.24,-0.01
12/20/2024,16:50:4,0.0,0.0,404.0,37.3,0.0,0.0,0.0,0.0,-0.01,0,1.21,2.42,0,0.0,0,242.28,0,0,0,0,0,0,0,0,0,1000.0,0,0,0,0,2.42,37.3,-1.0,0,37.3,0.0,37.3,0.0,0.0,0.0,242.28,-0.01
12/20/2024,16:50:5,0.0,0.0,404.0,37.3,0.0,0.0,0.0,0.0,-0.01,0,1.21,2.42,0,0.0,0,242.32,0,0,0,0,0,0,0,0,0,1000.0,0,0,0,0,2.42,37.3,-1.0,0,37.3,0.0,37.3,0.0,0.0,0.0,242.32,-0.01
12/20/2024,16:50:6,0.0,0.0,404.0,37.3,0.0,0.0,0.0,0.0,-0.01,0,1.21,2.42,0,0.0,0,242.35,0,0,0,0,0,0,0,0,0,1000.0,0,0,0,0,2.42,37.3,-1.0,0,37.3,0.0,37.3,0.0,0.0,0.0,242.35,-0.01
12/20/2024,16:50:7,0.0,0.0,404.0,37.3,0.0,0.0,0.0,0.0,-0.01,0,1.21,2.42,0,0.0,0,242.39,0,0,0,0,0,0,0,0,0,1000.0,0,0,0,0,2.42,37.3,-1.0,0,37.3,0.0,37.3,0.0,0.0,0.0,242.39,-0.01
12/20/2024,16:50:8,0.0,0.0,404.0,37.3,0.0,0.0,0.0,0.0,-0.01,0,1.21,2.42,0,0.0,0,242.43,0,0,0,0,0,0,0,0,0,1000.0,0,0,0,0,2.42,37.3,-1.0,0,37.3,0.0,37.3,0.0,0.0,0.0,242.43,-0.01
12/20/2024,16:50:9,0.0,0.0,404.0,37.3,0.0,0.0,0.0,0.0,-0.01,0,1.21,2.42,0,0.0,0,242.47,0,0,0,0,0,0,0,0,0,1000.0,0,0,0,0,2.42,37.3,-1.0,0,37.3,0.0,37.3,0.0,0.0,0.0,242.47,-0.01
12/20/2024,16:50:10,0.0,0.0,404.0,37.3,0.0,0.0,0.0,0.0,-0.01,0,1.21,2.42,0,0.0,0,242.5,0,0,0,0,0,0,0,0,0,1000.0,0,0,0,0,2.42,37.3,-1.0,0,37.3,0.0,37.3,0.0,0.0,0.0,242.5,-0.01
12/20/2024,16:50:11,0.0,0.0,404.0,37.3,0.0,0.0,0.0,0.0,-0.01,0,1.21,2.42,0,0.0,0,242.54,0,0,0,0,0,0,0,0,0,1000.0,0,0,0,0,2.42,37.3,-1.0,0,37.3,0.0,37.3,0.0,0.0,0.0,242.54,-0.01
12/20/2024,16:50:12,0.0,0.0,404.0,37.3,0.0,0.0,0.0,0.0,-0.01,0,1.21,2.42,0,0.0,0,242.54,0,0,0,0,0,0,0,0,0,1000.0,0,0,0,0,2.42,37.3,-1.0,0,37.3,0.0,37.3,0.0,0.0,0.0,242.54,-0.01
12/20/2024,16:50:13,0.0,0.0,404.0,37.3,0.0,0.0,0.0,0.0,-0.01,0,1.21,2.42,0,0.0,0,242.61,0,0,0,0,0,0,0,0,0,1000.0,0,0,0,0,2.42,37.3,-1.0,0,37.3,0.0,37.3,0.0,0.0,0.0,242.61,-0.01
12/20/2024,16:50:14,0.0,0.0,404.0,37.3,0.0,0.0,0.0,0.0,-0.01,0,1.21,2.42,0,0.0,0,242.61,0,0,0,0,0,0,0,0,0,1000.0,0,0,0,0,2.42,37.3,-1.0,0,37.3,0.0,37.3,0.0,0.0,0.0,242.61,-0.01
12/20/2024,16:50:15,0.0,0.0,404.0,37.3,0.0,0.0,0.0,0.0,-0.01,0,1.21,2.42,0,0.0,0,242.69,0,0,0,0,0,0,0,0,0,1000.0,0,0,0,0,2.42,37.3,-1.0,0,37.3,0.0,37.3,0.0,0.0,0.0,242.69,-0.01
12/20/2024,16:50:16,0.0,0.0,404.0,37.3,0.0,0.0,0.0,0.0,-0.01,0,1.21,2.42,0,0.0,0,242.73,0,0,0,0,0,0,0,0,0,1000.0,0,0,0,0,2.42,37.3,-1.0,0,37.3,0.0,37.3,0.0,0.0,0.0,242.73,-0.01
12/20/2024,16:50:17,0.0,0.0,404.0,37.3,0.0,0.0,0.0,0.0,-0.01,0,1.21,2.42,0,0.0,0,242.76,0,0,0,0,0,0,0,0,0,1000.0,0,0,0,0,2.42,37.3,-1.0,0,37.3,0.0,37.3,0.0,0.0,0.0,242.76,-0.01
12/20/2024,16:50:18,0.0,0.0,404.0,37.3,0.0,0.0,0.0,0.0,-0.01,0,1.21,2.42,0,0.0,0,242.8,0,0,0,0,0,0,0,0,0,1000.0,0,0,0,0,2.42,37.3,-1.0,0,37.3,0.0,37.3,0.0,0.0,0.0,242.8,-0.01
12/20/2024,16:50:19,0.0,0.0,404.0,37.3,0.0,0.0,0.0,0.0,-0.01,0,1.21,2.42,0,0.0,0,242.84,0,0,0,0,0,0,0,0,0,1000.0,0,0,0,0,2.42,37.3,-1.0,0,37.3,0.0,37.3,0.0,0.0,0.0,242.84,-0.01
12/20/2024,16:50:20,0.0,0.0,404.0,37.3,0.0,0.0,0.0,0.0,-0.01,0,1.21,2.42,0,0.0,0,242.88,0,0,0,0,0,0,0,0,0,1000.0,0,0,0,0,2.42,37.3,-1.0,0,37.3,0.0,37.3,0.0,0.0,0.0,242.88,-0.01
12/20/2024,16:50:21,0.0,0.0,404.0,37.3,0.0,0.0,0.0,0.0,-0.01,0,1.21,2.42,0,0.0,0,242.91,0,0,0,0,0,0,0,0,0,1000.0,0,0,0,0,2.42,37.3,-1.0,0,37.3,0.0,37.3,0.0,0.0,0.0,242.91,-0.01
12/20/2024,16:50:22,0.0,0.0,404.0,37.3,0.0,0.0,0.0,0.0,-0.01,0,1.21,2.42,0,0.0,0,242.95,0,0,0,0,0,0,0,0,0,1000.0,0,0,0,0,2.42,37.3,-1.0,0,37.3,0.0,37.3,0.0,0.0,0.0,242.95,-0.01
12/20/2024,16:50:23,0.0,0.0,404.0,37.3,0.0,0.0,0.0,0.0,-0.01,0,1.21,2.42,0,0.0,0,242.95,0,0,0,0,0,0,0,0,0,1000.0,0,0,0,0,2.42,37.3,-1.0,0,37.3,0.0,37.3,0.0,0.0,0.0,242.95,-0.01
12/20/2024,16:50:24,0.0,0.0,404.0,37.3,0.0,0.0,0.0,0.0,-0.01,0,1.21,2.42,0,0.0,0,243.02,0,0,0,0,0,0,0,0,0,1000.0,0,0,0,0,2.42,37.3,-1.0,0,37.3,0.0,37.3,0.0,0.0,0.0,243.02,-0.01
12/20/2024,16:50:25,0.0,0.0,404.0,37.3,0.0,0.0,0.0,0.0,-0.01,0,1.21,2.42,0,0.0,0,243.02,0,0,0,0,0,0,0,0,0,1000.0,0,0,0,0,2.42,37.3,-1.0,0,37.3,0.0,37.3,0.0,0.0,0.0,243.02,-0.01
12/20/2024,16:50:26,0.0,0.0,404.0,37.3,0.0,0.0,0.0,0.0,-0.01,0,1.21,2.42,0,0.0,0,243.1,0,0,0,0,0,0,0,0,0,1000.0,0,0,0,0,2.42,37.3,-1.0,0,37.3,0.0,37.3,0.0,0.0,0.0,243.1,-0.01
12/20/2024,16:50:27,0.0,0.0,404.0,37.3,0.0,0.0,0.0,0.0,-0.01,0,1.21,2.42,0,0.0,0,243.1,0,0,0,0,0,0,0,0,0,1000.0,0,0,0,0,2.42,37.3,-1.0,0,37.3,0.0,37.3,0.0,0.0,0.0,243.1,-0.01
12/20/2024,16:50:28,0.0,0.0,404.0,37.3,0.0,0.0,0.0,0.0,-0.01,0,1.21,2.42,0,0.0,0,243.17,0,0,0,0,0,0,0,0,0,1000.0,0,0,0,0,2.42,37.3,-1.0,0,37.3,0.0,37.3,0.0,0.0,0.0,243.17,-0.01
12/20/2024,16:50:29,0.0,0.0,404.0,37.3,0.0,0.0,0.0,0.0,-0.01,0,1.21,2.42,0,0.0,0,243.17,0,0,0,0,0,0,0,0,0,1000.0,0,0,0,0,2.42,37.3,-1.0,0,37.3,0.0,37.3,0.0,0.0,0.0,243.17,-0.01
12/20/2024,16:50:30,0.0,0.0,404.0,37.3,0.0,0.0,0.0,0.0,-0.01,0,1.21,2.42,0,0.0,0,243.25,0,0,0,0,0,0,0,0,0,1000.0,0,0,0,0,2.42,37.3,-1.0,0,37.3,0.0,37.3,0.0,0.0,0.0,243.25,-0.01
12/20/2024,16:50:31,0.0,0.0,404.0,37.3,0.0,0.0,0.0,0.0,-0.01,0,1.21,2.42,0,0.0,0,243.25,0,0,0,0,0,0,0,0,0,1000.0,0,0,0,0,2.42,37.3,-1.0,0,37.3,0.0,37.3,0.0,0.0,0.0,243.25,-0.01
12/20/2024,16:50:32,0.0,0.0,404.0,37.3,0.0,0.0,0.0,0.0,-0.01,0,1.21,2.42,0,0.0,0,243.29,0,0,0,0,0,0,0,0,0,1000.0,0,0,0,0,2.42,37.3,-1.0,0,37.3,0.0,37.3,0.0,0.0,0.0,243.29,-0.01
12/20/2024,16:50:33,0.0,0.0,404.0,37.3,0.0,0.0,0.0,0.0,-0.01,0,1.21,2.42,0,0.0,0,243.32,0,0,0,0,0,0,0,0,0,1000.0,0,0,0,0,2.42,37.3,-1.0,0,37.3,0.0,37.3,0.0,0.0,0.0,243.32,-0.01
12/20/2024,16:50:34,0.0,0.0,404.0,37.3,0.0,0.0,0.0,0.0,-0.01,0,1.21,2.42,0,0.0,0,243.36,0,0,0,0,0,0,0,0,0,1000.0,0,0,0,0,2.42,37.3,-1.0,0,37.3,0.0,37.3,0.0,0.0,0.0,243.36,-0.01
12/20/2024,16:50:35,0.0,0.0,404.0,37.3,0.0,0.0,0.0,0.0,-0.01,0,1.21,2.42,0,0.0,0,243.4,0,0,0,0,0,0,0,0,0,1000.0,0,0,0,0,2.42,37.3,-1.0,0,37.3,0.0,37.3,0.0,0.0,0.0,243.4,-0.01
12/20/2024,16:50:36,0.0,0.0,404.0,37.3,0.0,0.0,0.0,0.0,-0.01,0,1.21,2.42,0,0.0,0,243.44,0,0,0,0,0,0,0,0,0,1000.0,0,0,0,0,2.42,37.3,-1.0,0,37.3,0.0,37.3,0.0,0.0,0.0,243.44,-0.01
12/20/2024,16:50:37,0.0,0.0,404.0,37.3,0.0,0.0,0.0,0.0,-0.01,0,1.21,2.42,0,0.0,0,243.47,0,0,0,0,0,0,0,0,0,1000.0,0,0,0,0,2.42,37.3,-1.0,0,37.3,0.0,37.3,0.0,0.0,0.0,243.47,-0.01
12/20/2024,16:50:38,0.0,0.0,404.0,37.3,0.0,0.0,0.0,0.0,-0.01,0,1.21,2.42,0,0.0,0,243.51,0,0,0,0,0,0,0,0,0,1000.0,0,0,0,0,2.42,37.3,-1.0,0,37.3,0.0,37.3,0.0,0.0,0.0,243.51,-0.01
12/20/2024,16:50:39,0.0,0.0,404.0,37.3,0.0,0.0,0.0,0.0,-0.01,0,1.21,2.42,0,0.0,0,243.55,0,0,0,0,0,0,0,0,0,1000.0,0,0,0,0,2.42,37.3,-1.0,0,37.3,0.0,37.3,0.0,0.0,0.0,243.55,-0.01
12/20/2024,16:50:40,0.0,0.0,404.0,37.3,0.0,0.0,0.0,0.0,-0.01,0,1.21,2.42,0,0.0,0,243.58,0,0,0,0,0,0,0,0,0,1000.0,0,0,0,0,2.42,37.3,-1.0,0,37.3,0.0,37.3,0.0,0.0,0.0,243.58,-0.01
12/20/2024,16:50:41,0.0,0.0,404.0,37.4,0.0,0.0,0.0,0.0,-0.01,0,1.21,2.42,0,0.0,0,243.7,0,0,0,0,0,0,0,0,0,1000.0,0,0,0,0,2.42,37.3,-1.0,0,37.4,0.0,37.3,0.0,0.0,0.0,243.7,-0.01
12/20/2024,16:50:42,0.0,0.0,404.0,37.4,0.0,0.0,0.0,0.0,-0.01,0,1.21,2.42,0,0.0,0,243.7,0,0,0,0,0,0,0,0,0,1000.0,0,0,0,0,2.42,37.3,-1.0,0,37.4,0.0,37.3,0.0,0.0,0.0,243.7,-0.01
12/20/2024,16:50:43,0.0,0.0,404.0,37.3,0.0,0.0,0.0,0.0,-0.01,0,1.21,2.42,0,0.0,0,243.73,0,0,0,0,0,0,0,0,0,1000.0,0,0,0,0,2.42,37.3,-1.0,0,37.3,0.0,37.3,0.0,0.0,0.0,243.73,-0.01
12/20/2024,16:50:44,0.0,0.0,404.0,37.3,0.0,0.0,0.0,0.0,-0.01,0,1.21,2.42,0,0.0,0,243.77,0,0,0,0,0,0,0,0,0,1000.0,0,0,0,0,2.42,37.3,-1.0,0,37.3,0.0,37.3,0.0,0.0,0.0,243.77,-0.01
12/20/2024,16:50:45,0.0,0.0,404.0,37.3,0.0,0.0,0.0,0.0,-0.01,0,1.21,2.42,0,0.0,0,243.81,0,0,0,0,0,0,0,0,0,1000.0,0,0,0,0,2.42,37.3,-1.0,0,37.3,0.0,37.3,0.0,0.0,0.0,243.81,-0.01
12/20/2024,16:50:46,0.0,0.0,404.0,37.3,0.0,0.0,0.0,0.0,-0.01,0,1.21,2.42,0,0.0,0,243.85,0,0,0,0,0,0,0,0,0,1000.0,0,0,0,0,2.42,37.3,-1.0,0,37.3,0.0,37.3,0.0,0.0,0.0,243.85,-0.01
12/20/2024,16:50:47,0.0,0.0,404.0,37.3,0.0,0.0,0.0,0.0,-0.01,0,1.21,2.42,0,0.0,0,243.88,0,0,0,0,0,0,0,0,0,1000.0,0,0,0,0,2.42,37.3,-1.0,0,37.3,0.0,37.3,0.0,0.0,0.0,243.88,-0.01
12/20/2024,16:50:48,0.0,0.0,404.0,37.3,0.0,0.0,0.0,0.0,-0.01,0,1.21,2.42,0,0.0,0,243.92,0,0,0,0,0,0,0,0,0,1000.0,0,0,0,0,2.42,37.3,-1.0,0,37.3,0.0,37.3,0.0,0.0,0.0,243.92,-0.01
12/20/2024,16:50:49,0.0,0.0,404.0,37.3,0.0,0.0,0.0,0.0,-0.01,0,1.21,2.42,0,0.0,0,243.96,0,0,0,0,0,0,0,0,0,1000.0,0,0,0,0,2.42,37.3,-1.0,0,37.3,0.0,37.3,0.0,0.0,0.0,243.96,-0.01
12/20/2024,16:50:50,0.0,0.0,404.0,37.3,0.0,0.0,0.0,0.0,-0.01,0,1.21,2.42,0,0.0,0,243.99,0,0,0,0,0,0,0,0,0,1000.0,0,0,0,0,2.42,37.3,-1.0,0,37.3,0.0,37.3,0.0,0.0,0.0,243.99,-0.01
12/20/2024,16:50:51,0.0,0.0,404.0,37.3,0.0,0.0,0.0,0.0,-0.01,0,1.21,2.42,0,0.0,0,244.03,0,0,0,0,0,0,0,0,0,1000.0,0,0,0,0,2.42,37.3,-1.0,0,37.3,0.0,37.3,0.0,0.0,0.0,244.03,-0.01
12/20/2024,16:50:52,0.0,0.0,404.0,37.3,0.0,0.0,0.0,0.0,-0.01,0,1.21,2.42,0,0.0,0,244.07,0,0,0,0,0,0,0,0,0,1000.0,0,0,0,0,2.42,37.3,-1.0,0,37.3,0.0,37.3,0.0,0.0,0.0,244.07,-0.01
12/20/2024,16:50:53,0.0,0.0,404.0,37.3,0.0,0.0,0.0,0.0,-0.01,0,1.21,2.42,0,0.0,0,244.11,0,0,0,0,0,0,0,0,0,1000.0,0,0,0,0,2.42,37.3,-1.0,0,37.3,0.0,37.3,0.0,0.0,0.0,244.11,-0.01
12/20/2024,16:50:54,0.0,0.0,404.0,37.3,0.0,0.0,0.0,0.0,-0.01,0,1.21,2.42,0,0.0,0,244.14,0,0,0,0,0,0,0,0,0,1000.0,0,0,0,0,2.42,37.3,-1.0,0,37.3,0.0,37.3,0.0,0.0,0.0,244.14,-0.01
12/20/2024,16:50:55,0.0,0.0,404.0,37.3,0.0,0.0,0.0,0.0,-0.01,0,1.21,2.42,0,0.0,0,244.18,0,0,0,0,0,0,0,0,0,1000.0,0,0,0,0,2.42,37.3,-1.0,0,37.3,0.0,37.3,0.0,0.0,0.0,244.18,-0.01
12/20/2024,16:50:56,0.0,0.0,404.0,37.3,0.0,0.0,0.0,0.0,-0.01,0,1.21,2.42,0,0.0,0,244.22,0,0,0,0,0,0,0,0,0,1000.0,0,0,0,0,2.42,37.3,-1.0,0,37.3,0.0,37.3,0.0,0.0,0.0,244.22,-0.01
12/20/2024,16:50:57,0.0,0.0,404.0,37.3,0.0,0.0,0.0,0.0,-0.01,0,1.21,2.42,0,0.0,0,244.26,0,0,0,0,0,0,0,0,0,1000.0,0,0,0,0,2.42,37.3,-1.0,0,37.3,0.0,37.3,0.0,0.0,0.0,244.26,-0.01
12/20/2024,16:50:58,0.0,0.0,404.0,37.3,0.0,0.0,0.0,0.0,-0.01,0,1.21,2.42,0,0.0,0,244.29,0,0,0,0,0,0,0,0,0,1000.0,0,0,0,0,2.42,37.3,-1.0,0,37.3,0.0,37.3,0.0,0.0,0.0,244.29,-0.01
12/20/2024,16:50:59,0.0,0.0,404.0,37.3,0.0,0.0,0.0,0.0,-0.01,0,1.21,2.42,0,0.0,0,244.33,0,0,0,0,0,0,0,0,0,1000.0,0,0,0,0,2.42,37.3,-1.0,0,37.3,0.0,37.3,0.0,0.0,0.0,244.33,-0.01
12/20/2024,16:51:0,0.0,0.0,404.0,37.3,0.0,0.0,0.0,0.0,-0.01,0,1.21,2.42,0,0.0,0,244.37,0,0,0,0,0,0,0,0,0,1000.0,0,0,0,0,2.42,37.3,-1.0,0,37.3,0.0,37.3,0.0,0.0,0.0,244.37,-0.01
12/20/2024,16:51:1,0.0,0.0,404.0,37.3,0.0,0.0,0.0,0.0,-0.01,0,1.21,2.42,0,0.0,0,244.4,0,0,0,0,0,0,0,0,0,1000.0,0,0,0,0,2.42,37.3,-1.0,0,37.3,0.0,37.3,0.0,0.0,0.0,244.4,-0.01
12/20/2024,16:51:2,0.0,0.0,404.0,37.3,0.0,0.0,0.0,0.0,-0.01,0,1.21,2.42,0,0.0,0,244.44,0,0,0,0,0,0,0,0,0,1000.0,0,0,0,0,2.42,37.3,-1.0,0,37.3,0.0,37.3,0.0,0.0,0.0,244.44,-0.01
12/20/2024,16:51:3,0.0,0.0,404.0,37.3,0.0,0.0,0.0,0.0,-0.01,0,1.21,2.42,0,0.0,0,244.48,0,0,0,0,0,0,0,0,0,1000.0,0,0,0,0,2.42,37.3,-1.0,0,37.3,0.0,37.3,0.0,0.0,0.0,244.48,-0.01
12/20/2024,16:51:4,0.0,0.0,404.0,37.3,0.0,0.0,0.0,0.0,-0.01,0,1.21,2.42,0,0.0,0,244.52,0,0,0,0,0,0,0,0,0,1000.0,0,0,0,0,2.42,37.3,-1.0,0,37.3,0.0,37.3,0.0,0.0,0.0,244.52,-0.01
12/20/2024,16:51:5,0.0,0.0,404.0,37.3,0.0,0.0,0.0,0.0,-0.01,0,1.21,2.42,0,0.0,0,244.55,0,0,0,0,0,0,0,0,0,1000.0,0,0,0,0,2.42,37.3,-1.0,0,37.3,0.0,37.3,0.0,0.0,0.0,244.55,-0.01
12/20/2024,16:51:6,0.0,0.0,404.0,37.3,0.0,0.0,0.0,0.0,-0.01,0,1.21,2.42,0,0.0,0,244.59,0,0,0,0,0,0,0,0,0,1000.0,0,0,0,0,2.42,37.3,-1.0,0,37.3,0.0,37.3,0.0,0.0,0.0,244.59,-0.01
12/20/2024,16:51:7,0.0,0.0,404.0,37.3,0.0,0.0,0.0,0.0,-0.01,0,1.21,2.42,0,0.0,0,244.63,0,0,0,0,0,0,0,0,0,1000.0,0,0,0,0,2.42,37.3,-1.0,0,37.3,0.0,37.3,0.0,0.0,0.0,244.63,-0.01
12/20/2024,16:51:8,0.0,0.0,404.0,37.3,0.0,0.0,0.0,0.0,-0.01,0,1.21,2.42,0,0.0,0,244.67,0,0,0,0,0,0,0,0,0,1000.0,0,0,0,0,2.42,37.3,-1.0,0,37.3,0.0,37.3,0.0,0.0,0.0,244.67,-0.01
12/20/2024,16:51:9,0.0,0.0,404.0,37.3,0.0,0.0,0.0,0.0,-0.01,0,1.21,2.42,0,0.0,0,244.7,0,0,0,0,0,0,0,0,0,1000.0,0,0,0,0,2.42,37.3,-1.0,0,37.3,0.0,37.3,0.0,0.0,0.0,244.7,-0.01
12/20/2024,16:51:10,0.0,0.0,404.0,37.3,0.0,0.0,0.0,0.0,-0.01,0,1.21,2.42,0,0.0,0,244.7,0,0,0,0,0,0,0,0,0,1000.0,0,0,0,0,2.42,37.3,-1.0,0,37.3,0.0,37.3,0.0,0.0,0.0,244.7,-0.01
12/20/2024,16:51:11,0.0,0.0,404.0,37.3,0.0,0.0,0.0,0.0,-0.01,0,1.21,2.42,0,0.0,0,244.78,0,0,0,0,0,0,0,0,0,1000.0,0,0,0,0,2.42,37.3,-1.0,0,37.3,0.0,37.3,0.0,0.0,0.0,244.78,-0.01
12/20/2024,16:51:12,0.0,0.0,404.0,37.3,0.0,0.0,0.0,0.0,-0.01,0,1.21,2.42,0,0.0,0,244.78,0,0,0,0,0,0,0,0,0,1000.0,0,0,0,0,2.42,37.3,-1.0,0,37.3,0.0,37.3,0.0,0.0,0.0,244.78,-0.01
12/20/2024,16:51:13,0.0,0.0,404.0,37.3,0.0,0.0,0.0,0.0,-0.01,0,1.21,2.42,0,0.0,0,244.85,0,0,0,0,0,0,0,0,0,1000.0,0,0,0,0,2.42,37.3,-1.0,0,37.3,0.0,37.3,0.0,0.0,0.0,244.85,-0.01
12/20/2024,16:51:14,0.0,0.0,404.0,37.3,0.0,0.0,0.0,0.0,-0.01,0,1.21,2.42,0,0.0,0,244.85,0,0,0,0,0,0,0,0,0,1000.0,0,0,0,0,2.42,37.3,-1.0,0,37.3,0.0,37.3,0.0,0.0,0.0,244.85,-0.01
12/20/2024,16:51:15,0.0,0.0,404.0,37.3,0.0,0.0,0.0,0.0,-0.01,0,1.21,2.42,0,0.0,0,244.93,0,0,0,0,0,0,0,0,0,1000.0,0,0,0,0,2.42,37.3,-1.0,0,37.3,0.0,37.3,0.0,0.0,0.0,244.93,-0.01
12/20/2024,16:51:16,0.0,0.0,404.0,37.3,0.0,0.0,0.0,0.0,-0.01,0,1.21,2.42,0,0.0,0,244.93,0,0,0,0,0,0,0,0,0,1000.0,0,0,0,0,2.42,37.3,-1.0,0,37.3,0.0,37.3,0.0,0.0,0.0,244.93,-0.01
12/20/2024,16:51:17,0.0,0.0,404.0,37.3,0.0,0.0,0.0,0.0,-0.01,0,1.21,2.42,0,0.0,0,245.0,0,0,0,0,0,0,0,0,0,1000.0,0,0,0,0,2.42,37.3,-1.0,0,37.3,0.0,37.3,0.0,0.0,0.0,245.0,-0.01
12/20/2024,16:51:18,0.0,0.0,404.0,37.3,0.0,0.0,0.0,0.0,-0.01,0,1.21,2.42,0,0.0,0,245.0,0,0,0,0,0,0,0,0,0,1000.0,0,0,0,0,2.42,37.3,-1.0,0,37.3,0.0,37.3,0.0,0.0,0.0,245.0,-0.01
12/20/2024,16:51:19,0.0,0.0,404.0,37.3,0.0,0.0,0.0,0.0,-0.01,0,1.21,2.42,0,0.0,0,245.08,0,0,0,0,0,0,0,0,0,1000.0,0,0,0,0,2.42,37.3,-1.0,0,37.3,0.0,37.3,0.0,0.0,0.0,245.08,-0.01
12/20/2024,16:51:20,0.0,0.0,404.0,37.3,0.0,0.0,0.0,0.0,-0.01,0,1.21,2.42,0,0.0,0,245.08,0,0,0,0,0,0,0,0,0,1000.0,0,0,0,0,2.42,37.3,-1.0,0,37.3,0.0,37.3,0.0,0.0,0.0,245.08,-0.01
12/20/2024,16:51:21,0.0,0.0,404.0,37.3,0.0,0.0,0.0,0.0,-0.01,0,1.21,2.42,0,0.0,0,245.15,0,0,0,0,0,0,0,0,0,1000.0,0,0,0,0,2.42,37.3,-1.0,0,37.3,0.0,37.3,0.0,0.0,0.0,245.15,-0.01
12/20/2024,16:51:22,0.0,0.0,404.0,37.3,0.0,0.0,0.0,0.0,-0.01,0,1.21,2.42,0,0.0,0,245.15,0,0,0,0,0,0,0,0,0,1000.0,0,0,0,0,2.42,37.3,-1.0,0,37.3,0.0,37.3,0.0,0.0,0.0,245.15,-0.01
12/20/2024,16:51:23,0.0,0.0,404.0,37.3,0.0,0.0,0.0,0.0,-0.01,0,1.21,2.42,0,0.0,0,245.23,0,0,0,0,0,0,0,0,0,1000.0,0,0,0,0,2.42,37.3,-1.0,0,37.3,0.0,37.3,0.0,0.0,0.0,245.23,-0.01
12/20/2024,16:51:24,0.0,0.0,404.0,37.3,0.0,0.0,0.0,0.0,-0.01,0,1.21,2.42,0,0.0,0,245.23,0,0,0,0,0,0,0,0,0,1000.0,0,0,0,0,2.42,37.3,-1.0,0,37.3,0.0,37.3,0.0,0.0,0.0,245.23,-0.01
12/20/2024,16:51:25,0.0,0.0,404.0,37.3,0.0,0.0,0.0,0.0,-0.01,0,1.21,2.42,0,0.0,0,245.3,0,0,0,0,0,0,0,0,0,1000.0,0,0,0,0,2.42,37.3,-1.0,0,37.3,0.0,37.3,0.0,0.0,0.0,245.3,-0.01
12/20/2024,16:51:26,0.0,0.0,404.0,37.3,0.0,0.0,0.0,0.0,-0.01,0,1.21,2.42,0,0.0,0,245.3,0,0,0,0,0,0,0,0,0,1000.0,0,0,0,0,2.42,37.3,-1.0,0,37.3,0.0,37.3,0.0,0.0,0.0,245.3,-0.01
12/20/2024,16:51:27,0.0,0.0,404.0,37.3,0.0,0.0,0.0,0.0,-0.01,0,1.21,2.42,0,0.0,0,245.34,0,0,0,0,0,0,0,0,0,1000.0,0,0,0,0,2.42,37.3,-1.0,0,37.3,0.0,37.3,0.0,0.0,0.0,245.34,-0.01
12/20/2024,16:51:28,0.0,0.0,404.0,37.3,0.0,0.0,0.0,0.0,-0.01,0,1.21,2.42,0,0.0,0,245.37,0,0,0,0,0,0,0,0,0,1000.0,0,0,0,0,2.42,37.3,-1.0,0,37.3,0.0,37.3,0.0,0.0,0.0,245.37,-0.01
12/20/2024,16:51:29,0.0,0.0,404.0,37.3,0.0,0.0,0.0,0.0,-0.01,0,1.21,2.42,0,0.0,0,245.45,0,0,0,0,0,0,0,0,0,1000.0,0,0,0,0,2.42,37.3,-1.0,0,37.3,0.0,37.3,0.0,0.0,0.0,245.45,-0.01
12/20/2024,16:51:30,0.0,0.0,404.0,37.3,0.0,0.0,0.0,0.0,-0.01,0,1.21,2.42,0,0.0,0,245.49,0,0,0,0,0,0,0,0,0,1000.0,0,0,0,0,2.42,37.3,-1.0,0,37.3,0.0,37.3,0.0,0.0,0.0,245.49,-0.01
12/20/2024,16:51:31,0.0,0.0,404.0,37.3,0.0,0.0,0.0,0.0,-0.01,0,1.21,2.42,0,0.0,0,245.52,0,0,0,0,0,0,0,0,0,1000.0,0,0,0,0,2.42,37.3,-1.0,0,37.3,0.0,37.3,0.0,0.0,0.0,245.52,-0.01
12/20/2024,16:51:32,0.0,0.0,404.0,37.3,0.0,0.0,0.0,0.0,-0.01,0,1.21,2.42,0,0.0,0,245.56,0,0,0,0,0,0,0,0,0,1000.0,0,0,0,0,2.42,37.3,-1.0,0,37.3,0.0,37.3,0.0,0.0,0.0,245.56,-0.01
12/20/2024,16:51:33,0.0,0.0,404.0,37.3,0.0,0.0,0.0,0.0,-0.01,0,1.21,2.42,0,0.0,0,245.6,0,0,0,0,0,0,0,0,0,1000.0,0,0,0,0,2.42,37.3,-1.0,0,37.3,0.0,37.3,0.0,0.0,0.0,245.6,-0.01
12/20/2024,16:51:34,0.0,0.0,404.0,37.3,0.0,0.0,0.0,0.0,-0.01,0,1.21,2.42,0,0.0,0,245.64,0,0,0,0,0,0,0,0,0,1000.0,0,0,0,0,2.42,37.3,-1.0,0,37.3,0.0,37.3,0.0,0.0,0.0,245.64,-0.01
12/20/2024,16:51:35,0.0,0.0,404.0,37.3,0.0,0.0,0.0,0.0,-0.01,0,1.21,2.42,0,0.0,0,245.67,0,0,0,0,0,0,0,0,0,1000.0,0,0,0,0,2.42,37.3,-1.0,0,37.3,0.0,37.3,0.0,0.0,0.0,245.67,-0.01
12/20/2024,16:51:36,0.0,0.0,404.0,37.3,0.0,0.0,0.0,0.0,-0.01,0,1.21,2.42,0,0.0,0,245.71,0,0,0,0,0,0,0,0,0,1000.0,0,0,0,0,2.42,37.3,-1.0,0,37.3,0.0,37.3,0.0,0.0,0.0,245.71,-0.01
12/20/2024,16:51:37,0.0,0.0,404.0,37.3,0.0,0.0,0.0,0.0,-0.01,0,1.21,2.42,0,0.0,0,245.75,0,0,0,0,0,0,0,0,0,1000.0,0,0,0,0,2.42,37.3,-1.0,0,37.3,0.0,37.3,0.0,0.0,0.0,245.75,-0.01
12/20/2024,16:51:38,0.0,0.0,404.0,37.3,0.0,0.0,0.0,0.0,-0.01,0,1.21,2.42,0,0.0,0,245.78,0,0,0,0,0,0,0,0,0,1000.0,0,0,0,0,2.42,37.3,-1.0,0,37.3,0.0,37.3,0.0,0.0,0.0,245.78,-0.01
12/20/2024,16:51:39,0.0,0.0,404.0,37.3,0.0,0.0,0.0,0.0,-0.01,0,1.21,2.42,0,0.0,0,245.82,0,0,0,0,0,0,0,0,0,1000.0,0,0,0,0,2.42,37.3,-1.0,0,37.3,0.0,37.3,0.0,0.0,0.0,245.82,-0.01
12/20/2024,16:51:40,0.0,0.0,404.0,37.4,0.0,0.0,0.0,0.0,-0.01,0,1.21,2.42,0,0.0,0,245.86,0,0,0,0,0,0,0,0,0,1000.0,0,0,0,0,2.42,37.4,-1.0,0,37.4,0.0,37.4,0.0,0.0,0.0,245.86,-0.01
12/20/2024,16:51:41,0.0,0.0,404.0,37.3,0.0,0.0,0.0,0.0,-0.01,0,1.21,2.42,0,0.0,0,245.9,0,0,0,0,0,0,0,0,0,1000.0,0,0,0,0,2.42,37.3,-1.0,0,37.3,0.0,37.3,0.0,0.0,0.0,245.9,-0.01
12/20/2024,16:51:42,0.0,0.0,404.0,37.3,0.0,0.0,0.0,0.0,-0.01,0,1.21,2.42,0,0.0,0,245.93,0,0,0,0,0,0,0,0,0,1000.0,0,0,0,0,2.42,37.3,-1.0,0,37.3,0.0,37.3,0.0,0.0,0.0,245.93,-0.01
12/20/2024,16:51:43,0.0,0.0,404.0,37.3,0.0,0.0,0.0,0.0,-0.01,0,1.21,2.42,0,0.0,0,245.97,0,0,0,0,0,0,0,0,0,1000.0,0,0,0,0,2.42,37.3,-1.0,0,37.3,0.0,37.3,0.0,0.0,0.0,245.97,-0.01
12/20/2024,16:51:44,0.0,0.0,404.0,37.3,0.0,0.0,0.0,0.0,-0.01,0,1.21,2.42,0,0.0,0,246.01,0,0,0,0,0,0,0,0,0,1000.0,0,0,0,0,2.42,37.3,-1.0,0,37.3,0.0,37.3,0.0,0.0,0.0,246.01,-0.01
12/20/2024,16:51:45,0.0,0.0,404.0,37.3,0.0,0.0,0.0,0.0,-0.01,0,1.21,2.42,0,0.0,0,246.05,0,0,0,0,0,0,0,0,0,1000.0,0,0,0,0,2.42,37.3,-1.0,0,37.3,0.0,37.3,0.0,0.0,0.0,246.05,-0.01
12/20/2024,16:51:46,0.0,0.0,404.0,37.3,0.0,0.0,0.0,0.0,-0.01,0,1.21,2.42,0,0.0,0,246.08,0,0,0,0,0,0,0,0,0,1000.0,0,0,0,0,2.42,37.3,-1.0,0,37.3,0.0,37.3,0.0,0.0,0.0,246.08,-0.01
12/20/2024,16:51:47,0.0,0.0,404.0,37.3,0.0,0.0,0.0,0.0,-0.01,0,1.21,2.42,0,0.0,0,246.12,0,0,0,0,0,0,0,0,0,1000.0,0,0,0,0,2.42,37.3,-1.0,0,37.3,0.0,37.3,0.0,0.0,0.0,246.12,-0.01
12/20/2024,16:51:48,0.0,0.0,404.0,37.3,0.0,0.0,0.0,0.0,-0.01,0,1.21,2.42,0,0.0,0,246.16,0,0,0,0,0,0,0,0,0,1000.0,0,0,0,0,2.42,37.3,-1.0,0,37.3,0.0,37.3,0.0,0.0,0.0,246.16,-0.01
12/20/2024,16:51:49,0.0,0.0,404.0,37.3,0.0,0.0,0.0,0.0,-0.01,0,1.21,2.42,0,0.0,0,246.2,0,0,0,0,0,0,0,0,0,1000.0,0,0,0,0,2.42,37.3,-1.0,0,37.3,0.0,37.3,0.0,0.0,0.0,246.2,-0.01
12/20/2024,16:51:50,0.0,0.0,404.0,37.3,0.0,0.0,0.0,0.0,-0.01,0,1.21,2.42,0,0.0,0,246.23,0,0,0,0,0,0,0,0,0,1000.0,0,0,0,0,2.42,37.3,-1.0,0,37.3,0.0,37.3,0.0,0.0,0.0,246.23,-0.01
12/20/2024,16:51:51,0.0,0.0,404.0,37.3,0.0,0.0,0.0,0.0,-0.01,0,1.21,2.42,0,0.0,0,246.27,0,0,0,0,0,0,0,0,0,1000.0,0,0,0,0,2.42,37.3,-1.0,0,37.3,0.0,37.3,0.0,0.0,0.0,246.27,-0.01
12/20/2024,16:51:52,0.0,0.0,404.0,37.3,0.0,0.0,0.0,0.0,-0.01,0,1.21,2.42,0,0.0,0,246.31,0,0,0,0,0,0,0,0,0,1000.0,0,0,0,0,2.42,37.3,-1.0,0,37.3,0.0,37.3,0.0,0.0,0.0,246.31,-0.01
12/20/2024,16:51:53,0.0,0.0,404.0,37.3,0.0,0.0,0.0,0.0,-0.01,0,1.21,2.42,0,0.0,0,246.34,0,0,0,0,0,0,0,0,0,1000.0,0,0,0,0,2.42,37.3,-1.0,0,37.3,0.0,37.3,0.0,0.0,0.0,246.34,-0.01
12/20/2024,16:51:54,0.0,0.0,404.0,37.3,0.0,0.0,0.0,0.0,-0.01,0,1.21,2.42,0,0.0,0,246.38,0,0,0,0,0,0,0,0,0,1000.0,0,0,0,0,2.42,37.3,-1.0,0,37.3,0.0,37.3,0.0,0.0,0.0,246.38,-0.01
12/20/2024,16:51:55,0.0,0.0,404.0,37.3,0.0,0.0,0.0,0.0,-0.01,0,1.21,2.42,0,0.0,0,246.42,0,0,0,0,0,0,0,0,0,1000.0,0,0,0,0,2.42,37.3,-1.0,0,37.3,0.0,37.3,0.0,0.0,0.0,246.42,-0.01
12/20/2024,16:51:56,0.0,0.0,404.0,37.3,0.0,0.0,0.0,0.0,-0.01,0,1.21,2.42,0,0.0,0,246.46,0,0,0,0,0,0,0,0,0,1000.0,0,0,0,0,2.42,37.3,-1.0,0,37.3,0.0,37.3,0.0,0.0,0.0,246.46,-0.01
12/20/2024,16:51:57,0.0,0.0,404.0,37.3,0.0,0.0,0.0,0.0,-0.01,0,1.21,2.42,0,0.0,0,246.49,0,0,0,0,0,0,0,0,0,1000.0,0,0,0,0,2.42,37.3,-1.0,0,37.3,0.0,37.3,0.0,0.0,0.0,246.49,-0.01
12/20/2024,16:51:58,0.0,0.0,404.0,37.3,0.0,0.0,0.0,0.0,-0.01,0,1.21,2.42,0,0.0,0,246.53,0,0,0,0,0,0,0,0,0,1000.0,0,0,0,0,2.42,37.3,-1.0,0,37.3,0.0,37.3,0.0,0.0,0.0,246.53,-0.01
12/20/2024,16:51:59,0.0,0.0,404.0,37.3,0.0,0.0,0.0,0.0,-0.01,0,1.21,2.42,0,0.0,0,246.53,0,0,0,0,0,0,0,0,0,1000.0,0,0,0,0,2.42,37.3,-1.0,0,37.3,0.0,37.3,0.0,0.0,0.0,246.53,-0.01
12/20/2024,16:52:0,0.0,0.0,404.0,37.3,0.0,0.0,0.0,0.0,-0.01,0,1.21,2.42,0,0.0,0,246.61,0,0,0,0,0,0,0,0,0,1000.0,0,0,0,0,2.42,37.3,-1.0,0,37.3,0.0,37.3,0.0,0.0,0.0,246.61,-0.01
12/20/2024,16:52:1,0.0,0.0,404.0,37.3,0.0,0.0,0.0,0.0,-0.01,0,1.21,2.42,0,0.0,0,246.61,0,0,0,0,0,0,0,0,0,1000.0,0,0,0,0,2.42,37.3,-1.0,0,37.3,0.0,37.3,0.0,0.0,0.0,246.61,-0.01
12/20/2024,16:52:2,0.0,0.0,404.0,37.3,0.0,0.0,0.0,0.0,-0.01,0,1.21,2.42,0,0.0,0,246.68,0,0,0,0,0,0,0,0,0,1000.0,0,0,0,0,2.42,37.3,-1.0,0,37.3,0.0,37.3,0.0,0.0,0.0,246.68,-0.01
12/20/2024,16:52:3,0.0,0.0,404.0,37.3,0.0,0.0,0.0,0.0,-0.01,0,1.21,2.42,0,0.0,0,246.68,0,0,0,0,0,0,0,0,0,1000.0,0,0,0,0,2.42,37.3,-1.0,0,37.3,0.0,37.3,0.0,0.0,0.0,246.68,-0.01
12/20/2024,16:52:4,0.0,0.0,404.0,37.3,0.0,0.0,0.0,0.0,-0.01,0,1.21,2.42,0,0.0,0,246.75,0,0,0,0,0,0,0,0,0,1000.0,0,0,0,0,2.42,37.3,-1.0,0,37.3,0.0,37.3,0.0,0.0,0.0,246.75,-0.01
12/20/2024,16:52:5,0.0,0.0,404.0,37.3,0.0,0.0,0.0,0.0,-0.01,0,1.21,2.42,0,0.0,0,246.75,0,0,0,0,0,0,0,0,0,1000.0,0,0,0,0,2.42,37.3,-1.0,0,37.3,0.0,37.3,0.0,0.0,0.0,246.75,-0.01
12/20/2024,16:52:6,0.0,0.0,404.0,37.3,0.0,0.0,0.0,0.0,-0.01,0,1.21,2.42,0,0.0,0,246.83,0,0,0,0,0,0,0,0,0,1000.0,0,0,0,0,2.42,37.3,-1.0,0,37.3,0.0,37.3,0.0,0.0,0.0,246.83,-0.01
12/20/2024,16:52:7,0.0,0.0,404.0,37.3,0.0,0.0,0.0,0.0,-0.01,0,1.21,2.42,0,0.0,0,246.83,0,0,0,0,0,0,0,0,0,1000.0,0,0,0,0,2.42,37.3,-1.0,0,37.3,0.0,37.3,0.0,0.0,0.0,246.83,-0.01
12/20/2024,16:52:8,0.0,0.0,404.0,37.3,0.0,0.0,0.0,0.0,-0.01,0,1.21,2.42,0,0.0,0,246.9,0,0,0,0,0,0,0,0,0,1000.0,0,0,0,0,2.42,37.3,-1.0,0,37.3,0.0,37.3,0.0,0.0,0.0,246.9,-0.01
12/20/2024,16:52:9,0.0,0.0,404.0,37.3,0.0,0.0,0.0,0.0,-0.01,0,1.21,2.42,0,0.0,0,246.9,0,0,0,0,0,0,0,0,0,1000.0,0,0,0,0,2.42,37.3,-1.0,0,37.3,0.0,37.3,0.0,0.0,0.0,246.9,-0.01
12/20/2024,16:52:10,0.0,0.0,404.0,37.3,0.0,0.0,0.0,0.0,-0.01,0,1.21,2.42,0,0.0,0,246.94,0,0,0,0,0,0,0,0,0,1000.0,0,0,0,0,2.42,37.3,-1.0,0,37.3,0.0,37.3,0.0,0.0,0.0,246.94,-0.01
12/20/2024,16:52:11,0.0,0.0,404.0,37.3,0.0,0.0,0.0,0.0,-0.01,0,1.21,2.42,0,0.0,0,246.98,0,0,0,0,0,0,0,0,0,1000.0,0,0,0,0,2.42,37.3,-1.0,0,37.3,0.0,37.3,0.0,0.0,0.0,246.98,-0.01
12/20/2024,16:52:12,0.0,0.0,404.0,37.3,0.0,0.0,0.0,0.0,-0.01,0,1.21,2.42,0,0.0,0,247.02,0,0,0,0,0,0,0,0,0,1000.0,0,0,0,0,2.42,37.3,-1.0,0,37.3,0.0,37.3,0.0,0.0,0.0,247.02,-0.01
12/20/2024,16:52:13,0.0,0.0,404.0,37.3,0.0,0.0,0.0,0.0,-0.01,0,1.21,2.42,0,0.0,0,247.05,0,0,0,0,0,0,0,0,0,1000.0,0,0,0,0,2.42,37.3,-1.0,0,37.3,0.0,37.3,0.0,0.0,0.0,247.05,-0.01
12/20/2024,16:52:14,0.0,0.0,404.0,37.3,0.0,0.0,0.0,0.0,-0.01,0,1.21,2.42,0,0.0,0,247.09,0,0,0,0,0,0,0,0,0,1000.0,0,0,0,0,2.42,37.3,-1.0,0,37.3,0.0,37.3,0.0,0.0,0.0,247.09,-0.01
12/20/2024,16:52:15,0.0,0.0,404.0,37.3,0.0,0.0,0.0,0.0,-0.01,0,1.21,2.42,0,0.0,0,247.17,0,0,0,0,0,0,0,0,0,1000.0,0,0,0,0,2.42,37.3,-1.0,0,37.3,0.0,37.3,0.0,0.0,0.0,247.17,-0.01
12/20/2024,16:52:16,0.0,0.0,404.0,37.3,0.0,0.0,0.0,0.0,-0.01,0,1.21,2.42,0,0.0,0,247.17,0,0,0,0,0,0,0,0,0,1000.0,0,0,0,0,2.42,37.3,-1.0,0,37.3,0.0,37.3,0.0,0.0,0.0,247.17,-0.01
12/20/2024,16:52:17,0.0,0.0,404.0,37.3,0.0,0.0,0.0,0.0,-0.01,0,1.21,2.42,0,0.0,0,247.24,0,0,0,0,0,0,0,0,0,1000.0,0,0,0,0,2.42,37.3,-1.0,0,37.3,0.0,37.3,0.0,0.0,0.0,247.24,-0.01
12/20/2024,16:52:18,0.0,0.0,404.0,37.3,0.0,0.0,0.0,0.0,-0.01,0,1.21,2.42,0,0.0,0,247.24,0,0,0,0,0,0,0,0,0,1000.0,0,0,0,0,2.42,37.3,-1.0,0,37.3,0.0,37.3,0.0,0.0,0.0,247.24,-0.01
12/20/2024,16:52:19,0.0,0.0,404.0,37.3,0.0,0.0,0.0,0.0,-0.01,0,1.21,2.42,0,0.0,0,247.31,0,0,0,0,0,0,0,0,0,1000.0,0,0,0,0,2.42,37.3,-1.0,0,37.3,0.0,37.3,0.0,0.0,0.0,247.31,-0.01
12/20/2024,16:52:20,0.0,0.0,404.0,37.3,0.0,0.0,0.0,0.0,-0.01,0,1.21,2.42,0,0.0,0,247.31,0,0,0,0,0,0,0,0,0,1000.0,0,0,0,0,2.42,37.3,-1.0,0,37.3,0.0,37.3,0.0,0.0,0.0,247.31,-0.01
12/20/2024,16:52:21,0.0,0.0,404.0,37.3,0.0,0.0,0.0,0.0,-0.01,0,1.21,2.42,0,0.0,0,247.35,0,0,0,0,0,0,0,0,0,1000.0,0,0,0,0,2.42,37.3,-1.0,0,37.3,0.0,37.3,0.0,0.0,0.0,247.35,-0.01
12/20/2024,16:52:22,0.0,0.0,404.0,37.3,0.0,0.0,0.0,0.0,-0.01,0,1.21,2.42,0,0.0,0,247.39,0,0,0,0,0,0,0,0,0,1000.0,0,0,0,0,2.42,37.3,-1.0,0,37.3,0.0,37.3,0.0,0.0,0.0,247.39,-0.01
12/20/2024,16:52:23,0.0,0.0,404.0,37.3,0.0,0.0,0.0,0.0,-0.01,0,1.21,2.42,0,0.0,0,247.46,0,0,0,0,0,0,0,0,0,1000.0,0,0,0,0,2.42,37.3,-1.0,0,37.3,0.0,37.3,0.0,0.0,0.0,247.46,-0.01
12/20/2024,16:52:24,0.0,0.0,404.0,37.3,0.0,0.0,0.0,0.0,-0.01,0,1.21,2.42,0,0.0,0,247.5,0,0,0,0,0,0,0,0,0,1000.0,0,0,0,0,2.42,37.3,-1.0,0,37.3,0.0,37.3,0.0,0.0,0.0,247.5,-0.01
12/20/2024,16:52:25,0.0,0.0,404.0,37.3,0.0,0.0,0.0,0.0,-0.01,0,1.21,2.42,0,0.0,0,247.54,0,0,0,0,0,0,0,0,0,1000.0,0,0,0,0,2.42,37.3,-1.0,0,37.3,0.0,37.3,0.0,0.0,0.0,247.54,-0.01
12/20/2024,16:52:26,0.0,0.0,404.0,37.3,0.0,0.0,0.0,0.0,-0.01,0,1.21,2.42,0,0.0,0,247.58,0,0,0,0,0,0,0,0,0,1000.0,0,0,0,0,2.42,37.3,-1.0,0,37.3,0.0,37.3,0.0,0.0,0.0,247.58,-0.01
12/20/2024,16:52:27,0.0,0.0,404.0,37.3,0.0,0.0,0.0,0.0,-0.01,0,1.21,2.42,0,0.0,0,247.61,0,0,0,0,0,0,0,0,0,1000.0,0,0,0,0,2.42,37.3,-1.0,0,37.3,0.0,37.3,0.0,0.0,0.0,247.61,-0.01
12/20/2024,16:52:28,0.0,0.0,404.0,37.3,0.0,0.0,0.0,0.0,-0.01,0,1.21,2.42,0,0.0,0,247.65,0,0,0,0,0,0,0,0,0,1000.0,0,0,0,0,2.42,37.3,-1.0,0,37.3,0.0,37.3,0.0,0.0,0.0,247.65,-0.01
12/20/2024,16:52:29,0.0,0.0,404.0,37.3,0.0,0.0,0.0,0.0,-0.01,0,1.21,2.42,0,0.0,0,247.69,0,0,0,0,0,0,0,0,0,1000.0,0,0,0,0,2.42,37.3,-1.0,0,37.3,0.0,37.3,0.0,0.0,0.0,247.69,-0.01
12/20/2024,16:52:30,0.0,0.0,404.0,37.3,0.0,0.0,0.0,0.0,-0.01,0,1.21,2.42,0,0.0,0,247.72,0,0,0,0,0,0,0,0,0,1000.0,0,0,0,0,2.42,37.3,-1.0,0,37.3,0.0,37.3,0.0,0.0,0.0,247.72,-0.01
12/20/2024,16:52:31,0.0,0.0,404.0,37.3,0.0,0.0,0.0,0.0,-0.01,0,1.21,2.42,0,0.0,0,247.76,0,0,0,0,0,0,0,0,0,1000.0,0,0,0,0,2.42,37.3,-1.0,0,37.3,0.0,37.3,0.0,0.0,0.0,247.76,-0.01
12/20/2024,16:52:32,0.0,0.0,404.0,37.3,0.0,0.0,0.0,0.0,-0.01,0,1.21,2.42,0,0.0,0,247.8,0,0,0,0,0,0,0,0,0,1000.0,0,0,0,0,2.42,37.3,-1.0,0,37.3,0.0,37.3,0.0,0.0,0.0,247.8,-0.01
12/20/2024,16:52:33,0.0,0.0,404.0,37.3,0.0,0.0,0.0,0.0,-0.01,0,1.21,2.42,0,0.0,0,247.84,0,0,0,0,0,0,0,0,0,1000.0,0,0,0,0,2.42,37.3,-1.0,0,37.3,0.0,37.3,0.0,0.0,0.0,247.84,-0.01
12/20/2024,16:52:34,0.0,0.0,404.0,37.3,0.0,0.0,0.0,0.0,-0.01,0,1.21,2.42,0,0.0,0,247.87,0,0,0,0,0,0,0,0,0,1000.0,0,0,0,0,2.42,37.3,-1.0,0,37.3,0.0,37.3,0.0,0.0,0.0,247.87,-0.01
12/20/2024,16:52:35,0.0,0.0,404.0,37.3,0.0,0.0,0.0,0.0,-0.01,0,1.21,2.42,0,0.0,0,247.91,0,0,0,0,0,0,0,0,0,1000.0,0,0,0,0,2.42,37.3,-1.0,0,37.3,0.0,37.3,0.0,0.0,0.0,247.91,-0.01
12/20/2024,16:52:36,0.0,0.0,404.0,37.3,0.0,0.0,0.0,0.0,-0.01,0,1.21,2.42,0,0.0,0,247.95,0,0,0,0,0,0,0,0,0,1000.0,0,0,0,0,2.42,37.3,-1.0,0,37.3,0.0,37.3,0.0,0.0,0.0,247.95,-0.01
12/20/2024,16:52:37,0.0,0.0,404.0,37.3,0.0,0.0,0.0,0.0,-0.01,0,1.21,2.42,0,0.0,0,247.99,0,0,0,0,0,0,0,0,0,1000.0,0,0,0,0,2.42,37.3,-1.0,0,37.3,0.0,37.3,0.0,0.0,0.0,247.99,-0.01
12/20/2024,16:52:38,0.0,0.0,404.0,37.3,0.0,0.0,0.0,0.0,-0.01,0,1.21,2.42,0,0.0,0,248.02,0,0,0,0,0,0,0,0,0,1000.0,0,0,0,0,2.42,37.3,-1.0,0,37.3,0.0,37.3,0.0,0.0,0.0,248.02,-0.01
12/20/2024,16:52:39,0.0,0.0,404.0,37.3,0.0,0.0,0.0,0.0,-0.01,0,1.21,2.42,0,0.0,0,248.06,0,0,0,0,0,0,0,0,0,1000.0,0,0,0,0,2.42,37.3,-1.0,0,37.3,0.0,37.3,0.0,0.0,0.0,248.06,-0.01
12/20/2024,16:52:40,0.0,0.0,404.0,37.4,0.0,0.0,0.0,0.0,-0.01,0,1.21,2.42,0,0.0,0,248.1,0,0,0,0,0,0,0,0,0,1000.0,0,0,0,0,2.42,37.4,-1.0,0,37.4,0.0,37.4,0.0,0.0,0.0,248.1,-0.01
12/20/2024,16:52:41,0.0,0.0,404.0,37.4,0.0,0.0,0.0,0.0,-0.01,0,1.21,2.42,0,0.0,0,248.1,0,0,0,0,0,0,0,0,0,1000.0,0,0,0,0,2.42,37.4,-1.0,0,37.4,0.0,37.4,0.0,0.0,0.0,248.1,-0.01
12/20/2024,16:52:42,0.0,0.0,404.0,37.3,0.0,0.0,0.0,0.0,-0.01,0,1.21,2.42,0,0.0,0,248.17,0,0,0,0,0,0,0,0,0,1000.0,0,0,0,0,2.42,37.3,-1.0,0,37.3,0.0,37.3,0.0,0.0,0.0,248.17,-0.01
12/20/2024,16:52:43,0.0,0.0,404.0,37.3,0.0,0.0,0.0,0.0,-0.01,0,1.21,2.42,0,0.0,0,248.21,0,0,0,0,0,0,0,0,0,1000.0,0,0,0,0,2.42,37.3,-1.0,0,37.3,0.0,37.3,0.0,0.0,0.0,248.21,-0.01
12/20/2024,16:52:44,0.0,0.0,404.0,37.3,0.0,0.0,0.0,0.0,-0.01,0,1.21,2.42,0,0.0,0,248.25,0,0,0,0,0,0,0,0,0,1000.0,0,0,0,0,2.42,37.3,-1.0,0,37.3,0.0,37.3,0.0,0.0,0.0,248.25,-0.01
12/20/2024,16:52:45,0.0,0.0,404.0,37.3,0.0,0.0,0.0,0.0,-0.01,0,1.21,2.42,0,0.0,0,248.28,0,0,0,0,0,0,0,0,0,1000.0,0,0,0,0,2.42,37.3,-1.0,0,37.3,0.0,37.3,0.0,0.0,0.0,248.28,-0.01
12/20/2024,16:52:46,0.0,0.0,404.0,37.3,0.0,0.0,0.0,0.0,-0.01,0,1.21,2.42,0,0.0,0,248.32,0,0,0,0,0,0,0,0,0,1000.0,0,0,0,0,2.42,37.3,-1.0,0,37.3,0.0,37.3,0.0,0.0,0.0,248.32,-0.01
12/20/2024,16:52:47,0.0,0.0,404.0,37.3,0.0,0.0,0.0,0.0,-0.01,0,1.21,2.42,0,0.0,0,248.36,0,0,0,0,0,0,0,0,0,1000.0,0,0,0,0,2.42,37.3,-1.0,0,37.3,0.0,37.3,0.0,0.0,0.0,248.36,-0.01
12/20/2024,16:52:48,0.0,0.0,404.0,37.3,0.0,0.0,0.0,0.0,-0.01,0,1.21,2.42,0,0.0,0,248.36,0,0,0,0,0,0,0,0,0,1000.0,0,0,0,0,2.42,37.3,-1.0,0,37.3,0.0,37.3,0.0,0.0,0.0,248.36,-0.01
12/20/2024,16:52:49,0.0,0.0,404.0,37.3,0.0,0.0,0.0,0.0,-0.01,0,1.21,2.42,0,0.0,0,248.43,0,0,0,0,0,0,0,0,0,1000.0,0,0,0,0,2.42,37.3,-1.0,0,37.3,0.0,37.3,0.0,0.0,0.0,248.43,-0.01
12/20/2024,16:52:50,0.0,0.0,404.0,37.3,0.0,0.0,0.0,0.0,-0.01,0,1.21,2.42,0,0.0,0,248.47,0,0,0,0,0,0,0,0,0,1000.0,0,0,0,0,2.42,37.3,-1.0,0,37.3,0.0,37.3,0.0,0.0,0.0,248.47,-0.01
12/20/2024,16:52:51,0.0,0.0,404.0,37.3,0.0,0.0,0.0,0.0,-0.01,0,1.21,2.42,0,0.0,0,248.51,0,0,0,0,0,0,0,0,0,1000.0,0,0,0,0,2.42,37.3,-1.0,0,37.3,0.0,37.3,0.0,0.0,0.0,248.51,-0.01
12/20/2024,16:52:52,0.0,0.0,404.0,37.3,0.0,0.0,0.0,0.0,-0.01,0,1.21,2.42,0,0.0,0,248.55,0,0,0,0,0,0,0,0,0,1000.0,0,0,0,0,2.42,37.3,-1.0,0,37.3,0.0,37.3,0.0,0.0,0.0,248.55,-0.01
12/20/2024,16:52:53,0.0,0.0,404.0,37.3,0.0,0.0,0.0,0.0,-0.01,0,1.21,2.42,0,0.0,0,248.55,0,0,0,0,0,0,0,0,0,1000.0,0,0,0,0,2.42,37.3,-1.0,0,37.3,0.0,37.3,0.0,0.0,0.0,248.55,-0.01
12/20/2024,16:52:54,0.0,0.0,404.0,37.3,0.0,0.0,0.0,0.0,-0.01,0,1.21,2.42,0,0.0,0,248.62,0,0,0,0,0,0,0,0,0,1000.0,0,0,0,0,2.42,37.3,-1.0,0,37.3,0.0,37.3,0.0,0.0,0.0,248.62,-0.01
12/20/2024,16:52:55,0.0,0.0,404.0,37.3,0.0,0.0,0.0,0.0,-0.01,0,1.21,2.42,0,0.0,0,248.62,0,0,0,0,0,0,0,0,0,1000.0,0,0,0,0,2.42,37.3,-1.0,0,37.3,0.0,37.3,0.0,0.0,0.0,248.62,-0.01
12/20/2024,16:52:56,0.0,0.0,404.0,37.3,0.0,0.0,0.0,0.0,-0.01,0,1.21,2.42,0,0.0,0,248.69,0,0,0,0,0,0,0,0,0,1000.0,0,0,0,0,2.42,37.3,-1.0,0,37.3,0.0,37.3,0.0,0.0,0.0,248.69,-0.01
12/20/2024,16:52:57,0.0,0.0,404.0,37.3,0.0,0.0,0.0,0.0,-0.01,0,1.21,2.42,0,0.0,0,248.69,0,0,0,0,0,0,0,0,0,1000.0,0,0,0,0,2.42,37.3,-1.0,0,37.3,0.0,37.3,0.0,0.0,0.0,248.69,-0.01
12/20/2024,16:52:58,0.0,0.0,404.0,37.3,0.0,0.0,0.0,0.0,-0.01,0,1.21,2.42,0,0.0,0,248.77,0,0,0,0,0,0,0,0,0,1000.0,0,0,0,0,2.42,37.3,-1.0,0,37.3,0.0,37.3,0.0,0.0,0.0,248.77,-0.01
12/20/2024,16:52:59,0.0,0.0,404.0,37.3,0.0,0.0,0.0,0.0,-0.01,0,1.21,2.42,0,0.0,0,248.81,0,0,0,0,0,0,0,0,0,1000.0,0,0,0,0,2.42,37.3,-1.0,0,37.3,0.0,37.3,0.0,0.0,0.0,248.81,-0.01
12/20/2024,16:53:0,0.0,0.0,404.0,37.3,0.0,0.0,0.0,0.0,-0.01,0,1.21,2.42,0,0.0,0,248.81,0,0,0,0,0,0,0,0,0,1000.0,0,0,0,0,2.42,37.3,-1.0,0,37.3,0.0,37.3,0.0,0.0,0.0,248.81,-0.01
12/20/2024,16:53:1,0.0,0.0,404.0,37.3,0.0,0.0,0.0,0.0,-0.01,0,1.21,2.42,0,0.0,0,248.88,0,0,0,0,0,0,0,0,0,1000.0,0,0,0,0,2.42,37.3,-1.0,0,37.3,0.0,37.3,0.0,0.0,0.0,248.88,-0.01
12/20/2024,16:53:2,0.0,0.0,404.0,37.3,0.0,0.0,0.0,0.0,-0.01,0,1.21,2.42,0,0.0,0,248.88,0,0,0,0,0,0,0,0,0,1000.0,0,0,0,0,2.42,37.3,-1.0,0,37.3,0.0,37.3,0.0,0.0,0.0,248.88,-0.01
12/20/2024,16:53:3,0.0,0.0,404.0,37.3,0.0,0.0,0.0,0.0,-0.01,0,1.21,2.42,0,0.0,0,248.92,0,0,0,0,0,0,0,0,0,1000.0,0,0,0,0,2.42,37.3,-1.0,0,37.3,0.0,37.3,0.0,0.0,0.0,248.92,-0.01
12/20/2024,16:53:4,0.0,0.0,404.0,37.3,0.0,0.0,0.0,0.0,-0.01,0,1.21,2.42,0,0.0,0,248.99,0,0,0,0,0,0,0,0,0,1000.0,0,0,0,0,2.42,37.3,-1.0,0,37.3,0.0,37.3,0.0,0.0,0.0,248.99,-0.01
12/20/2024,16:53:5,0.0,0.0,404.0,37.3,0.0,0.0,0.0,0.0,-0.01,0,1.21,2.42,0,0.0,0,248.99,0,0,0,0,0,0,0,0,0,1000.0,0,0,0,0,2.42,37.3,-1.0,0,37.3,0.0,37.3,0.0,0.0,0.0,248.99,-0.01
12/20/2024,16:53:6,0.0,0.0,404.0,37.3,0.0,0.0,0.0,0.0,-0.01,0,1.21,2.42,0,0.0,0,249.03,0,0,0,0,0,0,0,0,0,1000.0,0,0,0,0,2.42,37.3,-1.0,0,37.3,0.0,37.3,0.0,0.0,0.0,249.03,-0.01
12/20/2024,16:53:7,0.0,0.0,404.0,37.3,0.0,0.0,0.0,0.0,-0.01,0,1.21,2.42,0,0.0,0,249.07,0,0,0,0,0,0,0,0,0,1000.0,0,0,0,0,2.42,37.3,-1.0,0,37.3,0.0,37.3,0.0,0.0,0.0,249.07,-0.01
12/20/2024,16:53:8,0.0,0.0,404.0,37.3,0.0,0.0,0.0,0.0,-0.01,0,1.21,2.42,0,0.0,0,249.1,0,0,0,0,0,0,0,0,0,1000.0,0,0,0,0,2.42,37.3,-1.0,0,37.3,0.0,37.3,0.0,0.0,0.0,249.1,-0.01
12/20/2024,16:53:9,0.0,0.0,404.0,37.3,0.0,0.0,0.0,0.0,-0.01,0,1.21,2.42,0,0.0,0,249.14,0,0,0,0,0,0,0,0,0,1000.0,0,0,0,0,2.42,37.3,-1.0,0,37.3,0.0,37.3,0.0,0.0,0.0,249.14,-0.01
12/20/2024,16:53:10,0.0,0.0,404.0,37.3,0.0,0.0,0.0,0.0,-0.01,0,1.21,2.42,0,0.0,0,249.18,0,0,0,0,0,0,0,0,0,1000.0,0,0,0,0,2.42,37.3,-1.0,0,37.3,0.0,37.3,0.0,0.0,0.0,249.18,-0.01
12/20/2024,16:53:11,0.0,0.0,404.0,37.3,0.0,0.0,0.0,0.0,-0.01,0,1.21,2.42,0,0.0,0,249.22,0,0,0,0,0,0,0,0,0,1000.0,0,0,0,0,2.42,37.3,-1.0,0,37.3,0.0,37.3,0.0,0.0,0.0,249.22,-0.01
12/20/2024,16:53:12,0.0,0.0,404.0,37.3,0.0,0.0,0.0,0.0,-0.01,0,1.21,2.42,0,0.0,0,249.25,0,0,0,0,0,0,0,0,0,1000.0,0,0,0,0,2.42,37.3,-1.0,0,37.3,0.0,37.3,0.0,0.0,0.0,249.25,-0.01
12/20/2024,16:53:13,0.0,0.0,404.0,37.3,0.0,0.0,0.0,0.0,-0.01,0,1.21,2.42,0,0.0,0,249.29,0,0,0,0,0,0,0,0,0,1000.0,0,0,0,0,2.42,37.3,-1.0,0,37.3,0.0,37.3,0.0,0.0,0.0,249.29,-0.01
12/20/2024,16:53:14,0.0,0.0,404.0,37.3,0.0,0.0,0.0,0.0,-0.01,0,1.21,2.42,0,0.0,0,249.33,0,0,0,0,0,0,0,0,0,1000.0,0,0,0,0,2.42,37.3,-1.0,0,37.3,0.0,37.3,0.0,0.0,0.0,249.33,-0.01
12/20/2024,16:53:15,0.0,0.0,404.0,37.3,0.0,0.0,0.0,0.0,-0.01,0,1.21,2.42,0,0.0,0,249.37,0,0,0,0,0,0,0,0,0,1000.0,0,0,0,0,2.42,37.3,-1.0,0,37.3,0.0,37.3,0.0,0.0,0.0,249.37,-0.01
12/20/2024,16:53:16,0.0,0.0,404.0,37.3,0.0,0.0,0.0,0.0,-0.01,0,1.21,2.42,0,0.0,0,249.4,0,0,0,0,0,0,0,0,0,1000.0,0,0,0,0,2.42,37.3,-1.0,0,37.3,0.0,37.3,0.0,0.0,0.0,249.4,-0.01
12/20/2024,16:53:17,0.0,0.0,404.0,37.3,0.0,0.0,0.0,0.0,-0.01,0,1.21,2.42,0,0.0,0,249.44,0,0,0,0,0,0,0,0,0,1000.0,0,0,0,0,2.42,37.3,-1.0,0,37.3,0.0,37.3,0.0,0.0,0.0,249.44,-0.01
12/20/2024,16:53:18,0.0,0.0,404.0,37.3,0.0,0.0,0.0,0.0,-0.01,0,1.21,2.42,0,0.0,0,249.51,0,0,0,0,0,0,0,0,0,1000.0,0,0,0,0,2.42,37.3,-1.0,0,37.3,0.0,37.3,0.0,0.0,0.0,249.51,-0.01
12/20/2024,16:53:19,0.0,0.0,404.0,37.3,0.0,0.0,0.0,0.0,-0.01,0,1.21,2.42,0,0.0,0,249.55,0,0,0,0,0,0,0,0,0,1000.0,0,0,0,0,2.42,37.3,-1.0,0,37.3,0.0,37.3,0.0,0.0,0.0,249.55,-0.01
12/20/2024,16:53:20,0.0,0.0,404.0,37.3,0.0,0.0,0.0,0.0,-0.01,0,1.21,2.42,0,0.0,0,249.59,0,0,0,0,0,0,0,0,0,1000.0,0,0,0,0,2.42,37.3,-1.0,0,37.3,0.0,37.3,0.0,0.0,0.0,249.59,-0.01
12/20/2024,16:53:21,0.0,0.0,404.0,37.3,0.0,0.0,0.0,0.0,-0.01,0,1.21,2.42,0,0.0,0,249.63,0,0,0,0,0,0,0,0,0,1000.0,0,0,0,0,2.42,37.3,-1.0,0,37.3,0.0,37.3,0.0,0.0,0.0,249.63,-0.01
12/20/2024,16:53:22,0.0,0.0,404.0,37.3,0.0,0.0,0.0,0.0,-0.01,0,1.21,2.42,0,0.0,0,249.66,0,0,0,0,0,0,0,0,0,1000.0,0,0,0,0,2.42,37.3,-1.0,0,37.3,0.0,37.3,0.0,0.0,0.0,249.66,-0.01
12/20/2024,16:53:23,0.0,0.0,404.0,37.3,0.0,0.0,0.0,0.0,-0.01,0,1.21,2.42,0,0.0,0,249.7,0,0,0,0,0,0,0,0,0,1000.0,0,0,0,0,2.42,37.3,-1.0,0,37.3,0.0,37.3,0.0,0.0,0.0,249.7,-0.01
12/20/2024,16:53:24,0.0,0.0,404.0,37.3,0.0,0.0,0.0,0.0,-0.01,0,1.21,2.42,0,0.0,0,249.74,0,0,0,0,0,0,0,0,0,1000.0,0,0,0,0,2.42,37.3,-1.0,0,37.3,0.0,37.3,0.0,0.0,0.0,249.74,-0.01
12/20/2024,16:53:25,0.0,0.0,404.0,37.3,0.0,0.0,0.0,0.0,-0.01,0,1.21,2.42,0,0.0,0,249.78,0,0,0,0,0,0,0,0,0,1000.0,0,0,0,0,2.42,37.3,-1.0,0,37.3,0.0,37.3,0.0,0.0,0.0,249.78,-0.01
12/20/2024,16:53:26,0.0,0.0,404.0,37.3,0.0,0.0,0.0,0.0,-0.01,0,1.21,2.42,0,0.0,0,249.81,0,0,0,0,0,0,0,0,0,1000.0,0,0,0,0,2.42,37.3,-1.0,0,37.3,0.0,37.3,0.0,0.0,0.0,249.81,-0.01
12/20/2024,16:53:27,0.0,0.0,404.0,37.3,0.0,0.0,0.0,0.0,-0.01,0,1.21,2.42,0,0.0,0,249.85,0,0,0,0,0,0,0,0,0,1000.0,0,0,0,0,2.42,37.3,-1.0,0,37.3,0.0,37.3,0.0,0.0,0.0,249.85,-0.01
12/20/2024,16:53:28,0.0,0.0,404.0,37.3,0.0,0.0,0.0,0.0,-0.01,0,1.21,2.42,0,0.0,0,249.89,0,0,0,0,0,0,0,0,0,1000.0,0,0,0,0,2.42,37.3,-1.0,0,37.3,0.0,37.3,0.0,0.0,0.0,249.89,-0.01
12/20/2024,16:53:29,0.0,0.0,404.0,37.3,0.0,0.0,0.0,0.0,-0.01,0,1.21,2.42,0,0.0,0,249.93,0,0,0,0,0,0,0,0,0,1000.0,0,0,0,0,2.42,37.3,-1.0,0,37.3,0.0,37.3,0.0,0.0,0.0,249.93,-0.01
12/20/2024,16:53:30,0.0,0.0,404.0,37.3,0.0,0.0,0.0,0.0,-0.01,0,1.21,2.42,0,0.0,0,249.93,0,0,0,0,0,0,0,0,0,1000.0,0,0,0,0,2.42,37.3,-1.0,0,37.3,0.0,37.3,0.0,0.0,0.0,249.93,-0.01
12/20/2024,16:53:31,0.0,0.0,404.0,37.3,0.0,0.0,0.0,0.0,-0.01,0,1.21,2.42,0,0.0,0,250.0,0,0,0,0,0,0,0,0,0,1000.0,0,0,0,0,2.42,37.3,-1.0,0,37.3,0.0,37.3,0.0,0.0,0.0,250.0,-0.01
12/20/2024,16:53:32,0.0,0.0,404.0,37.3,0.0,0.0,0.0,0.0,-0.01,0,1.21,2.42,0,0.0,0,250.04,0,0,0,0,0,0,0,0,0,1000.0,0,0,0,0,2.42,37.3,-1.0,0,37.3,0.0,37.3,0.0,0.0,0.0,250.04,-0.01
12/20/2024,16:53:33,0.0,0.0,404.0,37.3,0.0,0.0,0.0,0.0,-0.01,0,1.21,2.42,0,0.0,0,250.07,0,0,0,0,0,0,0,0,0,1000.0,0,0,0,0,2.42,37.3,-1.0,0,37.3,0.0,37.3,0.0,0.0,0.0,250.07,-0.01
12/20/2024,16:53:34,0.0,0.0,404.0,37.3,0.0,0.0,0.0,0.0,-0.01,0,1.21,2.42,0,0.0,0,250.11,0,0,0,0,0,0,0,0,0,1000.0,0,0,0,0,2.42,37.3,-1.0,0,37.3,0.0,37.3,0.0,0.0,0.0,250.11,-0.01
12/20/2024,16:53:35,0.0,0.0,404.0,37.3,0.0,0.0,0.0,0.0,-0.01,0,1.21,2.42,0,0.0,0,250.15,0,0,0,0,0,0,0,0,0,1000.0,0,0,0,0,2.42,37.3,-1.0,0,37.3,0.0,37.3,0.0,0.0,0.0,250.15,-0.01
12/20/2024,16:53:36,0.0,0.0,404.0,37.3,0.0,0.0,0.0,0.0,-0.01,0,1.21,2.42,0,0.0,0,250.19,0,0,0,0,0,0,0,0,0,1000.0,0,0,0,0,2.42,37.3,-1.0,0,37.3,0.0,37.3,0.0,0.0,0.0,250.19,-0.01
12/20/2024,16:53:37,0.0,0.0,404.0,37.3,0.0,0.0,0.0,0.0,-0.01,0,1.21,2.42,0,0.0,0,250.19,0,0,0,0,0,0,0,0,0,1000.0,0,0,0,0,2.42,37.3,-1.0,0,37.3,0.0,37.3,0.0,0.0,0.0,250.19,-0.01
12/20/2024,16:53:38,0.0,0.0,404.0,37.3,0.0,0.0,0.0,0.0,-0.01,0,1.21,2.42,0,0.0,0,250.26,0,0,0,0,0,0,0,0,0,1000.0,0,0,0,0,2.42,37.3,-1.0,0,37.3,0.0,37.3,0.0,0.0,0.0,250.26,-0.01
12/20/2024,16:53:39,0.0,0.0,404.0,37.4,0.0,0.0,0.0,0.0,-0.01,0,1.21,2.42,0,0.0,0,250.3,0,0,0,0,0,0,0,0,0,1000.0,0,0,0,0,2.42,37.4,-1.0,0,37.4,0.0,37.4,0.0,0.0,0.0,250.3,-0.01
12/20/2024,16:53:40,0.0,0.0,404.0,37.4,0.0,0.0,0.0,0.0,-0.01,0,1.21,2.42,0,0.0,0,250.3,0,0,0,0,0,0,0,0,0,1000.0,0,0,0,0,2.42,37.4,-1.0,0,37.4,0.0,37.4,0.0,0.0,0.0,250.3,-0.01
12/20/2024,16:53:41,0.0,0.0,404.0,37.3,0.0,0.0,0.0,0.0,-0.01,0,1.21,2.42,0,0.0,0,250.37,0,0,0,0,0,0,0,0,0,1000.0,0,0,0,0,2.42,37.3,-1.0,0,37.3,0.0,37.3,0.0,0.0,0.0,250.37,-0.01
12/20/2024,16:53:42,0.0,0.0,404.0,37.3,0.0,0.0,0.0,0.0,-0.01,0,1.21,2.42,0,0.0,0,250.41,0,0,0,0,0,0,0,0,0,1000.0,0,0,0,0,2.42,37.3,-1.0,0,37.3,0.0,37.3,0.0,0.0,0.0,250.41,-0.01
12/20/2024,16:53:43,0.0,0.0,404.0,37.3,0.0,0.0,0.0,0.0,-0.01,0,1.21,2.42,0,0.0,0,250.45,0,0,0,0,0,0,0,0,0,1000.0,0,0,0,0,2.42,37.3,-1.0,0,37.3,0.0,37.3,0.0,0.0,0.0,250.45,-0.01
12/20/2024,16:53:44,0.0,0.0,404.0,37.3,0.0,0.0,0.0,0.0,-0.01,0,1.21,2.42,0,0.0,0,250.45,0,0,0,0,0,0,0,0,0,1000.0,0,0,0,0,2.42,37.3,-1.0,0,37.3,0.0,37.3,0.0,0.0,0.0,250.45,-0.01
12/20/2024,16:53:45,0.0,0.0,404.0,37.3,0.0,0.0,0.0,0.0,-0.01,0,1.21,2.42,0,0.0,0,250.52,0,0,0,0,0,0,0,0,0,1000.0,0,0,0,0,2.42,37.3,-1.0,0,37.3,0.0,37.3,0.0,0.0,0.0,250.52,-0.01
12/20/2024,16:53:46,0.0,0.0,404.0,37.3,0.0,0.0,0.0,0.0,-0.01,0,1.21,2.42,0,0.0,0,250.56,0,0,0,0,0,0,0,0,0,1000.0,0,0,0,0,2.42,37.3,-1.0,0,37.3,0.0,37.3,0.0,0.0,0.0,250.56,-0.01
12/20/2024,16:53:47,0.0,0.0,404.0,37.3,0.0,0.0,0.0,0.0,-0.01,0,1.21,2.42,0,0.0,0,250.6,0,0,0,0,0,0,0,0,0,1000.0,0,0,0,0,2.42,37.3,-1.0,0,37.3,0.0,37.3,0.0,0.0,0.0,250.6,-0.01
12/20/2024,16:53:48,0.0,0.0,404.0,37.3,0.0,0.0,0.0,0.0,-0.01,0,1.21,2.42,0,0.0,0,250.63,0,0,0,0,0,0,0,0,0,1000.0,0,0,0,0,2.42,37.3,-1.0,0,37.3,0.0,37.3,0.0,0.0,0.0,250.63,-0.01
12/20/2024,16:53:49,0.0,0.0,404.0,37.3,0.0,0.0,0.0,0.0,-0.01,0,1.21,2.42,0,0.0,0,250.63,0,0,0,0,0,0,0,0,0,1000.0,0,0,0,0,2.42,37.3,-1.0,0,37.3,0.0,37.3,0.0,0.0,0.0,250.63,-0.01
12/20/2024,16:53:50,0.0,0.0,404.0,37.3,0.0,0.0,0.0,0.0,-0.01,0,1.21,2.42,0,0.0,0,250.71,0,0,0,0,0,0,0,0,0,1000.0,0,0,0,0,2.42,37.3,-1.0,0,37.3,0.0,37.3,0.0,0.0,0.0,250.71,-0.01
12/20/2024,16:53:51,0.0,0.0,404.0,37.3,0.0,0.0,0.0,0.0,-0.01,0,1.21,2.42,0,0.0,0,250.75,0,0,0,0,0,0,0,0,0,1000.0,0,0,0,0,2.42,37.3,-1.0,0,37.3,0.0,37.3,0.0,0.0,0.0,250.75,-0.01
12/20/2024,16:53:52,0.0,0.0,404.0,37.3,0.0,0.0,0.0,0.0,-0.01,0,1.21,2.42,0,0.0,0,250.75,0,0,0,0,0,0,0,0,0,1000.0,0,0,0,0,2.42,37.3,-1.0,0,37.3,0.0,37.3,0.0,0.0,0.0,250.75,-0.01
12/20/2024,16:53:53,0.0,0.0,404.0,37.3,0.0,0.0,0.0,0.0,-0.01,0,1.21,2.42,0,0.0,0,250.78,0,0,0,0,0,0,0,0,0,1000.0,0,0,0,0,2.42,37.3,-1.0,0,37.3,0.0,37.3,0.0,0.0,0.0,250.78,-0.01
12/20/2024,16:53:54,0.0,0.0,404.0,37.3,0.0,0.0,0.0,0.0,-0.01,0,1.21,2.42,0,0.0,0,250.86,0,0,0,0,0,0,0,0,0,1000.0,0,0,0,0,2.42,37.3,-1.0,0,37.3,0.0,37.3,0.0,0.0,0.0,250.86,-0.01
12/20/2024,16:53:55,0.0,0.0,404.0,37.3,0.0,0.0,0.0,0.0,-0.01,0,1.21,2.42,0,0.0,0,250.86,0,0,0,0,0,0,0,0,0,1000.0,0,0,0,0,2.42,37.3,-1.0,0,37.3,0.0,37.3,0.0,0.0,0.0,250.86,-0.01
12/20/2024,16:53:56,0.0,0.0,404.0,37.3,0.0,0.0,0.0,0.0,-0.01,0,1.21,2.42,0,0.0,0,250.89,0,0,0,0,0,0,0,0,0,1000.0,0,0,0,0,2.42,37.3,-1.0,0,37.3,0.0,37.3,0.0,0.0,0.0,250.89,-0.01
12/20/2024,16:53:57,0.0,0.0,404.0,37.3,0.0,0.0,0.0,0.0,-0.01,0,1.21,2.42,0,0.0,0,250.93,0,0,0,0,0,0,0,0,0,1000.0,0,0,0,0,2.42,37.3,-1.0,0,37.3,0.0,37.3,0.0,0.0,0.0,250.93,-0.01
12/20/2024,16:53:58,0.0,0.0,404.0,37.3,0.0,0.0,0.0,0.0,-0.01,0,1.21,2.42,0,0.0,0,251.01,0,0,0,0,0,0,0,0,0,1000.0,0,0,0,0,2.42,37.3,-1.0,0,37.3,0.0,37.3,0.0,0.0,0.0,251.01,-0.01
12/20/2024,16:53:59,0.0,0.0,404.0,37.3,0.0,0.0,0.0,0.0,-0.01,0,1.21,2.42,0,0.0,0,251.01,0,0,0,0,0,0,0,0,0,1000.0,0,0,0,0,2.42,37.3,-1.0,0,37.3,0.0,37.3,0.0,0.0,0.0,251.01,-0.01
12/20/2024,16:54:0,0.0,0.0,404.0,37.3,0.0,0.0,0.0,0.0,-0.01,0,1.21,2.42,0,0.0,0,251.08,0,0,0,0,0,0,0,0,0,1000.0,0,0,0,0,2.42,37.3,-1.0,0,37.3,0.0,37.3,0.0,0.0,0.0,251.08,-0.01
12/20/2024,16:54:1,0.0,0.0,404.0,37.3,0.0,0.0,0.0,0.0,-0.01,0,1.21,2.42,0,0.0,0,251.08,0,0,0,0,0,0,0,0,0,1000.0,0,0,0,0,2.42,37.3,-1.0,0,37.3,0.0,37.3,0.0,0.0,0.0,251.08,-0.01
12/20/2024,16:54:2,0.0,0.0,404.0,37.3,0.0,0.0,0.0,0.0,-0.01,0,1.21,2.42,0,0.0,0,251.16,0,0,0,0,0,0,0,0,0,1000.0,0,0,0,0,2.42,37.3,-1.0,0,37.3,0.0,37.3,0.0,0.0,0.0,251.16,-0.01
12/20/2024,16:54:3,0.0,0.0,404.0,37.3,0.0,0.0,0.0,0.0,-0.01,0,1.21,2.42,0,0.0,0,251.16,0,0,0,0,0,0,0,0,0,1000.0,0,0,0,0,2.42,37.3,-1.0,0,37.3,0.0,37.3,0.0,0.0,0.0,251.16,-0.01
12/20/2024,16:54:4,0.0,0.0,404.0,37.3,0.0,0.0,0.0,0.0,-0.01,0,1.21,2.42,0,0.0,0,251.19,0,0,0,0,0,0,0,0,0,1000.0,0,0,0,0,2.42,37.3,-1.0,0,37.3,0.0,37.3,0.0,0.0,0.0,251.19,-0.01
12/20/2024,16:54:5,0.0,0.0,404.0,37.3,0.0,0.0,0.0,0.0,-0.01,0,1.21,2.42,0,0.0,0,251.27,0,0,0,0,0,0,0,0,0,1000.0,0,0,0,0,2.42,37.3,-1.0,0,37.3,0.0,37.3,0.0,0.0,0.0,251.27,-0.01
12/20/2024,16:54:6,0.0,0.0,404.0,37.3,0.0,0.0,0.0,0.0,-0.01,0,1.21,2.42,0,0.0,0,251.27,0,0,0,0,0,0,0,0,0,1000.0,0,0,0,0,2.42,37.3,-1.0,0,37.3,0.0,37.3,0.0,0.0,0.0,251.27,-0.01
12/20/2024,16:54:7,0.0,0.0,404.0,37.3,0.0,0.0,0.0,0.0,-0.01,0,1.21,2.42,0,0.0,0,251.31,0,0,0,0,0,0,0,0,0,1000.0,0,0,0,0,2.42,37.3,-1.0,0,37.3,0.0,37.3,0.0,0.0,0.0,251.31,-0.01
12/20/2024,16:54:8,0.0,0.0,404.0,37.3,0.0,0.0,0.0,0.0,-0.01,0,1.21,2.42,0,0.0,0,251.34,0,0,0,0,0,0,0,0,0,1000.0,0,0,0,0,2.42,37.3,-1.0,0,37.3,0.0,37.3,0.0,0.0,0.0,251.34,-0.01
12/20/2024,16:54:9,0.0,0.0,404.0,37.3,0.0,0.0,0.0,0.0,-0.01,0,1.21,2.42,0,0.0,0,251.38,0,0,0,0,0,0,0,0,0,1000.0,0,0,0,0,2.42,37.3,-1.0,0,37.3,0.0,37.3,0.0,0.0,0.0,251.38,-0.01
12/20/2024,16:54:10,0.0,0.0,404.0,37.3,0.0,0.0,0.0,0.0,-0.01,0,1.21,2.42,0,0.0,0,251.42,0,0,0,0,0,0,0,0,0,1000.0,0,0,0,0,2.42,37.3,-1.0,0,37.3,0.0,37.3,0.0,0.0,0.0,251.42,-0.01
12/20/2024,16:54:11,0.0,0.0,404.0,37.3,0.0,0.0,0.0,0.0,-0.01,0,1.21,2.42,0,0.0,0,251.49,0,0,0,0,0,0,0,0,0,1000.0,0,0,0,0,2.42,37.3,-1.0,0,37.3,0.0,37.3,0.0,0.0,0.0,251.49,-0.01
12/20/2024,16:54:12,0.0,0.0,404.0,37.3,0.0,0.0,0.0,0.0,-0.01,0,1.21,2.42,0,0.0,0,251.49,0,0,0,0,0,0,0,0,0,1000.0,0,0,0,0,2.42,37.3,-1.0,0,37.3,0.0,37.3,0.0,0.0,0.0,251.49,-0.01
12/20/2024,16:54:13,0.0,0.0,404.0,37.3,0.0,0.0,0.0,0.0,-0.01,0,1.21,2.42,0,0.0,0,251.57,0,0,0,0,0,0,0,0,0,1000.0,0,0,0,0,2.42,37.3,-1.0,0,37.3,0.0,37.3,0.0,0.0,0.0,251.57,-0.01
12/20/2024,16:54:14,0.0,0.0,404.0,37.3,0.0,0.0,0.0,0.0,-0.01,0,1.21,2.42,0,0.0,0,251.6,0,0,0,0,0,0,0,0,0,1000.0,0,0,0,0,2.42,37.3,-1.0,0,37.3,0.0,37.3,0.0,0.0,0.0,251.6,-0.01
12/20/2024,16:54:15,0.0,0.0,404.0,37.3,0.0,0.0,0.0,0.0,-0.01,0,1.21,2.42,0,0.0,0,251.64,0,0,0,0,0,0,0,0,0,1000.0,0,0,0,0,2.42,37.3,-1.0,0,37.3,0.0,37.3,0.0,0.0,0.0,251.64,-0.01
12/20/2024,16:54:16,0.0,0.0,404.0,37.3,0.0,0.0,0.0,0.0,-0.01,0,1.21,2.42,0,0.0,0,251.68,0,0,0,0,0,0,0,0,0,1000.0,0,0,0,0,2.42,37.3,-1.0,0,37.3,0.0,37.3,0.0,0.0,0.0,251.68,-0.01
12/20/2024,16:54:17,0.0,0.0,404.0,37.3,0.0,0.0,0.0,0.0,-0.01,0,1.21,2.42,0,0.0,0,251.72,0,0,0,0,0,0,0,0,0,1000.0,0,0,0,0,2.42,37.3,-1.0,0,37.3,0.0,37.3,0.0,0.0,0.0,251.72,-0.01
12/20/2024,16:54:18,0.0,0.0,404.0,37.3,0.0,0.0,0.0,0.0,-0.01,0,1.21,2.42,0,0.0,0,251.75,0,0,0,0,0,0,0,0,0,1000.0,0,0,0,0,2.42,37.3,-1.0,0,37.3,0.0,37.3,0.0,0.0,0.0,251.75,-0.01
12/20/2024,16:54:19,0.0,0.0,404.0,37.3,0.0,0.0,0.0,0.0,-0.01,0,1.21,2.42,0,0.0,0,251.79,0,0,0,0,0,0,0,0,0,1000.0,0,0,0,0,2.42,37.3,-1.0,0,37.3,0.0,37.3,0.0,0.0,0.0,251.79,-0.01
12/20/2024,16:54:20,0.0,0.0,404.0,37.3,0.0,0.0,0.0,0.0,-0.01,0,1.21,2.42,0,0.0,0,251.83,0,0,0,0,0,0,0,0,0,1000.0,0,0,0,0,2.42,37.3,-1.0,0,37.3,0.0,37.3,0.0,0.0,0.0,251.83,-0.01
12/20/2024,16:54:21,0.0,0.0,404.0,37.3,0.0,0.0,0.0,0.0,-0.01,0,1.21,2.42,0,0.0,0,251.86,0,0,0,0,0,0,0,0,0,1000.0,0,0,0,0,2.42,37.3,-1.0,0,37.3,0.0,37.3,0.0,0.0,0.0,251.86,-0.01
12/20/2024,16:54:22,0.0,0.0,404.0,37.3,0.0,0.0,0.0,0.0,-0.01,0,1.21,2.42,0,0.0,0,251.9,0,0,0,0,0,0,0,0,0,1000.0,0,0,0,0,2.42,37.3,-1.0,0,37.3,0.0,37.3,0.0,0.0,0.0,251.9,-0.01
12/20/2024,16:54:23,0.0,0.0,404.0,37.3,0.0,0.0,0.0,0.0,-0.01,0,1.21,2.42,0,0.0,0,251.94,0,0,0,0,0,0,0,0,0,1000.0,0,0,0,0,2.42,37.3,-1.0,0,37.3,0.0,37.3,0.0,0.0,0.0,251.94,-0.01
12/20/2024,16:54:24,0.0,0.0,404.0,37.3,0.0,0.0,0.0,0.0,-0.01,0,1.21,2.42,0,0.0,0,251.98,0,0,0,0,0,0,0,0,0,1000.0,0,0,0,0,2.42,37.3,-1.0,0,37.3,0.0,37.3,0.0,0.0,0.0,251.98,-0.01
12/20/2024,16:54:25,0.0,0.0,404.0,37.3,0.0,0.0,0.0,0.0,-0.01,0,1.21,2.42,0,0.0,0,252.01,0,0,0,0,0,0,0,0,0,1000.0,0,0,0,0,2.42,37.3,-1.0,0,37.3,0.0,37.3,0.0,0.0,0.0,252.01,-0.01
12/20/2024,16:54:26,0.0,0.0,404.0,37.3,0.0,0.0,0.0,0.0,-0.01,0,1.21,2.42,0,0.0,0,252.05,0,0,0,0,0,0,0,0,0,1000.0,0,0,0,0,2.42,37.3,-1.0,0,37.3,0.0,37.3,0.0,0.0,0.0,252.05,-0.01
12/20/2024,16:54:27,0.0,0.0,404.0,37.3,0.0,0.0,0.0,0.0,-0.01,0,1.21,2.42,0,0.0,0,252.09,0,0,0,0,0,0,0,0,0,1000.0,0,0,0,0,2.42,37.3,-1.0,0,37.3,0.0,37.3,0.0,0.0,0.0,252.09,-0.01
12/20/2024,16:54:28,0.0,0.0,404.0,37.3,0.0,0.0,0.0,0.0,-0.01,0,1.21,2.42,0,0.0,0,252.13,0,0,0,0,0,0,0,0,0,1000.0,0,0,0,0,2.42,37.3,-1.0,0,37.3,0.0,37.3,0.0,0.0,0.0,252.13,-0.01
12/20/2024,16:54:29,0.0,0.0,404.0,37.3,0.0,0.0,0.0,0.0,-0.01,0,1.21,2.42,0,0.0,0,252.13,0,0,0,0,0,0,0,0,0,1000.0,0,0,0,0,2.42,37.3,-1.0,0,37.3,0.0,37.3,0.0,0.0,0.0,252.13,-0.01
12/20/2024,16:54:30,0.0,0.0,404.0,37.3,0.0,0.0,0.0,0.0,-0.01,0,1.21,2.42,0,0.0,0,252.2,0,0,0,0,0,0,0,0,0,1000.0,0,0,0,0,2.42,37.3,-1.0,0,37.3,0.0,37.3,0.0,0.0,0.0,252.2,-0.01
12/20/2024,16:54:31,0.0,0.0,404.0,37.3,0.0,0.0,0.0,0.0,-0.01,0,1.21,2.42,0,0.0,0,252.24,0,0,0,0,0,0,0,0,0,1000.0,0,0,0,0,2.42,37.3,-1.0,0,37.3,0.0,37.3,0.0,0.0,0.0,252.24,-0.01
12/20/2024,16:54:32,0.0,0.0,404.0,37.3,0.0,0.0,0.0,0.0,-0.01,0,1.21,2.42,0,0.0,0,252.27,0,0,0,0,0,0,0,0,0,1000.0,0,0,0,0,2.42,37.3,-1.0,0,37.3,0.0,37.3,0.0,0.0,0.0,252.27,-0.01
12/20/2024,16:54:33,0.0,0.0,404.0,37.3,0.0,0.0,0.0,0.0,-0.01,0,1.21,2.42,0,0.0,0,252.31,0,0,0,0,0,0,0,0,0,1000.0,0,0,0,0,2.42,37.3,-1.0,0,37.3,0.0,37.3,0.0,0.0,0.0,252.31,-0.01
12/20/2024,16:54:34,0.0,0.0,404.0,37.3,0.0,0.0,0.0,0.0,-0.01,0,1.21,2.42,0,0.0,0,252.31,0,0,0,0,0,0,0,0,0,1000.0,0,0,0,0,2.42,37.3,-1.0,0,37.3,0.0,37.3,0.0,0.0,0.0,252.31,-0.01
12/20/2024,16:54:37,0.0,0.0,404.0,37.3,0.0,0.0,0.0,0.0,-0.01,0,1.21,2.42,0,0.0,0,252.46,0,0,0,0,0,0,0,0,0,1000.0,0,0,0,0,2.42,37.3,-1.0,0,37.3,0.0,37.3,0.0,0.0,0.0,252.46,-0.01
12/20/2024,16:54:38,0.0,0.0,404.0,37.3,0.0,0.0,0.0,0.0,-0.01,0,1.21,2.42,0,0.0,0,252.46,0,0,0,0,0,0,0,0,0,1000.0,0,0,0,0,2.42,37.3,-1.0,0,37.3,0.0,37.3,0.0,0.0,0.0,252.46,-0.01
12/20/2024,16:54:39,0.0,0.0,404.0,37.4,0.0,0.0,0.0,0.0,-0.01,0,1.21,2.42,0,0.0,0,252.5,0,0,0,0,0,0,0,0,0,1000.0,0,0,0,0,2.42,37.4,-1.0,0,37.4,0.0,37.4,0.0,0.0,0.0,252.5,-0.01
12/20/2024,16:54:40,0.0,0.0,404.0,37.3,0.0,0.0,0.0,0.0,-0.01,0,1.21,2.42,0,0.0,0,252.54,0,0,0,0,0,0,0,0,0,1000.0,0,0,0,0,2.42,37.3,-1.0,0,37.3,0.0,37.3,0.0,0.0,0.0,252.54,-0.01
12/20/2024,16:54:41,0.0,0.0,404.0,37.3,0.0,0.0,0.0,0.0,-0.01,0,1.21,2.42,0,0.0,0,252.57,0,0,0,0,0,0,0,0,0,1000.0,0,0,0,0,2.42,37.3,-1.0,0,37.3,0.0,37.3,0.0,0.0,0.0,252.57,-0.01
12/20/2024,16:54:42,0.0,0.0,404.0,37.3,0.0,0.0,0.0,0.0,-0.01,0,1.21,2.42,0,0.0,0,252.61,0,0,0,0,0,0,0,0,0,1000.0,0,0,0,0,2.42,37.3,-1.0,0,37.3,0.0,37.3,0.0,0.0,0.0,252.61,-0.01
12/20/2024,16:54:43,0.0,0.0,404.0,37.3,0.0,0.0,0.0,0.0,-0.01,0,1.21,2.42,0,0.0,0,252.65,0,0,0,0,0,0,0,0,0,1000.0,0,0,0,0,2.42,37.3,-1.0,0,37.3,0.0,37.3,0.0,0.0,0.0,252.65,-0.01
12/20/2024,16:54:44,0.0,0.0,404.0,37.3,0.0,0.0,0.0,0.0,-0.01,0,1.21,2.42,0,0.0,0,252.69,0,0,0,0,0,0,0,0,0,1000.0,0,0,0,0,2.42,37.3,-1.0,0,37.3,0.0,37.3,0.0,0.0,0.0,252.69,-0.01
12/20/2024,16:54:45,0.0,0.0,404.0,37.3,0.0,0.0,0.0,0.0,-0.01,0,1.21,2.42,0,0.0,0,252.72,0,0,0,0,0,0,0,0,0,1000.0,0,0,0,0,2.42,37.3,-1.0,0,37.3,0.0,37.3,0.0,0.0,0.0,252.72,-0.01
12/20/2024,16:54:46,0.0,0.0,404.0,37.3,0.0,0.0,0.0,0.0,-0.01,0,1.21,2.42,0,0.0,0,252.76,0,0,0,0,0,0,0,0,0,1000.0,0,0,0,0,2.42,37.3,-1.0,0,37.3,0.0,37.3,0.0,0.0,0.0,252.76,-0.01
12/20/2024,16:54:47,0.0,0.0,404.0,37.3,0.0,0.0,0.0,0.0,-0.01,0,1.21,2.42,0,0.0,0,252.8,0,0,0,0,0,0,0,0,0,1000.0,0,0,0,0,2.42,37.3,-1.0,0,37.3,0.0,37.3,0.0,0.0,0.0,252.8,-0.01
12/20/2024,16:54:48,0.0,0.0,404.0,37.3,0.0,0.0,0.0,0.0,-0.01,0,1.21,2.42,0,0.0,0,252.83,0,0,0,0,0,0,0,0,0,1000.0,0,0,0,0,2.42,37.3,-1.0,0,37.3,0.0,37.3,0.0,0.0,0.0,252.83,-0.01
12/20/2024,16:54:49,0.0,0.0,404.0,37.3,0.0,0.0,0.0,0.0,-0.01,0,1.21,2.42,0,0.0,0,252.87,0,0,0,0,0,0,0,0,0,1000.0,0,0,0,0,2.42,37.3,-1.0,0,37.3,0.0,37.3,0.0,0.0,0.0,252.87,-0.01
12/20/2024,16:54:50,0.0,0.0,404.0,37.3,0.0,0.0,0.0,0.0,-0.01,0,1.21,2.42,0,0.0,0,252.91,0,0,0,0,0,0,0,0,0,1000.0,0,0,0,0,2.42,37.3,-1.0,0,37.3,0.0,37.3,0.0,0.0,0.0,252.91,-0.01
12/20/2024,16:54:51,0.0,0.0,404.0,37.3,0.0,0.0,0.0,0.0,-0.01,0,1.21,2.42,0,0.0,0,252.95,0,0,0,0,0,0,0,0,0,1000.0,0,0,0,0,2.42,37.3,-1.0,0,37.3,0.0,37.3,0.0,0.0,0.0,252.95,-0.01
12/20/2024,16:54:52,0.0,0.0,404.0,37.3,0.0,0.0,0.0,0.0,-0.01,0,1.21,2.42,0,0.0,0,253.02,0,0,0,0,0,0,0,0,0,1000.0,0,0,0,0,2.42,37.3,-1.0,0,37.3,0.0,37.3,0.0,0.0,0.0,253.02,-0.01
12/20/2024,16:54:53,0.0,0.0,404.0,37.3,0.0,0.0,0.0,0.0,-0.01,0,1.21,2.42,0,0.0,0,253.06,0,0,0,0,0,0,0,0,0,1000.0,0,0,0,0,2.42,37.3,-1.0,0,37.3,0.0,37.3,0.0,0.0,0.0,253.06,-0.01
12/20/2024,16:54:54,0.0,0.0,404.0,37.3,0.0,0.0,0.0,0.0,-0.01,0,1.21,2.42,0,0.0,0,253.1,0,0,0,0,0,0,0,0,0,1000.0,0,0,0,0,2.42,37.3,-1.0,0,37.3,0.0,37.3,0.0,0.0,0.0,253.1,-0.01
12/20/2024,16:54:55,0.0,0.0,404.0,37.3,0.0,0.0,0.0,0.0,-0.01,0,1.21,2.42,0,0.0,0,253.13,0,0,0,0,0,0,0,0,0,1000.0,0,0,0,0,2.42,37.3,-1.0,0,37.3,0.0,37.3,0.0,0.0,0.0,253.13,-0.01
12/20/2024,16:54:56,0.0,0.0,404.0,37.3,0.0,0.0,0.0,0.0,-0.01,0,1.21,2.42,0,0.0,0,253.17,0,0,0,0,0,0,0,0,0,1000.0,0,0,0,0,2.42,37.3,-1.0,0,37.3,0.0,37.3,0.0,0.0,0.0,253.17,-0.01
12/20/2024,16:54:57,0.0,0.0,404.0,37.3,0.0,0.0,0.0,0.0,-0.01,0,1.21,2.42,0,0.0,0,253.21,0,0,0,0,0,0,0,0,0,1000.0,0,0,0,0,2.42,37.3,-1.0,0,37.3,0.0,37.3,0.0,0.0,0.0,253.21,-0.01
12/20/2024,16:54:58,0.0,0.0,404.0,37.3,0.0,0.0,0.0,0.0,-0.01,0,1.21,2.42,0,0.0,0,253.24,0,0,0,0,0,0,0,0,0,1000.0,0,0,0,0,2.42,37.3,-1.0,0,37.3,0.0,37.3,0.0,0.0,0.0,253.24,-0.01
12/20/2024,16:54:59,0.0,0.0,404.0,37.3,0.0,0.0,0.0,0.0,-0.01,0,1.21,2.42,0,0.0,0,253.28,0,0,0,0,0,0,0,0,0,1000.0,0,0,0,0,2.42,37.3,-1.0,0,37.3,0.0,37.3,0.0,0.0,0.0,253.28,-0.01
12/20/2024,16:55:0,0.0,0.0,404.0,37.3,0.0,0.0,0.0,0.0,-0.01,0,1.21,2.42,0,0.0,0,253.32,0,0,0,0,0,0,0,0,0,1000.0,0,0,0,0,2.42,37.3,-1.0,0,37.3,0.0,37.3,0.0,0.0,0.0,253.32,-0.01
12/20/2024,16:55:1,0.0,0.0,404.0,37.3,0.0,0.0,0.0,0.0,-0.01,0,1.21,2.42,0,0.0,0,253.36,0,0,0,0,0,0,0,0,0,1000.0,0,0,0,0,2.42,37.3,-1.0,0,37.3,0.0,37.3,0.0,0.0,0.0,253.36,-0.01
12/20/2024,16:55:2,0.0,0.0,404.0,37.3,0.0,0.0,0.0,0.0,-0.01,0,1.21,2.42,0,0.0,0,253.39,0,0,0,0,0,0,0,0,0,1000.0,0,0,0,0,2.42,37.3,-1.0,0,37.3,0.0,37.3,0.0,0.0,0.0,253.39,-0.01
12/20/2024,16:55:3,0.0,0.0,404.0,37.3,0.0,0.0,0.0,0.0,-0.01,0,1.21,2.42,0,0.0,0,253.43,0,0,0,0,0,0,0,0,0,1000.0,0,0,0,0,2.42,37.3,-1.0,0,37.3,0.0,37.3,0.0,0.0,0.0,253.43,-0.01
12/20/2024,16:55:4,0.0,0.0,404.0,37.3,0.0,0.0,0.0,0.0,-0.01,0,1.21,2.42,0,0.0,0,253.47,0,0,0,0,0,0,0,0,0,1000.0,0,0,0,0,2.42,37.3,-1.0,0,37.3,0.0,37.3,0.0,0.0,0.0,253.47,-0.01
12/20/2024,16:55:5,0.0,0.0,404.0,37.3,0.0,0.0,0.0,0.0,-0.01,0,1.21,2.42,0,0.0,0,253.51,0,0,0,0,0,0,0,0,0,1000.0,0,0,0,0,2.42,37.3,-1.0,0,37.3,0.0,37.3,0.0,0.0,0.0,253.51,-0.01
12/20/2024,16:55:6,0.0,0.0,404.0,37.3,0.0,0.0,0.0,0.0,-0.01,0,1.21,2.42,0,0.0,0,253.51,0,0,0,0,0,0,0,0,0,1000.0,0,0,0,0,2.42,37.3,-1.0,0,37.3,0.0,37.3,0.0,0.0,0.0,253.51,-0.01
12/20/2024,16:55:7,0.0,0.0,404.0,37.3,0.0,0.0,0.0,0.0,-0.01,0,1.21,2.42,0,0.0,0,253.58,0,0,0,0,0,0,0,0,0,1000.0,0,0,0,0,2.42,37.3,-1.0,0,37.3,0.0,37.3,0.0,0.0,0.0,253.58,-0.01
12/20/2024,16:55:8,0.0,0.0,404.0,37.3,0.0,0.0,0.0,0.0,-0.01,0,1.21,2.42,0,0.0,0,253.58,0,0,0,0,0,0,0,0,0,1000.0,0,0,0,0,2.42,37.3,-1.0,0,37.3,0.0,37.3,0.0,0.0,0.0,253.58,-0.01
12/20/2024,16:55:9,0.0,0.0,404.0,37.3,0.0,0.0,0.0,0.0,-0.01,0,1.21,2.42,0,0.0,0,253.66,0,0,0,0,0,0,0,0,0,1000.0,0,0,0,0,2.42,37.3,-1.0,0,37.3,0.0,37.3,0.0,0.0,0.0,253.66,-0.01
12/20/2024,16:55:10,0.0,0.0,404.0,37.3,0.0,0.0,0.0,0.0,-0.01,0,1.21,2.42,0,0.0,0,253.66,0,0,0,0,0,0,0,0,0,1000.0,0,0,0,0,2.42,37.3,-1.0,0,37.3,0.0,37.3,0.0,0.0,0.0,253.66,-0.01
12/20/2024,16:55:11,0.0,0.0,404.0,37.3,0.0,0.0,0.0,0.0,-0.01,0,1.21,2.42,0,0.0,0,253.73,0,0,0,0,0,0,0,0,0,1000.0,0,0,0,0,2.42,37.3,-1.0,0,37.3,0.0,37.3,0.0,0.0,0.0,253.73,-0.01
12/20/2024,16:55:12,0.0,0.0,404.0,37.3,0.0,0.0,0.0,0.0,-0.01,0,1.21,2.42,0,0.0,0,253.73,0,0,0,0,0,0,0,0,0,1000.0,0,0,0,0,2.42,37.3,-1.0,0,37.3,0.0,37.3,0.0,0.0,0.0,253.73,-0.01
12/20/2024,16:55:13,0.0,0.0,404.0,37.3,0.0,0.0,0.0,0.0,-0.01,0,1.21,2.42,0,0.0,0,253.8,0,0,0,0,0,0,0,0,0,1000.0,0,0,0,0,2.42,37.3,-1.0,0,37.3,0.0,37.3,0.0,0.0,0.0,253.8,-0.01
12/20/2024,16:55:14,0.0,0.0,404.0,37.3,0.0,0.0,0.0,0.0,-0.01,0,1.21,2.42,0,0.0,0,253.8,0,0,0,0,0,0,0,0,0,1000.0,0,0,0,0,2.42,37.3,-1.0,0,37.3,0.0,37.3,0.0,0.0,0.0,253.8,-0.01
12/20/2024,16:55:15,0.0,0.0,404.0,37.3,0.0,0.0,0.0,0.0,-0.01,0,1.21,2.42,0,0.0,0,253.88,0,0,0,0,0,0,0,0,0,1000.0,0,0,0,0,2.42,37.3,-1.0,0,37.3,0.0,37.3,0.0,0.0,0.0,253.88,-0.01
12/20/2024,16:55:16,0.0,0.0,404.0,37.3,0.0,0.0,0.0,0.0,-0.01,0,1.21,2.42,0,0.0,0,253.88,0,0,0,0,0,0,0,0,0,1000.0,0,0,0,0,2.42,37.3,-1.0,0,37.3,0.0,37.3,0.0,0.0,0.0,253.88,-0.01
12/20/2024,16:55:17,0.0,0.0,404.0,37.3,0.0,0.0,0.0,0.0,-0.01,0,1.21,2.42,0,0.0,0,253.95,0,0,0,0,0,0,0,0,0,1000.0,0,0,0,0,2.42,37.3,-1.0,0,37.3,0.0,37.3,0.0,0.0,0.0,253.95,-0.01
12/20/2024,16:55:18,0.0,0.0,404.0,37.3,0.0,0.0,0.0,0.0,-0.01,0,1.21,2.42,0,0.0,0,253.95,0,0,0,0,0,0,0,0,0,1000.0,0,0,0,0,2.42,37.3,-1.0,0,37.3,0.0,37.3,0.0,0.0,0.0,253.95,-0.01
12/20/2024,16:55:19,0.0,0.0,404.0,37.3,0.0,0.0,0.0,0.0,-0.01,0,1.21,2.42,0,0.0,0,254.03,0,0,0,0,0,0,0,0,0,1000.0,0,0,0,0,2.42,37.3,-1.0,0,37.3,0.0,37.3,0.0,0.0,0.0,254.03,-0.01
12/20/2024,16:55:20,0.0,0.0,404.0,37.3,0.0,0.0,0.0,0.0,-0.01,0,1.21,2.42,0,0.0,0,254.03,0,0,0,0,0,0,0,0,0,1000.0,0,0,0,0,2.42,37.3,-1.0,0,37.3,0.0,37.3,0.0,0.0,0.0,254.03,-0.01
12/20/2024,16:55:21,0.0,0.0,404.0,37.3,0.0,0.0,0.0,0.0,-0.01,0,1.21,2.42,0,0.0,0,254.1,0,0,0,0,0,0,0,0,0,1000.0,0,0,0,0,2.42,37.3,-1.0,0,37.3,0.0,37.3,0.0,0.0,0.0,254.1,-0.01
12/20/2024,16:55:22,0.0,0.0,404.0,37.3,0.0,0.0,0.0,0.0,-0.01,0,1.21,2.42,0,0.0,0,254.1,0,0,0,0,0,0,0,0,0,1000.0,0,0,0,0,2.42,37.3,-1.0,0,37.3,0.0,37.3,0.0,0.0,0.0,254.1,-0.01
12/20/2024,16:55:23,0.0,0.0,404.0,37.3,0.0,0.0,0.0,0.0,-0.01,0,1.21,2.42,0,0.0,0,254.18,0,0,0,0,0,0,0,0,0,1000.0,0,0,0,0,2.42,37.3,-1.0,0,37.3,0.0,37.3,0.0,0.0,0.0,254.18,-0.01
12/20/2024,16:55:24,0.0,0.0,404.0,37.3,0.0,0.0,0.0,0.0,-0.01,0,1.21,2.42,0,0.0,0,254.18,0,0,0,0,0,0,0,0,0,1000.0,0,0,0,0,2.42,37.3,-1.0,0,37.3,0.0,37.3,0.0,0.0,0.0,254.18,-0.01
12/20/2024,16:55:25,0.0,0.0,404.0,37.3,0.0,0.0,0.0,0.0,-0.01,0,1.21,2.42,0,0.0,0,254.25,0,0,0,0,0,0,0,0,0,1000.0,0,0,0,0,2.42,37.3,-1.0,0,37.3,0.0,37.3,0.0,0.0,0.0,254.25,-0.01
12/20/2024,16:55:26,0.0,0.0,404.0,37.3,0.0,0.0,0.0,0.0,-0.01,0,1.21,2.42,0,0.0,0,254.25,0,0,0,0,0,0,0,0,0,1000.0,0,0,0,0,2.42,37.3,-1.0,0,37.3,0.0,37.3,0.0,0.0,0.0,254.25,-0.01
12/20/2024,16:55:27,0.0,0.0,404.0,37.3,0.0,0.0,0.0,0.0,-0.01,0,1.21,2.42,0,0.0,0,254.33,0,0,0,0,0,0,0,0,0,1000.0,0,0,0,0,2.42,37.3,-1.0,0,37.3,0.0,37.3,0.0,0.0,0.0,254.33,-0.01
12/20/2024,16:55:28,0.0,0.0,404.0,37.3,0.0,0.0,0.0,0.0,-0.01,0,1.21,2.42,0,0.0,0,254.33,0,0,0,0,0,0,0,0,0,1000.0,0,0,0,0,2.42,37.3,-1.0,0,37.3,0.0,37.3,0.0,0.0,0.0,254.33,-0.01
12/20/2024,16:55:29,0.0,0.0,404.0,37.3,0.0,0.0,0.0,0.0,-0.01,0,1.21,2.42,0,0.0,0,254.4,0,0,0,0,0,0,0,0,0,1000.0,0,0,0,0,2.42,37.3,-1.0,0,37.3,0.0,37.3,0.0,0.0,0.0,254.4,-0.01
12/20/2024,16:55:30,0.0,0.0,404.0,37.3,0.0,0.0,0.0,0.0,-0.01,0,1.21,2.42,0,0.0,0,254.4,0,0,0,0,0,0,0,0,0,1000.0,0,0,0,0,2.42,37.3,-1.0,0,37.3,0.0,37.3,0.0,0.0,0.0,254.4,-0.01
12/20/2024,16:55:31,0.0,0.0,404.0,37.3,0.0,0.0,0.0,0.0,-0.01,0,1.21,2.42,0,0.0,0,254.48,0,0,0,0,0,0,0,0,0,1000.0,0,0,0,0,2.42,37.3,-1.0,0,37.3,0.0,37.3,0.0,0.0,0.0,254.48,-0.01
12/20/2024,16:55:32,0.0,0.0,404.0,37.3,0.0,0.0,0.0,0.0,-0.01,0,1.21,2.42,0,0.0,0,254.48,0,0,0,0,0,0,0,0,0,1000.0,0,0,0,0,2.42,37.3,-1.0,0,37.3,0.0,37.3,0.0,0.0,0.0,254.48,-0.01
12/20/2024,16:55:33,0.0,0.0,404.0,37.3,0.0,0.0,0.0,0.0,-0.01,0,1.21,2.42,0,0.0,0,254.55,0,0,0,0,0,0,0,0,0,1000.0,0,0,0,0,2.42,37.3,-1.0,0,37.3,0.0,37.3,0.0,0.0,0.0,254.55,-0.01
12/20/2024,16:55:34,0.0,0.0,404.0,37.3,0.0,0.0,0.0,0.0,-0.01,0,1.21,2.42,0,0.0,0,254.55,0,0,0,0,0,0,0,0,0,1000.0,0,0,0,0,2.42,37.3,-1.0,0,37.3,0.0,37.3,0.0,0.0,0.0,254.55,-0.01
12/20/2024,16:55:35,0.0,0.0,404.0,37.3,0.0,0.0,0.0,0.0,-0.01,0,1.21,2.42,0,0.0,0,254.59,0,0,0,0,0,0,0,0,0,1000.0,0,0,0,0,2.42,37.3,-1.0,0,37.3,0.0,37.3,0.0,0.0,0.0,254.59,-0.01
12/20/2024,16:55:36,0.0,0.0,404.0,37.3,0.0,0.0,0.0,0.0,-0.01,0,1.21,2.42,0,0.0,0,254.62,0,0,0,0,0,0,0,0,0,1000.0,0,0,0,0,2.42,37.3,-1.0,0,37.3,0.0,37.3,0.0,0.0,0.0,254.62,-0.01
12/20/2024,16:55:37,0.0,0.0,404.0,37.3,0.0,0.0,0.0,0.0,-0.01,0,1.21,2.42,0,0.0,0,254.66,0,0,0,0,0,0,0,0,0,1000.0,0,0,0,0,2.42,37.3,-1.0,0,37.3,0.0,37.3,0.0,0.0,0.0,254.66,-0.01
12/20/2024,16:55:38,0.0,0.0,404.0,37.3,0.0,0.0,0.0,0.0,-0.01,0,1.21,2.42,0,0.0,0,254.7,0,0,0,0,0,0,0,0,0,1000.0,0,0,0,0,2.42,37.3,-1.0,0,37.3,0.0,37.3,0.0,0.0,0.0,254.7,-0.01
12/20/2024,16:55:39,0.0,0.0,404.0,37.4,0.0,0.0,0.0,0.0,-0.01,0,1.21,2.42,0,0.0,0,254.74,0,0,0,0,0,0,0,0,0,1000.0,0,0,0,0,2.42,37.4,-1.0,0,37.4,0.0,37.4,0.0,0.0,0.0,254.74,-0.01
12/20/2024,16:55:40,0.0,0.0,404.0,37.3,0.0,0.0,0.0,0.0,-0.01,0,1.21,2.42,0,0.0,0,254.77,0,0,0,0,0,0,0,0,0,1000.0,0,0,0,0,2.42,37.3,-1.0,0,37.3,0.0,37.3,0.0,0.0,0.0,254.77,-0.01
12/20/2024,16:55:41,0.0,0.0,404.0,37.3,0.0,0.0,0.0,0.0,-0.01,0,1.21,2.42,0,0.0,0,254.81,0,0,0,0,0,0,0,0,0,1000.0,0,0,0,0,2.42,37.3,-1.0,0,37.3,0.0,37.3,0.0,0.0,0.0,254.81,-0.01
12/20/2024,16:55:42,0.0,0.0,404.0,37.3,0.0,0.0,0.0,0.0,-0.01,0,1.21,2.42,0,0.0,0,254.89,0,0,0,0,0,0,0,0,0,1000.0,0,0,0,0,2.42,37.3,-1.0,0,37.3,0.0,37.3,0.0,0.0,0.0,254.89,-0.01
12/20/2024,16:55:43,0.0,0.0,404.0,37.3,0.0,0.0,0.0,0.0,-0.01,0,1.21,2.42,0,0.0,0,254.92,0,0,0,0,0,0,0,0,0,1000.0,0,0,0,0,2.42,37.3,-1.0,0,37.3,0.0,37.3,0.0,0.0,0.0,254.92,-0.01
12/20/2024,16:55:44,0.0,0.0,404.0,37.3,0.0,0.0,0.0,0.0,-0.01,0,1.21,2.42,0,0.0,0,254.96,0,0,0,0,0,0,0,0,0,1000.0,0,0,0,0,2.42,37.3,-1.0,0,37.3,0.0,37.3,0.0,0.0,0.0,254.96,-0.01
12/20/2024,16:55:45,0.0,0.0,404.0,37.3,0.0,0.0,0.0,0.0,-0.01,0,1.21,2.42,0,0.0,0,255.0,0,0,0,0,0,0,0,0,0,1000.0,0,0,0,0,2.42,37.3,-1.0,0,37.3,0.0,37.3,0.0,0.0,0.0,255.0,-0.01
12/20/2024,16:55:46,0.0,0.0,404.0,37.3,0.0,0.0,0.0,0.0,-0.01,0,1.21,2.42,0,0.0,0,255.04,0,0,0,0,0,0,0,0,0,1000.0,0,0,0,0,2.42,37.3,-1.0,0,37.3,0.0,37.3,0.0,0.0,0.0,255.04,-0.01
12/20/2024,16:55:47,0.0,0.0,404.0,37.3,0.0,0.0,0.0,0.0,-0.01,0,1.21,2.42,0,0.0,0,255.07,0,0,0,0,0,0,0,0,0,1000.0,0,0,0,0,2.42,37.3,-1.0,0,37.3,0.0,37.3,0.0,0.0,0.0,255.07,-0.01
12/20/2024,16:55:48,0.0,0.0,404.0,37.3,0.0,0.0,0.0,0.0,-0.01,0,1.21,2.42,0,0.0,0,255.11,0,0,0,0,0,0,0,0,0,1000.0,0,0,0,0,2.42,37.3,-1.0,0,37.3,0.0,37.3,0.0,0.0,0.0,255.11,-0.01
12/20/2024,16:55:49,0.0,0.0,404.0,37.3,0.0,0.0,0.0,0.0,-0.01,0,1.21,2.42,0,0.0,0,255.15,0,0,0,0,0,0,0,0,0,1000.0,0,0,0,0,2.42,37.3,-1.0,0,37.3,0.0,37.3,0.0,0.0,0.0,255.15,-0.01
12/20/2024,16:55:50,0.0,0.0,404.0,37.3,0.0,0.0,0.0,0.0,-0.01,0,1.21,2.42,0,0.0,0,255.18,0,0,0,0,0,0,0,0,0,1000.0,0,0,0,0,2.42,37.3,-1.0,0,37.3,0.0,37.3,0.0,0.0,0.0,255.18,-0.01
12/20/2024,16:55:51,0.0,0.0,404.0,37.3,0.0,0.0,0.0,0.0,-0.01,0,1.21,2.42,0,0.0,0,255.22,0,0,0,0,0,0,0,0,0,1000.0,0,0,0,0,2.42,37.3,-1.0,0,37.3,0.0,37.3,0.0,0.0,0.0,255.22,-0.01
12/20/2024,16:55:52,0.0,0.0,404.0,37.3,0.0,0.0,0.0,0.0,-0.01,0,1.21,2.42,0,0.0,0,255.26,0,0,0,0,0,0,0,0,0,1000.0,0,0,0,0,2.42,37.3,-1.0,0,37.3,0.0,37.3,0.0,0.0,0.0,255.26,-0.01
12/20/2024,16:55:53,0.0,0.0,404.0,37.3,0.0,0.0,0.0,0.0,-0.01,0,1.21,2.42,0,0.0,0,255.3,0,0,0,0,0,0,0,0,0,1000.0,0,0,0,0,2.42,37.3,-1.0,0,37.3,0.0,37.3,0.0,0.0,0.0,255.3,-0.01
12/20/2024,16:55:54,0.0,0.0,404.0,37.3,0.0,0.0,0.0,0.0,-0.01,0,1.21,2.42,0,0.0,0,255.33,0,0,0,0,0,0,0,0,0,1000.0,0,0,0,0,2.42,37.3,-1.0,0,37.3,0.0,37.3,0.0,0.0,0.0,255.33,-0.01
12/20/2024,16:55:55,0.0,0.0,404.0,37.3,0.0,0.0,0.0,0.0,-0.01,0,1.21,2.42,0,0.0,0,255.37,0,0,0,0,0,0,0,0,0,1000.0,0,0,0,0,2.42,37.3,-1.0,0,37.3,0.0,37.3,0.0,0.0,0.0,255.37,-0.01
12/20/2024,16:55:56,0.0,0.0,404.0,37.3,0.0,0.0,0.0,0.0,-0.01,0,1.21,2.42,0,0.0,0,255.41,0,0,0,0,0,0,0,0,0,1000.0,0,0,0,0,2.42,37.3,-1.0,0,37.3,0.0,37.3,0.0,0.0,0.0,255.41,-0.01
12/20/2024,16:55:57,0.0,0.0,404.0,37.3,0.0,0.0,0.0,0.0,-0.01,0,1.21,2.42,0,0.0,0,255.45,0,0,0,0,0,0,0,0,0,1000.0,0,0,0,0,2.42,37.3,-1.0,0,37.3,0.0,37.3,0.0,0.0,0.0,255.45,-0.01
12/20/2024,16:55:58,0.0,0.0,404.0,37.3,0.0,0.0,0.0,0.0,-0.01,0,1.21,2.42,0,0.0,0,255.48,0,0,0,0,0,0,0,0,0,1000.0,0,0,0,0,2.42,37.3,-1.0,0,37.3,0.0,37.3,0.0,0.0,0.0,255.48,-0.01
12/20/2024,16:55:59,0.0,0.0,404.0,37.3,0.0,0.0,0.0,0.0,-0.01,0,1.21,2.42,0,0.0,0,255.52,0,0,0,0,0,0,0,0,0,1000.0,0,0,0,0,2.42,37.3,-1.0,0,37.3,0.0,37.3,0.0,0.0,0.0,255.52,-0.01
12/20/2024,16:56:0,0.0,0.0,404.0,37.3,0.0,0.0,0.0,0.0,-0.01,0,1.21,2.42,0,0.0,0,255.56,0,0,0,0,0,0,0,0,0,1000.0,0,0,0,0,2.42,37.3,-1.0,0,37.3,0.0,37.3,0.0,0.0,0.0,255.56,-0.01
12/20/2024,16:56:1,0.0,0.0,404.0,37.3,0.0,0.0,0.0,0.0,-0.01,0,1.21,2.42,0,0.0,0,255.59,0,0,0,0,0,0,0,0,0,1000.0,0,0,0,0,2.42,37.3,-1.0,0,37.3,0.0,37.3,0.0,0.0,0.0,255.59,-0.01
12/20/2024,16:56:2,0.0,0.0,404.0,37.3,0.0,0.0,0.0,0.0,-0.01,0,1.21,2.42,0,0.0,0,255.63,0,0,0,0,0,0,0,0,0,1000.0,0,0,0,0,2.42,37.3,-1.0,0,37.3,0.0,37.3,0.0,0.0,0.0,255.63,-0.01
12/20/2024,16:56:3,0.0,0.0,404.0,37.3,0.0,0.0,0.0,0.0,-0.01,0,1.21,2.42,0,0.0,0,255.67,0,0,0,0,0,0,0,0,0,1000.0,0,0,0,0,2.42,37.3,-1.0,0,37.3,0.0,37.3,0.0,0.0,0.0,255.67,-0.01
12/20/2024,16:56:4,0.0,0.0,404.0,37.3,0.0,0.0,0.0,0.0,-0.01,0,1.21,2.42,0,0.0,0,255.71,0,0,0,0,0,0,0,0,0,1000.0,0,0,0,0,2.42,37.3,-1.0,0,37.3,0.0,37.3,0.0,0.0,0.0,255.71,-0.01
12/20/2024,16:56:5,0.0,0.0,404.0,37.3,0.0,0.0,0.0,0.0,-0.01,0,1.21,2.42,0,0.0,0,255.74,0,0,0,0,0,0,0,0,0,1000.0,0,0,0,0,2.42,37.3,-1.0,0,37.3,0.0,37.3,0.0,0.0,0.0,255.74,-0.01
12/20/2024,16:56:6,0.0,0.0,404.0,37.3,0.0,0.0,0.0,0.0,-0.01,0,1.21,2.42,0,0.0,0,255.78,0,0,0,0,0,0,0,0,0,1000.0,0,0,0,0,2.42,37.3,-1.0,0,37.3,0.0,37.3,0.0,0.0,0.0,255.78,-0.01
12/20/2024,16:56:7,0.0,0.0,404.0,37.3,0.0,0.0,0.0,0.0,-0.01,0,1.21,2.42,0,0.0,0,255.82,0,0,0,0,0,0,0,0,0,1000.0,0,0,0,0,2.42,37.3,-1.0,0,37.3,0.0,37.3,0.0,0.0,0.0,255.82,-0.01
12/20/2024,16:56:8,0.0,0.0,404.0,37.3,0.0,0.0,0.0,0.0,-0.01,0,1.21,2.42,0,0.0,0,255.82,0,0,0,0,0,0,0,0,0,1000.0,0,0,0,0,2.42,37.3,-1.0,0,37.3,0.0,37.3,0.0,0.0,0.0,255.82,-0.01
12/20/2024,16:56:9,0.0,0.0,404.0,37.3,0.0,0.0,0.0,0.0,-0.01,0,1.21,2.42,0,0.0,0,255.89,0,0,0,0,0,0,0,0,0,1000.0,0,0,0,0,2.42,37.3,-1.0,0,37.3,0.0,37.3,0.0,0.0,0.0,255.89,-0.01
12/20/2024,16:56:10,0.0,0.0,404.0,37.3,0.0,0.0,0.0,0.0,-0.01,0,1.21,2.42,0,0.0,0,255.89,0,0,0,0,0,0,0,0,0,1000.0,0,0,0,0,2.42,37.3,-1.0,0,37.3,0.0,37.3,0.0,0.0,0.0,255.89,-0.01
12/20/2024,16:56:11,0.0,0.0,404.0,37.3,0.0,0.0,0.0,0.0,-0.01,0,1.21,2.42,0,0.0,0,255.97,0,0,0,0,0,0,0,0,0,1000.0,0,0,0,0,2.42,37.3,-1.0,0,37.3,0.0,37.3,0.0,0.0,0.0,255.97,-0.01
12/20/2024,16:56:12,0.0,0.0,404.0,37.3,0.0,0.0,0.0,0.0,-0.01,0,1.21,2.42,0,0.0,0,255.97,0,0,0,0,0,0,0,0,0,1000.0,0,0,0,0,2.42,37.3,-1.0,0,37.3,0.0,37.3,0.0,0.0,0.0,255.97,-0.01
12/20/2024,16:56:13,0.0,0.0,404.0,37.3,0.0,0.0,0.0,0.0,-0.01,0,1.21,2.42,0,0.0,0,256.04,0,0,0,0,0,0,0,0,0,1000.0,0,0,0,0,2.42,37.3,-1.0,0,37.3,0.0,37.3,0.0,0.0,0.0,256.04,-0.01
12/20/2024,16:56:14,0.0,0.0,404.0,37.3,0.0,0.0,0.0,0.0,-0.01,0,1.21,2.42,0,0.0,0,256.04,0,0,0,0,0,0,0,0,0,1000.0,0,0,0,0,2.42,37.3,-1.0,0,37.3,0.0,37.3,0.0,0.0,0.0,256.04,-0.01
12/20/2024,16:56:15,0.0,0.0,404.0,37.3,0.0,0.0,0.0,0.0,-0.01,0,1.21,2.42,0,0.0,0,256.12,0,0,0,0,0,0,0,0,0,1000.0,0,0,0,0,2.42,37.3,-1.0,0,37.3,0.0,37.3,0.0,0.0,0.0,256.12,-0.01
12/20/2024,16:56:16,0.0,0.0,404.0,37.3,0.0,0.0,0.0,0.0,-0.01,0,1.21,2.42,0,0.0,0,256.12,0,0,0,0,0,0,0,0,0,1000.0,0,0,0,0,2.42,37.3,-1.0,0,37.3,0.0,37.3,0.0,0.0,0.0,256.12,-0.01
12/20/2024,16:56:17,0.0,0.0,404.0,37.3,0.0,0.0,0.0,0.0,-0.01,0,1.21,2.42,0,0.0,0,256.19,0,0,0,0,0,0,0,0,0,1000.0,0,0,0,0,2.42,37.3,-1.0,0,37.3,0.0,37.3,0.0,0.0,0.0,256.19,-0.01
12/20/2024,16:56:18,0.0,0.0,404.0,37.3,0.0,0.0,0.0,0.0,-0.01,0,1.21,2.42,0,0.0,0,256.19,0,0,0,0,0,0,0,0,0,1000.0,0,0,0,0,2.42,37.3,-1.0,0,37.3,0.0,37.3,0.0,0.0,0.0,256.19,-0.01
12/20/2024,16:56:19,0.0,0.0,404.0,37.3,0.0,0.0,0.0,0.0,-0.01,0,1.21,2.42,0,0.0,0,256.27,0,0,0,0,0,0,0,0,0,1000.0,0,0,0,0,2.42,37.3,-1.0,0,37.3,0.0,37.3,0.0,0.0,0.0,256.27,-0.01
12/20/2024,16:56:20,0.0,0.0,404.0,37.3,0.0,0.0,0.0,0.0,-0.01,0,1.21,2.42,0,0.0,0,256.27,0,0,0,0,0,0,0,0,0,1000.0,0,0,0,0,2.42,37.3,-1.0,0,37.3,0.0,37.3,0.0,0.0,0.0,256.27,-0.01
12/20/2024,16:56:21,0.0,0.0,404.0,37.3,0.0,0.0,0.0,0.0,-0.01,0,1.21,2.42,0,0.0,0,256.34,0,0,0,0,0,0,0,0,0,1000.0,0,0,0,0,2.42,37.3,-1.0,0,37.3,0.0,37.3,0.0,0.0,0.0,256.34,-0.01
12/20/2024,16:56:22,0.0,0.0,404.0,37.3,0.0,0.0,0.0,0.0,-0.01,0,1.21,2.42,0,0.0,0,256.34,0,0,0,0,0,0,0,0,0,1000.0,0,0,0,0,2.42,37.3,-1.0,0,37.3,0.0,37.3,0.0,0.0,0.0,256.34,-0.01
12/20/2024,16:56:23,0.0,0.0,404.0,37.3,0.0,0.0,0.0,0.0,-0.01,0,1.21,2.42,0,0.0,0,256.42,0,0,0,0,0,0,0,0,0,1000.0,0,0,0,0,2.42,37.3,-1.0,0,37.3,0.0,37.3,0.0,0.0,0.0,256.42,-0.01
12/20/2024,16:56:24,0.0,0.0,404.0,37.3,0.0,0.0,0.0,0.0,-0.01,0,1.21,2.42,0,0.0,0,256.42,0,0,0,0,0,0,0,0,0,1000.0,0,0,0,0,2.42,37.3,-1.0,0,37.3,0.0,37.3,0.0,0.0,0.0,256.42,-0.01
12/20/2024,16:56:25,0.0,0.0,404.0,37.3,0.0,0.0,0.0,0.0,-0.01,0,1.21,2.42,0,0.0,0,256.49,0,0,0,0,0,0,0,0,0,1000.0,0,0,0,0,2.42,37.3,-1.0,0,37.3,0.0,37.3,0.0,0.0,0.0,256.49,-0.01
12/20/2024,16:56:26,0.0,0.0,404.0,37.3,0.0,0.0,0.0,0.0,-0.01,0,1.21,2.42,0,0.0,0,256.49,0,0,0,0,0,0,0,0,0,1000.0,0,0,0,0,2.42,37.3,-1.0,0,37.3,0.0,37.3,0.0,0.0,0.0,256.49,-0.01
12/20/2024,16:56:27,0.0,0.0,404.0,37.3,0.0,0.0,0.0,0.0,-0.01,0,1.21,2.42,0,0.0,0,256.53,0,0,0,0,0,0,0,0,0,1000.0,0,0,0,0,2.42,37.3,-1.0,0,37.3,0.0,37.3,0.0,0.0,0.0,256.53,-0.01
12/20/2024,16:56:28,0.0,0.0,404.0,37.3,0.0,0.0,0.0,0.0,-0.01,0,1.21,2.42,0,0.0,0,256.56,0,0,0,0,0,0,0,0,0,1000.0,0,0,0,0,2.42,37.3,-1.0,0,37.3,0.0,37.3,0.0,0.0,0.0,256.56,-0.01
12/20/2024,16:56:29,0.0,0.0,404.0,37.3,0.0,0.0,0.0,0.0,-0.01,0,1.21,2.42,0,0.0,0,256.6,0,0,0,0,0,0,0,0,0,1000.0,0,0,0,0,2.42,37.7,-1.0,0,37.3,0.0,37.7,0.0,0.0,0.0,256.6,-0.01
12/20/2024,16:56:30,0.0,0.0,404.0,37.7,0.0,0.0,0.0,0.0,-0.01,0,1.21,2.42,0,0.0,0,256.64,0,0,0,0,0,0,0,0,0,1000.0,0,0,0,0,2.42,40.4,-1.0,0,37.7,0.0,40.4,0.0,0.0,0.0,256.64,-0.01
12/20/2024,16:56:31,0.0,0.0,404.0,40.4,0.0,0.0,0.0,0.0,-0.01,0,1.21,2.42,0,0.0,0,256.68,0,0,0,0,0,0,0,0,0,1000.0,0,0,0,0,2.42,40.3,-1.0,0,40.4,0.0,40.3,0.0,0.0,0.0,256.68,-0.01
12/20/2024,16:56:32,0.0,0.0,404.0,40.3,0.0,0.0,0.0,0.0,-0.01,0,1.21,2.42,0,0.0,0,256.72,0,0,0,0,0,0,0,0,0,1000.0,0,0,0,0,2.42,40.0,-1.0,0,40.3,0.0,40.0,0.0,0.0,0.0,256.72,-0.01
12/20/2024,16:56:33,0.0,0.0,404.0,40.0,0.0,0.0,0.0,0.0,-0.01,0,1.21,2.42,0,0.0,0,256.8,0,0,0,0,0,0,0,0,0,1000.0,0,0,0,0,2.42,37.4,-1.0,0,40.0,0.0,37.4,0.0,0.0,0.0,256.8,-0.01
12/20/2024,16:56:34,0.0,0.0,404.0,37.4,0.0,0.0,0.0,0.0,-0.01,0,1.21,2.42,0,0.0,0,256.83,0,0,0,0,0,0,0,0,0,1000.0,0,0,0,0,2.42,36.3,-1.0,0,37.4,0.0,36.3,0.0,0.0,0.0,256.83,-0.01
12/20/2024,16:56:35,0.0,0.0,404.0,36.4,0.0,0.0,0.0,0.0,-0.01,0,1.21,2.42,0,0.0,0,256.87,0,0,0,0,0,0,0,0,0,1000.0,0,0,0,0,2.42,36.4,-1.0,0,36.4,0.0,36.4,0.0,0.0,0.0,256.87,-0.01
12/20/2024,16:56:36,0.0,0.0,404.0,36.5,0.0,0.0,0.0,0.0,-0.01,0,1.21,2.42,0,0.0,0,256.91,0,0,0,0,0,0,0,0,0,1000.0,0,0,0,0,2.42,36.5,-1.0,0,36.5,0.0,36.5,0.0,0.0,0.0,256.91,-0.01
12/20/2024,16:56:37,0.0,0.0,404.0,37.8,0.0,0.0,0.0,0.0,-0.01,0,1.21,2.42,0,0.0,0,256.94,0,0,0,0,0,0,0,0,0,1000.0,0,0,0,0,2.42,37.8,-1.0,0,37.8,0.0,37.8,0.0,0.0,0.0,256.94,-0.01
12/20/2024,16:56:38,0.0,0.0,404.0,38.4,0.0,0.0,0.0,0.0,-0.01,0,1.21,2.42,0,0.0,0,256.98,0,0,0,0,0,0,0,0,0,1000.0,0,0,0,0,2.42,38.4,-1.0,0,38.4,0.0,38.4,0.0,0.0,0.0,256.98,-0.01
12/20/2024,16:56:39,0.0,0.0,404.0,39.0,0.0,0.0,0.0,0.0,-0.01,0,1.21,2.42,0,0.0,0,257.02,0,0,0,0,0,0,0,0,0,1000.0,0,0,0,0,2.42,39.0,-1.0,0,39.0,0.0,39.0,0.0,0.0,0.0,257.02,-0.01
12/20/2024,16:56:40,0.0,0.0,404.0,41.2,0.0,0.0,0.0,0.0,-0.01,0,1.21,2.42,0,0.0,0,257.06,0,0,0,0,0,0,0,0,0,1000.0,0,0,0,0,2.42,41.2,-1.0,0,41.2,0.0,41.2,0.0,0.0,0.0,257.06,-0.01
12/20/2024,16:56:41,0.0,0.0,404.0,41.1,0.0,0.0,0.0,0.0,-0.01,0,1.21,2.42,0,0.0,0,257.1,0,0,0,0,0,0,0,0,0,1000.0,0,0,0,0,2.42,41.1,-1.0,0,41.1,0.0,41.1,0.0,0.0,0.0,257.1,-0.01
12/20/2024,16:56:42,0.0,0.0,404.0,42.5,0.0,0.0,0.0,0.0,-0.01,0,1.21,2.42,0,0.0,0,257.14,0,0,0,0,0,0,0,0,0,1000.0,0,0,0,0,2.42,42.5,-1.0,0,42.5,0.0,42.5,0.0,0.0,0.0,257.14,-0.01
12/20/2024,16:56:43,0.0,0.0,404.0,41.8,0.0,0.0,0.0,0.0,-0.01,0,1.21,2.42,0,0.0,0,257.18,0,0,0,0,0,0,0,0,0,1000.0,0,0,0,0,2.42,41.8,-1.0,0,41.8,0.0,41.8,0.0,0.0,0.0,257.18,-0.01
12/20/2024,16:56:44,0.0,0.0,404.0,39.1,0.0,0.0,0.0,0.0,-0.01,0,1.21,2.42,0,0.0,0,257.23,0,0,0,0,0,0,0,0,0,1000.0,0,0,0,0,2.42,39.1,-1.0,0,39.1,0.0,39.1,0.0,0.0,0.0,257.23,-0.01
12/20/2024,16:56:45,0.0,0.0,404.0,39.1,0.0,0.0,0.0,0.0,-0.01,0,1.21,2.42,0,0.0,0,257.26,0,0,0,0,0,0,0,0,0,1000.0,0,0,0,0,2.42,39.1,-1.0,0,39.1,0.0,39.1,0.0,0.0,0.0,257.26,-0.01
12/20/2024,16:56:46,0.0,0.0,404.0,39.1,0.0,0.0,0.0,0.0,-0.01,0,1.21,2.42,0,0.0,0,257.3,0,0,0,0,0,0,0,0,0,1000.0,0,0,0,0,2.42,39.1,-1.0,0,39.1,0.0,39.1,0.0,0.0,0.0,257.3,-0.01
12/20/2024,16:56:47,0.0,0.0,404.0,39.1,0.0,0.0,0.0,0.0,-0.01,0,1.21,2.42,0,0.0,0,257.34,0,0,0,0,0,0,0,0,0,1000.0,0,0,0,0,2.42,39.1,-1.0,0,39.1,0.0,39.1,0.0,0.0,0.0,257.34,-0.01
12/20/2024,16:56:48,0.0,0.0,404.0,39.1,0.0,0.0,0.0,0.0,-0.01,0,1.21,2.42,0,0.0,0,257.38,0,0,0,0,0,0,0,0,0,1000.0,0,0,0,0,2.42,39.1,-1.0,0,39.1,0.0,39.1,0.0,0.0,0.0,257.38,-0.01
12/20/2024,16:56:49,0.0,0.0,404.0,39.1,0.0,0.0,0.0,0.0,-0.01,0,1.21,2.42,0,0.0,0,257.42,0,0,0,0,0,0,0,0,0,1000.0,0,0,0,0,2.42,39.1,-1.0,0,39.1,0.0,39.1,0.0,0.0,0.0,257.42,-0.01
12/20/2024,16:56:50,0.0,0.0,404.0,39.1,0.0,0.0,0.0,0.0,-0.01,0,1.21,2.42,0,0.0,0,257.46,0,0,0,0,0,0,0,0,0,1000.0,0,0,0,0,2.42,39.1,-1.0,0,39.1,0.0,39.1,0.0,0.0,0.0,257.46,-0.01
12/20/2024,16:56:51,0.0,0.0,404.0,39.1,0.0,0.0,0.0,0.0,-0.01,0,1.21,2.42,0,0.0,0,257.5,0,0,0,0,0,0,0,0,0,1000.0,0,0,0,0,2.42,39.1,-1.0,0,39.1,0.0,39.1,0.0,0.0,0.0,257.5,-0.01
12/20/2024,16:56:52,0.0,0.0,404.0,39.1,0.0,0.0,0.0,0.0,-0.01,0,1.21,2.42,0,0.0,0,257.54,0,0,0,0,0,0,0,0,0,1000.0,0,0,0,0,2.42,39.1,-1.0,0,39.1,0.0,39.1,0.0,0.0,0.0,257.54,-0.01
12/20/2024,16:56:53,0.0,0.0,404.0,39.1,0.0,0.0,0.0,0.0,-0.01,0,1.21,2.42,0,0.0,0,257.58,0,0,0,0,0,0,0,0,0,1000.0,0,0,0,0,2.42,39.1,-1.0,0,39.1,0.0,39.1,0.0,0.0,0.0,257.58,-0.01
12/20/2024,16:56:54,0.0,0.0,404.0,39.1,0.0,0.0,0.0,0.0,-0.01,0,1.21,2.42,0,0.0,0,257.62,0,0,0,0,0,0,0,0,0,1000.0,0,0,0,0,2.42,39.1,-1.0,0,39.1,0.0,39.1,0.0,0.0,0.0,257.62,-0.01
12/20/2024,16:56:55,0.0,0.0,404.0,39.1,0.0,0.0,0.0,0.0,-0.01,0,1.21,2.42,0,0.0,0,257.66,0,0,0,0,0,0,0,0,0,1000.0,0,0,0,0,2.42,39.1,-1.0,0,39.1,0.0,39.1,0.0,0.0,0.0,257.66,-0.01
12/20/2024,16:56:56,0.0,0.0,404.0,39.1,0.0,0.0,0.0,0.0,-0.01,0,1.21,2.42,0,0.0,0,257.69,0,0,0,0,0,0,0,0,0,1000.0,0,0,0,0,2.42,39.1,-1.0,0,39.1,0.0,39.1,0.0,0.0,0.0,257.69,-0.01
12/20/2024,16:56:57,0.0,0.0,404.0,39.1,0.0,0.0,0.0,0.0,-0.01,0,1.21,2.42,0,0.0,0,257.73,0,0,0,0,0,0,0,0,0,1000.0,0,0,0,0,2.42,39.1,-1.0,0,39.1,0.0,39.1,0.0,0.0,0.0,257.73,-0.01
12/20/2024,16:56:58,0.0,0.0,404.0,39.1,0.0,0.0,0.0,0.0,-0.01,0,1.21,2.42,0,0.0,0,257.77,0,0,0,0,0,0,0,0,0,1000.0,0,0,0,0,2.42,39.1,-1.0,0,39.1,0.0,39.1,0.0,0.0,0.0,257.77,-0.01
12/20/2024,16:56:59,0.0,0.0,404.0,39.1,0.0,0.0,0.0,0.0,-0.01,0,1.21,2.42,0,0.0,0,257.77,0,0,0,0,0,0,0,0,0,1000.0,0,0,0,0,2.42,39.1,-1.0,0,39.1,0.0,39.1,0.0,0.0,0.0,257.77,-0.01
12/20/2024,16:57:0,0.0,0.0,404.0,39.1,0.0,0.0,0.0,0.0,-0.01,0,1.21,2.42,0,0.0,0,257.81,0,0,0,0,0,0,0,0,0,1000.0,0,0,0,0,2.42,39.1,-1.0,0,39.1,0.0,39.1,0.0,0.0,0.0,257.81,-0.01
12/20/2024,16:57:1,0.0,0.0,404.0,39.1,0.0,0.0,0.0,0.0,-0.01,0,1.21,2.42,0,0.0,0,257.89,0,0,0,0,0,0,0,0,0,1000.0,0,0,0,0,2.42,39.1,-1.0,0,39.1,0.0,39.1,0.0,0.0,0.0,257.89,-0.01
12/20/2024,16:57:2,0.0,0.0,404.0,39.1,0.0,0.0,0.0,0.0,-0.01,0,1.21,2.42,0,0.0,0,257.89,0,0,0,0,0,0,0,0,0,1000.0,0,0,0,0,2.42,39.1,-1.0,0,39.1,0.0,39.1,0.0,0.0,0.0,257.89,-0.01
12/20/2024,16:57:3,0.0,0.0,404.0,39.1,0.0,0.0,0.0,0.0,-0.01,0,1.21,2.42,0,0.0,0,257.97,0,0,0,0,0,0,0,0,0,1000.0,0,0,0,0,2.42,39.1,-1.0,0,39.1,0.0,39.1,0.0,0.0,0.0,257.97,-0.01
12/20/2024,16:57:4,0.0,0.0,404.0,39.1,0.0,0.0,0.0,0.0,-0.01,0,1.21,2.42,0,0.0,0,257.97,0,0,0,0,0,0,0,0,0,1000.0,0,0,0,0,2.42,39.1,-1.0,0,39.1,0.0,39.1,0.0,0.0,0.0,257.97,-0.01
12/20/2024,16:57:5,0.0,0.0,404.0,39.1,0.0,0.0,0.0,0.0,-0.01,0,1.21,2.42,0,0.0,0,258.05,0,0,0,0,0,0,0,0,0,1000.0,0,0,0,0,2.42,39.1,-1.0,0,39.1,0.0,39.1,0.0,0.0,0.0,258.05,-0.01
12/20/2024,16:57:6,0.0,0.0,404.0,39.1,0.0,0.0,0.0,0.0,-0.01,0,1.21,2.42,0,0.0,0,258.05,0,0,0,0,0,0,0,0,0,1000.0,0,0,0,0,2.42,39.1,-1.0,0,39.1,0.0,39.1,0.0,0.0,0.0,258.05,-0.01
12/20/2024,16:57:7,0.0,0.0,404.0,39.1,0.0,0.0,0.0,0.0,-0.01,0,1.21,2.42,0,0.0,0,258.12,0,0,0,0,0,0,0,0,0,1000.0,0,0,0,0,2.42,39.1,-1.0,0,39.1,0.0,39.1,0.0,0.0,0.0,258.12,-0.01
12/20/2024,16:57:8,0.0,0.0,404.0,39.1,0.0,0.0,0.0,0.0,-0.01,0,1.21,2.42,0,0.0,0,258.12,0,0,0,0,0,0,0,0,0,1000.0,0,0,0,0,2.42,39.1,-1.0,0,39.1,0.0,39.1,0.0,0.0,0.0,258.12,-0.01
12/20/2024,16:57:9,0.0,0.0,404.0,39.2,0.0,0.0,0.0,0.0,-0.01,0,1.21,2.42,0,0.0,0,258.2,0,0,0,0,0,0,0,0,0,1000.0,0,0,0,0,2.42,39.2,-1.0,0,39.2,0.0,39.2,0.0,0.0,0.0,258.2,-0.01
12/20/2024,16:57:10,0.0,0.0,404.0,39.2,0.0,0.0,0.0,0.0,-0.01,0,1.21,2.42,0,0.0,0,258.2,0,0,0,0,0,0,0,0,0,1000.0,0,0,0,0,2.42,39.2,-1.0,0,39.2,0.0,39.2,0.0,0.0,0.0,258.2,-0.01
12/20/2024,16:57:11,0.0,0.0,404.0,39.1,0.0,0.0,0.0,0.0,-0.01,0,1.21,2.42,0,0.0,0,258.24,0,0,0,0,0,0,0,0,0,1000.0,0,0,0,0,2.42,39.1,-1.0,0,39.1,0.0,39.1,0.0,0.0,0.0,258.24,-0.01
12/20/2024,16:57:12,0.0,0.0,404.0,39.1,0.0,0.0,0.0,0.0,-0.01,0,1.21,2.42,0,0.0,0,258.28,0,0,0,0,0,0,0,0,0,1000.0,0,0,0,0,2.42,39.1,-1.0,0,39.1,0.0,39.1,0.0,0.0,0.0,258.28,-0.01
12/20/2024,16:57:13,0.0,0.0,404.0,39.1,0.0,0.0,0.0,0.0,-0.01,0,1.21,2.42,0,0.0,0,258.32,0,0,0,0,0,0,0,0,0,1000.0,0,0,0,0,2.42,39.1,-1.0,0,39.1,0.0,39.1,0.0,0.0,0.0,258.32,-0.01
12/20/2024,16:57:14,0.0,0.0,404.0,39.1,0.0,0.0,0.0,0.0,-0.01,0,1.21,2.42,0,0.0,0,258.36,0,0,0,0,0,0,0,0,0,1000.0,0,0,0,0,2.42,39.1,-1.0,0,39.1,0.0,39.1,0.0,0.0,0.0,258.36,-0.01
12/20/2024,16:57:15,0.0,0.0,404.0,39.1,0.0,0.0,0.0,0.0,-0.01,0,1.21,2.42,0,0.0,0,258.4,0,0,0,0,0,0,0,0,0,1000.0,0,0,0,0,2.42,39.1,-1.0,0,39.1,0.0,39.1,0.0,0.0,0.0,258.4,-0.01
12/20/2024,16:57:16,0.0,0.0,404.0,39.1,0.0,0.0,0.0,0.0,-0.01,0,1.21,2.42,0,0.0,0,258.44,0,0,0,0,0,0,0,0,0,1000.0,0,0,0,0,2.42,39.1,-1.0,0,39.1,0.0,39.1,0.0,0.0,0.0,258.44,-0.01
12/20/2024,16:57:17,0.0,0.0,404.0,39.1,0.0,0.0,0.0,0.0,-0.01,0,1.21,2.42,0,0.0,0,258.48,0,0,0,0,0,0,0,0,0,1000.0,0,0,0,0,2.42,39.1,-1.0,0,39.1,0.0,39.1,0.0,0.0,0.0,258.48,-0.01
12/20/2024,16:57:18,0.0,0.0,404.0,39.1,0.0,0.0,0.0,0.0,-0.01,0,1.21,2.42,0,0.0,0,258.52,0,0,0,0,0,0,0,0,0,1000.0,0,0,0,0,2.42,39.1,-1.0,0,39.1,0.0,39.1,0.0,0.0,0.0,258.52,-0.01
12/20/2024,16:57:19,0.0,0.0,404.0,39.1,0.0,0.0,0.0,0.0,-0.01,0,1.21,2.42,0,0.0,0,258.55,0,0,0,0,0,0,0,0,0,1000.0,0,0,0,0,2.42,39.1,-1.0,0,39.1,0.0,39.1,0.0,0.0,0.0,258.55,-0.01
12/20/2024,16:57:20,0.0,0.0,404.0,39.1,0.0,0.0,0.0,0.0,-0.01,0,1.21,2.42,0,0.0,0,258.59,0,0,0,0,0,0,0,0,0,1000.0,0,0,0,0,2.42,39.1,-1.0,0,39.1,0.0,39.1,0.0,0.0,0.0,258.59,-0.01
12/20/2024,16:57:21,0.0,0.0,404.0,39.1,0.0,0.0,0.0,0.0,-0.01,0,1.21,2.42,0,0.0,0,258.63,0,0,0,0,0,0,0,0,0,1000.0,0,0,0,0,2.42,39.1,-1.0,0,39.1,0.0,39.1,0.0,0.0,0.0,258.63,-0.01
12/20/2024,16:57:22,0.0,0.0,404.0,39.1,0.0,0.0,0.0,0.0,-0.01,0,1.21,2.42,0,0.0,0,258.67,0,0,0,0,0,0,0,0,0,1000.0,0,0,0,0,2.42,39.1,-1.0,0,39.1,0.0,39.1,0.0,0.0,0.0,258.67,-0.01
12/20/2024,16:57:23,0.0,0.0,404.0,39.1,0.0,0.0,0.0,0.0,-0.01,0,1.21,2.42,0,0.0,0,258.75,0,0,0,0,0,0,0,0,0,1000.0,0,0,0,0,2.42,39.1,-1.0,0,39.1,0.0,39.1,0.0,0.0,0.0,258.75,-0.01
12/20/2024,16:57:24,0.0,0.0,404.0,39.1,0.0,0.0,0.0,0.0,-0.01,0,1.21,2.42,0,0.0,0,258.79,0,0,0,0,0,0,0,0,0,1000.0,0,0,0,0,2.42,39.1,-1.0,0,39.1,0.0,39.1,0.0,0.0,0.0,258.79,-0.01
12/20/2024,16:57:25,0.0,0.0,404.0,39.1,0.0,0.0,0.0,0.0,-0.01,0,1.21,2.42,0,0.0,0,258.83,0,0,0,0,0,0,0,0,0,1000.0,0,0,0,0,2.42,39.1,-1.0,0,39.1,0.0,39.1,0.0,0.0,0.0,258.83,-0.01
12/20/2024,16:57:26,0.0,0.0,404.0,39.1,0.0,0.0,0.0,0.0,-0.01,0,1.21,2.42,0,0.0,0,258.87,0,0,0,0,0,0,0,0,0,1000.0,0,0,0,0,2.42,39.1,-1.0,0,39.1,0.0,39.1,0.0,0.0,0.0,258.87,-0.01
12/20/2024,16:57:27,0.0,0.0,404.0,39.1,0.0,0.0,0.0,0.0,-0.01,0,1.21,2.42,0,0.0,0,258.91,0,0,0,0,0,0,0,0,0,1000.0,0,0,0,0,2.42,39.1,-1.0,0,39.1,0.0,39.1,0.0,0.0,0.0,258.91,-0.01
12/20/2024,16:57:28,0.0,0.0,404.0,39.1,0.0,0.0,0.0,0.0,-0.01,0,1.21,2.42,0,0.0,0,258.95,0,0,0,0,0,0,0,0,0,1000.0,0,0,0,0,2.42,39.1,-1.0,0,39.1,0.0,39.1,0.0,0.0,0.0,258.95,-0.01
12/20/2024,16:57:29,0.0,0.0,404.0,39.1,0.0,0.0,0.0,0.0,-0.01,0,1.21,2.42,0,0.0,0,258.99,0,0,0,0,0,0,0,0,0,1000.0,0,0,0,0,2.42,39.1,-1.0,0,39.1,0.0,39.1,0.0,0.0,0.0,258.99,-0.01
12/20/2024,16:57:30,0.0,0.0,404.0,39.1,0.0,0.0,0.0,0.0,-0.01,0,1.21,2.42,0,0.0,0,259.02,0,0,0,0,0,0,0,0,0,1000.0,0,0,0,0,2.42,39.1,-1.0,0,39.1,0.0,39.1,0.0,0.0,0.0,259.02,-0.01
12/20/2024,16:57:31,0.0,0.0,404.0,39.1,0.0,0.0,0.0,0.0,-0.01,0,1.21,2.42,0,0.0,0,259.06,0,0,0,0,0,0,0,0,0,1000.0,0,0,0,0,2.42,39.1,-1.0,0,39.1,0.0,39.1,0.0,0.0,0.0,259.06,-0.01
12/20/2024,16:57:32,0.0,0.0,404.0,39.1,0.0,0.0,0.0,0.0,-0.01,0,1.21,2.42,0,0.0,0,259.1,0,0,0,0,0,0,0,0,0,1000.0,0,0,0,0,2.42,39.1,-1.0,0,39.1,0.0,39.1,0.0,0.0,0.0,259.1,-0.01
12/20/2024,16:57:33,0.0,0.0,404.0,39.1,0.0,0.0,0.0,0.0,-0.01,0,1.21,2.42,0,0.0,0,259.14,0,0,0,0,0,0,0,0,0,1000.0,0,0,0,0,2.42,39.1,-1.0,0,39.1,0.0,39.1,0.0,0.0,0.0,259.14,-0.01
12/20/2024,16:57:34,0.0,0.0,404.0,39.1,0.0,0.0,0.0,0.0,-0.01,0,1.21,2.42,0,0.0,0,259.18,0,0,0,0,0,0,0,0,0,1000.0,0,0,0,0,2.42,39.1,-1.0,0,39.1,0.0,39.1,0.0,0.0,0.0,259.18,-0.01
12/20/2024,16:57:35,0.0,0.0,404.0,39.1,0.0,0.0,0.0,0.0,-0.01,0,1.21,2.42,0,0.0,0,259.22,0,0,0,0,0,0,0,0,0,1000.0,0,0,0,0,2.42,39.1,-1.0,0,39.1,0.0,39.1,0.0,0.0,0.0,259.22,-0.01
12/20/2024,16:57:36,0.0,0.0,404.0,39.1,0.0,0.0,0.0,0.0,-0.01,0,1.21,2.42,0,0.0,0,259.26,0,0,0,0,0,0,0,0,0,1000.0,0,0,0,0,2.42,39.1,-1.0,0,39.1,0.0,39.1,0.0,0.0,0.0,259.26,-0.01
12/20/2024,16:57:37,0.0,0.0,404.0,39.1,0.0,0.0,0.0,0.0,-0.01,0,1.21,2.42,0,0.0,0,259.3,0,0,0,0,0,0,0,0,0,1000.0,0,0,0,0,2.42,39.1,-1.0,0,39.1,0.0,39.1,0.0,0.0,0.0,259.3,-0.01
12/20/2024,16:57:38,0.0,0.0,404.0,39.1,0.0,0.0,0.0,0.0,-0.01,0,1.21,2.42,0,0.0,0,259.34,0,0,0,0,0,0,0,0,0,1000.0,0,0,0,0,2.42,39.1,-1.0,0,39.1,0.0,39.1,0.0,0.0,0.0,259.34,-0.01
12/20/2024,16:57:39,0.0,0.0,404.0,39.1,0.0,0.0,0.0,0.0,-0.01,0,1.21,2.42,0,0.0,0,259.38,0,0,0,0,0,0,0,0,0,1000.0,0,0,0,0,2.42,39.1,-1.0,0,39.1,0.0,39.1,0.0,0.0,0.0,259.38,-0.01
12/20/2024,16:57:40,0.0,0.0,404.0,39.1,0.0,0.0,0.0,0.0,-0.01,0,1.21,2.42,0,0.0,0,259.42,0,0,0,0,0,0,0,0,0,1000.0,0,0,0,0,2.42,39.1,-1.0,0,39.1,0.0,39.1,0.0,0.0,0.0,259.42,-0.01
12/20/2024,16:57:41,0.0,0.0,404.0,39.1,0.0,0.0,0.0,0.0,-0.01,0,1.21,2.42,0,0.0,0,259.45,0,0,0,0,0,0,0,0,0,1000.0,0,0,0,0,2.42,39.1,-1.0,0,39.1,0.0,39.1,0.0,0.0,0.0,259.45,-0.01
12/20/2024,16:57:42,0.0,0.0,404.0,39.1,0.0,0.0,0.0,0.0,-0.01,0,1.21,2.42,0,0.0,0,259.49,0,0,0,0,0,0,0,0,0,1000.0,0,0,0,0,2.42,39.1,-1.0,0,39.1,0.0,39.1,0.0,0.0,0.0,259.49,-0.01
12/20/2024,16:57:43,0.0,0.0,404.0,39.1,0.0,0.0,0.0,0.0,-0.01,0,1.21,2.42,0,0.0,0,259.53,0,0,0,0,0,0,0,0,0,1000.0,0,0,0,0,2.42,39.1,-1.0,0,39.1,0.0,39.1,0.0,0.0,0.0,259.53,-0.01
12/20/2024,16:57:44,0.0,0.0,404.0,39.1,0.0,0.0,0.0,0.0,-0.01,0,1.21,2.42,0,0.0,0,259.57,0,0,0,0,0,0,0,0,0,1000.0,0,0,0,0,2.42,39.1,-1.0,0,39.1,0.0,39.1,0.0,0.0,0.0,259.57,-0.01
12/20/2024,16:57:45,0.0,0.0,404.0,39.1,0.0,0.0,0.0,0.0,-0.01,0,1.21,2.42,0,0.0,0,259.61,0,0,0,0,0,0,0,0,0,1000.0,0,0,0,0,2.42,39.1,-1.0,0,39.1,0.0,39.1,0.0,0.0,0.0,259.61,-0.01
12/20/2024,16:57:46,0.0,0.0,404.0,39.1,0.0,0.0,0.0,0.0,-0.01,0,1.21,2.42,0,0.0,0,259.65,0,0,0,0,0,0,0,0,0,1000.0,0,0,0,0,2.42,39.1,-1.0,0,39.1,0.0,39.1,0.0,0.0,0.0,259.65,-0.01
12/20/2024,16:57:47,0.0,0.0,404.0,39.1,0.0,0.0,0.0,0.0,-0.01,0,1.21,2.42,0,0.0,0,259.69,0,0,0,0,0,0,0,0,0,1000.0,0,0,0,0,2.42,39.1,-1.0,0,39.1,0.0,39.1,0.0,0.0,0.0,259.69,-0.01
12/20/2024,16:57:48,0.0,0.0,404.0,39.1,0.0,0.0,0.0,0.0,-0.01,0,1.21,2.42,0,0.0,0,259.69,0,0,0,0,0,0,0,0,0,1000.0,0,0,0,0,2.42,39.1,-1.0,0,39.1,0.0,39.1,0.0,0.0,0.0,259.69,-0.01
12/20/2024,16:57:49,0.0,0.0,404.0,39.1,0.0,0.0,0.0,0.0,-0.01,0,1.21,2.42,0,0.0,0,259.77,0,0,0,0,0,0,0,0,0,1000.0,0,0,0,0,2.42,39.1,-1.0,0,39.1,0.0,39.1,0.0,0.0,0.0,259.77,-0.01
12/20/2024,16:57:50,0.0,0.0,404.0,39.1,0.0,0.0,0.0,0.0,-0.01,0,1.21,2.42,0,0.0,0,259.77,0,0,0,0,0,0,0,0,0,1000.0,0,0,0,0,2.42,39.1,-1.0,0,39.1,0.0,39.1,0.0,0.0,0.0,259.77,-0.01
12/20/2024,16:57:51,0.0,0.0,404.0,39.1,0.0,0.0,0.0,0.0,-0.01,0,1.21,2.42,0,0.0,0,259.85,0,0,0,0,0,0,0,0,0,1000.0,0,0,0,0,2.42,39.1,-1.0,0,39.1,0.0,39.1,0.0,0.0,0.0,259.85,-0.01
12/20/2024,16:57:52,0.0,0.0,404.0,39.1,0.0,0.0,0.0,0.0,-0.01,0,1.21,2.42,0,0.0,0,259.85,0,0,0,0,0,0,0,0,0,1000.0,0,0,0,0,2.42,39.1,-1.0,0,39.1,0.0,39.1,0.0,0.0,0.0,259.85,-0.01
12/20/2024,16:57:53,0.0,0.0,404.0,39.1,0.0,0.0,0.0,0.0,-0.01,0,1.21,2.42,0,0.0,0,259.92,0,0,0,0,0,0,0,0,0,1000.0,0,0,0,0,2.42,39.1,-1.0,0,39.1,0.0,39.1,0.0,0.0,0.0,259.92,-0.01
12/20/2024,16:57:54,0.0,0.0,404.0,39.1,0.0,0.0,0.0,0.0,-0.01,0,1.21,2.42,0,0.0,0,259.92,0,0,0,0,0,0,0,0,0,1000.0,0,0,0,0,2.42,39.1,-1.0,0,39.1,0.0,39.1,0.0,0.0,0.0,259.92,-0.01
12/20/2024,16:57:55,0.0,0.0,404.0,39.1,0.0,0.0,0.0,0.0,-0.01,0,1.21,2.42,0,0.0,0,260.0,0,0,0,0,0,0,0,0,0,1000.0,0,0,0,0,2.42,39.1,-1.0,0,39.1,0.0,39.1,0.0,0.0,0.0,260.0,-0.01
12/20/2024,16:57:59,0.0,0.0,404.0,39.1,0.0,0.0,0.0,0.0,-0.01,0,1.21,2.42,0,0.0,0,260.12,0,0,0,0,0,0,0,0,0,1000.0,0,0,0,0,2.42,39.1,-1.0,0,39.1,0.0,39.1,0.0,0.0,0.0,260.12,-0.01
12/20/2024,16:58:0,0.0,0.0,404.0,39.1,0.0,0.0,0.0,0.0,-0.01,0,1.21,2.42,0,0.0,0,260.16,0,0,0,0,0,0,0,0,0,1000.0,0,0,0,0,2.42,39.1,-1.0,0,39.1,0.0,39.1,0.0,0.0,0.0,260.16,-0.01
12/20/2024,16:58:1,0.0,0.0,404.0,39.1,0.0,0.0,0.0,0.0,-0.01,0,1.21,2.42,0,0.0,0,260.2,0,0,0,0,0,0,0,0,0,1000.0,0,0,0,0,2.42,39.1,-1.0,0,39.1,0.0,39.1,0.0,0.0,0.0,260.2,-0.01
12/20/2024,16:58:2,0.0,0.0,404.0,39.1,0.0,0.0,0.0,0.0,-0.01,0,1.21,2.42,0,0.0,0,260.24,0,0,0,0,0,0,0,0,0,1000.0,0,0,0,0,2.42,39.1,-1.0,0,39.1,0.0,39.1,0.0,0.0,0.0,260.24,-0.01
12/20/2024,16:58:3,0.0,0.0,404.0,39.1,0.0,0.0,0.0,0.0,-0.01,0,1.21,2.42,0,0.0,0,260.28,0,0,0,0,0,0,0,0,0,1000.0,0,0,0,0,2.42,39.1,-1.0,0,39.1,0.0,39.1,0.0,0.0,0.0,260.28,-0.01
12/20/2024,16:58:4,0.0,0.0,404.0,39.1,0.0,0.0,0.0,0.0,-0.01,0,1.21,2.42,0,0.0,0,260.31,0,0,0,0,0,0,0,0,0,1000.0,0,0,0,0,2.42,39.1,-1.0,0,39.1,0.0,39.1,0.0,0.0,0.0,260.31,-0.01
12/20/2024,16:58:5,0.0,0.0,404.0,39.1,0.0,0.0,0.0,0.0,-0.01,0,1.21,2.42,0,0.0,0,260.35,0,0,0,0,0,0,0,0,0,1000.0,0,0,0,0,2.42,39.1,-1.0,0,39.1,0.0,39.1,0.0,0.0,0.0,260.35,-0.01
12/20/2024,16:58:6,0.0,0.0,404.0,39.1,0.0,0.0,0.0,0.0,-0.01,0,1.21,2.42,0,0.0,0,260.39,0,0,0,0,0,0,0,0,0,1000.0,0,0,0,0,2.42,39.1,-1.0,0,39.1,0.0,39.1,0.0,0.0,0.0,260.39,-0.01
12/20/2024,16:58:7,0.0,0.0,404.0,39.1,0.0,0.0,0.0,0.0,-0.01,0,1.21,2.42,0,0.0,0,260.43,0,0,0,0,0,0,0,0,0,1000.0,0,0,0,0,2.42,39.1,-1.0,0,39.1,0.0,39.1,0.0,0.0,0.0,260.43,-0.01
12/20/2024,16:58:8,0.0,0.0,404.0,39.1,0.0,0.0,0.0,0.0,-0.01,0,1.21,2.42,0,0.0,0,260.51,0,0,0,0,0,0,0,0,0,1000.0,0,0,0,0,2.42,39.1,-1.0,0,39.1,0.0,39.1,0.0,0.0,0.0,260.51,-0.01
12/20/2024,16:58:9,0.0,0.0,404.0,39.1,0.0,0.0,0.0,0.0,-0.01,0,1.21,2.42,0,0.0,0,260.55,0,0,0,0,0,0,0,0,0,1000.0,0,0,0,0,2.42,39.1,-1.0,0,39.1,0.0,39.1,0.0,0.0,0.0,260.55,-0.01
12/20/2024,16:58:10,0.0,0.0,404.0,39.1,0.0,0.0,0.0,0.0,-0.01,0,1.21,2.42,0,0.0,0,260.59,0,0,0,0,0,0,0,0,0,1000.0,0,0,0,0,2.42,39.1,-1.0,0,39.1,0.0,39.1,0.0,0.0,0.0,260.59,-0.01
12/20/2024,16:58:11,0.0,0.0,404.0,39.1,0.0,0.0,0.0,0.0,-0.01,0,1.21,2.42,0,0.0,0,260.63,0,0,0,0,0,0,0,0,0,1000.0,0,0,0,0,2.42,39.1,-1.0,0,39.1,0.0,39.1,0.0,0.0,0.0,260.63,-0.01
12/20/2024,16:58:12,0.0,0.0,404.0,39.1,0.0,0.0,0.0,0.0,-0.01,0,1.21,2.42,0,0.0,0,260.67,0,0,0,0,0,0,0,0,0,1000.0,0,0,0,0,2.42,39.1,-1.0,0,39.1,0.0,39.1,0.0,0.0,0.0,260.67,-0.01
12/20/2024,16:58:13,0.0,0.0,404.0,39.1,0.0,0.0,0.0,0.0,-0.01,0,1.21,2.42,0,0.0,0,260.71,0,0,0,0,0,0,0,0,0,1000.0,0,0,0,0,2.42,39.1,-1.0,0,39.1,0.0,39.1,0.0,0.0,0.0,260.71,-0.01
12/20/2024,16:58:14,0.0,0.0,404.0,39.1,0.0,0.0,0.0,0.0,-0.01,0,1.21,2.42,0,0.0,0,260.74,0,0,0,0,0,0,0,0,0,1000.0,0,0,0,0,2.42,39.1,-1.0,0,39.1,0.0,39.1,0.0,0.0,0.0,260.74,-0.01
12/20/2024,16:58:15,0.0,0.0,404.0,39.1,0.0,0.0,0.0,0.0,-0.01,0,1.21,2.42,0,0.0,0,260.78,0,0,0,0,0,0,0,0,0,1000.0,0,0,0,0,2.42,39.1,-1.0,0,39.1,0.0,39.1,0.0,0.0,0.0,260.78,-0.01
12/20/2024,16:58:16,0.0,0.0,404.0,39.1,0.0,0.0,0.0,0.0,-0.01,0,1.21,2.42,0,0.0,0,260.82,0,0,0,0,0,0,0,0,0,1000.0,0,0,0,0,2.42,39.1,-1.0,0,39.1,0.0,39.1,0.0,0.0,0.0,260.82,-0.01
12/20/2024,16:58:17,0.0,0.0,404.0,39.1,0.0,0.0,0.0,0.0,-0.01,0,1.21,2.42,0,0.0,0,260.86,0,0,0,0,0,0,0,0,0,1000.0,0,0,0,0,2.42,39.1,-1.0,0,39.1,0.0,39.1,0.0,0.0,0.0,260.86,-0.01
12/20/2024,16:58:18,0.0,0.0,404.0,39.1,0.0,0.0,0.0,0.0,-0.01,0,1.21,2.42,0,0.0,0,260.9,0,0,0,0,0,0,0,0,0,1000.0,0,0,0,0,2.42,39.1,-1.0,0,39.1,0.0,39.1,0.0,0.0,0.0,260.9,-0.01
12/20/2024,16:58:19,0.0,0.0,404.0,39.1,0.0,0.0,0.0,0.0,-0.01,0,1.21,2.42,0,0.0,0,260.94,0,0,0,0,0,0,0,0,0,1000.0,0,0,0,0,2.42,39.1,-1.0,0,39.1,0.0,39.1,0.0,0.0,0.0,260.94,-0.01
12/20/2024,16:58:20,0.0,0.0,404.0,39.1,0.0,0.0,0.0,0.0,-0.01,0,1.21,2.42,0,0.0,0,260.98,0,0,0,0,0,0,0,0,0,1000.0,0,0,0,0,2.42,39.1,-1.0,0,39.1,0.0,39.1,0.0,0.0,0.0,260.98,-0.01
12/20/2024,16:58:21,0.0,0.0,404.0,39.1,0.0,0.0,0.0,0.0,-0.01,0,1.21,2.42,0,0.0,0,261.02,0,0,0,0,0,0,0,0,0,1000.0,0,0,0,0,2.42,39.1,-1.0,0,39.1,0.0,39.1,0.0,0.0,0.0,261.02,-0.01
12/20/2024,16:58:22,0.0,0.0,404.0,39.1,0.0,0.0,0.0,0.0,-0.01,0,1.21,2.42,0,0.0,0,261.06,0,0,0,0,0,0,0,0,0,1000.0,0,0,0,0,2.42,39.1,-1.0,0,39.1,0.0,39.1,0.0,0.0,0.0,261.06,-0.01
12/20/2024,16:58:23,0.0,0.0,404.0,39.1,0.0,0.0,0.0,0.0,-0.01,0,1.21,2.42,0,0.0,0,261.1,0,0,0,0,0,0,0,0,0,1000.0,0,0,0,0,2.42,39.1,-1.0,0,39.1,0.0,39.1,0.0,0.0,0.0,261.1,-0.01
12/20/2024,16:58:24,0.0,0.0,404.0,39.1,0.0,0.0,0.0,0.0,-0.01,0,1.21,2.42,0,0.0,0,261.14,0,0,0,0,0,0,0,0,0,1000.0,0,0,0,0,2.42,39.1,-1.0,0,39.1,0.0,39.1,0.0,0.0,0.0,261.14,-0.01
12/20/2024,16:58:25,0.0,0.0,404.0,39.1,0.0,0.0,0.0,0.0,-0.01,0,1.21,2.42,0,0.0,0,261.17,0,0,0,0,0,0,0,0,0,1000.0,0,0,0,0,2.42,39.1,-1.0,0,39.1,0.0,39.1,0.0,0.0,0.0,261.17,-0.01
12/20/2024,16:58:26,0.0,0.0,404.0,39.1,0.0,0.0,0.0,0.0,-0.01,0,1.21,2.42,0,0.0,0,261.17,0,0,0,0,0,0,0,0,0,1000.0,0,0,0,0,2.42,39.1,-1.0,0,39.1,0.0,39.1,0.0,0.0,0.0,261.17,-0.01
12/20/2024,16:58:27,0.0,0.0,404.0,39.1,0.0,0.0,0.0,0.0,-0.01,0,1.21,2.42,0,0.0,0,261.25,0,0,0,0,0,0,0,0,0,1000.0,0,0,0,0,2.42,39.1,-1.0,0,39.1,0.0,39.1,0.0,0.0,0.0,261.25,-0.01
12/20/2024,16:58:28,0.0,0.0,404.0,39.1,0.0,0.0,0.0,0.0,-0.01,0,1.21,2.42,0,0.0,0,261.25,0,0,0,0,0,0,0,0,0,1000.0,0,0,0,0,2.42,39.1,-1.0,0,39.1,0.0,39.1,0.0,0.0,0.0,261.25,-0.01
12/20/2024,16:58:29,0.0,0.0,404.0,39.1,0.0,0.0,0.0,0.0,-0.01,0,1.21,2.42,0,0.0,0,261.33,0,0,0,0,0,0,0,0,0,1000.0,0,0,0,0,2.42,39.1,-1.0,0,39.1,0.0,39.1,0.0,0.0,0.0,261.33,-0.01
12/20/2024,16:58:30,0.0,0.0,404.0,39.1,0.0,0.0,0.0,0.0,-0.01,0,1.21,2.42,0,0.0,0,261.33,0,0,0,0,0,0,0,0,0,1000.0,0,0,0,0,2.42,39.1,-1.0,0,39.1,0.0,39.1,0.0,0.0,0.0,261.33,-0.01
12/20/2024,16:58:31,0.0,0.0,404.0,39.1,0.0,0.0,0.0,0.0,-0.01,0,1.21,2.42,0,0.0,0,261.41,0,0,0,0,0,0,0,0,0,1000.0,0,0,0,0,2.42,39.1,-1.0,0,39.1,0.0,39.1,0.0,0.0,0.0,261.41,-0.01
12/20/2024,16:58:32,0.0,0.0,404.0,39.1,0.0,0.0,0.0,0.0,-0.01,0,1.21,2.42,0,0.0,0,261.41,0,0,0,0,0,0,0,0,0,1000.0,0,0,0,0,2.42,39.1,-1.0,0,39.1,0.0,39.1,0.0,0.0,0.0,261.41,-0.01
12/20/2024,16:58:33,0.0,0.0,404.0,39.1,0.0,0.0,0.0,0.0,-0.01,0,1.21,2.42,0,0.0,0,261.49,0,0,0,0,0,0,0,0,0,1000.0,0,0,0,0,2.42,39.1,-1.0,0,39.1,0.0,39.1,0.0,0.0,0.0,261.49,-0.01
12/20/2024,16:58:34,0.0,0.0,404.0,39.1,0.0,0.0,0.0,0.0,-0.01,0,1.21,2.42,0,0.0,0,261.49,0,0,0,0,0,0,0,0,0,1000.0,0,0,0,0,2.42,39.1,-1.0,0,39.1,0.0,39.1,0.0,0.0,0.0,261.49,-0.01
12/20/2024,16:58:35,0.0,0.0,404.0,39.1,0.0,0.0,0.0,0.0,-0.01,0,1.21,2.42,0,0.0,0,261.57,0,0,0,0,0,0,0,0,0,1000.0,0,0,0,0,2.42,39.1,-1.0,0,39.1,0.0,39.1,0.0,0.0,0.0,261.57,-0.01
12/20/2024,16:58:36,0.0,0.0,404.0,39.1,0.0,0.0,0.0,0.0,-0.01,0,1.21,2.42,0,0.0,0,261.57,0,0,0,0,0,0,0,0,0,1000.0,0,0,0,0,2.42,39.1,-1.0,0,39.1,0.0,39.1,0.0,0.0,0.0,261.57,-0.01
12/20/2024,16:58:37,0.0,0.0,404.0,39.1,0.0,0.0,0.0,0.0,-0.01,0,1.21,2.42,0,0.0,0,261.64,0,0,0,0,0,0,0,0,0,1000.0,0,0,0,0,2.42,39.1,-1.0,0,39.1,0.0,39.1,0.0,0.0,0.0,261.64,-0.01
12/20/2024,16:58:38,0.0,0.0,404.0,39.1,0.0,0.0,0.0,0.0,-0.01,0,1.21,2.42,0,0.0,0,261.64,0,0,0,0,0,0,0,0,0,1000.0,0,0,0,0,2.42,39.1,-1.0,0,39.1,0.0,39.1,0.0,0.0,0.0,261.64,-0.01
12/20/2024,16:58:39,0.0,0.0,404.0,39.1,0.0,0.0,0.0,0.0,-0.01,0,1.21,2.42,0,0.0,0,261.72,0,0,0,0,0,0,0,0,0,1000.0,0,0,0,0,2.42,39.1,-1.0,0,39.1,0.0,39.1,0.0,0.0,0.0,261.72,-0.01
12/20/2024,16:58:40,0.0,0.0,404.0,39.1,0.0,0.0,0.0,0.0,-0.01,0,1.21,2.42,0,0.0,0,261.72,0,0,0,0,0,0,0,0,0,1000.0,0,0,0,0,2.42,39.1,-1.0,0,39.1,0.0,39.1,0.0,0.0,0.0,261.72,-0.01
12/20/2024,16:58:41,0.0,0.0,404.0,39.1,0.0,0.0,0.0,0.0,-0.01,0,1.21,2.42,0,0.0,0,261.76,0,0,0,0,0,0,0,0,0,1000.0,0,0,0,0,2.42,39.1,-1.0,0,39.1,0.0,39.1,0.0,0.0,0.0,261.76,-0.01
12/20/2024,16:58:42,0.0,0.0,404.0,39.1,0.0,0.0,0.0,0.0,-0.01,0,1.21,2.42,0,0.0,0,261.8,0,0,0,0,0,0,0,0,0,1000.0,0,0,0,0,2.42,39.1,-1.0,0,39.1,0.0,39.1,0.0,0.0,0.0,261.8,-0.01
12/20/2024,16:58:43,0.0,0.0,404.0,39.1,0.0,0.0,0.0,0.0,-0.01,0,1.21,2.42,0,0.0,0,261.84,0,0,0,0,0,0,0,0,0,1000.0,0,0,0,0,2.42,39.1,-1.0,0,39.1,0.0,39.1,0.0,0.0,0.0,261.84,-0.01
12/20/2024,16:58:44,0.0,0.0,404.0,39.1,0.0,0.0,0.0,0.0,-0.01,0,1.21,2.42,0,0.0,0,261.88,0,0,0,0,0,0,0,0,0,1000.0,0,0,0,0,2.42,39.1,-1.0,0,39.1,0.0,39.1,0.0,0.0,0.0,261.88,-0.01
12/20/2024,16:58:45,0.0,0.0,404.0,39.1,0.0,0.0,0.0,0.0,-0.01,0,1.21,2.42,0,0.0,0,261.92,0,0,0,0,0,0,0,0,0,1000.0,0,0,0,0,2.42,39.1,-1.0,0,39.1,0.0,39.1,0.0,0.0,0.0,261.92,-0.01
12/20/2024,16:58:46,0.0,0.0,404.0,39.1,0.0,0.0,0.0,0.0,-0.01,0,1.21,2.42,0,0.0,0,261.96,0,0,0,0,0,0,0,0,0,1000.0,0,0,0,0,2.42,39.1,-1.0,0,39.1,0.0,39.1,0.0,0.0,0.0,261.96,-0.01
12/20/2024,16:58:47,0.0,0.0,404.0,39.1,0.0,0.0,0.0,0.0,-0.01,0,1.21,2.42,0,0.0,0,262.0,0,0,0,0,0,0,0,0,0,1000.0,0,0,0,0,2.42,39.1,-1.0,0,39.1,0.0,39.1,0.0,0.0,0.0,262.0,-0.01
12/20/2024,16:58:48,0.0,0.0,404.0,39.1,0.0,0.0,0.0,0.0,-0.01,0,1.21,2.42,0,0.0,0,262.03,0,0,0,0,0,0,0,0,0,1000.0,0,0,0,0,2.42,39.1,-1.0,0,39.1,0.0,39.1,0.0,0.0,0.0,262.03,-0.01
12/20/2024,16:58:49,0.0,0.0,404.0,39.1,0.0,0.0,0.0,0.0,-0.01,0,1.21,2.42,0,0.0,0,262.07,0,0,0,0,0,0,0,0,0,1000.0,0,0,0,0,2.42,39.1,-1.0,0,39.1,0.0,39.1,0.0,0.0,0.0,262.07,-0.01
12/20/2024,16:58:50,0.0,0.0,404.0,39.1,0.0,0.0,0.0,0.0,-0.01,0,1.21,2.42,0,0.0,0,262.15,0,0,0,0,0,0,0,0,0,1000.0,0,0,0,0,2.42,39.1,-1.0,0,39.1,0.0,39.1,0.0,0.0,0.0,262.15,-0.01
12/20/2024,16:58:53,0.0,0.0,404.0,39.1,0.0,0.0,0.0,0.0,-0.01,0,1.21,2.42,0,0.0,0,262.27,0,0,0,0,0,0,0,0,0,1000.0,0,0,0,0,2.42,39.1,-1.0,0,39.1,0.0,39.1,0.0,0.0,0.0,262.27,-0.01
12/20/2024,16:58:54,0.0,0.0,404.0,39.1,0.0,0.0,0.0,0.0,-0.01,0,1.21,2.42,0,0.0,0,262.31,0,0,0,0,0,0,0,0,0,1000.0,0,0,0,0,2.42,39.1,-1.0,0,39.1,0.0,39.1,0.0,0.0,0.0,262.31,-0.01
12/20/2024,16:58:55,0.0,0.0,404.0,39.1,0.0,0.0,0.0,0.0,-0.01,0,1.21,2.42,0,0.0,0,262.35,0,0,0,0,0,0,0,0,0,1000.0,0,0,0,0,2.42,39.1,-1.0,0,39.1,0.0,39.1,0.0,0.0,0.0,262.35,-0.01
12/20/2024,16:58:58,0.0,0.0,404.0,39.1,0.0,0.0,0.0,0.0,-0.01,0,1.21,2.42,0,0.0,0,262.46,0,0,0,0,0,0,0,0,0,1000.0,0,0,0,0,2.42,39.1,-1.0,0,39.1,0.0,39.1,0.0,0.0,0.0,262.46,-0.01
12/20/2024,16:59:1,0.0,0.0,404.0,39.1,0.0,0.0,0.0,0.0,-0.01,0,1.21,2.42,0,0.0,0,262.58,0,0,0,0,0,0,0,0,0,1000.0,0,0,0,0,2.42,39.1,-1.0,0,39.1,0.0,39.1,0.0,0.0,0.0,262.58,-0.01
12/20/2024,16:59:2,0.0,0.0,404.0,39.1,0.0,0.0,0.0,0.0,-0.01,0,1.21,2.42,0,0.0,0,262.62,0,0,0,0,0,0,0,0,0,1000.0,0,0,0,0,2.42,39.1,-1.0,0,39.1,0.0,39.1,0.0,0.0,0.0,262.62,-0.01
12/20/2024,16:59:3,0.0,0.0,404.0,39.1,0.0,0.0,0.0,0.0,-0.01,0,1.21,2.42,0,0.0,0,262.62,0,0,0,0,0,0,0,0,0,1000.0,0,0,0,0,2.42,39.1,-1.0,0,39.1,0.0,39.1,0.0,0.0,0.0,262.62,-0.01
12/20/2024,16:59:4,0.0,0.0,404.0,39.1,0.0,0.0,0.0,0.0,-0.01,0,1.21,2.42,0,0.0,0,262.7,0,0,0,0,0,0,0,0,0,1000.0,0,0,0,0,2.42,39.1,-1.0,0,39.1,0.0,39.1,0.0,0.0,0.0,262.7,-0.01
12/20/2024,16:59:5,0.0,0.0,404.0,39.1,0.0,0.0,0.0,0.0,-0.01,0,1.21,2.42,0,0.0,0,262.7,0,0,0,0,0,0,0,0,0,1000.0,0,0,0,0,2.42,39.1,-1.0,0,39.1,0.0,39.1,0.0,0.0,0.0,262.7,-0.01
12/20/2024,16:59:6,0.0,0.0,404.0,39.1,0.0,0.0,0.0,0.0,-0.01,0,1.21,2.42,0,0.0,0,262.78,0,0,0,0,0,0,0,0,0,1000.0,0,0,0,0,2.42,39.1,-1.0,0,39.1,0.0,39.1,0.0,0.0,0.0,262.78,-0.01
12/20/2024,16:59:7,0.0,0.0,404.0,39.1,0.0,0.0,0.0,0.0,-0.01,0,1.21,2.42,0,0.0,0,262.78,0,0,0,0,0,0,0,0,0,1000.0,0,0,0,0,2.42,39.1,-1.0,0,39.1,0.0,39.1,0.0,0.0,0.0,262.78,-0.01
12/20/2024,16:59:8,0.0,0.0,404.0,39.1,0.0,0.0,0.0,0.0,-0.01,0,1.21,2.42,0,0.0,0,262.86,0,0,0,0,0,0,0,0,0,1000.0,0,0,0,0,2.42,39.1,-1.0,0,39.1,0.0,39.1,0.0,0.0,0.0,262.86,-0.01
12/20/2024,16:59:9,0.0,0.0,404.0,39.1,0.0,0.0,0.0,0.0,-0.01,0,1.21,2.42,0,0.0,0,262.86,0,0,0,0,0,0,0,0,0,1000.0,0,0,0,0,2.42,39.1,-1.0,0,39.1,0.0,39.1,0.0,0.0,0.0,262.86,-0.01
12/20/2024,16:59:10,0.0,0.0,404.0,39.1,0.0,0.0,0.0,0.0,-0.01,0,1.21,2.42,0,0.0,0,262.93,0,0,0,0,0,0,0,0,0,1000.0,0,0,0,0,2.42,39.1,-1.0,0,39.1,0.0,39.1,0.0,0.0,0.0,262.93,-0.01
12/20/2024,16:59:11,0.0,0.0,404.0,39.1,0.0,0.0,0.0,0.0,-0.01,0,1.21,2.42,0,0.0,0,262.93,0,0,0,0,0,0,0,0,0,1000.0,0,0,0,0,2.42,39.1,-1.0,0,39.1,0.0,39.1,0.0,0.0,0.0,262.93,-0.01
12/20/2024,16:59:12,0.0,0.0,404.0,39.1,0.0,0.0,0.0,0.0,-0.01,0,1.21,2.42,0,0.0,0,263.01,0,0,0,0,0,0,0,0,0,1000.0,0,0,0,0,2.42,39.1,-1.0,0,39.1,0.0,39.1,0.0,0.0,0.0,263.01,-0.01
12/20/2024,16:59:13,0.0,0.0,404.0,39.1,0.0,0.0,0.0,0.0,-0.01,0,1.21,2.42,0,0.0,0,263.01,0,0,0,0,0,0,0,0,0,1000.0,0,0,0,0,2.42,39.1,-1.0,0,39.1,0.0,39.1,0.0,0.0,0.0,263.01,-0.01
12/20/2024,16:59:14,0.0,0.0,404.0,39.1,0.0,0.0,0.0,0.0,-0.01,0,1.21,2.42,0,0.0,0,263.09,0,0,0,0,0,0,0,0,0,1000.0,0,0,0,0,2.42,39.1,-1.0,0,39.1,0.0,39.1,0.0,0.0,0.0,263.09,-0.01
12/20/2024,16:59:15,0.0,0.0,404.0,39.1,0.0,0.0,0.0,0.0,-0.01,0,1.21,2.42,0,0.0,0,263.09,0,0,0,0,0,0,0,0,0,1000.0,0,0,0,0,2.42,39.1,-1.0,0,39.1,0.0,39.1,0.0,0.0,0.0,263.09,-0.01
12/20/2024,16:59:16,0.0,0.0,404.0,39.1,0.0,0.0,0.0,0.0,-0.01,0,1.21,2.42,0,0.0,0,263.17,0,0,0,0,0,0,0,0,0,1000.0,0,0,0,0,2.42,39.1,-1.0,0,39.1,0.0,39.1,0.0,0.0,0.0,263.17,-0.01
12/20/2024,16:59:17,0.0,0.0,404.0,39.1,0.0,0.0,0.0,0.0,-0.01,0,1.21,2.42,0,0.0,0,263.17,0,0,0,0,0,0,0,0,0,1000.0,0,0,0,0,2.42,39.1,-1.0,0,39.1,0.0,39.1,0.0,0.0,0.0,263.17,-0.01
12/20/2024,16:59:18,0.0,0.0,404.0,39.1,0.0,0.0,0.0,0.0,-0.01,0,1.21,2.42,0,0.0,0,263.21,0,0,0,0,0,0,0,0,0,1000.0,0,0,0,0,2.42,39.1,-1.0,0,39.1,0.0,39.1,0.0,0.0,0.0,263.21,-0.01
12/20/2024,16:59:19,0.0,0.0,404.0,39.1,0.0,0.0,0.0,0.0,-0.01,0,1.21,2.42,0,0.0,0,263.25,0,0,0,0,0,0,0,0,0,1000.0,0,0,0,0,2.42,39.1,-1.0,0,39.1,0.0,39.1,0.0,0.0,0.0,263.25,-0.01
12/20/2024,16:59:20,0.0,0.0,404.0,39.1,0.0,0.0,0.0,0.0,-0.01,0,1.21,2.42,0,0.0,0,263.29,0,0,0,0,0,0,0,0,0,1000.0,0,0,0,0,2.42,39.1,-1.0,0,39.1,0.0,39.1,0.0,0.0,0.0,263.29,-0.01
12/20/2024,16:59:21,0.0,0.0,404.0,39.1,0.0,0.0,0.0,0.0,-0.01,0,1.21,2.42,0,0.0,0,263.32,0,0,0,0,0,0,0,0,0,1000.0,0,0,0,0,2.42,39.1,-1.0,0,39.1,0.0,39.1,0.0,0.0,0.0,263.32,-0.01
12/20/2024,16:59:22,0.0,0.0,404.0,39.1,0.0,0.0,0.0,0.0,-0.01,0,1.21,2.42,0,0.0,0,263.36,0,0,0,0,0,0,0,0,0,1000.0,0,0,0,0,2.42,39.1,-1.0,0,39.1,0.0,39.1,0.0,0.0,0.0,263.36,-0.01
12/20/2024,16:59:23,0.0,0.0,404.0,39.1,0.0,0.0,0.0,0.0,-0.01,0,1.21,2.42,0,0.0,0,263.44,0,0,0,0,0,0,0,0,0,1000.0,0,0,0,0,2.42,39.1,-1.0,0,39.1,0.0,39.1,0.0,0.0,0.0,263.44,-0.01
12/20/2024,16:59:24,0.0,0.0,404.0,39.1,0.0,0.0,0.0,0.0,-0.01,0,1.21,2.42,0,0.0,0,263.48,0,0,0,0,0,0,0,0,0,1000.0,0,0,0,0,2.42,39.1,-1.0,0,39.1,0.0,39.1,0.0,0.0,0.0,263.48,-0.01
12/20/2024,16:59:25,0.0,0.0,404.0,39.1,0.0,0.0,0.0,0.0,-0.01,0,1.21,2.42,0,0.0,0,263.52,0,0,0,0,0,0,0,0,0,1000.0,0,0,0,0,2.42,39.1,-1.0,0,39.1,0.0,39.1,0.0,0.0,0.0,263.52,-0.01
12/20/2024,16:59:26,0.0,0.0,404.0,39.1,0.0,0.0,0.0,0.0,-0.01,0,1.21,2.42,0,0.0,0,263.56,0,0,0,0,0,0,0,0,0,1000.0,0,0,0,0,2.42,39.1,-1.0,0,39.1,0.0,39.1,0.0,0.0,0.0,263.56,-0.01
12/20/2024,16:59:27,0.0,0.0,404.0,39.1,0.0,0.0,0.0,0.0,-0.01,0,1.21,2.42,0,0.0,0,263.6,0,0,0,0,0,0,0,0,0,1000.0,0,0,0,0,2.42,39.1,-1.0,0,39.1,0.0,39.1,0.0,0.0,0.0,263.6,-0.01
12/20/2024,16:59:28,0.0,0.0,404.0,39.1,0.0,0.0,0.0,0.0,-0.01,0,1.21,2.42,0,0.0,0,263.64,0,0,0,0,0,0,0,0,0,1000.0,0,0,0,0,2.42,39.1,-1.0,0,39.1,0.0,39.1,0.0,0.0,0.0,263.64,-0.01
12/20/2024,16:59:29,0.0,0.0,404.0,39.1,0.0,0.0,0.0,0.0,-0.01,0,1.21,2.42,0,0.0,0,263.68,0,0,0,0,0,0,0,0,0,1000.0,0,0,0,0,2.42,39.1,-1.0,0,39.1,0.0,39.1,0.0,0.0,0.0,263.68,-0.01
12/20/2024,16:59:30,0.0,0.0,404.0,39.1,0.0,0.0,0.0,0.0,-0.01,0,1.21,2.42,0,0.0,0,263.72,0,0,0,0,0,0,0,0,0,1000.0,0,0,0,0,2.42,39.1,-1.0,0,39.1,0.0,39.1,0.0,0.0,0.0,263.72,-0.01
12/20/2024,16:59:31,0.0,0.0,404.0,39.1,0.0,0.0,0.0,0.0,-0.01,0,1.21,2.42,0,0.0,0,263.75,0,0,0,0,0,0,0,0,0,1000.0,0,0,0,0,2.42,39.1,-1.0,0,39.1,0.0,39.1,0.0,0.0,0.0,263.75,-0.01
12/20/2024,16:59:32,0.0,0.0,404.0,39.1,0.0,0.0,0.0,0.0,-0.01,0,1.21,2.42,0,0.0,0,263.79,0,0,0,0,0,0,0,0,0,1000.0,0,0,0,0,2.42,39.1,-1.0,0,39.1,0.0,39.1,0.0,0.0,0.0,263.79,-0.01
12/20/2024,16:59:33,0.0,0.0,404.0,39.1,0.0,0.0,0.0,0.0,-0.01,0,1.21,2.42,0,0.0,0,263.83,0,0,0,0,0,0,0,0,0,1000.0,0,0,0,0,2.42,39.1,-1.0,0,39.1,0.0,39.1,0.0,0.0,0.0,263.83,-0.01
12/20/2024,16:59:34,0.0,0.0,404.0,39.1,0.0,0.0,0.0,0.0,-0.01,0,1.21,2.42,0,0.0,0,263.87,0,0,0,0,0,0,0,0,0,1000.0,0,0,0,0,2.42,39.1,-1.0,0,39.1,0.0,39.1,0.0,0.0,0.0,263.87,-0.01
12/20/2024,16:59:35,0.0,0.0,404.0,39.1,0.0,0.0,0.0,0.0,-0.01,0,1.21,2.42,0,0.0,0,263.91,0,0,0,0,0,0,0,0,0,1000.0,0,0,0,0,2.42,39.1,-1.0,0,39.1,0.0,39.1,0.0,0.0,0.0,263.91,-0.01
12/20/2024,16:59:36,0.0,0.0,404.0,39.1,0.0,0.0,0.0,0.0,-0.01,0,1.21,2.42,0,0.0,0,263.95,0,0,0,0,0,0,0,0,0,1000.0,0,0,0,0,2.42,39.1,-1.0,0,39.1,0.0,39.1,0.0,0.0,0.0,263.95,-0.01
12/20/2024,16:59:37,0.0,0.0,404.0,39.1,0.0,0.0,0.0,0.0,-0.01,0,1.21,2.42,0,0.0,0,263.95,0,0,0,0,0,0,0,0,0,1000.0,0,0,0,0,2.42,39.1,-1.0,0,39.1,0.0,39.1,0.0,0.0,0.0,263.95,-0.01
12/20/2024,16:59:38,0.0,0.0,404.0,39.1,0.0,0.0,0.0,0.0,-0.01,0,1.21,2.42,0,0.0,0,264.03,0,0,0,0,0,0,0,0,0,1000.0,0,0,0,0,2.42,39.1,-1.0,0,39.1,0.0,39.1,0.0,0.0,0.0,264.03,-0.01
12/20/2024,16:59:39,0.0,0.0,404.0,39.1,0.0,0.0,0.0,0.0,-0.01,0,1.21,2.42,0,0.0,0,264.03,0,0,0,0,0,0,0,0,0,1000.0,0,0,0,0,2.42,39.1,-1.0,0,39.1,0.0,39.1,0.0,0.0,0.0,264.03,-0.01
12/20/2024,16:59:40,0.0,0.0,404.0,39.1,0.0,0.0,0.0,0.0,-0.01,0,1.21,2.42,0,0.0,0,264.11,0,0,0,0,0,0,0,0,0,1000.0,0,0,0,0,2.42,39.1,-1.0,0,39.1,0.0,39.1,0.0,0.0,0.0,264.11,-0.01
12/20/2024,16:59:41,0.0,0.0,404.0,39.1,0.0,0.0,0.0,0.0,-0.01,0,1.21,2.42,0,0.0,0,264.15,0,0,0,0,0,0,0,0,0,1000.0,0,0,0,0,2.42,39.1,-1.0,0,39.1,0.0,39.1,0.0,0.0,0.0,264.15,-0.01
12/20/2024,16:59:42,0.0,0.0,404.0,39.1,0.0,0.0,0.0,0.0,-0.01,0,1.21,2.42,0,0.0,0,264.18,0,0,0,0,0,0,0,0,0,1000.0,0,0,0,0,2.42,39.1,-1.0,0,39.1,0.0,39.1,0.0,0.0,0.0,264.18,-0.01
12/20/2024,16:59:43,0.0,0.0,404.0,39.1,0.0,0.0,0.0,0.0,-0.01,0,1.21,2.42,0,0.0,0,264.18,0,0,0,0,0,0,0,0,0,1000.0,0,0,0,0,2.42,39.1,-1.0,0,39.1,0.0,39.1,0.0,0.0,0.0,264.18,-0.01
12/20/2024,16:59:44,0.0,0.0,404.0,39.1,0.0,0.0,0.0,0.0,-0.01,0,1.21,2.42,0,0.0,0,264.26,0,0,0,0,0,0,0,0,0,1000.0,0,0,0,0,2.42,39.1,-1.0,0,39.1,0.0,39.1,0.0,0.0,0.0,264.26,-0.01
12/20/2024,16:59:45,0.0,0.0,404.0,39.1,0.0,0.0,0.0,0.0,-0.01,0,1.21,2.42,0,0.0,0,264.3,0,0,0,0,0,0,0,0,0,1000.0,0,0,0,0,2.42,39.1,-1.0,0,39.1,0.0,39.1,0.0,0.0,0.0,264.3,-0.01
12/20/2024,16:59:46,0.0,0.0,404.0,39.1,0.0,0.0,0.0,0.0,-0.01,0,1.21,2.42,0,0.0,0,264.34,0,0,0,0,0,0,0,0,0,1000.0,0,0,0,0,2.42,39.1,-1.0,0,39.1,0.0,39.1,0.0,0.0,0.0,264.34,-0.01
12/20/2024,16:59:47,0.0,0.0,404.0,39.1,0.0,0.0,0.0,0.0,-0.01,0,1.21,2.42,0,0.0,0,264.34,0,0,0,0,0,0,0,0,0,1000.0,0,0,0,0,2.42,39.1,-1.0,0,39.1,0.0,39.1,0.0,0.0,0.0,264.34,-0.01
12/20/2024,16:59:48,0.0,0.0,404.0,39.1,0.0,0.0,0.0,0.0,-0.01,0,1.21,2.42,0,0.0,0,264.38,0,0,0,0,0,0,0,0,0,1000.0,0,0,0,0,2.42,39.1,-1.0,0,39.1,0.0,39.1,0.0,0.0,0.0,264.38,-0.01
12/20/2024,16:59:49,0.0,0.0,404.0,39.1,0.0,0.0,0.0,0.0,-0.01,0,1.21,2.42,0,0.0,0,264.46,0,0,0,0,0,0,0,0,0,1000.0,0,0,0,0,2.42,39.1,-1.0,0,39.1,0.0,39.1,0.0,0.0,0.0,264.46,-0.01
12/20/2024,16:59:50,0.0,0.0,404.0,39.1,0.0,0.0,0.0,0.0,-0.01,0,1.21,2.42,0,0.0,0,264.46,0,0,0,0,0,0,0,0,0,1000.0,0,0,0,0,2.42,39.1,-1.0,0,39.1,0.0,39.1,0.0,0.0,0.0,264.46,-0.01
12/20/2024,16:59:51,0.0,0.0,404.0,39.1,0.0,0.0,0.0,0.0,-0.01,0,1.21,2.42,0,0.0,0,264.54,0,0,0,0,0,0,0,0,0,1000.0,0,0,0,0,2.42,39.1,-1.0,0,39.1,0.0,39.1,0.0,0.0,0.0,264.54,-0.01
12/20/2024,16:59:52,0.0,0.0,404.0,39.1,0.0,0.0,0.0,0.0,-0.01,0,1.21,2.42,0,0.0,0,264.54,0,0,0,0,0,0,0,0,0,1000.0,0,0,0,0,2.42,39.1,-1.0,0,39.1,0.0,39.1,0.0,0.0,0.0,264.54,-0.01
12/20/2024,16:59:53,0.0,0.0,404.0,39.1,0.0,0.0,0.0,0.0,-0.01,0,1.21,2.42,0,0.0,0,264.61,0,0,0,0,0,0,0,0,0,1000.0,0,0,0,0,2.42,39.1,-1.0,0,39.1,0.0,39.1,0.0,0.0,0.0,264.61,-0.01
12/20/2024,16:59:54,0.0,0.0,404.0,39.1,0.0,0.0,0.0,0.0,-0.01,0,1.21,2.42,0,0.0,0,264.61,0,0,0,0,0,0,0,0,0,1000.0,0,0,0,0,2.42,39.1,-1.0,0,39.1,0.0,39.1,0.0,0.0,0.0,264.61,-0.01
12/20/2024,16:59:55,0.0,0.0,404.0,39.1,0.0,0.0,0.0,0.0,-0.01,0,1.21,2.42,0,0.0,0,264.65,0,0,0,0,0,0,0,0,0,1000.0,0,0,0,0,2.42,39.1,-1.0,0,39.1,0.0,39.1,0.0,0.0,0.0,264.65,-0.01
12/20/2024,16:59:56,0.0,0.0,404.0,39.1,0.0,0.0,0.0,0.0,-0.01,0,1.21,2.42,0,0.0,0,264.69,0,0,0,0,0,0,0,0,0,1000.0,0,0,0,0,2.42,39.1,-1.0,0,39.1,0.0,39.1,0.0,0.0,0.0,264.69,-0.01
12/20/2024,16:59:57,0.0,0.0,404.0,39.1,0.0,0.0,0.0,0.0,-0.01,0,1.21,2.42,0,0.0,0,264.73,0,0,0,0,0,0,0,0,0,1000.0,0,0,0,0,2.42,39.1,-1.0,0,39.1,0.0,39.1,0.0,0.0,0.0,264.73,-0.01
12/20/2024,16:59:58,0.0,0.0,404.0,39.1,0.0,0.0,0.0,0.0,-0.01,0,1.21,2.42,0,0.0,0,264.77,0,0,0,0,0,0,0,0,0,1000.0,0,0,0,0,2.42,39.1,-1.0,0,39.1,0.0,39.1,0.0,0.0,0.0,264.77,-0.01
12/20/2024,16:59:59,0.0,0.0,404.0,39.1,0.0,0.0,0.0,0.0,-0.01,0,1.21,2.42,0,0.0,0,264.81,0,0,0,0,0,0,0,0,0,1000.0,0,0,0,0,2.42,39.1,-1.0,0,39.1,0.0,39.1,0.0,0.0,0.0,264.81,-0.01
12/20/2024,17:0:0,0.0,0.0,404.0,39.1,0.0,0.0,0.0,0.0,-0.01,0,1.21,2.42,0,0.0,0,264.85,0,0,0,0,0,0,0,0,0,1000.0,0,0,0,0,2.42,39.1,-1.0,0,39.1,0.0,39.1,0.0,0.0,0.0,264.85,-0.01
12/20/2024,17:0:1,0.0,0.0,404.0,39.1,0.0,0.0,0.0,0.0,-0.01,0,1.21,2.42,0,0.0,0,264.89,0,0,0,0,0,0,0,0,0,1000.0,0,0,0,0,2.42,39.1,-1.0,0,39.1,0.0,39.1,0.0,0.0,0.0,264.89,-0.01
12/20/2024,17:0:2,0.0,0.0,404.0,39.1,0.0,0.0,0.0,0.0,-0.01,0,1.21,2.42,0,0.0,0,264.93,0,0,0,0,0,0,0,0,0,1000.0,0,0,0,0,2.42,39.1,-1.0,0,39.1,0.0,39.1,0.0,0.0,0.0,264.93,-0.01
12/20/2024,17:0:3,0.0,0.0,404.0,39.1,0.0,0.0,0.0,0.0,-0.01,0,1.21,2.42,0,0.0,0,264.97,0,0,0,0,0,0,0,0,0,1000.0,0,0,0,0,2.42,39.1,-1.0,0,39.1,0.0,39.1,0.0,0.0,0.0,264.97,-0.01
12/20/2024,17:0:4,0.0,0.0,404.0,39.1,0.0,0.0,0.0,0.0,-0.01,0,1.21,2.42,0,0.0,0,265.01,0,0,0,0,0,0,0,0,0,1000.0,0,0,0,0,2.42,39.1,-1.0,0,39.1,0.0,39.1,0.0,0.0,0.0,265.01,-0.01
12/20/2024,17:0:5,0.0,0.0,404.0,39.1,0.0,0.0,0.0,0.0,-0.01,0,1.21,2.42,0,0.0,0,265.04,0,0,0,0,0,0,0,0,0,1000.0,0,0,0,0,2.42,39.1,-1.0,0,39.1,0.0,39.1,0.0,0.0,0.0,265.04,-0.01
12/20/2024,17:0:6,0.0,0.0,404.0,39.1,0.0,0.0,0.0,0.0,-0.01,0,1.21,2.42,0,0.0,0,265.08,0,0,0,0,0,0,0,0,0,1000.0,0,0,0,0,2.42,39.1,-1.0,0,39.1,0.0,39.1,0.0,0.0,0.0,265.08,-0.01
12/20/2024,17:0:7,0.0,0.0,404.0,39.1,0.0,0.0,0.0,0.0,-0.01,0,1.21,2.42,0,0.0,0,265.12,0,0,0,0,0,0,0,0,0,1000.0,0,0,0,0,2.42,39.1,-1.0,0,39.1,0.0,39.1,0.0,0.0,0.0,265.12,-0.01
12/20/2024,17:0:8,0.0,0.0,404.0,39.1,0.0,0.0,0.0,0.0,-0.01,0,1.21,2.42,0,0.0,0,265.2,0,0,0,0,0,0,0,0,0,1000.0,0,0,0,0,2.42,39.1,-1.0,0,39.1,0.0,39.1,0.0,0.0,0.0,265.2,-0.01
12/20/2024,17:0:9,0.0,0.0,404.0,39.1,0.0,0.0,0.0,0.0,-0.01,0,1.21,2.42,0,0.0,0,265.24,0,0,0,0,0,0,0,0,0,1000.0,0,0,0,0,2.42,39.1,-1.0,0,39.1,0.0,39.1,0.0,0.0,0.0,265.24,-0.01
12/20/2024,17:0:10,0.0,0.0,404.0,39.1,0.0,0.0,0.0,0.0,-0.01,0,1.21,2.42,0,0.0,0,265.28,0,0,0,0,0,0,0,0,0,1000.0,0,0,0,0,2.42,39.1,-1.0,0,39.1,0.0,39.1,0.0,0.0,0.0,265.28,-0.01
12/20/2024,17:0:11,0.0,0.0,404.0,39.1,0.0,0.0,0.0,0.0,-0.01,0,1.21,2.42,0,0.0,0,265.32,0,0,0,0,0,0,0,0,0,1000.0,0,0,0,0,2.42,39.1,-1.0,0,39.1,0.0,39.1,0.0,0.0,0.0,265.32,-0.01
12/20/2024,17:0:12,0.0,0.0,404.0,39.1,0.0,0.0,0.0,0.0,-0.01,0,1.21,2.42,0,0.0,0,265.36,0,0,0,0,0,0,0,0,0,1000.0,0,0,0,0,2.42,39.1,-1.0,0,39.1,0.0,39.1,0.0,0.0,0.0,265.36,-0.01
12/20/2024,17:0:13,0.0,0.0,404.0,39.1,0.0,0.0,0.0,0.0,-0.01,0,1.21,2.42,0,0.0,0,265.4,0,0,0,0,0,0,0,0,0,1000.0,0,0,0,0,2.42,39.1,-1.0,0,39.1,0.0,39.1,0.0,0.0,0.0,265.4,-0.01
12/20/2024,17:0:14,0.0,0.0,404.0,39.1,0.0,0.0,0.0,0.0,-0.01,0,1.21,2.42,0,0.0,0,265.44,0,0,0,0,0,0,0,0,0,1000.0,0,0,0,0,2.42,39.1,-1.0,0,39.1,0.0,39.1,0.0,0.0,0.0,265.44,-0.01
12/20/2024,17:0:15,0.0,0.0,404.0,39.1,0.0,0.0,0.0,0.0,-0.01,0,1.21,2.42,0,0.0,0,265.47,0,0,0,0,0,0,0,0,0,1000.0,0,0,0,0,2.42,39.1,-1.0,0,39.1,0.0,39.1,0.0,0.0,0.0,265.47,-0.01
12/20/2024,17:0:16,0.0,0.0,404.0,39.1,0.0,0.0,0.0,0.0,-0.01,0,1.21,2.42,0,0.0,0,265.51,0,0,0,0,0,0,0,0,0,1000.0,0,0,0,0,2.42,39.1,-1.0,0,39.1,0.0,39.1,0.0,0.0,0.0,265.51,-0.01
12/20/2024,17:0:17,0.0,0.0,404.0,39.1,0.0,0.0,0.0,0.0,-0.01,0,1.21,2.42,0,0.0,0,265.55,0,0,0,0,0,0,0,0,0,1000.0,0,0,0,0,2.42,39.1,-1.0,0,39.1,0.0,39.1,0.0,0.0,0.0,265.55,-0.01
12/20/2024,17:0:18,0.0,0.0,404.0,39.1,0.0,0.0,0.0,0.0,-0.01,0,1.21,2.42,0,0.0,0,265.59,0,0,0,0,0,0,0,0,0,1000.0,0,0,0,0,2.42,39.1,-1.0,0,39.1,0.0,39.1,0.0,0.0,0.0,265.59,-0.01
12/20/2024,17:0:19,0.0,0.0,404.0,39.2,0.0,0.0,0.0,0.0,-0.01,0,1.21,2.42,0,0.0,0,265.63,0,0,0,0,0,0,0,0,0,1000.0,0,0,0,0,2.42,39.2,-1.0,0,39.2,0.0,39.2,0.0,0.0,0.0,265.63,-0.01
12/20/2024,17:0:20,0.0,0.0,404.0,39.1,0.0,0.0,0.0,0.0,-0.01,0,1.21,2.42,0,0.0,0,265.67,0,0,0,0,0,0,0,0,0,1000.0,0,0,0,0,2.42,39.1,-1.0,0,39.1,0.0,39.1,0.0,0.0,0.0,265.67,-0.01
12/20/2024,17:0:21,0.0,0.0,404.0,39.1,0.0,0.0,0.0,0.0,-0.01,0,1.21,2.42,0,0.0,0,265.71,0,0,0,0,0,0,0,0,0,1000.0,0,0,0,0,2.42,39.1,-1.0,0,39.1,0.0,39.1,0.0,0.0,0.0,265.71,-0.01
12/20/2024,17:0:22,0.0,0.0,404.0,39.1,0.0,0.0,0.0,0.0,-0.01,0,1.21,2.42,0,0.0,0,265.75,0,0,0,0,0,0,0,0,0,1000.0,0,0,0,0,2.42,39.1,-1.0,0,39.1,0.0,39.1,0.0,0.0,0.0,265.75,-0.01
12/20/2024,17:0:23,0.0,0.0,404.0,39.1,0.0,0.0,0.0,0.0,-0.01,0,1.21,2.42,0,0.0,0,265.79,0,0,0,0,0,0,0,0,0,1000.0,0,0,0,0,2.42,39.1,-1.0,0,39.1,0.0,39.1,0.0,0.0,0.0,265.79,-0.01
12/20/2024,17:0:24,0.0,0.0,404.0,39.1,0.0,0.0,0.0,0.0,-0.01,0,1.21,2.42,0,0.0,0,265.83,0,0,0,0,0,0,0,0,0,1000.0,0,0,0,0,2.42,39.1,-1.0,0,39.1,0.0,39.1,0.0,0.0,0.0,265.83,-0.01
12/20/2024,17:0:25,0.0,0.0,404.0,39.1,0.0,0.0,0.0,0.0,-0.01,0,1.21,2.42,0,0.0,0,265.87,0,0,0,0,0,0,0,0,0,1000.0,0,0,0,0,2.42,39.1,-1.0,0,39.1,0.0,39.1,0.0,0.0,0.0,265.87,-0.01
12/20/2024,17:0:26,0.0,0.0,404.0,39.1,0.0,0.0,0.0,0.0,-0.01,0,1.21,2.42,0,0.0,0,265.9,0,0,0,0,0,0,0,0,0,1000.0,0,0,0,0,2.42,39.1,-1.0,0,39.1,0.0,39.1,0.0,0.0,0.0,265.9,-0.01
12/20/2024,17:0:27,0.0,0.0,404.0,39.1,0.0,0.0,0.0,0.0,-0.01,0,1.21,2.42,0,0.0,0,265.94,0,0,0,0,0,0,0,0,0,1000.0,0,0,0,0,2.42,39.1,-1.0,0,39.1,0.0,39.1,0.0,0.0,0.0,265.94,-0.01
12/20/2024,17:0:28,0.0,0.0,404.0,39.1,0.0,0.0,0.0,0.0,-0.01,0,1.21,2.42,0,0.0,0,265.98,0,0,0,0,0,0,0,0,0,1000.0,0,0,0,0,2.42,39.1,-1.0,0,39.1,0.0,39.1,0.0,0.0,0.0,265.98,-0.01
12/20/2024,17:0:29,0.0,0.0,404.0,39.1,0.0,0.0,0.0,0.0,-0.01,0,1.21,2.42,0,0.0,0,266.02,0,0,0,0,0,0,0,0,0,1000.0,0,0,0,0,2.42,39.1,-1.0,0,39.1,0.0,39.1,0.0,0.0,0.0,266.02,-0.01
12/20/2024,17:0:30,0.0,0.0,404.0,39.1,0.0,0.0,0.0,0.0,-0.01,0,1.21,2.42,0,0.0,0,266.06,0,0,0,0,0,0,0,0,0,1000.0,0,0,0,0,2.42,39.1,-1.0,0,39.1,0.0,39.1,0.0,0.0,0.0,266.06,-0.01
12/20/2024,17:0:31,0.0,0.0,404.0,39.1,0.0,0.0,0.0,0.0,-0.01,0,1.21,2.42,0,0.0,0,266.1,0,0,0,0,0,0,0,0,0,1000.0,0,0,0,0,2.42,39.1,-1.0,0,39.1,0.0,39.1,0.0,0.0,0.0,266.1,-0.01
12/20/2024,17:0:32,0.0,0.0,404.0,39.1,0.0,0.0,0.0,0.0,-0.01,0,1.21,2.42,0,0.0,0,266.14,0,0,0,0,0,0,0,0,0,1000.0,0,0,0,0,2.42,39.1,-1.0,0,39.1,0.0,39.1,0.0,0.0,0.0,266.14,-0.01
12/20/2024,17:0:33,0.0,0.0,404.0,39.1,0.0,0.0,0.0,0.0,-0.01,0,1.21,2.42,0,0.0,0,266.14,0,0,0,0,0,0,0,0,0,1000.0,0,0,0,0,2.42,39.1,-1.0,0,39.1,0.0,39.1,0.0,0.0,0.0,266.14,-0.01
12/20/2024,17:0:34,0.0,0.0,404.0,39.1,0.0,0.0,0.0,0.0,-0.01,0,1.21,2.42,0,0.0,0,266.22,0,0,0,0,0,0,0,0,0,1000.0,0,0,0,0,2.42,39.1,-1.0,0,39.1,0.0,39.1,0.0,0.0,0.0,266.22,-0.01
12/20/2024,17:0:35,0.0,0.0,404.0,39.1,0.0,0.0,0.0,0.0,-0.01,0,1.21,2.42,0,0.0,0,266.26,0,0,0,0,0,0,0,0,0,1000.0,0,0,0,0,2.42,39.1,-1.0,0,39.1,0.0,39.1,0.0,0.0,0.0,266.26,-0.01
12/20/2024,17:0:36,0.0,0.0,404.0,39.1,0.0,0.0,0.0,0.0,-0.01,0,1.21,2.42,0,0.0,0,266.26,0,0,0,0,0,0,0,0,0,1000.0,0,0,0,0,2.42,39.1,-1.0,0,39.1,0.0,39.1,0.0,0.0,0.0,266.26,-0.01
12/20/2024,17:0:37,0.0,0.0,404.0,39.1,0.0,0.0,0.0,0.0,-0.01,0,1.21,2.42,0,0.0,0,266.33,0,0,0,0,0,0,0,0,0,1000.0,0,0,0,0,2.42,39.1,-1.0,0,39.1,0.0,39.1,0.0,0.0,0.0,266.33,-0.01
12/20/2024,17:0:38,0.0,0.0,404.0,39.1,0.0,0.0,0.0,0.0,-0.01,0,1.21,2.42,0,0.0,0,266.33,0,0,0,0,0,0,0,0,0,1000.0,0,0,0,0,2.42,39.1,-1.0,0,39.1,0.0,39.1,0.0,0.0,0.0,266.33,-0.01
12/20/2024,17:0:39,0.0,0.0,404.0,39.1,0.0,0.0,0.0,0.0,-0.01,0,1.21,2.42,0,0.0,0,266.41,0,0,0,0,0,0,0,0,0,1000.0,0,0,0,0,2.42,39.1,-1.0,0,39.1,0.0,39.1,0.0,0.0,0.0,266.41,-0.01
12/20/2024,17:0:40,0.0,0.0,404.0,39.1,0.0,0.0,0.0,0.0,-0.01,0,1.21,2.42,0,0.0,0,266.41,0,0,0,0,0,0,0,0,0,1000.0,0,0,0,0,2.42,39.1,-1.0,0,39.1,0.0,39.1,0.0,0.0,0.0,266.41,-0.01
12/20/2024,17:0:41,0.0,0.0,404.0,39.1,0.0,0.0,0.0,0.0,-0.01,0,1.21,2.42,0,0.0,0,266.49,0,0,0,0,0,0,0,0,0,1000.0,0,0,0,0,2.42,39.1,-1.0,0,39.1,0.0,39.1,0.0,0.0,0.0,266.49,-0.01
12/20/2024,17:0:42,0.0,0.0,404.0,39.1,0.0,0.0,0.0,0.0,-0.01,0,1.21,2.42,0,0.0,0,266.49,0,0,0,0,0,0,0,0,0,1000.0,0,0,0,0,2.42,39.1,-1.0,0,39.1,0.0,39.1,0.0,0.0,0.0,266.49,-0.01
12/20/2024,17:0:43,0.0,0.0,404.0,39.1,0.0,0.0,0.0,0.0,-0.01,0,1.21,2.42,0,0.0,0,266.57,0,0,0,0,0,0,0,0,0,1000.0,0,0,0,0,2.42,39.1,-1.0,0,39.1,0.0,39.1,0.0,0.0,0.0,266.57,-0.01
12/20/2024,17:0:44,0.0,0.0,404.0,39.1,0.0,0.0,0.0,0.0,-0.01,0,1.21,2.42,0,0.0,0,266.57,0,0,0,0,0,0,0,0,0,1000.0,0,0,0,0,2.42,39.1,-1.0,0,39.1,0.0,39.1,0.0,0.0,0.0,266.57,-0.01
12/20/2024,17:0:45,0.0,0.0,404.0,39.1,0.0,0.0,0.0,0.0,-0.01,0,1.21,2.42,0,0.0,0,266.65,0,0,0,0,0,0,0,0,0,1000.0,0,0,0,0,2.42,39.1,-1.0,0,39.1,0.0,39.1,0.0,0.0,0.0,266.65,-0.01
12/20/2024,17:0:46,0.0,0.0,404.0,39.1,0.0,0.0,0.0,0.0,-0.01,0,1.21,2.42,0,0.0,0,266.65,0,0,0,0,0,0,0,0,0,1000.0,0,0,0,0,2.42,39.1,-1.0,0,39.1,0.0,39.1,0.0,0.0,0.0,266.65,-0.01
12/20/2024,17:0:47,0.0,0.0,404.0,39.1,0.0,0.0,0.0,0.0,-0.01,0,1.21,2.42,0,0.0,0,266.73,0,0,0,0,0,0,0,0,0,1000.0,0,0,0,0,2.42,39.1,-1.0,0,39.1,0.0,39.1,0.0,0.0,0.0,266.73,-0.01
12/20/2024,17:0:48,0.0,0.0,404.0,39.1,0.0,0.0,0.0,0.0,-0.01,0,1.21,2.42,0,0.0,0,266.73,0,0,0,0,0,0,0,0,0,1000.0,0,0,0,0,2.42,39.1,-1.0,0,39.1,0.0,39.1,0.0,0.0,0.0,266.73,-0.01
12/20/2024,17:0:49,0.0,0.0,404.0,39.1,0.0,0.0,0.0,0.0,-0.01,0,1.21,2.42,0,0.0,0,266.8,0,0,0,0,0,0,0,0,0,1000.0,0,0,0,0,2.42,39.1,-1.0,0,39.1,0.0,39.1,0.0,0.0,0.0,266.8,-0.01
12/20/2024,17:0:50,0.0,0.0,404.0,39.1,0.0,0.0,0.0,0.0,-0.01,0,1.21,2.42,0,0.0,0,266.8,0,0,0,0,0,0,0,0,0,1000.0,0,0,0,0,2.42,39.1,-1.0,0,39.1,0.0,39.1,0.0,0.0,0.0,266.8,-0.01
12/20/2024,17:0:51,0.0,0.0,404.0,39.1,0.0,0.0,0.0,0.0,-0.01,0,1.21,2.42,0,0.0,0,266.84,0,0,0,0,0,0,0,0,0,1000.0,0,0,0,0,2.42,39.1,-1.0,0,39.1,0.0,39.1,0.0,0.0,0.0,266.84,-0.01
12/20/2024,17:0:52,0.0,0.0,404.0,39.1,0.0,0.0,0.0,0.0,-0.01,0,1.21,2.42,0,0.0,0,266.88,0,0,0,0,0,0,0,0,0,1000.0,0,0,0,0,2.42,39.1,-1.0,0,39.1,0.0,39.1,0.0,0.0,0.0,266.88,-0.01
12/20/2024,17:0:53,0.0,0.0,404.0,39.1,0.0,0.0,0.0,0.0,-0.01,0,1.21,2.42,0,0.0,0,266.96,0,0,0,0,0,0,0,0,0,1000.0,0,0,0,0,2.42,39.1,-1.0,0,39.1,0.0,39.1,0.0,0.0,0.0,266.96,-0.01
12/20/2024,17:0:54,0.0,0.0,404.0,39.1,0.0,0.0,0.0,0.0,-0.01,0,1.21,2.42,0,0.0,0,266.96,0,0,0,0,0,0,0,0,0,1000.0,0,0,0,0,2.42,39.1,-1.0,0,39.1,0.0,39.1,0.0,0.0,0.0,266.96,-0.01
12/20/2024,17:0:55,0.0,0.0,404.0,39.1,0.0,0.0,0.0,0.0,-0.01,0,1.21,2.42,0,0.0,0,267.04,0,0,0,0,0,0,0,0,0,1000.0,0,0,0,0,2.42,39.1,-1.0,0,39.1,0.0,39.1,0.0,0.0,0.0,267.04,-0.01
12/20/2024,17:0:56,0.0,0.0,404.0,39.1,0.0,0.0,0.0,0.0,-0.01,0,1.21,2.42,0,0.0,0,267.08,0,0,0,0,0,0,0,0,0,1000.0,0,0,0,0,2.42,39.1,-1.0,0,39.1,0.0,39.1,0.0,0.0,0.0,267.08,-0.01
12/20/2024,17:0:57,0.0,0.0,404.0,39.1,0.0,0.0,0.0,0.0,-0.01,0,1.21,2.42,0,0.0,0,267.12,0,0,0,0,0,0,0,0,0,1000.0,0,0,0,0,2.42,39.1,-1.0,0,39.1,0.0,39.1,0.0,0.0,0.0,267.12,-0.01
12/20/2024,17:0:58,0.0,0.0,404.0,39.1,0.0,0.0,0.0,0.0,-0.01,0,1.21,2.42,0,0.0,0,267.16,0,0,0,0,0,0,0,0,0,1000.0,0,0,0,0,2.42,39.1,-1.0,0,39.1,0.0,39.1,0.0,0.0,0.0,267.16,-0.01
12/20/2024,17:0:59,0.0,0.0,404.0,39.1,0.0,0.0,0.0,0.0,-0.01,0,1.21,2.42,0,0.0,0,267.19,0,0,0,0,0,0,0,0,0,1000.0,0,0,0,0,2.42,39.1,-1.0,0,39.1,0.0,39.1,0.0,0.0,0.0,267.19,-0.01
12/20/2024,17:1:0,0.0,0.0,404.0,39.1,0.0,0.0,0.0,0.0,-0.01,0,1.21,2.42,0,0.0,0,267.23,0,0,0,0,0,0,0,0,0,1000.0,0,0,0,0,2.42,39.1,-1.0,0,39.1,0.0,39.1,0.0,0.0,0.0,267.23,-0.01
12/20/2024,17:1:1,0.0,0.0,404.0,39.1,0.0,0.0,0.0,0.0,-0.01,0,1.21,2.42,0,0.0,0,267.27,0,0,0,0,0,0,0,0,0,1000.0,0,0,0,0,2.42,39.1,-1.0,0,39.1,0.0,39.1,0.0,0.0,0.0,267.27,-0.01
12/20/2024,17:1:2,0.0,0.0,404.0,39.1,0.0,0.0,0.0,0.0,-0.01,0,1.21,2.42,0,0.0,0,267.31,0,0,0,0,0,0,0,0,0,1000.0,0,0,0,0,2.42,39.1,-1.0,0,39.1,0.0,39.1,0.0,0.0,0.0,267.31,-0.01
12/20/2024,17:1:3,0.0,0.0,404.0,39.1,0.0,0.0,0.0,0.0,-0.01,0,1.21,2.42,0,0.0,0,267.35,0,0,0,0,0,0,0,0,0,1000.0,0,0,0,0,2.42,39.1,-1.0,0,39.1,0.0,39.1,0.0,0.0,0.0,267.35,-0.01
12/20/2024,17:1:4,0.0,0.0,404.0,39.1,0.0,0.0,0.0,0.0,-0.01,0,1.21,2.42,0,0.0,0,267.39,0,0,0,0,0,0,0,0,0,1000.0,0,0,0,0,2.42,39.1,-1.0,0,39.1,0.0,39.1,0.0,0.0,0.0,267.39,-0.01
12/20/2024,17:1:5,0.0,0.0,404.0,39.1,0.0,0.0,0.0,0.0,-0.01,0,1.21,2.42,0,0.0,0,267.43,0,0,0,0,0,0,0,0,0,1000.0,0,0,0,0,2.42,39.1,-1.0,0,39.1,0.0,39.1,0.0,0.0,0.0,267.43,-0.01
12/20/2024,17:1:6,0.0,0.0,404.0,39.1,0.0,0.0,0.0,0.0,-0.01,0,1.21,2.42,0,0.0,0,267.47,0,0,0,0,0,0,0,0,0,1000.0,0,0,0,0,2.42,39.1,-1.0,0,39.1,0.0,39.1,0.0,0.0,0.0,267.47,-0.01
12/20/2024,17:1:7,0.0,0.0,404.0,39.1,0.0,0.0,0.0,0.0,-0.01,0,1.21,2.42,0,0.0,0,267.51,0,0,0,0,0,0,0,0,0,1000.0,0,0,0,0,2.42,39.1,-1.0,0,39.1,0.0,39.1,0.0,0.0,0.0,267.51,-0.01
12/20/2024,17:1:8,0.0,0.0,404.0,39.1,0.0,0.0,0.0,0.0,-0.01,0,1.21,2.42,0,0.0,0,267.55,0,0,0,0,0,0,0,0,0,1000.0,0,0,0,0,2.42,39.1,-1.0,0,39.1,0.0,39.1,0.0,0.0,0.0,267.55,-0.01
12/20/2024,17:1:9,0.0,0.0,404.0,39.1,0.0,0.0,0.0,0.0,-0.01,0,1.21,2.42,0,0.0,0,267.59,0,0,0,0,0,0,0,0,0,1000.0,0,0,0,0,2.42,39.1,-1.0,0,39.1,0.0,39.1,0.0,0.0,0.0,267.59,-0.01
12/20/2024,17:1:10,0.0,0.0,404.0,39.1,0.0,0.0,0.0,0.0,-0.01,0,1.21,2.42,0,0.0,0,267.62,0,0,0,0,0,0,0,0,0,1000.0,0,0,0,0,2.42,39.1,-1.0,0,39.1,0.0,39.1,0.0,0.0,0.0,267.62,-0.01
12/20/2024,17:1:11,0.0,0.0,404.0,39.1,0.0,0.0,0.0,0.0,-0.01,0,1.21,2.42,0,0.0,0,267.66,0,0,0,0,0,0,0,0,0,1000.0,0,0,0,0,2.42,39.1,-1.0,0,39.1,0.0,39.1,0.0,0.0,0.0,267.66,-0.01
12/20/2024,17:1:12,0.0,0.0,404.0,39.1,0.0,0.0,0.0,0.0,-0.01,0,1.21,2.42,0,0.0,0,267.7,0,0,0,0,0,0,0,0,0,1000.0,0,0,0,0,2.42,39.1,-1.0,0,39.1,0.0,39.1,0.0,0.0,0.0,267.7,-0.01
12/20/2024,17:1:13,0.0,0.0,404.0,39.1,0.0,0.0,0.0,0.0,-0.01,0,1.21,2.42,0,0.0,0,267.74,0,0,0,0,0,0,0,0,0,1000.0,0,0,0,0,2.42,39.1,-1.0,0,39.1,0.0,39.1,0.0,0.0,0.0,267.74,-0.01
12/20/2024,17:1:14,0.0,0.0,404.0,39.1,0.0,0.0,0.0,0.0,-0.01,0,1.21,2.42,0,0.0,0,267.78,0,0,0,0,0,0,0,0,0,1000.0,0,0,0,0,2.42,39.1,-1.0,0,39.1,0.0,39.1,0.0,0.0,0.0,267.78,-0.01
12/20/2024,17:1:15,0.0,0.0,404.0,39.1,0.0,0.0,0.0,0.0,-0.01,0,1.21,2.42,0,0.0,0,267.78,0,0,0,0,0,0,0,0,0,1000.0,0,0,0,0,2.42,39.1,-1.0,0,39.1,0.0,39.1,0.0,0.0,0.0,267.78,-0.01
12/20/2024,17:1:16,0.0,0.0,404.0,39.1,0.0,0.0,0.0,0.0,-0.01,0,1.21,2.42,0,0.0,0,267.86,0,0,0,0,0,0,0,0,0,1000.0,0,0,0,0,2.42,39.1,-1.0,0,39.1,0.0,39.1,0.0,0.0,0.0,267.86,-0.01
12/20/2024,17:1:17,0.0,0.0,404.0,39.1,0.0,0.0,0.0,0.0,-0.01,0,1.21,2.42,0,0.0,0,267.9,0,0,0,0,0,0,0,0,0,1000.0,0,0,0,0,2.42,39.1,-1.0,0,39.1,0.0,39.1,0.0,0.0,0.0,267.9,-0.01
12/20/2024,17:1:18,0.0,0.0,404.0,39.1,0.0,0.0,0.0,0.0,-0.01,0,1.21,2.42,0,0.0,0,267.94,0,0,0,0,0,0,0,0,0,1000.0,0,0,0,0,2.42,39.1,-1.0,0,39.1,0.0,39.1,0.0,0.0,0.0,267.94,-0.01
12/20/2024,17:1:19,0.0,0.0,404.0,39.1,0.0,0.0,0.0,0.0,-0.01,0,1.21,2.42,0,0.0,0,267.94,0,0,0,0,0,0,0,0,0,1000.0,0,0,0,0,2.42,39.1,-1.0,0,39.1,0.0,39.1,0.0,0.0,0.0,267.94,-0.01
12/20/2024,17:1:20,0.0,0.0,404.0,39.1,0.0,0.0,0.0,0.0,-0.01,0,1.21,2.42,0,0.0,0,268.02,0,0,0,0,0,0,0,0,0,1000.0,0,0,0,0,2.42,39.1,-1.0,0,39.1,0.0,39.1,0.0,0.0,0.0,268.02,-0.01
12/20/2024,17:1:21,0.0,0.0,404.0,39.1,0.0,0.0,0.0,0.0,-0.01,0,1.21,2.42,0,0.0,0,268.05,0,0,0,0,0,0,0,0,0,1000.0,0,0,0,0,2.42,39.1,-1.0,0,39.1,0.0,39.1,0.0,0.0,0.0,268.05,-0.01
12/20/2024,17:1:22,0.0,0.0,404.0,39.1,0.0,0.0,0.0,0.0,-0.01,0,1.21,2.42,0,0.0,0,268.05,0,0,0,0,0,0,0,0,0,1000.0,0,0,0,0,2.42,39.1,-1.0,0,39.1,0.0,39.1,0.0,0.0,0.0,268.05,-0.01
12/20/2024,17:1:23,0.0,0.0,404.0,39.1,0.0,0.0,0.0,0.0,-0.01,0,1.21,2.42,0,0.0,0,268.09,0,0,0,0,0,0,0,0,0,1000.0,0,0,0,0,2.42,39.1,-1.0,0,39.1,0.0,39.1,0.0,0.0,0.0,268.09,-0.01
12/20/2024,17:1:24,0.0,0.0,404.0,39.1,0.0,0.0,0.0,0.0,-0.01,0,1.21,2.42,0,0.0,0,268.13,0,0,0,0,0,0,0,0,0,1000.0,0,0,0,0,2.42,39.1,-1.0,0,39.1,0.0,39.1,0.0,0.0,0.0,268.13,-0.01
12/20/2024,17:1:25,0.0,0.0,404.0,39.1,0.0,0.0,0.0,0.0,-0.01,0,1.21,2.42,0,0.0,0,268.17,0,0,0,0,0,0,0,0,0,1000.0,0,0,0,0,2.42,39.1,-1.0,0,39.1,0.0,39.1,0.0,0.0,0.0,268.17,-0.01
12/20/2024,17:1:26,0.0,0.0,404.0,39.1,0.0,0.0,0.0,0.0,-0.01,0,1.21,2.42,0,0.0,0,268.25,0,0,0,0,0,0,0,0,0,1000.0,0,0,0,0,2.42,39.1,-1.0,0,39.1,0.0,39.1,0.0,0.0,0.0,268.25,-0.01
12/20/2024,17:1:27,0.0,0.0,404.0,39.1,0.0,0.0,0.0,0.0,-0.01,0,1.21,2.42,0,0.0,0,268.25,0,0,0,0,0,0,0,0,0,1000.0,0,0,0,0,2.42,39.1,-1.0,0,39.1,0.0,39.1,0.0,0.0,0.0,268.25,-0.01
12/20/2024,17:1:28,0.0,0.0,404.0,39.1,0.0,0.0,0.0,0.0,-0.01,0,1.21,2.42,0,0.0,0,268.33,0,0,0,0,0,0,0,0,0,1000.0,0,0,0,0,2.42,39.1,-1.0,0,39.1,0.0,39.1,0.0,0.0,0.0,268.33,-0.01
12/20/2024,17:1:29,0.0,0.0,404.0,39.1,0.0,0.0,0.0,0.0,-0.01,0,1.21,2.42,0,0.0,0,268.33,0,0,0,0,0,0,0,0,0,1000.0,0,0,0,0,2.42,39.1,-1.0,0,39.1,0.0,39.1,0.0,0.0,0.0,268.33,-0.01
12/20/2024,17:1:30,0.0,0.0,404.0,39.1,0.0,0.0,0.0,0.0,-0.01,0,1.21,2.42,0,0.0,0,268.41,0,0,0,0,0,0,0,0,0,1000.0,0,0,0,0,2.42,39.1,-1.0,0,39.1,0.0,39.1,0.0,0.0,0.0,268.41,-0.01
12/20/2024,17:1:31,0.0,0.0,404.0,39.1,0.0,0.0,0.0,0.0,-0.01,0,1.21,2.42,0,0.0,0,268.41,0,0,0,0,0,0,0,0,0,1000.0,0,0,0,0,2.42,39.1,-1.0,0,39.1,0.0,39.1,0.0,0.0,0.0,268.41,-0.01
12/20/2024,17:1:32,0.0,0.0,404.0,39.1,0.0,0.0,0.0,0.0,-0.01,0,1.21,2.42,0,0.0,0,268.45,0,0,0,0,0,0,0,0,0,1000.0,0,0,0,0,2.42,39.1,-1.0,0,39.1,0.0,39.1,0.0,0.0,0.0,268.45,-0.01
12/20/2024,17:1:33,0.0,0.0,404.0,39.1,0.0,0.0,0.0,0.0,-0.01,0,1.21,2.42,0,0.0,0,268.48,0,0,0,0,0,0,0,0,0,1000.0,0,0,0,0,2.42,39.1,-1.0,0,39.1,0.0,39.1,0.0,0.0,0.0,268.48,-0.01
12/20/2024,17:1:34,0.0,0.0,404.0,39.1,0.0,0.0,0.0,0.0,-0.01,0,1.21,2.42,0,0.0,0,268.52,0,0,0,0,0,0,0,0,0,1000.0,0,0,0,0,2.42,39.1,-1.0,0,39.1,0.0,39.1,0.0,0.0,0.0,268.52,-0.01
12/20/2024,17:1:35,0.0,0.0,404.0,39.1,0.0,0.0,0.0,0.0,-0.01,0,1.21,2.42,0,0.0,0,268.56,0,0,0,0,0,0,0,0,0,1000.0,0,0,0,0,2.42,39.1,-1.0,0,39.1,0.0,39.1,0.0,0.0,0.0,268.56,-0.01
12/20/2024,17:1:36,0.0,0.0,404.0,39.1,0.0,0.0,0.0,0.0,-0.01,0,1.21,2.42,0,0.0,0,268.6,0,0,0,0,0,0,0,0,0,1000.0,0,0,0,0,2.42,39.1,-1.0,0,39.1,0.0,39.1,0.0,0.0,0.0,268.6,-0.01
12/20/2024,17:1:37,0.0,0.0,404.0,39.1,0.0,0.0,0.0,0.0,-0.01,0,1.21,2.42,0,0.0,0,268.64,0,0,0,0,0,0,0,0,0,1000.0,0,0,0,0,2.42,39.1,-1.0,0,39.1,0.0,39.1,0.0,0.0,0.0,268.64,-0.01
12/20/2024,17:1:38,0.0,0.0,404.0,39.1,0.0,0.0,0.0,0.0,-0.01,0,1.21,2.42,0,0.0,0,268.68,0,0,0,0,0,0,0,0,0,1000.0,0,0,0,0,2.42,39.1,-1.0,0,39.1,0.0,39.1,0.0,0.0,0.0,268.68,-0.01
12/20/2024,17:1:39,0.0,0.0,404.0,39.1,0.0,0.0,0.0,0.0,-0.01,0,1.21,2.42,0,0.0,0,268.72,0,0,0,0,0,0,0,0,0,1000.0,0,0,0,0,2.42,39.1,-1.0,0,39.1,0.0,39.1,0.0,0.0,0.0,268.72,-0.01
12/20/2024,17:1:40,0.0,0.0,404.0,39.1,0.0,0.0,0.0,0.0,-0.01,0,1.21,2.42,0,0.0,0,268.76,0,0,0,0,0,0,0,0,0,1000.0,0,0,0,0,2.42,39.1,-1.0,0,39.1,0.0,39.1,0.0,0.0,0.0,268.76,-0.01
12/20/2024,17:1:41,0.0,0.0,404.0,39.1,0.0,0.0,0.0,0.0,-0.01,0,1.21,2.42,0,0.0,0,268.84,0,0,0,0,0,0,0,0,0,1000.0,0,0,0,0,2.42,39.1,-1.0,0,39.1,0.0,39.1,0.0,0.0,0.0,268.84,-0.01
12/20/2024,17:1:42,0.0,0.0,404.0,39.1,0.0,0.0,0.0,0.0,-0.01,0,1.21,2.42,0,0.0,0,268.88,0,0,0,0,0,0,0,0,0,1000.0,0,0,0,0,2.42,39.1,-1.0,0,39.1,0.0,39.1,0.0,0.0,0.0,268.88,-0.01
12/20/2024,17:1:43,0.0,0.0,404.0,39.1,0.0,0.0,0.0,0.0,-0.01,0,1.21,2.42,0,0.0,0,268.91,0,0,0,0,0,0,0,0,0,1000.0,0,0,0,0,2.42,39.1,-1.0,0,39.1,0.0,39.1,0.0,0.0,0.0,268.91,-0.01
12/20/2024,17:1:44,0.0,0.0,404.0,39.1,0.0,0.0,0.0,0.0,-0.01,0,1.21,2.42,0,0.0,0,268.95,0,0,0,0,0,0,0,0,0,1000.0,0,0,0,0,2.42,39.1,-1.0,0,39.1,0.0,39.1,0.0,0.0,0.0,268.95,-0.01
12/20/2024,17:1:45,0.0,0.0,404.0,39.1,0.0,0.0,0.0,0.0,-0.01,0,1.21,2.42,0,0.0,0,268.99,0,0,0,0,0,0,0,0,0,1000.0,0,0,0,0,2.42,39.1,-1.0,0,39.1,0.0,39.1,0.0,0.0,0.0,268.99,-0.01
12/20/2024,17:1:46,0.0,0.0,404.0,39.1,0.0,0.0,0.0,0.0,-0.01,0,1.21,2.42,0,0.0,0,269.03,0,0,0,0,0,0,0,0,0,1000.0,0,0,0,0,2.42,39.1,-1.0,0,39.1,0.0,39.1,0.0,0.0,0.0,269.03,-0.01
12/20/2024,17:1:47,0.0,0.0,404.0,39.1,0.0,0.0,0.0,0.0,-0.01,0,1.21,2.42,0,0.0,0,269.07,0,0,0,0,0,0,0,0,0,1000.0,0,0,0,0,2.42,39.1,-1.0,0,39.1,0.0,39.1,0.0,0.0,0.0,269.07,-0.01
12/20/2024,17:1:48,0.0,0.0,404.0,39.1,0.0,0.0,0.0,0.0,-0.01,0,1.21,2.42,0,0.0,0,269.11,0,0,0,0,0,0,0,0,0,1000.0,0,0,0,0,2.42,39.1,-1.0,0,39.1,0.0,39.1,0.0,0.0,0.0,269.11,-0.01
12/20/2024,17:1:49,0.0,0.0,404.0,39.1,0.0,0.0,0.0,0.0,-0.01,0,1.21,2.42,0,0.0,0,269.15,0,0,0,0,0,0,0,0,0,1000.0,0,0,0,0,2.42,39.1,-1.0,0,39.1,0.0,39.1,0.0,0.0,0.0,269.15,-0.01
12/20/2024,17:1:50,0.0,0.0,404.0,39.1,0.0,0.0,0.0,0.0,-0.01,0,1.21,2.42,0,0.0,0,269.19,0,0,0,0,0,0,0,0,0,1000.0,0,0,0,0,2.42,39.1,-1.0,0,39.1,0.0,39.1,0.0,0.0,0.0,269.19,-0.01
12/20/2024,17:1:51,0.0,0.0,404.0,39.1,0.0,0.0,0.0,0.0,-0.01,0,1.21,2.42,0,0.0,0,269.23,0,0,0,0,0,0,0,0,0,1000.0,0,0,0,0,2.42,39.1,-1.0,0,39.1,0.0,39.1,0.0,0.0,0.0,269.23,-0.01
12/20/2024,17:1:52,0.0,0.0,404.0,39.1,0.0,0.0,0.0,0.0,-0.01,0,1.21,2.42,0,0.0,0,269.27,0,0,0,0,0,0,0,0,0,1000.0,0,0,0,0,2.42,39.1,-1.0,0,39.1,0.0,39.1,0.0,0.0,0.0,269.27,-0.01
12/20/2024,17:1:53,0.0,0.0,404.0,39.1,0.0,0.0,0.0,0.0,-0.01,0,1.21,2.42,0,0.0,0,269.31,0,0,0,0,0,0,0,0,0,1000.0,0,0,0,0,2.42,39.1,-1.0,0,39.1,0.0,39.1,0.0,0.0,0.0,269.31,-0.01
12/20/2024,17:1:54,0.0,0.0,404.0,39.1,0.0,0.0,0.0,0.0,-0.01,0,1.21,2.42,0,0.0,0,269.34,0,0,0,0,0,0,0,0,0,1000.0,0,0,0,0,2.42,39.1,-1.0,0,39.1,0.0,39.1,0.0,0.0,0.0,269.34,-0.01
12/20/2024,17:1:55,0.0,0.0,404.0,39.1,0.0,0.0,0.0,0.0,-0.01,0,1.21,2.42,0,0.0,0,269.38,0,0,0,0,0,0,0,0,0,1000.0,0,0,0,0,2.42,39.1,-1.0,0,39.1,0.0,39.1,0.0,0.0,0.0,269.38,-0.01
12/20/2024,17:1:56,0.0,0.0,404.0,39.1,0.0,0.0,0.0,0.0,-0.01,0,1.21,2.42,0,0.0,0,269.42,0,0,0,0,0,0,0,0,0,1000.0,0,0,0,0,2.42,39.1,-1.0,0,39.1,0.0,39.1,0.0,0.0,0.0,269.42,-0.01
12/20/2024,17:1:57,0.0,0.0,404.0,39.1,0.0,0.0,0.0,0.0,-0.01,0,1.21,2.42,0,0.0,0,269.46,0,0,0,0,0,0,0,0,0,1000.0,0,0,0,0,2.42,39.1,-1.0,0,39.1,0.0,39.1,0.0,0.0,0.0,269.46,-0.01
12/20/2024,17:1:58,0.0,0.0,404.0,39.1,0.0,0.0,0.0,0.0,-0.01,0,1.21,2.42,0,0.0,0,269.5,0,0,0,0,0,0,0,0,0,1000.0,0,0,0,0,2.42,39.1,-1.0,0,39.1,0.0,39.1,0.0,0.0,0.0,269.5,-0.01
12/20/2024,17:1:59,0.0,0.0,404.0,39.1,0.0,0.0,0.0,0.0,-0.01,0,1.21,2.42,0,0.0,0,269.54,0,0,0,0,0,0,0,0,0,1000.0,0,0,0,0,2.42,39.1,-1.0,0,39.1,0.0,39.1,0.0,0.0,0.0,269.54,-0.01
12/20/2024,17:2:0,0.0,0.0,404.0,39.1,0.0,0.0,0.0,0.0,-0.01,0,1.21,2.42,0,0.0,0,269.58,0,0,0,0,0,0,0,0,0,1000.0,0,0,0,0,2.42,39.1,-1.0,0,39.1,0.0,39.1,0.0,0.0,0.0,269.58,-0.01
12/20/2024,17:2:1,0.0,0.0,404.0,39.1,0.0,0.0,0.0,0.0,-0.01,0,1.21,2.42,0,0.0,0,269.62,0,0,0,0,0,0,0,0,0,1000.0,0,0,0,0,2.42,39.1,-1.0,0,39.1,0.0,39.1,0.0,0.0,0.0,269.62,-0.01
12/20/2024,17:2:2,0.0,0.0,404.0,39.1,0.0,0.0,0.0,0.0,-0.01,0,1.21,2.42,0,0.0,0,269.66,0,0,0,0,0,0,0,0,0,1000.0,0,0,0,0,2.42,39.1,-1.0,0,39.1,0.0,39.1,0.0,0.0,0.0,269.66,-0.01
12/20/2024,17:2:3,0.0,0.0,404.0,39.1,0.0,0.0,0.0,0.0,-0.01,0,1.21,2.42,0,0.0,0,269.7,0,0,0,0,0,0,0,0,0,1000.0,0,0,0,0,2.42,39.1,-1.0,0,39.1,0.0,39.1,0.0,0.0,0.0,269.7,-0.01
12/20/2024,17:2:4,0.0,0.0,404.0,39.1,0.0,0.0,0.0,0.0,-0.01,0,1.21,2.42,0,0.0,0,269.74,0,0,0,0,0,0,0,0,0,1000.0,0,0,0,0,2.42,39.1,-1.0,0,39.1,0.0,39.1,0.0,0.0,0.0,269.74,-0.01
12/20/2024,17:2:5,0.0,0.0,404.0,39.1,0.0,0.0,0.0,0.0,-0.01,0,1.21,2.42,0,0.0,0,269.77,0,0,0,0,0,0,0,0,0,1000.0,0,0,0,0,2.42,39.1,-1.0,0,39.1,0.0,39.1,0.0,0.0,0.0,269.77,-0.01
12/20/2024,17:2:6,0.0,0.0,404.0,39.1,0.0,0.0,0.0,0.0,-0.01,0,1.21,2.42,0,0.0,0,269.81,0,0,0,0,0,0,0,0,0,1000.0,0,0,0,0,2.42,39.1,-1.0,0,39.1,0.0,39.1,0.0,0.0,0.0,269.81,-0.01
12/20/2024,17:2:7,0.0,0.0,404.0,39.1,0.0,0.0,0.0,0.0,-0.01,0,1.21,2.42,0,0.0,0,269.85,0,0,0,0,0,0,0,0,0,1000.0,0,0,0,0,2.42,39.1,-1.0,0,39.1,0.0,39.1,0.0,0.0,0.0,269.85,-0.01
12/20/2024,17:2:8,0.0,0.0,404.0,39.1,0.0,0.0,0.0,0.0,-0.01,0,1.21,2.42,0,0.0,0,269.89,0,0,0,0,0,0,0,0,0,1000.0,0,0,0,0,2.42,39.1,-1.0,0,39.1,0.0,39.1,0.0,0.0,0.0,269.89,-0.01
12/20/2024,17:2:9,0.0,0.0,404.0,39.1,0.0,0.0,0.0,0.0,-0.01,0,1.21,2.42,0,0.0,0,269.93,0,0,0,0,0,0,0,0,0,1000.0,0,0,0,0,2.42,39.1,-1.0,0,39.1,0.0,39.1,0.0,0.0,0.0,269.93,-0.01
12/20/2024,17:2:10,0.0,0.0,404.0,39.1,0.0,0.0,0.0,0.0,-0.01,0,1.21,2.42,0,0.0,0,269.97,0,0,0,0,0,0,0,0,0,1000.0,0,0,0,0,2.42,39.1,-1.0,0,39.1,0.0,39.1,0.0,0.0,0.0,269.97,-0.01
12/20/2024,17:2:11,0.0,0.0,404.0,39.1,0.0,0.0,0.0,0.0,-0.01,0,1.21,2.42,0,0.0,0,270.01,0,0,0,0,0,0,0,0,0,1000.0,0,0,0,0,2.42,39.1,-1.0,0,39.1,0.0,39.1,0.0,0.0,0.0,270.01,-0.01
12/20/2024,17:2:12,0.0,0.0,404.0,39.1,0.0,0.0,0.0,0.0,-0.01,0,1.21,2.42,0,0.0,0,270.05,0,0,0,0,0,0,0,0,0,1000.0,0,0,0,0,2.42,39.1,-1.0,0,39.1,0.0,39.1,0.0,0.0,0.0,270.05,-0.01
12/20/2024,17:2:13,0.0,0.0,404.0,39.1,0.0,0.0,0.0,0.0,-0.01,0,1.21,2.42,0,0.0,0,270.09,0,0,0,0,0,0,0,0,0,1000.0,0,0,0,0,2.42,39.1,-1.0,0,39.1,0.0,39.1,0.0,0.0,0.0,270.09,-0.01
12/20/2024,17:2:14,0.0,0.0,404.0,39.1,0.0,0.0,0.0,0.0,-0.01,0,1.21,2.42,0,0.0,0,270.09,0,0,0,0,0,0,0,0,0,1000.0,0,0,0,0,2.42,39.1,-1.0,0,39.1,0.0,39.1,0.0,0.0,0.0,270.09,-0.01
12/20/2024,17:2:15,0.0,0.0,404.0,39.1,0.0,0.0,0.0,0.0,-0.01,0,1.21,2.42,0,0.0,0,270.13,0,0,0,0,0,0,0,0,0,1000.0,0,0,0,0,2.42,39.1,-1.0,0,39.1,0.0,39.1,0.0,0.0,0.0,270.13,-0.01
12/20/2024,17:2:16,0.0,0.0,404.0,39.1,0.0,0.0,0.0,0.0,-0.01,0,1.21,2.42,0,0.0,0,270.17,0,0,0,0,0,0,0,0,0,1000.0,0,0,0,0,2.42,39.1,-1.0,0,39.1,0.0,39.1,0.0,0.0,0.0,270.17,-0.01
12/20/2024,17:2:17,0.0,0.0,404.0,39.1,0.0,0.0,0.0,0.0,-0.01,0,1.21,2.42,0,0.0,0,270.24,0,0,0,0,0,0,0,0,0,1000.0,0,0,0,0,2.42,39.1,-1.0,0,39.1,0.0,39.1,0.0,0.0,0.0,270.24,-0.01
12/20/2024,17:2:18,0.0,0.0,404.0,39.1,0.0,0.0,0.0,0.0,-0.01,0,1.21,2.42,0,0.0,0,270.24,0,0,0,0,0,0,0,0,0,1000.0,0,0,0,0,2.42,39.1,-1.0,0,39.1,0.0,39.1,0.0,0.0,0.0,270.24,-0.01
12/20/2024,17:2:21,0.0,0.0,404.0,39.1,0.0,0.0,0.0,0.0,-0.01,0,1.21,2.42,0,0.0,0,270.36,0,0,0,0,0,0,0,0,0,1000.0,0,0,0,0,2.42,39.1,-1.0,0,39.1,0.0,39.1,0.0,0.0,0.0,270.36,-0.01
12/20/2024,17:2:22,0.0,0.0,404.0,39.1,0.0,0.0,0.0,0.0,-0.01,0,1.21,2.42,0,0.0,0,270.4,0,0,0,0,0,0,0,0,0,1000.0,0,0,0,0,2.42,39.1,-1.0,0,39.1,0.0,39.1,0.0,0.0,0.0,270.4,-0.01
12/20/2024,17:2:23,0.0,0.0,404.0,39.1,0.0,0.0,0.0,0.0,-0.01,0,1.21,2.42,0,0.0,0,270.44,0,0,0,0,0,0,0,0,0,1000.0,0,0,0,0,2.42,39.1,-1.0,0,39.1,0.0,39.1,0.0,0.0,0.0,270.44,-0.01
12/20/2024,17:2:24,0.0,0.0,404.0,39.1,0.0,0.0,0.0,0.0,-0.01,0,1.21,2.42,0,0.0,0,270.48,0,0,0,0,0,0,0,0,0,1000.0,0,0,0,0,2.42,39.1,-1.0,0,39.1,0.0,39.1,0.0,0.0,0.0,270.48,-0.01
12/20/2024,17:2:25,0.0,0.0,404.0,39.1,0.0,0.0,0.0,0.0,-0.01,0,1.21,2.42,0,0.0,0,270.56,0,0,0,0,0,0,0,0,0,1000.0,0,0,0,0,2.42,39.1,-1.0,0,39.1,0.0,39.1,0.0,0.0,0.0,270.56,-0.01
12/20/2024,17:2:26,0.0,0.0,404.0,39.1,0.0,0.0,0.0,0.0,-0.01,0,1.21,2.42,0,0.0,0,270.56,0,0,0,0,0,0,0,0,0,1000.0,0,0,0,0,2.42,39.1,-1.0,0,39.1,0.0,39.1,0.0,0.0,0.0,270.56,-0.01
12/20/2024,17:2:27,0.0,0.0,404.0,39.1,0.0,0.0,0.0,0.0,-0.01,0,1.21,2.42,0,0.0,0,270.64,0,0,0,0,0,0,0,0,0,1000.0,0,0,0,0,2.42,39.1,-1.0,0,39.1,0.0,39.1,0.0,0.0,0.0,270.64,-0.01
12/20/2024,17:2:28,0.0,0.0,404.0,39.1,0.0,0.0,0.0,0.0,-0.01,0,1.21,2.42,0,0.0,0,270.64,0,0,0,0,0,0,0,0,0,1000.0,0,0,0,0,2.42,39.1,-1.0,0,39.1,0.0,39.1,0.0,0.0,0.0,270.64,-0.01
12/20/2024,17:2:29,0.0,0.0,404.0,39.1,0.0,0.0,0.0,0.0,-0.01,0,1.21,2.42,0,0.0,0,270.67,0,0,0,0,0,0,0,0,0,1000.0,0,0,0,0,2.42,39.1,-1.0,0,39.1,0.0,39.1,0.0,0.0,0.0,270.67,-0.01
12/20/2024,17:2:30,0.0,0.0,404.0,39.1,0.0,0.0,0.0,0.0,-0.01,0,1.21,2.42,0,0.0,0,270.75,0,0,0,0,0,0,0,0,0,1000.0,0,0,0,0,2.42,39.1,-1.0,0,39.1,0.0,39.1,0.0,0.0,0.0,270.75,-0.01
12/20/2024,17:2:31,0.0,0.0,404.0,39.1,0.0,0.0,0.0,0.0,-0.01,0,1.21,2.42,0,0.0,0,270.79,0,0,0,0,0,0,0,0,0,1000.0,0,0,0,0,2.42,39.1,-1.0,0,39.1,0.0,39.1,0.0,0.0,0.0,270.79,-0.01
12/20/2024,17:2:32,0.0,0.0,404.0,39.1,0.0,0.0,0.0,0.0,-0.01,0,1.21,2.42,0,0.0,0,270.83,0,0,0,0,0,0,0,0,0,1000.0,0,0,0,0,2.42,39.1,-1.0,0,39.1,0.0,39.1,0.0,0.0,0.0,270.83,-0.01
12/20/2024,17:2:33,0.0,0.0,404.0,39.1,0.0,0.0,0.0,0.0,-0.01,0,1.21,2.42,0,0.0,0,270.87,0,0,0,0,0,0,0,0,0,1000.0,0,0,0,0,2.42,39.1,-1.0,0,39.1,0.0,39.1,0.0,0.0,0.0,270.87,-0.01
12/20/2024,17:2:34,0.0,0.0,404.0,39.1,0.0,0.0,0.0,0.0,-0.01,0,1.21,2.42,0,0.0,0,270.91,0,0,0,0,0,0,0,0,0,1000.0,0,0,0,0,2.42,39.1,-1.0,0,39.1,0.0,39.1,0.0,0.0,0.0,270.91,-0.01
12/20/2024,17:2:35,0.0,0.0,404.0,39.1,0.0,0.0,0.0,0.0,-0.01,0,1.21,2.42,0,0.0,0,270.95,0,0,0,0,0,0,0,0,0,1000.0,0,0,0,0,2.42,39.1,-1.0,0,39.1,0.0,39.1,0.0,0.0,0.0,270.95,-0.01
12/20/2024,17:2:36,0.0,0.0,404.0,39.1,0.0,0.0,0.0,0.0,-0.01,0,1.21,2.42,0,0.0,0,270.99,0,0,0,0,0,0,0,0,0,1000.0,0,0,0,0,2.42,39.1,-1.0,0,39.1,0.0,39.1,0.0,0.0,0.0,270.99,-0.01
12/20/2024,17:2:37,0.0,0.0,404.0,39.1,0.0,0.0,0.0,0.0,-0.01,0,1.21,2.42,0,0.0,0,271.03,0,0,0,0,0,0,0,0,0,1000.0,0,0,0,0,2.42,39.1,-1.0,0,39.1,0.0,39.1,0.0,0.0,0.0,271.03,-0.01
12/20/2024,17:2:38,0.0,0.0,404.0,39.1,0.0,0.0,0.0,0.0,-0.01,0,1.21,2.42,0,0.0,0,271.07,0,0,0,0,0,0,0,0,0,1000.0,0,0,0,0,2.42,39.1,-1.0,0,39.1,0.0,39.1,0.0,0.0,0.0,271.07,-0.01
12/20/2024,17:2:39,0.0,0.0,404.0,39.1,0.0,0.0,0.0,0.0,-0.01,0,1.21,2.42,0,0.0,0,271.1,0,0,0,0,0,0,0,0,0,1000.0,0,0,0,0,2.42,39.1,-1.0,0,39.1,0.0,39.1,0.0,0.0,0.0,271.1,-0.01
12/20/2024,17:2:40,0.0,0.0,404.0,39.1,0.0,0.0,0.0,0.0,-0.01,0,1.21,2.42,0,0.0,0,271.14,0,0,0,0,0,0,0,0,0,1000.0,0,0,0,0,2.42,39.1,-1.0,0,39.1,0.0,39.1,0.0,0.0,0.0,271.14,-0.01
12/20/2024,17:2:41,0.0,0.0,404.0,39.1,0.0,0.0,0.0,0.0,-0.01,0,1.21,2.42,0,0.0,0,271.18,0,0,0,0,0,0,0,0,0,1000.0,0,0,0,0,2.42,39.1,-1.0,0,39.1,0.0,39.1,0.0,0.0,0.0,271.18,-0.01
12/20/2024,17:2:42,0.0,0.0,404.0,39.1,0.0,0.0,0.0,0.0,-0.01,0,1.21,2.42,0,0.0,0,271.22,0,0,0,0,0,0,0,0,0,1000.0,0,0,0,0,2.42,39.1,-1.0,0,39.1,0.0,39.1,0.0,0.0,0.0,271.22,-0.01
12/20/2024,17:2:43,0.0,0.0,404.0,39.1,0.0,0.0,0.0,0.0,-0.01,0,1.21,2.42,0,0.0,0,271.26,0,0,0,0,0,0,0,0,0,1000.0,0,0,0,0,2.42,39.1,-1.0,0,39.1,0.0,39.1,0.0,0.0,0.0,271.26,-0.01
12/20/2024,17:2:44,0.0,0.0,404.0,39.1,0.0,0.0,0.0,0.0,-0.01,0,1.21,2.42,0,0.0,0,271.3,0,0,0,0,0,0,0,0,0,1000.0,0,0,0,0,2.42,39.1,-1.0,0,39.1,0.0,39.1,0.0,0.0,0.0,271.3,-0.01
12/20/2024,17:2:45,0.0,0.0,404.0,39.1,0.0,0.0,0.0,0.0,-0.01,0,1.21,2.42,0,0.0,0,271.34,0,0,0,0,0,0,0,0,0,1000.0,0,0,0,0,2.42,39.1,-1.0,0,39.1,0.0,39.1,0.0,0.0,0.0,271.34,-0.01
12/20/2024,17:2:46,0.0,0.0,404.0,39.1,0.0,0.0,0.0,0.0,-0.01,0,1.21,2.42,0,0.0,0,271.38,0,0,0,0,0,0,0,0,0,1000.0,0,0,0,0,2.42,39.1,-1.0,0,39.1,0.0,39.1,0.0,0.0,0.0,271.38,-0.01
12/20/2024,17:2:47,0.0,0.0,404.0,39.1,0.0,0.0,0.0,0.0,-0.01,0,1.21,2.42,0,0.0,0,271.42,0,0,0,0,0,0,0,0,0,1000.0,0,0,0,0,2.42,39.1,-1.0,0,39.1,0.0,39.1,0.0,0.0,0.0,271.42,-0.01
12/20/2024,17:2:48,0.0,0.0,404.0,39.1,0.0,0.0,0.0,0.0,-0.01,0,1.21,2.42,0,0.0,0,271.46,0,0,0,0,0,0,0,0,0,1000.0,0,0,0,0,2.42,39.1,-1.0,0,39.1,0.0,39.1,0.0,0.0,0.0,271.46,-0.01
12/20/2024,17:2:49,0.0,0.0,404.0,39.1,0.0,0.0,0.0,0.0,-0.01,0,1.21,2.42,0,0.0,0,271.5,0,0,0,0,0,0,0,0,0,1000.0,0,0,0,0,2.42,39.1,-1.0,0,39.1,0.0,39.1,0.0,0.0,0.0,271.5,-0.01
12/20/2024,17:2:50,0.0,0.0,404.0,39.1,0.0,0.0,0.0,0.0,-0.01,0,1.21,2.42,0,0.0,0,271.53,0,0,0,0,0,0,0,0,0,1000.0,0,0,0,0,2.42,39.1,-1.0,0,39.1,0.0,39.1,0.0,0.0,0.0,271.53,-0.01
12/20/2024,17:2:51,0.0,0.0,404.0,39.1,0.0,0.0,0.0,0.0,-0.01,0,1.21,2.42,0,0.0,0,271.57,0,0,0,0,0,0,0,0,0,1000.0,0,0,0,0,2.42,39.1,-1.0,0,39.1,0.0,39.1,0.0,0.0,0.0,271.57,-0.01
12/20/2024,17:2:52,0.0,0.0,404.0,39.1,0.0,0.0,0.0,0.0,-0.01,0,1.21,2.42,0,0.0,0,271.61,0,0,0,0,0,0,0,0,0,1000.0,0,0,0,0,2.42,39.1,-1.0,0,39.1,0.0,39.1,0.0,0.0,0.0,271.61,-0.01
12/20/2024,17:2:53,0.0,0.0,404.0,39.1,0.0,0.0,0.0,0.0,-0.01,0,1.21,2.42,0,0.0,0,271.65,0,0,0,0,0,0,0,0,0,1000.0,0,0,0,0,2.42,39.1,-1.0,0,39.1,0.0,39.1,0.0,0.0,0.0,271.65,-0.01
12/20/2024,17:2:54,0.0,0.0,404.0,39.1,0.0,0.0,0.0,0.0,-0.01,0,1.21,2.42,0,0.0,0,271.69,0,0,0,0,0,0,0,0,0,1000.0,0,0,0,0,2.42,39.1,-1.0,0,39.1,0.0,39.1,0.0,0.0,0.0,271.69,-0.01
12/20/2024,17:2:55,0.0,0.0,404.0,39.1,0.0,0.0,0.0,0.0,-0.01,0,1.21,2.42,0,0.0,0,271.73,0,0,0,0,0,0,0,0,0,1000.0,0,0,0,0,2.42,39.1,-1.0,0,39.1,0.0,39.1,0.0,0.0,0.0,271.73,-0.01
12/20/2024,17:2:56,0.0,0.0,404.0,39.1,0.0,0.0,0.0,0.0,-0.01,0,1.21,2.42,0,0.0,0,271.73,0,0,0,0,0,0,0,0,0,1000.0,0,0,0,0,2.42,39.1,-1.0,0,39.1,0.0,39.1,0.0,0.0,0.0,271.73,-0.01
12/20/2024,17:2:57,0.0,0.0,404.0,39.1,0.0,0.0,0.0,0.0,-0.01,0,1.21,2.42,0,0.0,0,271.81,0,0,0,0,0,0,0,0,0,1000.0,0,0,0,0,2.42,39.1,-1.0,0,39.1,0.0,39.1,0.0,0.0,0.0,271.81,-0.01
12/20/2024,17:2:58,0.0,0.0,404.0,39.1,0.0,0.0,0.0,0.0,-0.01,0,1.21,2.42,0,0.0,0,271.81,0,0,0,0,0,0,0,0,0,1000.0,0,0,0,0,2.42,39.1,-1.0,0,39.1,0.0,39.1,0.0,0.0,0.0,271.81,-0.01
12/20/2024,17:2:59,0.0,0.0,404.0,39.1,0.0,0.0,0.0,0.0,-0.01,0,1.21,2.42,0,0.0,0,271.89,0,0,0,0,0,0,0,0,0,1000.0,0,0,0,0,2.42,39.1,-1.0,0,39.1,0.0,39.1,0.0,0.0,0.0,271.89,-0.01
12/20/2024,17:3:0,0.0,0.0,404.0,39.1,0.0,0.0,0.0,0.0,-0.01,0,1.21,2.42,0,0.0,0,271.89,0,0,0,0,0,0,0,0,0,1000.0,0,0,0,0,2.42,39.1,-1.0,0,39.1,0.0,39.1,0.0,0.0,0.0,271.89,-0.01
12/20/2024,17:3:1,0.0,0.0,404.0,39.1,0.0,0.0,0.0,0.0,-0.01,0,1.21,2.42,0,0.0,0,271.96,0,0,0,0,0,0,0,0,0,1000.0,0,0,0,0,2.42,39.1,-1.0,0,39.1,0.0,39.1,0.0,0.0,0.0,271.96,-0.01
12/20/2024,17:3:2,0.0,0.0,404.0,39.1,0.0,0.0,0.0,0.0,-0.01,0,1.21,2.42,0,0.0,0,271.96,0,0,0,0,0,0,0,0,0,1000.0,0,0,0,0,2.42,39.1,-1.0,0,39.1,0.0,39.1,0.0,0.0,0.0,271.96,-0.01
12/20/2024,17:3:3,0.0,0.0,404.0,39.1,0.0,0.0,0.0,0.0,-0.01,0,1.21,2.42,0,0.0,0,272.0,0,0,0,0,0,0,0,0,0,1000.0,0,0,0,0,2.42,39.1,-1.0,0,39.1,0.0,39.1,0.0,0.0,0.0,272.0,-0.01
12/20/2024,17:3:4,0.0,0.0,404.0,39.1,0.0,0.0,0.0,0.0,-0.01,0,1.21,2.42,0,0.0,0,272.08,0,0,0,0,0,0,0,0,0,1000.0,0,0,0,0,2.42,39.1,-1.0,0,39.1,0.0,39.1,0.0,0.0,0.0,272.08,-0.01
12/20/2024,17:3:5,0.0,0.0,404.0,39.1,0.0,0.0,0.0,0.0,-0.01,0,1.21,2.42,0,0.0,0,272.08,0,0,0,0,0,0,0,0,0,1000.0,0,0,0,0,2.42,39.1,-1.0,0,39.1,0.0,39.1,0.0,0.0,0.0,272.08,-0.01
12/20/2024,17:3:6,0.0,0.0,404.0,39.1,0.0,0.0,0.0,0.0,-0.01,0,1.21,2.42,0,0.0,0,272.12,0,0,0,0,0,0,0,0,0,1000.0,0,0,0,0,2.42,39.1,-1.0,0,39.1,0.0,39.1,0.0,0.0,0.0,272.12,-0.01
12/20/2024,17:3:7,0.0,0.0,404.0,39.1,0.0,0.0,0.0,0.0,-0.01,0,1.21,2.42,0,0.0,0,272.16,0,0,0,0,0,0,0,0,0,1000.0,0,0,0,0,2.42,39.1,-1.0,0,39.1,0.0,39.1,0.0,0.0,0.0,272.16,-0.01
12/20/2024,17:3:8,0.0,0.0,404.0,39.1,0.0,0.0,0.0,0.0,-0.01,0,1.21,2.42,0,0.0,0,272.2,0,0,0,0,0,0,0,0,0,1000.0,0,0,0,0,2.42,39.1,-1.0,0,39.1,0.0,39.1,0.0,0.0,0.0,272.2,-0.01
12/20/2024,17:3:9,0.0,0.0,404.0,39.1,0.0,0.0,0.0,0.0,-0.01,0,1.21,2.42,0,0.0,0,272.24,0,0,0,0,0,0,0,0,0,1000.0,0,0,0,0,2.42,39.1,-1.0,0,39.1,0.0,39.1,0.0,0.0,0.0,272.24,-0.01
12/20/2024,17:3:10,0.0,0.0,404.0,39.1,0.0,0.0,0.0,0.0,-0.01,0,1.21,2.42,0,0.0,0,272.28,0,0,0,0,0,0,0,0,0,1000.0,0,0,0,0,2.42,39.1,-1.0,0,39.1,0.0,39.1,0.0,0.0,0.0,272.28,-0.01
12/20/2024,17:3:11,0.0,0.0,404.0,39.1,0.0,0.0,0.0,0.0,-0.01,0,1.21,2.42,0,0.0,0,272.32,0,0,0,0,0,0,0,0,0,1000.0,0,0,0,0,2.42,39.1,-1.0,0,39.1,0.0,39.1,0.0,0.0,0.0,272.32,-0.01
12/20/2024,17:3:12,0.0,0.0,404.0,39.1,0.0,0.0,0.0,0.0,-0.01,0,1.21,2.42,0,0.0,0,272.36,0,0,0,0,0,0,0,0,0,1000.0,0,0,0,0,2.42,39.1,-1.0,0,39.1,0.0,39.1,0.0,0.0,0.0,272.36,-0.01
12/20/2024,17:3:13,0.0,0.0,404.0,39.1,0.0,0.0,0.0,0.0,-0.01,0,1.21,2.42,0,0.0,0,272.39,0,0,0,0,0,0,0,0,0,1000.0,0,0,0,0,2.42,39.1,-1.0,0,39.1,0.0,39.1,0.0,0.0,0.0,272.39,-0.01
12/20/2024,17:3:14,0.0,0.0,404.0,39.1,0.0,0.0,0.0,0.0,-0.01,0,1.21,2.42,0,0.0,0,272.43,0,0,0,0,0,0,0,0,0,1000.0,0,0,0,0,2.42,39.1,-1.0,0,39.1,0.0,39.1,0.0,0.0,0.0,272.43,-0.01
12/20/2024,17:3:15,0.0,0.0,404.0,39.1,0.0,0.0,0.0,0.0,-0.01,0,1.21,2.42,0,0.0,0,272.47,0,0,0,0,0,0,0,0,0,1000.0,0,0,0,0,2.42,39.1,-1.0,0,39.1,0.0,39.1,0.0,0.0,0.0,272.47,-0.01
12/20/2024,17:3:16,0.0,0.0,404.0,39.1,0.0,0.0,0.0,0.0,-0.01,0,1.21,2.42,0,0.0,0,272.55,0,0,0,0,0,0,0,0,0,1000.0,0,0,0,0,2.42,39.1,-1.0,0,39.1,0.0,39.1,0.0,0.0,0.0,272.55,-0.01
12/20/2024,17:3:17,0.0,0.0,404.0,39.1,0.0,0.0,0.0,0.0,-0.01,0,1.21,2.42,0,0.0,0,272.55,0,0,0,0,0,0,0,0,0,1000.0,0,0,0,0,2.42,39.1,-1.0,0,39.1,0.0,39.1,0.0,0.0,0.0,272.55,-0.01
12/20/2024,17:3:18,0.0,0.0,404.0,39.1,0.0,0.0,0.0,0.0,-0.01,0,1.21,2.42,0,0.0,0,272.59,0,0,0,0,0,0,0,0,0,1000.0,0,0,0,0,2.42,39.1,-1.0,0,39.1,0.0,39.1,0.0,0.0,0.0,272.59,-0.01
12/20/2024,17:3:19,0.0,0.0,404.0,39.1,0.0,0.0,0.0,0.0,-0.01,0,1.21,2.42,0,0.0,0,272.67,0,0,0,0,0,0,0,0,0,1000.0,0,0,0,0,2.42,39.1,-1.0,0,39.1,0.0,39.1,0.0,0.0,0.0,272.67,-0.01
12/20/2024,17:3:20,0.0,0.0,404.0,39.1,0.0,0.0,0.0,0.0,-0.01,0,1.21,2.42,0,0.0,0,272.71,0,0,0,0,0,0,0,0,0,1000.0,0,0,0,0,2.42,39.1,-1.0,0,39.1,0.0,39.1,0.0,0.0,0.0,272.71,-0.01
12/20/2024,17:3:21,0.0,0.0,404.0,39.1,0.0,0.0,0.0,0.0,-0.01,0,1.21,2.42,0,0.0,0,272.75,0,0,0,0,0,0,0,0,0,1000.0,0,0,0,0,2.42,39.1,-1.0,0,39.1,0.0,39.1,0.0,0.0,0.0,272.75,-0.01
12/20/2024,17:3:22,0.0,0.0,404.0,39.1,0.0,0.0,0.0,0.0,-0.01,0,1.21,2.42,0,0.0,0,272.79,0,0,0,0,0,0,0,0,0,1000.0,0,0,0,0,2.42,39.1,-1.0,0,39.1,0.0,39.1,0.0,0.0,0.0,272.79,-0.01
12/20/2024,17:3:23,0.0,0.0,404.0,39.1,0.0,0.0,0.0,0.0,-0.01,0,1.21,2.42,0,0.0,0,272.82,0,0,0,0,0,0,0,0,0,1000.0,0,0,0,0,2.42,39.1,-1.0,0,39.1,0.0,39.1,0.0,0.0,0.0,272.82,-0.01
12/20/2024,17:3:24,0.0,0.0,404.0,39.1,0.0,0.0,0.0,0.0,-0.01,0,1.21,2.42,0,0.0,0,272.86,0,0,0,0,0,0,0,0,0,1000.0,0,0,0,0,2.42,39.1,-1.0,0,39.1,0.0,39.1,0.0,0.0,0.0,272.86,-0.01
12/20/2024,17:3:25,0.0,0.0,404.0,39.1,0.0,0.0,0.0,0.0,-0.01,0,1.21,2.42,0,0.0,0,272.9,0,0,0,0,0,0,0,0,0,1000.0,0,0,0,0,2.42,39.1,-1.0,0,39.1,0.0,39.1,0.0,0.0,0.0,272.9,-0.01
12/20/2024,17:3:26,0.0,0.0,404.0,39.1,0.0,0.0,0.0,0.0,-0.01,0,1.21,2.42,0,0.0,0,272.94,0,0,0,0,0,0,0,0,0,1000.0,0,0,0,0,2.42,39.1,-1.0,0,39.1,0.0,39.1,0.0,0.0,0.0,272.94,-0.01
12/20/2024,17:3:27,0.0,0.0,404.0,39.1,0.0,0.0,0.0,0.0,-0.01,0,1.21,2.42,0,0.0,0,272.98,0,0,0,0,0,0,0,0,0,1000.0,0,0,0,0,2.42,39.1,-1.0,0,39.1,0.0,39.1,0.0,0.0,0.0,272.98,-0.01
12/20/2024,17:3:28,0.0,0.0,404.0,39.2,0.0,0.0,0.0,0.0,-0.01,0,1.21,2.42,0,0.0,0,273.02,0,0,0,0,0,0,0,0,0,1000.0,0,0,0,0,2.42,39.2,-1.0,0,39.2,0.0,39.2,0.0,0.0,0.0,273.02,-0.01
12/20/2024,17:3:29,0.0,0.0,404.0,39.1,0.0,0.0,0.0,0.0,-0.01,0,1.21,2.42,0,0.0,0,273.06,0,0,0,0,0,0,0,0,0,1000.0,0,0,0,0,2.42,39.1,-1.0,0,39.1,0.0,39.1,0.0,0.0,0.0,273.06,-0.01
12/20/2024,17:3:30,0.0,0.0,404.0,39.1,0.0,0.0,0.0,0.0,-0.01,0,1.21,2.42,0,0.0,0,273.1,0,0,0,0,0,0,0,0,0,1000.0,0,0,0,0,2.42,39.1,-1.0,0,39.1,0.0,39.1,0.0,0.0,0.0,273.1,-0.01
12/20/2024,17:3:31,0.0,0.0,404.0,39.1,0.0,0.0,0.0,0.0,-0.01,0,1.21,2.42,0,0.0,0,273.14,0,0,0,0,0,0,0,0,0,1000.0,0,0,0,0,2.42,39.1,-1.0,0,39.1,0.0,39.1,0.0,0.0,0.0,273.14,-0.01
12/20/2024,17:3:32,0.0,0.0,404.0,39.1,0.0,0.0,0.0,0.0,-0.01,0,1.21,2.42,0,0.0,0,273.18,0,0,0,0,0,0,0,0,0,1000.0,0,0,0,0,2.42,39.1,-1.0,0,39.1,0.0,39.1,0.0,0.0,0.0,273.18,-0.01
12/20/2024,17:3:33,0.0,0.0,404.0,39.1,0.0,0.0,0.0,0.0,-0.01,0,1.21,2.42,0,0.0,0,273.22,0,0,0,0,0,0,0,0,0,1000.0,0,0,0,0,2.42,39.1,-1.0,0,39.1,0.0,39.1,0.0,0.0,0.0,273.22,-0.01
12/20/2024,17:3:34,0.0,0.0,404.0,39.1,0.0,0.0,0.0,0.0,-0.01,0,1.21,2.42,0,0.0,0,273.25,0,0,0,0,0,0,0,0,0,1000.0,0,0,0,0,2.42,39.1,-1.0,0,39.1,0.0,39.1,0.0,0.0,0.0,273.25,-0.01
12/20/2024,17:3:35,0.0,0.0,404.0,39.1,0.0,0.0,0.0,0.0,-0.01,0,1.21,2.42,0,0.0,0,273.29,0,0,0,0,0,0,0,0,0,1000.0,0,0,0,0,2.42,39.1,-1.0,0,39.1,0.0,39.1,0.0,0.0,0.0,273.29,-0.01
12/20/2024,17:3:36,0.0,0.0,404.0,39.1,0.0,0.0,0.0,0.0,-0.01,0,1.21,2.42,0,0.0,0,273.33,0,0,0,0,0,0,0,0,0,1000.0,0,0,0,0,2.42,39.1,-1.0,0,39.1,0.0,39.1,0.0,0.0,0.0,273.33,-0.01
12/20/2024,17:3:37,0.0,0.0,404.0,39.1,0.0,0.0,0.0,0.0,-0.01,0,1.21,2.42,0,0.0,0,273.37,0,0,0,0,0,0,0,0,0,1000.0,0,0,0,0,2.42,39.1,-1.0,0,39.1,0.0,39.1,0.0,0.0,0.0,273.37,-0.01
12/20/2024,17:3:38,0.0,0.0,404.0,39.1,0.0,0.0,0.0,0.0,-0.01,0,1.21,2.42,0,0.0,0,273.41,0,0,0,0,0,0,0,0,0,1000.0,0,0,0,0,2.42,39.1,-1.0,0,39.1,0.0,39.1,0.0,0.0,0.0,273.41,-0.01
12/20/2024,17:3:39,0.0,0.0,404.0,39.1,0.0,0.0,0.0,0.0,-0.01,0,1.21,2.42,0,0.0,0,273.45,0,0,0,0,0,0,0,0,0,1000.0,0,0,0,0,2.42,39.1,-1.0,0,39.1,0.0,39.1,0.0,0.0,0.0,273.45,-0.01
12/20/2024,17:3:40,0.0,0.0,404.0,39.1,0.0,0.0,0.0,0.0,-0.01,0,1.21,2.42,0,0.0,0,273.49,0,0,0,0,0,0,0,0,0,1000.0,0,0,0,0,2.42,39.1,-1.0,0,39.1,0.0,39.1,0.0,0.0,0.0,273.49,-0.01
12/20/2024,17:3:41,0.0,0.0,404.0,39.1,0.0,0.0,0.0,0.0,-0.01,0,1.21,2.42,0,0.0,0,273.53,0,0,0,0,0,0,0,0,0,1000.0,0,0,0,0,2.42,39.1,-1.0,0,39.1,0.0,39.1,0.0,0.0,0.0,273.53,-0.01
12/20/2024,17:3:42,0.0,0.0,404.0,39.1,0.0,0.0,0.0,0.0,-0.01,0,1.21,2.42,0,0.0,0,273.57,0,0,0,0,0,0,0,0,0,1000.0,0,0,0,0,2.42,39.1,-1.0,0,39.1,0.0,39.1,0.0,0.0,0.0,273.57,-0.01
12/20/2024,17:3:43,0.0,0.0,404.0,39.1,0.0,0.0,0.0,0.0,-0.01,0,1.21,2.42,0,0.0,0,273.61,0,0,0,0,0,0,0,0,0,1000.0,0,0,0,0,2.42,39.1,-1.0,0,39.1,0.0,39.1,0.0,0.0,0.0,273.61,-0.01
12/20/2024,17:3:44,0.0,0.0,404.0,39.1,0.0,0.0,0.0,0.0,-0.01,0,1.21,2.42,0,0.0,0,273.65,0,0,0,0,0,0,0,0,0,1000.0,0,0,0,0,2.42,39.1,-1.0,0,39.1,0.0,39.1,0.0,0.0,0.0,273.65,-0.01
12/20/2024,17:3:45,0.0,0.0,404.0,39.1,0.0,0.0,0.0,0.0,-0.01,0,1.21,2.42,0,0.0,0,273.68,0,0,0,0,0,0,0,0,0,1000.0,0,0,0,0,2.42,39.1,-1.0,0,39.1,0.0,39.1,0.0,0.0,0.0,273.68,-0.01
12/20/2024,17:3:46,0.0,0.0,404.0,39.1,0.0,0.0,0.0,0.0,-0.01,0,1.21,2.42,0,0.0,0,273.72,0,0,0,0,0,0,0,0,0,1000.0,0,0,0,0,2.42,39.1,-1.0,0,39.1,0.0,39.1,0.0,0.0,0.0,273.72,-0.01
12/20/2024,17:3:47,0.0,0.0,404.0,39.1,0.0,0.0,0.0,0.0,-0.01,0,1.21,2.42,0,0.0,0,273.76,0,0,0,0,0,0,0,0,0,1000.0,0,0,0,0,2.42,39.1,-1.0,0,39.1,0.0,39.1,0.0,0.0,0.0,273.76,-0.01
12/20/2024,17:3:48,0.0,0.0,404.0,39.1,0.0,0.0,0.0,0.0,-0.01,0,1.21,2.42,0,0.0,0,273.8,0,0,0,0,0,0,0,0,0,1000.0,0,0,0,0,2.42,39.1,-1.0,0,39.1,0.0,39.1,0.0,0.0,0.0,273.8,-0.01
12/20/2024,17:3:49,0.0,0.0,404.0,39.1,0.0,0.0,0.0,0.0,-0.01,0,1.21,2.42,0,0.0,0,273.84,0,0,0,0,0,0,0,0,0,1000.0,0,0,0,0,2.42,39.1,-1.0,0,39.1,0.0,39.1,0.0,0.0,0.0,273.84,-0.01
12/20/2024,17:3:50,0.0,0.0,404.0,39.1,0.0,0.0,0.0,0.0,-0.01,0,1.21,2.42,0,0.0,0,273.84,0,0,0,0,0,0,0,0,0,1000.0,0,0,0,0,2.42,39.1,-1.0,0,39.1,0.0,39.1,0.0,0.0,0.0,273.84,-0.01
12/20/2024,17:3:51,0.0,0.0,404.0,39.1,0.0,0.0,0.0,0.0,-0.01,0,1.21,2.42,0,0.0,0,273.92,0,0,0,0,0,0,0,0,0,1000.0,0,0,0,0,2.42,39.1,-1.0,0,39.1,0.0,39.1,0.0,0.0,0.0,273.92,-0.01
12/20/2024,17:3:52,0.0,0.0,404.0,39.1,0.0,0.0,0.0,0.0,-0.01,0,1.21,2.42,0,0.0,0,273.92,0,0,0,0,0,0,0,0,0,1000.0,0,0,0,0,2.42,39.1,-1.0,0,39.1,0.0,39.1,0.0,0.0,0.0,273.92,-0.01
12/20/2024,17:3:53,0.0,0.0,404.0,39.1,0.0,0.0,0.0,0.0,-0.01,0,1.21,2.42,0,0.0,0,274.0,0,0,0,0,0,0,0,0,0,1000.0,0,0,0,0,2.42,39.1,-1.0,0,39.1,0.0,39.1,0.0,0.0,0.0,274.0,-0.01
12/20/2024,17:3:54,0.0,0.0,404.0,39.1,0.0,0.0,0.0,0.0,-0.01,0,1.21,2.42,0,0.0,0,274.0,0,0,0,0,0,0,0,0,0,1000.0,0,0,0,0,2.42,39.1,-1.0,0,39.1,0.0,39.1,0.0,0.0,0.0,274.0,-0.01
12/20/2024,17:3:55,0.0,0.0,404.0,39.1,0.0,0.0,0.0,0.0,-0.01,0,1.21,2.42,0,0.0,0,274.08,0,0,0,0,0,0,0,0,0,1000.0,0,0,0,0,2.42,39.1,-1.0,0,39.1,0.0,39.1,0.0,0.0,0.0,274.08,-0.01
12/20/2024,17:3:56,0.0,0.0,404.0,39.1,0.0,0.0,0.0,0.0,-0.01,0,1.21,2.42,0,0.0,0,274.08,0,0,0,0,0,0,0,0,0,1000.0,0,0,0,0,2.42,39.1,-1.0,0,39.1,0.0,39.1,0.0,0.0,0.0,274.08,-0.01
12/20/2024,17:3:57,0.0,0.0,404.0,39.1,0.0,0.0,0.0,0.0,-0.01,0,1.21,2.42,0,0.0,0,274.15,0,0,0,0,0,0,0,0,0,1000.0,0,0,0,0,2.42,39.1,-1.0,0,39.1,0.0,39.1,0.0,0.0,0.0,274.15,-0.01
12/20/2024,17:3:58,0.0,0.0,404.0,39.1,0.0,0.0,0.0,0.0,-0.01,0,1.21,2.42,0,0.0,0,274.15,0,0,0,0,0,0,0,0,0,1000.0,0,0,0,0,2.42,39.1,-1.0,0,39.1,0.0,39.1,0.0,0.0,0.0,274.15,-0.01
12/20/2024,17:3:59,0.0,0.0,404.0,39.1,0.0,0.0,0.0,0.0,-0.01,0,1.21,2.42,0,0.0,0,274.19,0,0,0,0,0,0,0,0,0,1000.0,0,0,0,0,2.42,39.1,-1.0,0,39.1,0.0,39.1,0.0,0.0,0.0,274.19,-0.01
12/20/2024,17:4:0,0.0,0.0,404.0,39.1,0.0,0.0,0.0,0.0,-0.01,0,1.21,2.42,0,0.0,0,274.23,0,0,0,0,0,0,0,0,0,1000.0,0,0,0,0,2.42,39.1,-1.0,0,39.1,0.0,39.1,0.0,0.0,0.0,274.23,-0.01
12/20/2024,17:4:1,0.0,0.0,404.0,39.1,0.0,0.0,0.0,0.0,-0.01,0,1.21,2.42,0,0.0,0,274.31,0,0,0,0,0,0,0,0,0,1000.0,0,0,0,0,2.42,39.1,-1.0,0,39.1,0.0,39.1,0.0,0.0,0.0,274.31,-0.01
12/20/2024,17:4:2,0.0,0.0,404.0,39.1,0.0,0.0,0.0,0.0,-0.01,0,1.21,2.42,0,0.0,0,274.31,0,0,0,0,0,0,0,0,0,1000.0,0,0,0,0,2.42,39.1,-1.0,0,39.1,0.0,39.1,0.0,0.0,0.0,274.31,-0.01
12/20/2024,17:4:3,0.0,0.0,404.0,39.1,0.0,0.0,0.0,0.0,-0.01,0,1.21,2.42,0,0.0,0,274.39,0,0,0,0,0,0,0,0,0,1000.0,0,0,0,0,2.42,39.1,-1.0,0,39.1,0.0,39.1,0.0,0.0,0.0,274.39,-0.01
12/20/2024,17:4:4,0.0,0.0,404.0,39.1,0.0,0.0,0.0,0.0,-0.01,0,1.21,2.42,0,0.0,0,274.43,0,0,0,0,0,0,0,0,0,1000.0,0,0,0,0,2.42,39.1,-1.0,0,39.1,0.0,39.1,0.0,0.0,0.0,274.43,-0.01
12/20/2024,17:4:5,0.0,0.0,404.0,39.1,0.0,0.0,0.0,0.0,-0.01,0,1.21,2.42,0,0.0,0,274.47,0,0,0,0,0,0,0,0,0,1000.0,0,0,0,0,2.42,39.1,-1.0,0,39.1,0.0,39.1,0.0,0.0,0.0,274.47,-0.01
12/20/2024,17:4:6,0.0,0.0,404.0,39.1,0.0,0.0,0.0,0.0,-0.01,0,1.21,2.42,0,0.0,0,274.51,0,0,0,0,0,0,0,0,0,1000.0,0,0,0,0,2.42,39.1,-1.0,0,39.1,0.0,39.1,0.0,0.0,0.0,274.51,-0.01
12/20/2024,17:4:7,0.0,0.0,404.0,39.1,0.0,0.0,0.0,0.0,-0.01,0,1.21,2.42,0,0.0,0,274.54,0,0,0,0,0,0,0,0,0,1000.0,0,0,0,0,2.42,39.1,-1.0,0,39.1,0.0,39.1,0.0,0.0,0.0,274.54,-0.01
12/20/2024,17:4:8,0.0,0.0,404.0,39.1,0.0,0.0,0.0,0.0,-0.01,0,1.21,2.42,0,0.0,0,274.58,0,0,0,0,0,0,0,0,0,1000.0,0,0,0,0,2.42,39.1,-1.0,0,39.1,0.0,39.1,0.0,0.0,0.0,274.58,-0.01
12/20/2024,17:4:9,0.0,0.0,404.0,39.1,0.0,0.0,0.0,0.0,-0.01,0,1.21,2.42,0,0.0,0,274.62,0,0,0,0,0,0,0,0,0,1000.0,0,0,0,0,2.42,39.1,-1.0,0,39.1,0.0,39.1,0.0,0.0,0.0,274.62,-0.01
12/20/2024,17:4:10,0.0,0.0,404.0,39.1,0.0,0.0,0.0,0.0,-0.01,0,1.21,2.42,0,0.0,0,274.66,0,0,0,0,0,0,0,0,0,1000.0,0,0,0,0,2.42,39.1,-1.0,0,39.1,0.0,39.1,0.0,0.0,0.0,274.66,-0.01
12/20/2024,17:4:11,0.0,0.0,404.0,39.1,0.0,0.0,0.0,0.0,-0.01,0,1.21,2.42,0,0.0,0,274.7,0,0,0,0,0,0,0,0,0,1000.0,0,0,0,0,2.42,39.1,-1.0,0,39.1,0.0,39.1,0.0,0.0,0.0,274.7,-0.01
12/20/2024,17:4:12,0.0,0.0,404.0,39.1,0.0,0.0,0.0,0.0,-0.01,0,1.21,2.42,0,0.0,0,274.74,0,0,0,0,0,0,0,0,0,1000.0,0,0,0,0,2.42,39.1,-1.0,0,39.1,0.0,39.1,0.0,0.0,0.0,274.74,-0.01
12/20/2024,17:4:13,0.0,0.0,404.0,39.1,0.0,0.0,0.0,0.0,-0.01,0,1.21,2.42,0,0.0,0,274.78,0,0,0,0,0,0,0,0,0,1000.0,0,0,0,0,2.42,39.1,-1.0,0,39.1,0.0,39.1,0.0,0.0,0.0,274.78,-0.01
12/20/2024,17:4:14,0.0,0.0,404.0,39.1,0.0,0.0,0.0,0.0,-0.01,0,1.21,2.42,0,0.0,0,274.82,0,0,0,0,0,0,0,0,0,1000.0,0,0,0,0,2.42,39.1,-1.0,0,39.1,0.0,39.1,0.0,0.0,0.0,274.82,-0.01
12/20/2024,17:4:15,0.0,0.0,404.0,39.1,0.0,0.0,0.0,0.0,-0.01,0,1.21,2.42,0,0.0,0,274.86,0,0,0,0,0,0,0,0,0,1000.0,0,0,0,0,2.42,39.1,-1.0,0,39.1,0.0,39.1,0.0,0.0,0.0,274.86,-0.01
12/20/2024,17:4:16,0.0,0.0,404.0,39.1,0.0,0.0,0.0,0.0,-0.01,0,1.21,2.42,0,0.0,0,274.9,0,0,0,0,0,0,0,0,0,1000.0,0,0,0,0,2.42,39.1,-1.0,0,39.1,0.0,39.1,0.0,0.0,0.0,274.9,-0.01
12/20/2024,17:4:17,0.0,0.0,404.0,39.1,0.0,0.0,0.0,0.0,-0.01,0,1.21,2.42,0,0.0,0,274.94,0,0,0,0,0,0,0,0,0,1000.0,0,0,0,0,2.42,39.1,-1.0,0,39.1,0.0,39.1,0.0,0.0,0.0,274.94,-0.01
12/20/2024,17:4:18,0.0,0.0,404.0,39.1,0.0,0.0,0.0,0.0,-0.01,0,1.21,2.42,0,0.0,0,274.97,0,0,0,0,0,0,0,0,0,1000.0,0,0,0,0,2.42,39.1,-1.0,0,39.1,0.0,39.1,0.0,0.0,0.0,274.97,-0.01
12/20/2024,17:4:19,0.0,0.0,404.0,39.1,0.0,0.0,0.0,0.0,-0.01,0,1.21,2.42,0,0.0,0,275.01,0,0,0,0,0,0,0,0,0,1000.0,0,0,0,0,2.42,39.1,-1.0,0,39.1,0.0,39.1,0.0,0.0,0.0,275.01,-0.01
12/20/2024,17:4:20,0.0,0.0,404.0,39.1,0.0,0.0,0.0,0.0,-0.01,0,1.21,2.42,0,0.0,0,275.05,0,0,0,0,0,0,0,0,0,1000.0,0,0,0,0,2.42,39.1,-1.0,0,39.1,0.0,39.1,0.0,0.0,0.0,275.05,-0.01
12/20/2024,17:4:21,0.0,0.0,404.0,39.1,0.0,0.0,0.0,0.0,-0.01,0,1.21,2.42,0,0.0,0,275.09,0,0,0,0,0,0,0,0,0,1000.0,0,0,0,0,2.42,39.1,-1.0,0,39.1,0.0,39.1,0.0,0.0,0.0,275.09,-0.01
12/20/2024,17:4:22,0.0,0.0,404.0,39.1,0.0,0.0,0.0,0.0,-0.01,0,1.21,2.42,0,0.0,0,275.13,0,0,0,0,0,0,0,0,0,1000.0,0,0,0,0,2.42,39.1,-1.0,0,39.1,0.0,39.1,0.0,0.0,0.0,275.13,-0.01
12/20/2024,17:4:23,0.0,0.0,404.0,39.1,0.0,0.0,0.0,0.0,-0.01,0,1.21,2.42,0,0.0,0,275.17,0,0,0,0,0,0,0,0,0,1000.0,0,0,0,0,2.42,39.1,-1.0,0,39.1,0.0,39.1,0.0,0.0,0.0,275.17,-0.01
12/20/2024,17:4:24,0.0,0.0,404.0,39.1,0.0,0.0,0.0,0.0,-0.01,0,1.21,2.42,0,0.0,0,275.21,0,0,0,0,0,0,0,0,0,1000.0,0,0,0,0,2.42,39.1,-1.0,0,39.1,0.0,39.1,0.0,0.0,0.0,275.21,-0.01
12/20/2024,17:4:25,0.0,0.0,404.0,39.1,0.0,0.0,0.0,0.0,-0.01,0,1.21,2.42,0,0.0,0,275.25,0,0,0,0,0,0,0,0,0,1000.0,0,0,0,0,2.42,39.1,-1.0,0,39.1,0.0,39.1,0.0,0.0,0.0,275.25,-0.01
12/20/2024,17:4:26,0.0,0.0,404.0,39.1,0.0,0.0,0.0,0.0,-0.01,0,1.21,2.42,0,0.0,0,275.29,0,0,0,0,0,0,0,0,0,1000.0,0,0,0,0,2.42,39.1,-1.0,0,39.1,0.0,39.1,0.0,0.0,0.0,275.29,-0.01
12/20/2024,17:4:27,0.0,0.0,404.0,39.1,0.0,0.0,0.0,0.0,-0.01,0,1.21,2.42,0,0.0,0,275.33,0,0,0,0,0,0,0,0,0,1000.0,0,0,0,0,2.42,39.1,-1.0,0,39.1,0.0,39.1,0.0,0.0,0.0,275.33,-0.01
12/20/2024,17:4:28,0.0,0.0,404.0,39.1,0.0,0.0,0.0,0.0,-0.01,0,1.21,2.42,0,0.0,0,275.37,0,0,0,0,0,0,0,0,0,1000.0,0,0,0,0,2.42,39.1,-1.0,0,39.1,0.0,39.1,0.0,0.0,0.0,275.37,-0.01
12/20/2024,17:4:29,0.0,0.0,404.0,39.1,0.0,0.0,0.0,0.0,-0.01,0,1.21,2.42,0,0.0,0,275.4,0,0,0,0,0,0,0,0,0,1000.0,0,0,0,0,2.42,39.1,-1.0,0,39.1,0.0,39.1,0.0,0.0,0.0,275.4,-0.01
12/20/2024,17:4:30,0.0,0.0,404.0,39.1,0.0,0.0,0.0,0.0,-0.01,0,1.21,2.42,0,0.0,0,275.44,0,0,0,0,0,0,0,0,0,1000.0,0,0,0,0,2.42,39.1,-1.0,0,39.1,0.0,39.1,0.0,0.0,0.0,275.44,-0.01
12/20/2024,17:4:31,0.0,0.0,404.0,39.1,0.0,0.0,0.0,0.0,-0.01,0,1.21,2.42,0,0.0,0,275.48,0,0,0,0,0,0,0,0,0,1000.0,0,0,0,0,2.42,39.1,-1.0,0,39.1,0.0,39.1,0.0,0.0,0.0,275.48,-0.01
12/20/2024,17:4:32,0.0,0.0,404.0,39.1,0.0,0.0,0.0,0.0,-0.01,0,1.21,2.42,0,0.0,0,275.52,0,0,0,0,0,0,0,0,0,1000.0,0,0,0,0,2.42,39.1,-1.0,0,39.1,0.0,39.1,0.0,0.0,0.0,275.52,-0.01
12/20/2024,17:4:33,0.0,0.0,404.0,39.1,0.0,0.0,0.0,0.0,-0.01,0,1.21,2.42,0,0.0,0,275.56,0,0,0,0,0,0,0,0,0,1000.0,0,0,0,0,2.42,39.1,-1.0,0,39.1,0.0,39.1,0.0,0.0,0.0,275.56,-0.01
12/20/2024,17:4:34,0.0,0.0,404.0,39.1,0.0,0.0,0.0,0.0,-0.01,0,1.21,2.42,0,0.0,0,275.6,0,0,0,0,0,0,0,0,0,1000.0,0,0,0,0,2.42,39.1,-1.0,0,39.1,0.0,39.1,0.0,0.0,0.0,275.6,-0.01
12/20/2024,17:4:35,0.0,0.0,404.0,39.1,0.0,0.0,0.0,0.0,-0.01,0,1.21,2.42,0,0.0,0,275.64,0,0,0,0,0,0,0,0,0,1000.0,0,0,0,0,2.42,39.1,-1.0,0,39.1,0.0,39.1,0.0,0.0,0.0,275.64,-0.01
12/20/2024,17:4:36,0.0,0.0,404.0,39.1,0.0,0.0,0.0,0.0,-0.01,0,1.21,2.42,0,0.0,0,275.64,0,0,0,0,0,0,0,0,0,1000.0,0,0,0,0,2.42,39.1,-1.0,0,39.1,0.0,39.1,0.0,0.0,0.0,275.64,-0.01
12/20/2024,17:4:37,0.0,0.0,404.0,39.1,0.0,0.0,0.0,0.0,-0.01,0,1.21,2.42,0,0.0,0,275.72,0,0,0,0,0,0,0,0,0,1000.0,0,0,0,0,2.42,39.1,-1.0,0,39.1,0.0,39.1,0.0,0.0,0.0,275.72,-0.01
12/20/2024,17:4:38,0.0,0.0,404.0,39.1,0.0,0.0,0.0,0.0,-0.01,0,1.21,2.42,0,0.0,0,275.72,0,0,0,0,0,0,0,0,0,1000.0,0,0,0,0,2.42,39.1,-1.0,0,39.1,0.0,39.1,0.0,0.0,0.0,275.72,-0.01
12/20/2024,17:4:39,0.0,0.0,404.0,39.1,0.0,0.0,0.0,0.0,-0.01,0,1.21,2.42,0,0.0,0,275.8,0,0,0,0,0,0,0,0,0,1000.0,0,0,0,0,2.42,39.1,-1.0,0,39.1,0.0,39.1,0.0,0.0,0.0,275.8,-0.01
12/20/2024,17:4:40,0.0,0.0,404.0,39.1,0.0,0.0,0.0,0.0,-0.01,0,1.21,2.42,0,0.0,0,275.8,0,0,0,0,0,0,0,0,0,1000.0,0,0,0,0,2.42,39.1,-1.0,0,39.1,0.0,39.1,0.0,0.0,0.0,275.8,-0.01
12/20/2024,17:4:41,0.0,0.0,404.0,39.1,0.0,0.0,0.0,0.0,-0.01,0,1.21,2.42,0,0.0,0,275.87,0,0,0,0,0,0,0,0,0,1000.0,0,0,0,0,2.42,39.1,-1.0,0,39.1,0.0,39.1,0.0,0.0,0.0,275.87,-0.01
12/20/2024,17:4:42,0.0,0.0,404.0,39.1,0.0,0.0,0.0,0.0,-0.01,0,1.21,2.42,0,0.0,0,275.87,0,0,0,0,0,0,0,0,0,1000.0,0,0,0,0,2.42,39.1,-1.0,0,39.1,0.0,39.1,0.0,0.0,0.0,275.87,-0.01
12/20/2024,17:4:43,0.0,0.0,404.0,39.1,0.0,0.0,0.0,0.0,-0.01,0,1.21,2.42,0,0.0,0,275.95,0,0,0,0,0,0,0,0,0,1000.0,0,0,0,0,2.42,39.1,-1.0,0,39.1,0.0,39.1,0.0,0.0,0.0,275.95,-0.01
12/20/2024,17:4:44,0.0,0.0,404.0,39.1,0.0,0.0,0.0,0.0,-0.01,0,1.21,2.42,0,0.0,0,275.95,0,0,0,0,0,0,0,0,0,1000.0,0,0,0,0,2.42,39.1,-1.0,0,39.1,0.0,39.1,0.0,0.0,0.0,275.95,-0.01
12/20/2024,17:4:45,0.0,0.0,404.0,39.1,0.0,0.0,0.0,0.0,-0.01,0,1.21,2.42,0,0.0,0,276.03,0,0,0,0,0,0,0,0,0,1000.0,0,0,0,0,2.42,39.1,-1.0,0,39.1,0.0,39.1,0.0,0.0,0.0,276.03,-0.01
12/20/2024,17:4:46,0.0,0.0,404.0,39.1,0.0,0.0,0.0,0.0,-0.01,0,1.21,2.42,0,0.0,0,276.03,0,0,0,0,0,0,0,0,0,1000.0,0,0,0,0,2.42,39.1,-1.0,0,39.1,0.0,39.1,0.0,0.0,0.0,276.03,-0.01
12/20/2024,17:4:47,0.0,0.0,404.0,39.1,0.0,0.0,0.0,0.0,-0.01,0,1.21,2.42,0,0.0,0,276.07,0,0,0,0,0,0,0,0,0,1000.0,0,0,0,0,2.42,39.1,-1.0,0,39.1,0.0,39.1,0.0,0.0,0.0,276.07,-0.01
12/20/2024,17:4:48,0.0,0.0,404.0,39.1,0.0,0.0,0.0,0.0,-0.01,0,1.21,2.42,0,0.0,0,276.11,0,0,0,0,0,0,0,0,0,1000.0,0,0,0,0,2.42,39.1,-1.0,0,39.1,0.0,39.1,0.0,0.0,0.0,276.11,-0.01
12/20/2024,17:4:49,0.0,0.0,404.0,39.1,0.0,0.0,0.0,0.0,-0.01,0,1.21,2.42,0,0.0,0,276.15,0,0,0,0,0,0,0,0,0,1000.0,0,0,0,0,2.42,39.1,-1.0,0,39.1,0.0,39.1,0.0,0.0,0.0,276.15,-0.01
12/20/2024,17:4:50,0.0,0.0,404.0,39.1,0.0,0.0,0.0,0.0,-0.01,0,1.21,2.42,0,0.0,0,276.19,0,0,0,0,0,0,0,0,0,1000.0,0,0,0,0,2.42,39.1,-1.0,0,39.1,0.0,39.1,0.0,0.0,0.0,276.19,-0.01
12/20/2024,17:4:51,0.0,0.0,404.0,39.1,0.0,0.0,0.0,0.0,-0.01,0,1.21,2.42,0,0.0,0,276.23,0,0,0,0,0,0,0,0,0,1000.0,0,0,0,0,2.42,39.1,-1.0,0,39.1,0.0,39.1,0.0,0.0,0.0,276.23,-0.01
12/20/2024,17:4:52,0.0,0.0,404.0,39.1,0.0,0.0,0.0,0.0,-0.01,0,1.21,2.42,0,0.0,0,276.26,0,0,0,0,0,0,0,0,0,1000.0,0,0,0,0,2.42,39.1,-1.0,0,39.1,0.0,39.1,0.0,0.0,0.0,276.26,-0.01
12/20/2024,17:4:53,0.0,0.0,404.0,39.1,0.0,0.0,0.0,0.0,-0.01,0,1.21,2.42,0,0.0,0,276.3,0,0,0,0,0,0,0,0,0,1000.0,0,0,0,0,2.42,39.1,-1.0,0,39.1,0.0,39.1,0.0,0.0,0.0,276.3,-0.01
12/20/2024,17:4:54,0.0,0.0,404.0,39.1,0.0,0.0,0.0,0.0,-0.01,0,1.21,2.42,0,0.0,0,276.34,0,0,0,0,0,0,0,0,0,1000.0,0,0,0,0,2.42,39.1,-1.0,0,39.1,0.0,39.1,0.0,0.0,0.0,276.34,-0.01
12/20/2024,17:4:55,0.0,0.0,404.0,39.1,0.0,0.0,0.0,0.0,-0.01,0,1.21,2.42,0,0.0,0,276.38,0,0,0,0,0,0,0,0,0,1000.0,0,0,0,0,2.42,39.1,-1.0,0,39.1,0.0,39.1,0.0,0.0,0.0,276.38,-0.01
12/20/2024,17:4:56,0.0,0.0,404.0,39.1,0.0,0.0,0.0,0.0,-0.01,0,1.21,2.42,0,0.0,0,276.46,0,0,0,0,0,0,0,0,0,1000.0,0,0,0,0,2.42,39.1,-1.0,0,39.1,0.0,39.1,0.0,0.0,0.0,276.46,-0.01
12/20/2024,17:4:57,0.0,0.0,404.0,39.1,0.0,0.0,0.0,0.0,-0.01,0,1.21,2.42,0,0.0,0,276.5,0,0,0,0,0,0,0,0,0,1000.0,0,0,0,0,2.42,39.1,-1.0,0,39.1,0.0,39.1,0.0,0.0,0.0,276.5,-0.01
12/20/2024,17:4:58,0.0,0.0,404.0,39.1,0.0,0.0,0.0,0.0,-0.01,0,1.21,2.42,0,0.0,0,276.54,0,0,0,0,0,0,0,0,0,1000.0,0,0,0,0,2.42,39.1,-1.0,0,39.1,0.0,39.1,0.0,0.0,0.0,276.54,-0.01
12/20/2024,17:4:59,0.0,0.0,404.0,39.1,0.0,0.0,0.0,0.0,-0.01,0,1.21,2.42,0,0.0,0,276.58,0,0,0,0,0,0,0,0,0,1000.0,0,0,0,0,2.42,39.1,-1.0,0,39.1,0.0,39.1,0.0,0.0,0.0,276.58,-0.01
12/20/2024,17:5:0,0.0,0.0,404.0,39.1,0.0,0.0,0.0,0.0,-0.01,0,1.21,2.42,0,0.0,0,276.62,0,0,0,0,0,0,0,0,0,1000.0,0,0,0,0,2.42,39.1,-1.0,0,39.1,0.0,39.1,0.0,0.0,0.0,276.62,-0.01
12/20/2024,17:5:1,0.0,0.0,404.0,39.1,0.0,0.0,0.0,0.0,-0.01,0,1.21,2.42,0,0.0,0,276.66,0,0,0,0,0,0,0,0,0,1000.0,0,0,0,0,2.42,39.1,-1.0,0,39.1,0.0,39.1,0.0,0.0,0.0,276.66,-0.01
12/20/2024,17:5:2,0.0,0.0,404.0,39.1,0.0,0.0,0.0,0.0,-0.01,0,1.21,2.42,0,0.0,0,276.69,0,0,0,0,0,0,0,0,0,1000.0,0,0,0,0,2.42,39.1,-1.0,0,39.1,0.0,39.1,0.0,0.0,0.0,276.69,-0.01
12/20/2024,17:5:3,0.0,0.0,404.0,39.1,0.0,0.0,0.0,0.0,-0.01,0,1.21,2.42,0,0.0,0,276.73,0,0,0,0,0,0,0,0,0,1000.0,0,0,0,0,2.42,39.1,-1.0,0,39.1,0.0,39.1,0.0,0.0,0.0,276.73,-0.01
12/20/2024,17:5:4,0.0,0.0,404.0,39.1,0.0,0.0,0.0,0.0,-0.01,0,1.21,2.42,0,0.0,0,276.77,0,0,0,0,0,0,0,0,0,1000.0,0,0,0,0,2.42,39.1,-1.0,0,39.1,0.0,39.1,0.0,0.0,0.0,276.77,-0.01
12/20/2024,17:5:5,0.0,0.0,404.0,39.1,0.0,0.0,0.0,0.0,-0.01,0,1.21,2.42,0,0.0,0,276.81,0,0,0,0,0,0,0,0,0,1000.0,0,0,0,0,2.42,39.1,-1.0,0,39.1,0.0,39.1,0.0,0.0,0.0,276.81,-0.01
12/20/2024,17:5:6,0.0,0.0,404.0,39.1,0.0,0.0,0.0,0.0,-0.01,0,1.21,2.42,0,0.0,0,276.85,0,0,0,0,0,0,0,0,0,1000.0,0,0,0,0,2.42,39.1,-1.0,0,39.1,0.0,39.1,0.0,0.0,0.0,276.85,-0.01
12/20/2024,17:5:7,0.0,0.0,404.0,39.1,0.0,0.0,0.0,0.0,-0.01,0,1.21,2.42,0,0.0,0,276.89,0,0,0,0,0,0,0,0,0,1000.0,0,0,0,0,2.42,39.1,-1.0,0,39.1,0.0,39.1,0.0,0.0,0.0,276.89,-0.01
12/20/2024,17:5:8,0.0,0.0,404.0,39.1,0.0,0.0,0.0,0.0,-0.01,0,1.21,2.42,0,0.0,0,276.93,0,0,0,0,0,0,0,0,0,1000.0,0,0,0,0,2.42,39.1,-1.0,0,39.1,0.0,39.1,0.0,0.0,0.0,276.93,-0.01
12/20/2024,17:5:9,0.0,0.0,404.0,39.1,0.0,0.0,0.0,0.0,-0.01,0,1.21,2.42,0,0.0,0,276.97,0,0,0,0,0,0,0,0,0,1000.0,0,0,0,0,2.42,39.1,-1.0,0,39.1,0.0,39.1,0.0,0.0,0.0,276.97,-0.01
12/20/2024,17:5:10,0.0,0.0,404.0,39.1,0.0,0.0,0.0,0.0,-0.01,0,1.21,2.42,0,0.0,0,277.01,0,0,0,0,0,0,0,0,0,1000.0,0,0,0,0,2.42,39.1,-1.0,0,39.1,0.0,39.1,0.0,0.0,0.0,277.01,-0.01
12/20/2024,17:5:11,0.0,0.0,404.0,39.1,0.0,0.0,0.0,0.0,-0.01,0,1.21,2.42,0,0.0,0,277.05,0,0,0,0,0,0,0,0,0,1000.0,0,0,0,0,2.42,39.1,-1.0,0,39.1,0.0,39.1,0.0,0.0,0.0,277.05,-0.01
12/20/2024,17:5:12,0.0,0.0,404.0,39.1,0.0,0.0,0.0,0.0,-0.01,0,1.21,2.42,0,0.0,0,277.09,0,0,0,0,0,0,0,0,0,1000.0,0,0,0,0,2.42,39.1,-1.0,0,39.1,0.0,39.1,0.0,0.0,0.0,277.09,-0.01
12/20/2024,17:5:13,0.0,0.0,404.0,39.1,0.0,0.0,0.0,0.0,-0.01,0,1.21,2.42,0,0.0,0,277.12,0,0,0,0,0,0,0,0,0,1000.0,0,0,0,0,2.42,39.1,-1.0,0,39.1,0.0,39.1,0.0,0.0,0.0,277.12,-0.01
12/20/2024,17:5:14,0.0,0.0,404.0,39.1,0.0,0.0,0.0,0.0,-0.01,0,1.21,2.42,0,0.0,0,277.16,0,0,0,0,0,0,0,0,0,1000.0,0,0,0,0,2.42,39.1,-1.0,0,39.1,0.0,39.1,0.0,0.0,0.0,277.16,-0.01
12/20/2024,17:5:15,0.0,0.0,404.0,39.1,0.0,0.0,0.0,0.0,-0.01,0,1.21,2.42,0,0.0,0,277.2,0,0,0,0,0,0,0,0,0,1000.0,0,0,0,0,2.42,39.1,-1.0,0,39.1,0.0,39.1,0.0,0.0,0.0,277.2,-0.01
12/20/2024,17:5:16,0.0,0.0,404.0,39.1,0.0,0.0,0.0,0.0,-0.01,0,1.21,2.42,0,0.0,0,277.24,0,0,0,0,0,0,0,0,0,1000.0,0,0,0,0,2.42,39.1,-1.0,0,39.1,0.0,39.1,0.0,0.0,0.0,277.24,-0.01
12/20/2024,17:5:17,0.0,0.0,404.0,39.1,0.0,0.0,0.0,0.0,-0.01,0,1.21,2.42,0,0.0,0,277.28,0,0,0,0,0,0,0,0,0,1000.0,0,0,0,0,2.42,39.1,-1.0,0,39.1,0.0,39.1,0.0,0.0,0.0,277.28,-0.01
12/20/2024,17:5:18,0.0,0.0,404.0,39.1,0.0,0.0,0.0,0.0,-0.01,0,1.21,2.42,0,0.0,0,277.32,0,0,0,0,0,0,0,0,0,1000.0,0,0,0,0,2.42,39.1,-1.0,0,39.1,0.0,39.1,0.0,0.0,0.0,277.32,-0.01
12/20/2024,17:5:19,0.0,0.0,404.0,39.1,0.0,0.0,0.0,0.0,-0.01,0,1.21,2.42,0,0.0,0,277.36,0,0,0,0,0,0,0,0,0,1000.0,0,0,0,0,2.42,39.1,-1.0,0,39.1,0.0,39.1,0.0,0.0,0.0,277.36,-0.01
12/20/2024,17:5:20,0.0,0.0,404.0,39.1,0.0,0.0,0.0,0.0,-0.01,0,1.21,2.42,0,0.0,0,277.4,0,0,0,0,0,0,0,0,0,1000.0,0,0,0,0,2.42,39.1,-1.0,0,39.1,0.0,39.1,0.0,0.0,0.0,277.4,-0.01
12/20/2024,17:5:21,0.0,0.0,404.0,39.1,0.0,0.0,0.0,0.0,-0.01,0,1.21,2.42,0,0.0,0,277.4,0,0,0,0,0,0,0,0,0,1000.0,0,0,0,0,2.42,39.1,-1.0,0,39.1,0.0,39.1,0.0,0.0,0.0,277.4,-0.01
12/20/2024,17:5:22,0.0,0.0,404.0,39.1,0.0,0.0,0.0,0.0,-0.01,0,1.21,2.42,0,0.0,0,277.48,0,0,0,0,0,0,0,0,0,1000.0,0,0,0,0,2.42,39.1,-1.0,0,39.1,0.0,39.1,0.0,0.0,0.0,277.48,-0.01
12/20/2024,17:5:23,0.0,0.0,404.0,39.1,0.0,0.0,0.0,0.0,-0.01,0,1.21,2.42,0,0.0,0,277.48,0,0,0,0,0,0,0,0,0,1000.0,0,0,0,0,2.42,39.1,-1.0,0,39.1,0.0,39.1,0.0,0.0,0.0,277.48,-0.01
12/20/2024,17:5:24,0.0,0.0,404.0,39.1,0.0,0.0,0.0,0.0,-0.01,0,1.21,2.42,0,0.0,0,277.55,0,0,0,0,0,0,0,0,0,1000.0,0,0,0,0,2.42,39.1,-1.0,0,39.1,0.0,39.1,0.0,0.0,0.0,277.55,-0.01
12/20/2024,17:5:25,0.0,0.0,404.0,39.1,0.0,0.0,0.0,0.0,-0.01,0,1.21,2.42,0,0.0,0,277.55,0,0,0,0,0,0,0,0,0,1000.0,0,0,0,0,2.42,39.1,-1.0,0,39.1,0.0,39.1,0.0,0.0,0.0,277.55,-0.01
12/20/2024,17:5:26,0.0,0.0,404.0,39.1,0.0,0.0,0.0,0.0,-0.01,0,1.21,2.42,0,0.0,0,277.63,0,0,0,0,0,0,0,0,0,1000.0,0,0,0,0,2.42,39.1,-1.0,0,39.1,0.0,39.1,0.0,0.0,0.0,277.63,-0.01
12/20/2024,17:5:27,0.0,0.0,404.0,39.1,0.0,0.0,0.0,0.0,-0.01,0,1.21,2.42,0,0.0,0,277.63,0,0,0,0,0,0,0,0,0,1000.0,0,0,0,0,2.42,39.1,-1.0,0,39.1,0.0,39.1,0.0,0.0,0.0,277.63,-0.01
12/20/2024,17:5:28,0.0,0.0,404.0,39.1,0.0,0.0,0.0,0.0,-0.01,0,1.21,2.42,0,0.0,0,277.71,0,0,0,0,0,0,0,0,0,1000.0,0,0,0,0,2.42,39.1,-1.0,0,39.1,0.0,39.1,0.0,0.0,0.0,277.71,-0.01
12/20/2024,17:5:29,0.0,0.0,404.0,39.1,0.0,0.0,0.0,0.0,-0.01,0,1.21,2.42,0,0.0,0,277.71,0,0,0,0,0,0,0,0,0,1000.0,0,0,0,0,2.42,39.1,-1.0,0,39.1,0.0,39.1,0.0,0.0,0.0,277.71,-0.01
12/20/2024,17:5:30,0.0,0.0,404.0,39.1,0.0,0.0,0.0,0.0,-0.01,0,1.21,2.42,0,0.0,0,277.79,0,0,0,0,0,0,0,0,0,1000.0,0,0,0,0,2.42,39.1,-1.0,0,39.1,0.0,39.1,0.0,0.0,0.0,277.79,-0.01
12/20/2024,17:5:31,0.0,0.0,404.0,39.1,0.0,0.0,0.0,0.0,-0.01,0,1.21,2.42,0,0.0,0,277.79,0,0,0,0,0,0,0,0,0,1000.0,0,0,0,0,2.42,39.1,-1.0,0,39.1,0.0,39.1,0.0,0.0,0.0,277.79,-0.01
12/20/2024,17:5:32,0.0,0.0,404.0,39.1,0.0,0.0,0.0,0.0,-0.01,0,1.21,2.42,0,0.0,0,277.87,0,0,0,0,0,0,0,0,0,1000.0,0,0,0,0,2.42,39.1,-1.0,0,39.1,0.0,39.1,0.0,0.0,0.0,277.87,-0.01
12/20/2024,17:5:33,0.0,0.0,404.0,39.1,0.0,0.0,0.0,0.0,-0.01,0,1.21,2.42,0,0.0,0,277.87,0,0,0,0,0,0,0,0,0,1000.0,0,0,0,0,2.42,39.1,-1.0,0,39.1,0.0,39.1,0.0,0.0,0.0,277.87,-0.01
12/20/2024,17:5:34,0.0,0.0,404.0,39.1,0.0,0.0,0.0,0.0,-0.01,0,1.21,2.42,0,0.0,0,277.95,0,0,0,0,0,0,0,0,0,1000.0,0,0,0,0,2.42,39.1,-1.0,0,39.1,0.0,39.1,0.0,0.0,0.0,277.95,-0.01
12/20/2024,17:5:35,0.0,0.0,404.0,39.1,0.0,0.0,0.0,0.0,-0.01,0,1.21,2.42,0,0.0,0,277.95,0,0,0,0,0,0,0,0,0,1000.0,0,0,0,0,2.42,39.1,-1.0,0,39.1,0.0,39.1,0.0,0.0,0.0,277.95,-0.01
12/20/2024,17:5:36,0.0,0.0,404.0,39.1,0.0,0.0,0.0,0.0,-0.01,0,1.21,2.42,0,0.0,0,278.02,0,0,0,0,0,0,0,0,0,1000.0,0,0,0,0,2.42,39.1,-1.0,0,39.1,0.0,39.1,0.0,0.0,0.0,278.02,-0.01
12/20/2024,17:5:37,0.0,0.0,404.0,39.1,0.0,0.0,0.0,0.0,-0.01,0,1.21,2.42,0,0.0,0,278.02,0,0,0,0,0,0,0,0,0,1000.0,0,0,0,0,2.42,39.1,-1.0,0,39.1,0.0,39.1,0.0,0.0,0.0,278.02,-0.01
12/20/2024,17:5:38,0.0,0.0,404.0,39.1,0.0,0.0,0.0,0.0,-0.01,0,1.21,2.42,0,0.0,0,278.1,0,0,0,0,0,0,0,0,0,1000.0,0,0,0,0,2.42,39.1,-1.0,0,39.1,0.0,39.1,0.0,0.0,0.0,278.1,-0.01
12/20/2024,17:5:39,0.0,0.0,404.0,39.1,0.0,0.0,0.0,0.0,-0.01,0,1.21,2.42,0,0.0,0,278.1,0,0,0,0,0,0,0,0,0,1000.0,0,0,0,0,2.42,39.1,-1.0,0,39.1,0.0,39.1,0.0,0.0,0.0,278.1,-0.01
12/20/2024,17:5:40,0.0,0.0,404.0,39.1,0.0,0.0,0.0,0.0,-0.01,0,1.21,2.42,0,0.0,0,278.18,0,0,0,0,0,0,0,0,0,1000.0,0,0,0,0,2.42,39.1,-1.0,0,39.1,0.0,39.1,0.0,0.0,0.0,278.18,-0.01
12/20/2024,17:5:41,0.0,0.0,404.0,39.1,0.0,0.0,0.0,0.0,-0.01,0,1.21,2.42,0,0.0,0,278.18,0,0,0,0,0,0,0,0,0,1000.0,0,0,0,0,2.42,39.1,-1.0,0,39.1,0.0,39.1,0.0,0.0,0.0,278.18,-0.01
12/20/2024,17:5:42,0.0,0.0,404.0,39.1,0.0,0.0,0.0,0.0,-0.01,0,1.21,2.42,0,0.0,0,278.22,0,0,0,0,0,0,0,0,0,1000.0,0,0,0,0,2.42,39.1,-1.0,0,39.1,0.0,39.1,0.0,0.0,0.0,278.22,-0.01
12/20/2024,17:5:43,0.0,0.0,404.0,39.1,0.0,0.0,0.0,0.0,-0.01,0,1.21,2.42,0,0.0,0,278.26,0,0,0,0,0,0,0,0,0,1000.0,0,0,0,0,2.42,39.1,-1.0,0,39.1,0.0,39.1,0.0,0.0,0.0,278.26,-0.01
12/20/2024,17:5:44,0.0,0.0,404.0,39.1,0.0,0.0,0.0,0.0,-0.01,0,1.21,2.42,0,0.0,0,278.3,0,0,0,0,0,0,0,0,0,1000.0,0,0,0,0,2.42,39.1,-1.0,0,39.1,0.0,39.1,0.0,0.0,0.0,278.3,-0.01
12/20/2024,17:5:45,0.0,0.0,404.0,39.1,0.0,0.0,0.0,0.0,-0.01,0,1.21,2.42,0,0.0,0,278.34,0,0,0,0,0,0,0,0,0,1000.0,0,0,0,0,2.42,39.1,-1.0,0,39.1,0.0,39.1,0.0,0.0,0.0,278.34,-0.01
12/20/2024,17:5:46,0.0,0.0,404.0,39.1,0.0,0.0,0.0,0.0,-0.01,0,1.21,2.42,0,0.0,0,278.38,0,0,0,0,0,0,0,0,0,1000.0,0,0,0,0,2.42,39.1,-1.0,0,39.1,0.0,39.1,0.0,0.0,0.0,278.38,-0.01
12/20/2024,17:5:47,0.0,0.0,404.0,39.1,0.0,0.0,0.0,0.0,-0.01,0,1.21,2.42,0,0.0,0,278.41,0,0,0,0,0,0,0,0,0,1000.0,0,0,0,0,2.42,39.1,-1.0,0,39.1,0.0,39.1,0.0,0.0,0.0,278.41,-0.01
12/20/2024,17:5:48,0.0,0.0,404.0,39.1,0.0,0.0,0.0,0.0,-0.01,0,1.21,2.42,0,0.0,0,278.45,0,0,0,0,0,0,0,0,0,1000.0,0,0,0,0,2.42,39.1,-1.0,0,39.1,0.0,39.1,0.0,0.0,0.0,278.45,-0.01
12/20/2024,17:5:49,0.0,0.0,404.0,39.1,0.0,0.0,0.0,0.0,-0.01,0,1.21,2.42,0,0.0,0,278.49,0,0,0,0,0,0,0,0,0,1000.0,0,0,0,0,2.42,39.1,-1.0,0,39.1,0.0,39.1,0.0,0.0,0.0,278.49,-0.01
12/20/2024,17:5:50,0.0,0.0,404.0,39.1,0.0,0.0,0.0,0.0,-0.01,0,1.21,2.42,0,0.0,0,278.53,0,0,0,0,0,0,0,0,0,1000.0,0,0,0,0,2.42,39.1,-1.0,0,39.1,0.0,39.1,0.0,0.0,0.0,278.53,-0.01
12/20/2024,17:5:51,0.0,0.0,404.0,39.1,0.0,0.0,0.0,0.0,-0.01,0,1.21,2.42,0,0.0,0,278.61,0,0,0,0,0,0,0,0,0,1000.0,0,0,0,0,2.42,39.1,-1.0,0,39.1,0.0,39.1,0.0,0.0,0.0,278.61,-0.01
12/20/2024,17:5:52,0.0,0.0,404.0,39.1,0.0,0.0,0.0,0.0,-0.01,0,1.21,2.42,0,0.0,0,278.65,0,0,0,0,0,0,0,0,0,1000.0,0,0,0,0,2.42,39.1,-1.0,0,39.1,0.0,39.1,0.0,0.0,0.0,278.65,-0.01
12/20/2024,17:5:53,0.0,0.0,404.0,39.1,0.0,0.0,0.0,0.0,-0.01,0,1.21,2.42,0,0.0,0,278.69,0,0,0,0,0,0,0,0,0,1000.0,0,0,0,0,2.42,39.1,-1.0,0,39.1,0.0,39.1,0.0,0.0,0.0,278.69,-0.01
12/20/2024,17:5:54,0.0,0.0,404.0,39.1,0.0,0.0,0.0,0.0,-0.01,0,1.21,2.42,0,0.0,0,278.73,0,0,0,0,0,0,0,0,0,1000.0,0,0,0,0,2.42,39.1,-1.0,0,39.1,0.0,39.1,0.0,0.0,0.0,278.73,-0.01
12/20/2024,17:5:55,0.0,0.0,404.0,39.1,0.0,0.0,0.0,0.0,-0.01,0,1.21,2.42,0,0.0,0,278.77,0,0,0,0,0,0,0,0,0,1000.0,0,0,0,0,2.42,39.1,-1.0,0,39.1,0.0,39.1,0.0,0.0,0.0,278.77,-0.01
12/20/2024,17:5:56,0.0,0.0,404.0,39.1,0.0,0.0,0.0,0.0,-0.01,0,1.21,2.42,0,0.0,0,278.81,0,0,0,0,0,0,0,0,0,1000.0,0,0,0,0,2.42,39.1,-1.0,0,39.1,0.0,39.1,0.0,0.0,0.0,278.81,-0.01
12/20/2024,17:5:57,0.0,0.0,404.0,39.1,0.0,0.0,0.0,0.0,-0.01,0,1.21,2.42,0,0.0,0,278.84,0,0,0,0,0,0,0,0,0,1000.0,0,0,0,0,2.42,39.1,-1.0,0,39.1,0.0,39.1,0.0,0.0,0.0,278.84,-0.01
12/20/2024,17:5:58,0.0,0.0,404.0,39.1,0.0,0.0,0.0,0.0,-0.01,0,1.21,2.42,0,0.0,0,278.88,0,0,0,0,0,0,0,0,0,1000.0,0,0,0,0,2.42,39.1,-1.0,0,39.1,0.0,39.1,0.0,0.0,0.0,278.88,-0.01
12/20/2024,17:5:59,0.0,0.0,404.0,39.1,0.0,0.0,0.0,0.0,-0.01,0,1.21,2.42,0,0.0,0,278.92,0,0,0,0,0,0,0,0,0,1000.0,0,0,0,0,2.42,39.1,-1.0,0,39.1,0.0,39.1,0.0,0.0,0.0,278.92,-0.01
12/20/2024,17:6:0,0.0,0.0,404.0,39.1,0.0,0.0,0.0,0.0,-0.01,0,1.21,2.42,0,0.0,0,278.96,0,0,0,0,0,0,0,0,0,1000.0,0,0,0,0,2.42,39.1,-1.0,0,39.1,0.0,39.1,0.0,0.0,0.0,278.96,-0.01
12/20/2024,17:6:1,0.0,0.0,404.0,39.1,0.0,0.0,0.0,0.0,-0.01,0,1.21,2.42,0,0.0,0,279.0,0,0,0,0,0,0,0,0,0,1000.0,0,0,0,0,2.42,39.1,-1.0,0,39.1,0.0,39.1,0.0,0.0,0.0,279.0,-0.01
12/20/2024,17:6:2,0.0,0.0,404.0,39.1,0.0,0.0,0.0,0.0,-0.01,0,1.21,2.42,0,0.0,0,279.04,0,0,0,0,0,0,0,0,0,1000.0,0,0,0,0,2.42,39.1,-1.0,0,39.1,0.0,39.1,0.0,0.0,0.0,279.04,-0.01
12/20/2024,17:6:3,0.0,0.0,404.0,39.1,0.0,0.0,0.0,0.0,-0.01,0,1.21,2.42,0,0.0,0,279.08,0,0,0,0,0,0,0,0,0,1000.0,0,0,0,0,2.42,39.1,-1.0,0,39.1,0.0,39.1,0.0,0.0,0.0,279.08,-0.01
12/20/2024,17:6:4,0.0,0.0,404.0,39.1,0.0,0.0,0.0,0.0,-0.01,0,1.21,2.42,0,0.0,0,279.12,0,0,0,0,0,0,0,0,0,1000.0,0,0,0,0,2.42,39.1,-1.0,0,39.1,0.0,39.1,0.0,0.0,0.0,279.12,-0.01
12/20/2024,17:6:5,0.0,0.0,404.0,39.1,0.0,0.0,0.0,0.0,-0.01,0,1.21,2.42,0,0.0,0,279.16,0,0,0,0,0,0,0,0,0,1000.0,0,0,0,0,2.42,39.1,-1.0,0,39.1,0.0,39.1,0.0,0.0,0.0,279.16,-0.01
12/20/2024,17:6:6,0.0,0.0,404.0,39.1,0.0,0.0,0.0,0.0,-0.01,0,1.21,2.42,0,0.0,0,279.2,0,0,0,0,0,0,0,0,0,1000.0,0,0,0,0,2.42,39.1,-1.0,0,39.1,0.0,39.1,0.0,0.0,0.0,279.2,-0.01
12/20/2024,17:6:7,0.0,0.0,404.0,39.1,0.0,0.0,0.0,0.0,-0.01,0,1.21,2.42,0,0.0,0,279.24,0,0,0,0,0,0,0,0,0,1000.0,0,0,0,0,2.42,39.1,-1.0,0,39.1,0.0,39.1,0.0,0.0,0.0,279.24,-0.01
12/20/2024,17:6:8,0.0,0.0,404.0,39.1,0.0,0.0,0.0,0.0,-0.01,0,1.21,2.42,0,0.0,0,279.27,0,0,0,0,0,0,0,0,0,1000.0,0,0,0,0,2.42,39.1,-1.0,0,39.1,0.0,39.1,0.0,0.0,0.0,279.27,-0.01
12/20/2024,17:6:9,0.0,0.0,404.0,39.1,0.0,0.0,0.0,0.0,-0.01,0,1.21,2.42,0,0.0,0,279.31,0,0,0,0,0,0,0,0,0,1000.0,0,0,0,0,2.42,39.1,-1.0,0,39.1,0.0,39.1,0.0,0.0,0.0,279.31,-0.01
12/20/2024,17:6:10,0.0,0.0,404.0,39.1,0.0,0.0,0.0,0.0,-0.01,0,1.21,2.42,0,0.0,0,279.35,0,0,0,0,0,0,0,0,0,1000.0,0,0,0,0,2.42,39.1,-1.0,0,39.1,0.0,39.1,0.0,0.0,0.0,279.35,-0.01
12/20/2024,17:6:11,0.0,0.0,404.0,39.1,0.0,0.0,0.0,0.0,-0.01,0,1.21,2.42,0,0.0,0,279.39,0,0,0,0,0,0,0,0,0,1000.0,0,0,0,0,2.42,39.1,-1.0,0,39.1,0.0,39.1,0.0,0.0,0.0,279.39,-0.01
12/20/2024,17:6:12,0.0,0.0,404.0,39.1,0.0,0.0,0.0,0.0,-0.01,0,1.21,2.42,0,0.0,0,279.43,0,0,0,0,0,0,0,0,0,1000.0,0,0,0,0,2.42,39.1,-1.0,0,39.1,0.0,39.1,0.0,0.0,0.0,279.43,-0.01
12/20/2024,17:6:13,0.0,0.0,404.0,39.1,0.0,0.0,0.0,0.0,-0.01,0,1.21,2.42,0,0.0,0,279.47,0,0,0,0,0,0,0,0,0,1000.0,0,0,0,0,2.42,39.1,-1.0,0,39.1,0.0,39.1,0.0,0.0,0.0,279.47,-0.01
12/20/2024,17:6:14,0.0,0.0,404.0,39.1,0.0,0.0,0.0,0.0,-0.01,0,1.21,2.42,0,0.0,0,279.47,0,0,0,0,0,0,0,0,0,1000.0,0,0,0,0,2.42,39.1,-1.0,0,39.1,0.0,39.1,0.0,0.0,0.0,279.47,-0.01
12/20/2024,17:6:15,0.0,0.0,404.0,39.1,0.0,0.0,0.0,0.0,-0.01,0,1.21,2.42,0,0.0,0,279.55,0,0,0,0,0,0,0,0,0,1000.0,0,0,0,0,2.42,39.1,-1.0,0,39.1,0.0,39.1,0.0,0.0,0.0,279.55,-0.01
12/20/2024,17:6:16,0.0,0.0,404.0,39.1,0.0,0.0,0.0,0.0,-0.01,0,1.21,2.42,0,0.0,0,279.55,0,0,0,0,0,0,0,0,0,1000.0,0,0,0,0,2.42,39.1,-1.0,0,39.1,0.0,39.1,0.0,0.0,0.0,279.55,-0.01
12/20/2024,17:6:17,0.0,0.0,404.0,39.1,0.0,0.0,0.0,0.0,-0.01,0,1.21,2.42,0,0.0,0,279.63,0,0,0,0,0,0,0,0,0,1000.0,0,0,0,0,2.42,39.1,-1.0,0,39.1,0.0,39.1,0.0,0.0,0.0,279.63,-0.01
12/20/2024,17:6:18,0.0,0.0,404.0,39.1,0.0,0.0,0.0,0.0,-0.01,0,1.21,2.42,0,0.0,0,279.63,0,0,0,0,0,0,0,0,0,1000.0,0,0,0,0,2.42,39.1,-1.0,0,39.1,0.0,39.1,0.0,0.0,0.0,279.63,-0.01
12/20/2024,17:6:19,0.0,0.0,404.0,39.1,0.0,0.0,0.0,0.0,-0.01,0,1.21,2.42,0,0.0,0,279.7,0,0,0,0,0,0,0,0,0,1000.0,0,0,0,0,2.42,39.1,-1.0,0,39.1,0.0,39.1,0.0,0.0,0.0,279.7,-0.01
12/20/2024,17:6:20,0.0,0.0,404.0,39.1,0.0,0.0,0.0,0.0,-0.01,0,1.21,2.42,0,0.0,0,279.7,0,0,0,0,0,0,0,0,0,1000.0,0,0,0,0,2.42,39.1,-1.0,0,39.1,0.0,39.1,0.0,0.0,0.0,279.7,-0.01
12/20/2024,17:6:21,0.0,0.0,404.0,39.1,0.0,0.0,0.0,0.0,-0.01,0,1.21,2.42,0,0.0,0,279.78,0,0,0,0,0,0,0,0,0,1000.0,0,0,0,0,2.42,39.1,-1.0,0,39.1,0.0,39.1,0.0,0.0,0.0,279.78,-0.01
12/20/2024,17:6:22,0.0,0.0,404.0,39.1,0.0,0.0,0.0,0.0,-0.01,0,1.21,2.42,0,0.0,0,279.78,0,0,0,0,0,0,0,0,0,1000.0,0,0,0,0,2.42,39.1,-1.0,0,39.1,0.0,39.1,0.0,0.0,0.0,279.78,-0.01
12/20/2024,17:6:23,0.0,0.0,404.0,39.1,0.0,0.0,0.0,0.0,-0.01,0,1.21,2.42,0,0.0,0,279.86,0,0,0,0,0,0,0,0,0,1000.0,0,0,0,0,2.42,39.1,-1.0,0,39.1,0.0,39.1,0.0,0.0,0.0,279.86,-0.01
12/20/2024,17:6:24,0.0,0.0,404.0,39.1,0.0,0.0,0.0,0.0,-0.01,0,1.21,2.42,0,0.0,0,279.86,0,0,0,0,0,0,0,0,0,1000.0,0,0,0,0,2.42,39.1,-1.0,0,39.1,0.0,39.1,0.0,0.0,0.0,279.86,-0.01
12/20/2024,17:6:25,0.0,0.0,404.0,39.1,0.0,0.0,0.0,0.0,-0.01,0,1.21,2.42,0,0.0,0,279.94,0,0,0,0,0,0,0,0,0,1000.0,0,0,0,0,2.42,39.1,-1.0,0,39.1,0.0,39.1,0.0,0.0,0.0,279.94,-0.01
12/20/2024,17:6:26,0.0,0.0,404.0,39.1,0.0,0.0,0.0,0.0,-0.01,0,1.21,2.42,0,0.0,0,279.94,0,0,0,0,0,0,0,0,0,1000.0,0,0,0,0,2.42,39.1,-1.0,0,39.1,0.0,39.1,0.0,0.0,0.0,279.94,-0.01
12/20/2024,17:6:27,0.0,0.0,404.0,39.1,0.0,0.0,0.0,0.0,-0.01,0,1.21,2.42,0,0.0,0,280.02,0,0,0,0,0,0,0,0,0,1000.0,0,0,0,0,2.42,39.1,-1.0,0,39.1,0.0,39.1,0.0,0.0,0.0,280.02,-0.01
12/20/2024,17:6:28,0.0,0.0,404.0,39.1,0.0,0.0,0.0,0.0,-0.01,0,1.21,2.42,0,0.0,0,280.06,0,0,0,0,0,0,0,0,0,1000.0,0,0,0,0,2.42,39.1,-1.0,0,39.1,0.0,39.1,0.0,0.0,0.0,280.06,-0.01
12/20/2024,17:6:29,0.0,0.0,404.0,39.1,0.0,0.0,0.0,0.0,-0.01,0,1.21,2.42,0,0.0,0,280.06,0,0,0,0,0,0,0,0,0,1000.0,0,0,0,0,2.42,39.1,-1.0,0,39.1,0.0,39.1,0.0,0.0,0.0,280.06,-0.01
12/20/2024,17:6:30,0.0,0.0,404.0,39.1,0.0,0.0,0.0,0.0,-0.01,0,1.21,2.42,0,0.0,0,280.13,0,0,0,0,0,0,0,0,0,1000.0,0,0,0,0,2.42,39.1,-1.0,0,39.1,0.0,39.1,0.0,0.0,0.0,280.13,-0.01
12/20/2024,17:6:31,0.0,0.0,404.0,39.1,0.0,0.0,0.0,0.0,-0.01,0,1.21,2.42,0,0.0,0,280.13,0,0,0,0,0,0,0,0,0,1000.0,0,0,0,0,2.42,39.1,-1.0,0,39.1,0.0,39.1,0.0,0.0,0.0,280.13,-0.01
12/20/2024,17:6:32,0.0,0.0,404.0,39.1,0.0,0.0,0.0,0.0,-0.01,0,1.21,2.42,0,0.0,0,280.21,0,0,0,0,0,0,0,0,0,1000.0,0,0,0,0,2.42,39.1,-1.0,0,39.1,0.0,39.1,0.0,0.0,0.0,280.21,-0.01
12/20/2024,17:6:33,0.0,0.0,404.0,39.1,0.0,0.0,0.0,0.0,-0.01,0,1.21,2.42,0,0.0,0,280.21,0,0,0,0,0,0,0,0,0,1000.0,0,0,0,0,2.42,39.1,-1.0,0,39.1,0.0,39.1,0.0,0.0,0.0,280.21,-0.01
12/20/2024,17:6:34,0.0,0.0,404.0,39.1,0.0,0.0,0.0,0.0,-0.01,0,1.21,2.42,0,0.0,0,280.29,0,0,0,0,0,0,0,0,0,1000.0,0,0,0,0,2.42,39.1,-1.0,0,39.1,0.0,39.1,0.0,0.0,0.0,280.29,-0.01
12/20/2024,17:6:35,0.0,0.0,404.0,39.1,0.0,0.0,0.0,0.0,-0.01,0,1.21,2.42,0,0.0,0,280.29,0,0,0,0,0,0,0,0,0,1000.0,0,0,0,0,2.42,39.1,-1.0,0,39.1,0.0,39.1,0.0,0.0,0.0,280.29,-0.01
12/20/2024,17:6:36,0.0,0.0,404.0,39.1,0.0,0.0,0.0,0.0,-0.01,0,1.21,2.42,0,0.0,0,280.37,0,0,0,0,0,0,0,0,0,1000.0,0,0,0,0,2.42,39.1,-1.0,0,39.1,0.0,39.1,0.0,0.0,0.0,280.37,-0.01
12/20/2024,17:6:37,0.0,0.0,404.0,39.1,0.0,0.0,0.0,0.0,-0.01,0,1.21,2.42,0,0.0,0,280.37,0,0,0,0,0,0,0,0,0,1000.0,0,0,0,0,2.42,39.1,-1.0,0,39.1,0.0,39.1,0.0,0.0,0.0,280.37,-0.01
12/20/2024,17:6:38,0.0,0.0,404.0,39.2,0.0,0.0,0.0,0.0,-0.01,0,1.21,2.42,0,0.0,0,280.41,0,0,0,0,0,0,0,0,0,1000.0,0,0,0,0,2.42,39.2,-1.0,0,39.2,0.0,39.2,0.0,0.0,0.0,280.41,-0.01
12/20/2024,17:6:39,0.0,0.0,404.0,39.1,0.0,0.0,0.0,0.0,-0.01,0,1.21,2.42,0,0.0,0,280.45,0,0,0,0,0,0,0,0,0,1000.0,0,0,0,0,2.42,39.1,-1.0,0,39.1,0.0,39.1,0.0,0.0,0.0,280.45,-0.01
12/20/2024,17:6:40,0.0,0.0,404.0,39.1,0.0,0.0,0.0,0.0,-0.01,0,1.21,2.42,0,0.0,0,280.49,0,0,0,0,0,0,0,0,0,1000.0,0,0,0,0,2.42,39.1,-1.0,0,39.1,0.0,39.1,0.0,0.0,0.0,280.49,-0.01
12/20/2024,17:6:41,0.0,0.0,404.0,39.1,0.0,0.0,0.0,0.0,-0.01,0,1.21,2.42,0,0.0,0,280.53,0,0,0,0,0,0,0,0,0,1000.0,0,0,0,0,2.42,39.1,-1.0,0,39.1,0.0,39.1,0.0,0.0,0.0,280.53,-0.01
12/20/2024,17:6:42,0.0,0.0,404.0,39.1,0.0,0.0,0.0,0.0,-0.01,0,1.21,2.42,0,0.0,0,280.57,0,0,0,0,0,0,0,0,0,1000.0,0,0,0,0,2.42,39.1,-1.0,0,39.1,0.0,39.1,0.0,0.0,0.0,280.57,-0.01
12/20/2024,17:6:43,0.0,0.0,404.0,39.1,0.0,0.0,0.0,0.0,-0.01,0,1.21,2.42,0,0.0,0,280.6,0,0,0,0,0,0,0,0,0,1000.0,0,0,0,0,2.42,39.1,-1.0,0,39.1,0.0,39.1,0.0,0.0,0.0,280.6,-0.01
12/20/2024,17:6:44,0.0,0.0,404.0,39.1,0.0,0.0,0.0,0.0,-0.01,0,1.21,2.42,0,0.0,0,280.64,0,0,0,0,0,0,0,0,0,1000.0,0,0,0,0,2.42,39.1,-1.0,0,39.1,0.0,39.1,0.0,0.0,0.0,280.64,-0.01
12/20/2024,17:6:45,0.0,0.0,404.0,39.1,0.0,0.0,0.0,0.0,-0.01,0,1.21,2.42,0,0.0,0,280.68,0,0,0,0,0,0,0,0,0,1000.0,0,0,0,0,2.42,39.1,-1.0,0,39.1,0.0,39.1,0.0,0.0,0.0,280.68,-0.01
12/20/2024,17:6:46,0.0,0.0,404.0,39.1,0.0,0.0,0.0,0.0,-0.01,0,1.21,2.42,0,0.0,0,280.72,0,0,0,0,0,0,0,0,0,1000.0,0,0,0,0,2.42,39.1,-1.0,0,39.1,0.0,39.1,0.0,0.0,0.0,280.72,-0.01
12/20/2024,17:6:47,0.0,0.0,404.0,39.1,0.0,0.0,0.0,0.0,-0.01,0,1.21,2.42,0,0.0,0,280.8,0,0,0,0,0,0,0,0,0,1000.0,0,0,0,0,2.42,39.1,-1.0,0,39.1,0.0,39.1,0.0,0.0,0.0,280.8,-0.01
12/20/2024,17:6:48,0.0,0.0,404.0,39.1,0.0,0.0,0.0,0.0,-0.01,0,1.21,2.42,0,0.0,0,280.84,0,0,0,0,0,0,0,0,0,1000.0,0,0,0,0,2.42,39.1,-1.0,0,39.1,0.0,39.1,0.0,0.0,0.0,280.84,-0.01
12/20/2024,17:6:49,0.0,0.0,404.0,39.1,0.0,0.0,0.0,0.0,-0.01,0,1.21,2.42,0,0.0,0,280.88,0,0,0,0,0,0,0,0,0,1000.0,0,0,0,0,2.42,39.1,-1.0,0,39.1,0.0,39.1,0.0,0.0,0.0,280.88,-0.01
12/20/2024,17:6:50,0.0,0.0,404.0,39.1,0.0,0.0,0.0,0.0,-0.01,0,1.21,2.42,0,0.0,0,280.92,0,0,0,0,0,0,0,0,0,1000.0,0,0,0,0,2.42,39.1,-1.0,0,39.1,0.0,39.1,0.0,0.0,0.0,280.92,-0.01
12/20/2024,17:6:51,0.0,0.0,404.0,39.1,0.0,0.0,0.0,0.0,-0.01,0,1.21,2.42,0,0.0,0,280.96,0,0,0,0,0,0,0,0,0,1000.0,0,0,0,0,2.42,39.1,-1.0,0,39.1,0.0,39.1,0.0,0.0,0.0,280.96,-0.01
12/20/2024,17:6:52,0.0,0.0,404.0,39.1,0.0,0.0,0.0,0.0,-0.01,0,1.21,2.42,0,0.0,0,281.0,0,0,0,0,0,0,0,0,0,1000.0,0,0,0,0,2.42,39.1,-1.0,0,39.1,0.0,39.1,0.0,0.0,0.0,281.0,-0.01
12/20/2024,17:6:53,0.0,0.0,404.0,39.1,0.0,0.0,0.0,0.0,-0.01,0,1.21,2.42,0,0.0,0,281.03,0,0,0,0,0,0,0,0,0,1000.0,0,0,0,0,2.42,39.1,-1.0,0,39.1,0.0,39.1,0.0,0.0,0.0,281.03,-0.01
12/20/2024,17:6:54,0.0,0.0,404.0,39.1,0.0,0.0,0.0,0.0,-0.01,0,1.21,2.42,0,0.0,0,281.07,0,0,0,0,0,0,0,0,0,1000.0,0,0,0,0,2.42,39.1,-1.0,0,39.1,0.0,39.1,0.0,0.0,0.0,281.07,-0.01
12/20/2024,17:6:55,0.0,0.0,404.0,39.1,0.0,0.0,0.0,0.0,-0.01,0,1.21,2.42,0,0.0,0,281.11,0,0,0,0,0,0,0,0,0,1000.0,0,0,0,0,2.42,39.1,-1.0,0,39.1,0.0,39.1,0.0,0.0,0.0,281.11,-0.01
12/20/2024,17:6:56,0.0,0.0,404.0,39.1,0.0,0.0,0.0,0.0,-0.01,0,1.21,2.42,0,0.0,0,281.15,0,0,0,0,0,0,0,0,0,1000.0,0,0,0,0,2.42,39.1,-1.0,0,39.1,0.0,39.1,0.0,0.0,0.0,281.15,-0.01
12/20/2024,17:6:57,0.0,0.0,404.0,39.1,0.0,0.0,0.0,0.0,-0.01,0,1.21,2.42,0,0.0,0,281.19,0,0,0,0,0,0,0,0,0,1000.0,0,0,0,0,2.42,39.1,-1.0,0,39.1,0.0,39.1,0.0,0.0,0.0,281.19,-0.01
12/20/2024,17:6:58,0.0,0.0,404.0,39.1,0.0,0.0,0.0,0.0,-0.01,0,1.21,2.42,0,0.0,0,281.23,0,0,0,0,0,0,0,0,0,1000.0,0,0,0,0,2.42,39.1,-1.0,0,39.1,0.0,39.1,0.0,0.0,0.0,281.23,-0.01
12/20/2024,17:6:59,0.0,0.0,404.0,39.1,0.0,0.0,0.0,0.0,-0.01,0,1.21,2.42,0,0.0,0,281.27,0,0,0,0,0,0,0,0,0,1000.0,0,0,0,0,2.42,39.1,-1.0,0,39.1,0.0,39.1,0.0,0.0,0.0,281.27,-0.01
12/20/2024,17:7:0,0.0,0.0,404.0,39.1,0.0,0.0,0.0,0.0,-0.01,0,1.21,2.42,0,0.0,0,281.31,0,0,0,0,0,0,0,0,0,1000.0,0,0,0,0,2.42,39.1,-1.0,0,39.1,0.0,39.1,0.0,0.0,0.0,281.31,-0.01
12/20/2024,17:7:1,0.0,0.0,404.0,39.1,0.0,0.0,0.0,0.0,-0.01,0,1.21,2.42,0,0.0,0,281.35,0,0,0,0,0,0,0,0,0,1000.0,0,0,0,0,2.42,39.1,-1.0,0,39.1,0.0,39.1,0.0,0.0,0.0,281.35,-0.01
12/20/2024,17:7:2,0.0,0.0,404.0,39.1,0.0,0.0,0.0,0.0,-0.01,0,1.21,2.42,0,0.0,0,281.39,0,0,0,0,0,0,0,0,0,1000.0,0,0,0,0,2.42,39.1,-1.0,0,39.1,0.0,39.1,0.0,0.0,0.0,281.39,-0.01
12/20/2024,17:7:3,0.0,0.0,404.0,39.1,0.0,0.0,0.0,0.0,-0.01,0,1.21,2.42,0,0.0,0,281.43,0,0,0,0,0,0,0,0,0,1000.0,0,0,0,0,2.42,39.1,-1.0,0,39.1,0.0,39.1,0.0,0.0,0.0,281.43,-0.01
12/20/2024,17:7:4,0.0,0.0,404.0,39.1,0.0,0.0,0.0,0.0,-0.01,0,1.21,2.42,0,0.0,0,281.46,0,0,0,0,0,0,0,0,0,1000.0,0,0,0,0,2.42,39.1,-1.0,0,39.1,0.0,39.1,0.0,0.0,0.0,281.46,-0.01
12/20/2024,17:7:5,0.0,0.0,404.0,39.1,0.0,0.0,0.0,0.0,-0.01,0,1.21,2.42,0,0.0,0,281.5,0,0,0,0,0,0,0,0,0,1000.0,0,0,0,0,2.42,39.1,-1.0,0,39.1,0.0,39.1,0.0,0.0,0.0,281.5,-0.01
12/20/2024,17:7:6,0.0,0.0,404.0,39.1,0.0,0.0,0.0,0.0,-0.01,0,1.21,2.42,0,0.0,0,281.54,0,0,0,0,0,0,0,0,0,1000.0,0,0,0,0,2.42,39.1,-1.0,0,39.1,0.0,39.1,0.0,0.0,0.0,281.54,-0.01
12/20/2024,17:7:7,0.0,0.0,404.0,39.1,0.0,0.0,0.0,0.0,-0.01,0,1.21,2.42,0,0.0,0,281.58,0,0,0,0,0,0,0,0,0,1000.0,0,0,0,0,2.42,39.1,-1.0,0,39.1,0.0,39.1,0.0,0.0,0.0,281.58,-0.01
12/20/2024,17:7:8,0.0,0.0,404.0,39.1,0.0,0.0,0.0,0.0,-0.01,0,1.21,2.42,0,0.0,0,281.62,0,0,0,0,0,0,0,0,0,1000.0,0,0,0,0,2.42,39.1,-1.0,0,39.1,0.0,39.1,0.0,0.0,0.0,281.62,-0.01
12/20/2024,17:7:9,0.0,0.0,404.0,39.1,0.0,0.0,0.0,0.0,-0.01,0,1.21,2.42,0,0.0,0,281.66,0,0,0,0,0,0,0,0,0,1000.0,0,0,0,0,2.42,39.1,-1.0,0,39.1,0.0,39.1,0.0,0.0,0.0,281.66,-0.01
12/20/2024,17:7:10,0.0,0.0,404.0,39.1,0.0,0.0,0.0,0.0,-0.01,0,1.21,2.42,0,0.0,0,281.7,0,0,0,0,0,0,0,0,0,1000.0,0,0,0,0,2.42,39.1,-1.0,0,39.1,0.0,39.1,0.0,0.0,0.0,281.7,-0.01
12/20/2024,17:7:11,0.0,0.0,404.0,39.1,0.0,0.0,0.0,0.0,-0.01,0,1.21,2.42,0,0.0,0,281.74,0,0,0,0,0,0,0,0,0,1000.0,0,0,0,0,2.42,39.1,-1.0,0,39.1,0.0,39.1,0.0,0.0,0.0,281.74,-0.01
12/20/2024,17:7:12,0.0,0.0,404.0,39.1,0.0,0.0,0.0,0.0,-0.01,0,1.21,2.42,0,0.0,0,281.78,0,0,0,0,0,0,0,0,0,1000.0,0,0,0,0,2.42,39.1,-1.0,0,39.1,0.0,39.1,0.0,0.0,0.0,281.78,-0.01
12/20/2024,17:7:13,0.0,0.0,404.0,39.1,0.0,0.0,0.0,0.0,-0.01,0,1.21,2.42,0,0.0,0,281.78,0,0,0,0,0,0,0,0,0,1000.0,0,0,0,0,2.42,39.1,-1.0,0,39.1,0.0,39.1,0.0,0.0,0.0,281.78,-0.01
12/20/2024,17:7:14,0.0,0.0,404.0,39.1,0.0,0.0,0.0,0.0,-0.01,0,1.21,2.42,0,0.0,0,281.86,0,0,0,0,0,0,0,0,0,1000.0,0,0,0,0,2.42,39.1,-1.0,0,39.1,0.0,39.1,0.0,0.0,0.0,281.86,-0.01
12/20/2024,17:7:15,0.0,0.0,404.0,39.1,0.0,0.0,0.0,0.0,-0.01,0,1.21,2.42,0,0.0,0,281.86,0,0,0,0,0,0,0,0,0,1000.0,0,0,0,0,2.42,39.1,-1.0,0,39.1,0.0,39.1,0.0,0.0,0.0,281.86,-0.01
12/20/2024,17:7:16,0.0,0.0,404.0,39.1,0.0,0.0,0.0,0.0,-0.01,0,1.21,2.42,0,0.0,0,281.93,0,0,0,0,0,0,0,0,0,1000.0,0,0,0,0,2.42,39.1,-1.0,0,39.1,0.0,39.1,0.0,0.0,0.0,281.93,-0.01
12/20/2024,17:7:17,0.0,0.0,404.0,39.1,0.0,0.0,0.0,0.0,-0.01,0,1.21,2.42,0,0.0,0,281.93,0,0,0,0,0,0,0,0,0,1000.0,0,0,0,0,2.42,39.1,-1.0,0,39.1,0.0,39.1,0.0,0.0,0.0,281.93,-0.01
12/20/2024,17:7:18,0.0,0.0,404.0,39.1,0.0,0.0,0.0,0.0,-0.01,0,1.21,2.42,0,0.0,0,282.01,0,0,0,0,0,0,0,0,0,1000.0,0,0,0,0,2.42,39.1,-1.0,0,39.1,0.0,39.1,0.0,0.0,0.0,282.01,-0.01
12/20/2024,17:7:19,0.0,0.0,404.0,39.1,0.0,0.0,0.0,0.0,-0.01,0,1.21,2.42,0,0.0,0,282.01,0,0,0,0,0,0,0,0,0,1000.0,0,0,0,0,2.42,39.1,-1.0,0,39.1,0.0,39.1,0.0,0.0,0.0,282.01,-0.01
12/20/2024,17:7:20,0.0,0.0,404.0,39.1,0.0,0.0,0.0,0.0,-0.01,0,1.21,2.42,0,0.0,0,282.09,0,0,0,0,0,0,0,0,0,1000.0,0,0,0,0,2.42,39.1,-1.0,0,39.1,0.0,39.1,0.0,0.0,0.0,282.09,-0.01
12/20/2024,17:7:21,0.0,0.0,404.0,39.1,0.0,0.0,0.0,0.0,-0.01,0,1.21,2.42,0,0.0,0,282.09,0,0,0,0,0,0,0,0,0,1000.0,0,0,0,0,2.42,39.1,-1.0,0,39.1,0.0,39.1,0.0,0.0,0.0,282.09,-0.01
12/20/2024,17:7:22,0.0,0.0,404.0,39.1,0.0,0.0,0.0,0.0,-0.01,0,1.21,2.42,0,0.0,0,282.17,0,0,0,0,0,0,0,0,0,1000.0,0,0,0,0,2.42,39.1,-1.0,0,39.1,0.0,39.1,0.0,0.0,0.0,282.17,-0.01
12/20/2024,17:7:23,0.0,0.0,404.0,39.1,0.0,0.0,0.0,0.0,-0.01,0,1.21,2.42,0,0.0,0,282.17,0,0,0,0,0,0,0,0,0,1000.0,0,0,0,0,2.42,39.1,-1.0,0,39.1,0.0,39.1,0.0,0.0,0.0,282.17,-0.01
12/20/2024,17:7:24,0.0,0.0,404.0,39.1,0.0,0.0,0.0,0.0,-0.01,0,1.21,2.42,0,0.0,0,282.25,0,0,0,0,0,0,0,0,0,1000.0,0,0,0,0,2.42,39.1,-1.0,0,39.1,0.0,39.1,0.0,0.0,0.0,282.25,-0.01
12/20/2024,17:7:25,0.0,0.0,404.0,39.1,0.0,0.0,0.0,0.0,-0.01,0,1.21,2.42,0,0.0,0,282.25,0,0,0,0,0,0,0,0,0,1000.0,0,0,0,0,2.42,39.1,-1.0,0,39.1,0.0,39.1,0.0,0.0,0.0,282.25,-0.01
12/20/2024,17:7:26,0.0,0.0,404.0,39.1,0.0,0.0,0.0,0.0,-0.01,0,1.21,2.42,0,0.0,0,282.32,0,0,0,0,0,0,0,0,0,1000.0,0,0,0,0,2.42,39.1,-1.0,0,39.1,0.0,39.1,0.0,0.0,0.0,282.32,-0.01
12/20/2024,17:7:27,0.0,0.0,404.0,39.1,0.0,0.0,0.0,0.0,-0.01,0,1.21,2.42,0,0.0,0,282.32,0,0,0,0,0,0,0,0,0,1000.0,0,0,0,0,2.42,39.1,-1.0,0,39.1,0.0,39.1,0.0,0.0,0.0,282.32,-0.01
12/20/2024,17:7:28,0.0,0.0,404.0,39.1,0.0,0.0,0.0,0.0,-0.01,0,1.21,2.42,0,0.0,0,282.4,0,0,0,0,0,0,0,0,0,1000.0,0,0,0,0,2.42,39.1,-1.0,0,39.1,0.0,39.1,0.0,0.0,0.0,282.4,-0.01
12/20/2024,17:7:29,0.0,0.0,404.0,39.1,0.0,0.0,0.0,0.0,-0.01,0,1.21,2.42,0,0.0,0,282.4,0,0,0,0,0,0,0,0,0,1000.0,0,0,0,0,2.42,39.1,-1.0,0,39.1,0.0,39.1,0.0,0.0,0.0,282.4,-0.01
12/20/2024,17:7:30,0.0,0.0,404.0,39.1,0.0,0.0,0.0,0.0,-0.01,0,1.21,2.42,0,0.0,0,282.44,0,0,0,0,0,0,0,0,0,1000.0,0,0,0,0,2.42,39.1,-1.0,0,39.1,0.0,39.1,0.0,0.0,0.0,282.44,-0.01
12/20/2024,17:7:31,0.0,0.0,404.0,39.1,0.0,0.0,0.0,0.0,-0.01,0,1.21,2.42,0,0.0,0,282.48,0,0,0,0,0,0,0,0,0,1000.0,0,0,0,0,2.42,39.1,-1.0,0,39.1,0.0,39.1,0.0,0.0,0.0,282.48,-0.01
12/20/2024,17:7:32,0.0,0.0,404.0,39.1,0.0,0.0,0.0,0.0,-0.01,0,1.21,2.42,0,0.0,0,282.52,0,0,0,0,0,0,0,0,0,1000.0,0,0,0,0,2.42,39.1,-1.0,0,39.1,0.0,39.1,0.0,0.0,0.0,282.52,-0.01
12/20/2024,17:7:33,0.0,0.0,404.0,39.1,0.0,0.0,0.0,0.0,-0.01,0,1.21,2.42,0,0.0,0,282.6,0,0,0,0,0,0,0,0,0,1000.0,0,0,0,0,2.42,39.1,-1.0,0,39.1,0.0,39.1,0.0,0.0,0.0,282.6,-0.01
12/20/2024,17:7:34,0.0,0.0,404.0,39.1,0.0,0.0,0.0,0.0,-0.01,0,1.21,2.42,0,0.0,0,282.6,0,0,0,0,0,0,0,0,0,1000.0,0,0,0,0,2.42,39.1,-1.0,0,39.1,0.0,39.1,0.0,0.0,0.0,282.6,-0.01
12/20/2024,17:7:35,0.0,0.0,404.0,39.1,0.0,0.0,0.0,0.0,-0.01,0,1.21,2.42,0,0.0,0,282.68,0,0,0,0,0,0,0,0,0,1000.0,0,0,0,0,2.42,39.1,-1.0,0,39.1,0.0,39.1,0.0,0.0,0.0,282.68,-0.01
12/20/2024,17:7:36,0.0,0.0,404.0,39.1,0.0,0.0,0.0,0.0,-0.01,0,1.21,2.42,0,0.0,0,282.68,0,0,0,0,0,0,0,0,0,1000.0,0,0,0,0,2.42,39.1,-1.0,0,39.1,0.0,39.1,0.0,0.0,0.0,282.68,-0.01
12/20/2024,17:7:37,0.0,0.0,404.0,39.1,0.0,0.0,0.0,0.0,-0.01,0,1.21,2.42,0,0.0,0,282.72,0,0,0,0,0,0,0,0,0,1000.0,0,0,0,0,2.42,39.1,-1.0,0,39.1,0.0,39.1,0.0,0.0,0.0,282.72,-0.01
12/20/2024,17:7:38,0.0,0.0,404.0,39.1,0.0,0.0,0.0,0.0,-0.01,0,1.21,2.42,0,0.0,0,282.75,0,0,0,0,0,0,0,0,0,1000.0,0,0,0,0,2.42,39.1,-1.0,0,39.1,0.0,39.1,0.0,0.0,0.0,282.75,-0.01
12/20/2024,17:7:39,0.0,0.0,404.0,39.1,0.0,0.0,0.0,0.0,-0.01,0,1.21,2.42,0,0.0,0,282.79,0,0,0,0,0,0,0,0,0,1000.0,0,0,0,0,2.42,39.1,-1.0,0,39.1,0.0,39.1,0.0,0.0,0.0,282.79,-0.01
12/20/2024,17:7:40,0.0,0.0,404.0,39.1,0.0,0.0,0.0,0.0,-0.01,0,1.21,2.42,0,0.0,0,282.83,0,0,0,0,0,0,0,0,0,1000.0,0,0,0,0,2.42,39.1,-1.0,0,39.1,0.0,39.1,0.0,0.0,0.0,282.83,-0.01
12/20/2024,17:7:41,0.0,0.0,404.0,39.1,0.0,0.0,0.0,0.0,-0.01,0,1.21,2.42,0,0.0,0,282.91,0,0,0,0,0,0,0,0,0,1000.0,0,0,0,0,2.42,39.1,-1.0,0,39.1,0.0,39.1,0.0,0.0,0.0,282.91,-0.01
12/20/2024,17:7:42,0.0,0.0,404.0,39.1,0.0,0.0,0.0,0.0,-0.01,0,1.21,2.42,0,0.0,0,282.95,0,0,0,0,0,0,0,0,0,1000.0,0,0,0,0,2.42,39.1,-1.0,0,39.1,0.0,39.1,0.0,0.0,0.0,282.95,-0.01
12/20/2024,17:7:43,0.0,0.0,404.0,39.1,0.0,0.0,0.0,0.0,-0.01,0,1.21,2.42,0,0.0,0,282.99,0,0,0,0,0,0,0,0,0,1000.0,0,0,0,0,2.42,39.1,-1.0,0,39.1,0.0,39.1,0.0,0.0,0.0,282.99,-0.01
12/20/2024,17:7:44,0.0,0.0,404.0,39.1,0.0,0.0,0.0,0.0,-0.01,0,1.21,2.42,0,0.0,0,283.03,0,0,0,0,0,0,0,0,0,1000.0,0,0,0,0,2.42,39.1,-1.0,0,39.1,0.0,39.1,0.0,0.0,0.0,283.03,-0.01
12/20/2024,17:7:45,0.0,0.0,404.0,39.1,0.0,0.0,0.0,0.0,-0.01,0,1.21,2.42,0,0.0,0,283.07,0,0,0,0,0,0,0,0,0,1000.0,0,0,0,0,2.42,39.1,-1.0,0,39.1,0.0,39.1,0.0,0.0,0.0,283.07,-0.01
12/20/2024,17:7:46,0.0,0.0,404.0,39.1,0.0,0.0,0.0,0.0,-0.01,0,1.21,2.42,0,0.0,0,283.11,0,0,0,0,0,0,0,0,0,1000.0,0,0,0,0,2.42,39.1,-1.0,0,39.1,0.0,39.1,0.0,0.0,0.0,283.11,-0.01
12/20/2024,17:7:47,0.0,0.0,404.0,39.1,0.0,0.0,0.0,0.0,-0.01,0,1.21,2.42,0,0.0,0,283.15,0,0,0,0,0,0,0,0,0,1000.0,0,0,0,0,2.42,39.1,-1.0,0,39.1,0.0,39.1,0.0,0.0,0.0,283.15,-0.01
12/20/2024,17:7:48,0.0,0.0,404.0,39.1,0.0,0.0,0.0,0.0,-0.01,0,1.21,2.42,0,0.0,0,283.18,0,0,0,0,0,0,0,0,0,1000.0,0,0,0,0,2.42,39.1,-1.0,0,39.1,0.0,39.1,0.0,0.0,0.0,283.18,-0.01
12/20/2024,17:7:49,0.0,0.0,404.0,39.1,0.0,0.0,0.0,0.0,-0.01,0,1.21,2.42,0,0.0,0,283.22,0,0,0,0,0,0,0,0,0,1000.0,0,0,0,0,2.42,39.1,-1.0,0,39.1,0.0,39.1,0.0,0.0,0.0,283.22,-0.01
12/20/2024,17:7:50,0.0,0.0,404.0,39.1,0.0,0.0,0.0,0.0,-0.01,0,1.21,2.42,0,0.0,0,283.26,0,0,0,0,0,0,0,0,0,1000.0,0,0,0,0,2.42,39.1,-1.0,0,39.1,0.0,39.1,0.0,0.0,0.0,283.26,-0.01
12/20/2024,17:7:51,0.0,0.0,404.0,39.1,0.0,0.0,0.0,0.0,-0.01,0,1.21,2.42,0,0.0,0,283.3,0,0,0,0,0,0,0,0,0,1000.0,0,0,0,0,2.42,39.1,-1.0,0,39.1,0.0,39.1,0.0,0.0,0.0,283.3,-0.01
12/20/2024,17:7:52,0.0,0.0,404.0,39.1,0.0,0.0,0.0,0.0,-0.01,0,1.21,2.42,0,0.0,0,283.34,0,0,0,0,0,0,0,0,0,1000.0,0,0,0,0,2.42,39.1,-1.0,0,39.1,0.0,39.1,0.0,0.0,0.0,283.34,-0.01
12/20/2024,17:7:53,0.0,0.0,404.0,39.1,0.0,0.0,0.0,0.0,-0.01,0,1.21,2.42,0,0.0,0,283.38,0,0,0,0,0,0,0,0,0,1000.0,0,0,0,0,2.42,39.1,-1.0,0,39.1,0.0,39.1,0.0,0.0,0.0,283.38,-0.01
12/20/2024,17:7:54,0.0,0.0,404.0,39.1,0.0,0.0,0.0,0.0,-0.01,0,1.21,2.42,0,0.0,0,283.42,0,0,0,0,0,0,0,0,0,1000.0,0,0,0,0,2.42,39.1,-1.0,0,39.1,0.0,39.1,0.0,0.0,0.0,283.42,-0.01
12/20/2024,17:7:55,0.0,0.0,404.0,39.1,0.0,0.0,0.0,0.0,-0.01,0,1.21,2.42,0,0.0,0,283.46,0,0,0,0,0,0,0,0,0,1000.0,0,0,0,0,2.42,39.1,-1.0,0,39.1,0.0,39.1,0.0,0.0,0.0,283.46,-0.01
12/20/2024,17:7:56,0.0,0.0,404.0,39.1,0.0,0.0,0.0,0.0,-0.01,0,1.21,2.42,0,0.0,0,283.5,0,0,0,0,0,0,0,0,0,1000.0,0,0,0,0,2.42,39.1,-1.0,0,39.1,0.0,39.1,0.0,0.0,0.0,283.5,-0.01
12/20/2024,17:7:57,0.0,0.0,404.0,39.1,0.0,0.0,0.0,0.0,-0.01,0,1.21,2.42,0,0.0,0,283.54,0,0,0,0,0,0,0,0,0,1000.0,0,0,0,0,2.42,39.1,-1.0,0,39.1,0.0,39.1,0.0,0.0,0.0,283.54,-0.01
12/20/2024,17:7:58,0.0,0.0,404.0,39.1,0.0,0.0,0.0,0.0,-0.01,0,1.21,2.42,0,0.0,0,283.58,0,0,0,0,0,0,0,0,0,1000.0,0,0,0,0,2.42,39.1,-1.0,0,39.1,0.0,39.1,0.0,0.0,0.0,283.58,-0.01
12/20/2024,17:7:59,0.0,0.0,404.0,39.1,0.0,0.0,0.0,0.0,-0.01,0,1.21,2.42,0,0.0,0,283.61,0,0,0,0,0,0,0,0,0,1000.0,0,0,0,0,2.42,39.1,-1.0,0,39.1,0.0,39.1,0.0,0.0,0.0,283.61,-0.01
12/20/2024,17:8:0,0.0,0.0,404.0,39.1,0.0,0.0,0.0,0.0,-0.01,0,1.21,2.42,0,0.0,0,283.65,0,0,0,0,0,0,0,0,0,1000.0,0,0,0,0,2.42,39.1,-1.0,0,39.1,0.0,39.1,0.0,0.0,0.0,283.65,-0.01
12/20/2024,17:8:1,0.0,0.0,404.0,39.1,0.0,0.0,0.0,0.0,-0.01,0,1.21,2.42,0,0.0,0,283.69,0,0,0,0,0,0,0,0,0,1000.0,0,0,0,0,2.42,39.1,-1.0,0,39.1,0.0,39.1,0.0,0.0,0.0,283.69,-0.01
12/20/2024,17:8:2,0.0,0.0,404.0,39.1,0.0,0.0,0.0,0.0,-0.01,0,1.21,2.42,0,0.0,0,283.73,0,0,0,0,0,0,0,0,0,1000.0,0,0,0,0,2.42,39.1,-1.0,0,39.1,0.0,39.1,0.0,0.0,0.0,283.73,-0.01
12/20/2024,17:8:3,0.0,0.0,404.0,39.1,0.0,0.0,0.0,0.0,-0.01,0,1.21,2.42,0,0.0,0,283.77,0,0,0,0,0,0,0,0,0,1000.0,0,0,0,0,2.42,39.1,-1.0,0,39.1,0.0,39.1,0.0,0.0,0.0,283.77,-0.01
12/20/2024,17:8:4,0.0,0.0,404.0,39.1,0.0,0.0,0.0,0.0,-0.01,0,1.21,2.42,0,0.0,0,283.81,0,0,0,0,0,0,0,0,0,1000.0,0,0,0,0,2.42,39.1,-1.0,0,39.1,0.0,39.1,0.0,0.0,0.0,283.81,-0.01
12/20/2024,17:8:5,0.0,0.0,404.0,39.1,0.0,0.0,0.0,0.0,-0.01,0,1.21,2.42,0,0.0,0,283.85,0,0,0,0,0,0,0,0,0,1000.0,0,0,0,0,2.42,39.1,-1.0,0,39.1,0.0,39.1,0.0,0.0,0.0,283.85,-0.01
12/20/2024,17:8:6,0.0,0.0,404.0,39.1,0.0,0.0,0.0,0.0,-0.01,0,1.21,2.42,0,0.0,0,283.89,0,0,0,0,0,0,0,0,0,1000.0,0,0,0,0,2.42,39.1,-1.0,0,39.1,0.0,39.1,0.0,0.0,0.0,283.89,-0.01
12/20/2024,17:8:7,0.0,0.0,404.0,39.1,0.0,0.0,0.0,0.0,-0.01,0,1.21,2.42,0,0.0,0,283.93,0,0,0,0,0,0,0,0,0,1000.0,0,0,0,0,2.42,39.1,-1.0,0,39.1,0.0,39.1,0.0,0.0,0.0,283.93,-0.01
12/20/2024,17:8:8,0.0,0.0,404.0,39.1,0.0,0.0,0.0,0.0,-0.01,0,1.21,2.42,0,0.0,0,283.97,0,0,0,0,0,0,0,0,0,1000.0,0,0,0,0,2.42,39.1,-1.0,0,39.1,0.0,39.1,0.0,0.0,0.0,283.97,-0.01
12/20/2024,17:8:9,0.0,0.0,404.0,39.1,0.0,0.0,0.0,0.0,-0.01,0,1.21,2.42,0,0.0,0,284.01,0,0,0,0,0,0,0,0,0,1000.0,0,0,0,0,2.42,39.1,-1.0,0,39.1,0.0,39.1,0.0,0.0,0.0,284.01,-0.01
12/20/2024,17:8:10,0.0,0.0,404.0,39.1,0.0,0.0,0.0,0.0,-0.01,0,1.21,2.42,0,0.0,0,284.04,0,0,0,0,0,0,0,0,0,1000.0,0,0,0,0,2.42,39.1,-1.0,0,39.1,0.0,39.1,0.0,0.0,0.0,284.04,-0.01
12/20/2024,17:8:11,0.0,0.0,404.0,39.1,0.0,0.0,0.0,0.0,-0.01,0,1.21,2.42,0,0.0,0,284.08,0,0,0,0,0,0,0,0,0,1000.0,0,0,0,0,2.42,39.1,-1.0,0,39.1,0.0,39.1,0.0,0.0,0.0,284.08,-0.01
12/20/2024,17:8:12,0.0,0.0,404.0,39.1,0.0,0.0,0.0,0.0,-0.01,0,1.21,2.42,0,0.0,0,284.12,0,0,0,0,0,0,0,0,0,1000.0,0,0,0,0,2.42,39.1,-1.0,0,39.1,0.0,39.1,0.0,0.0,0.0,284.12,-0.01
12/20/2024,17:8:13,0.0,0.0,404.0,39.1,0.0,0.0,0.0,0.0,-0.01,0,1.21,2.42,0,0.0,0,284.16,0,0,0,0,0,0,0,0,0,1000.0,0,0,0,0,2.42,39.1,-1.0,0,39.1,0.0,39.1,0.0,0.0,0.0,284.16,-0.01
12/20/2024,17:8:14,0.0,0.0,404.0,39.1,0.0,0.0,0.0,0.0,-0.01,0,1.21,2.42,0,0.0,0,284.2,0,0,0,0,0,0,0,0,0,1000.0,0,0,0,0,2.42,39.1,-1.0,0,39.1,0.0,39.1,0.0,0.0,0.0,284.2,-0.01
12/20/2024,17:8:15,0.0,0.0,404.0,39.1,0.0,0.0,0.0,0.0,-0.01,0,1.21,2.42,0,0.0,0,284.24,0,0,0,0,0,0,0,0,0,1000.0,0,0,0,0,2.42,39.1,-1.0,0,39.1,0.0,39.1,0.0,0.0,0.0,284.24,-0.01
12/20/2024,17:8:16,0.0,0.0,404.0,39.1,0.0,0.0,0.0,0.0,-0.01,0,1.21,2.42,0,0.0,0,284.28,0,0,0,0,0,0,0,0,0,1000.0,0,0,0,0,2.42,39.1,-1.0,0,39.1,0.0,39.1,0.0,0.0,0.0,284.28,-0.01
12/20/2024,17:8:17,0.0,0.0,404.0,39.1,0.0,0.0,0.0,0.0,-0.01,0,1.21,2.42,0,0.0,0,284.28,0,0,0,0,0,0,0,0,0,1000.0,0,0,0,0,2.42,39.1,-1.0,0,39.1,0.0,39.1,0.0,0.0,0.0,284.28,-0.01
12/20/2024,17:8:18,0.0,0.0,404.0,39.1,0.0,0.0,0.0,0.0,-0.01,0,1.21,2.42,0,0.0,0,284.36,0,0,0,0,0,0,0,0,0,1000.0,0,0,0,0,2.42,39.1,-1.0,0,39.1,0.0,39.1,0.0,0.0,0.0,284.36,-0.01
12/20/2024,17:8:19,0.0,0.0,404.0,39.1,0.0,0.0,0.0,0.0,-0.01,0,1.21,2.42,0,0.0,0,284.36,0,0,0,0,0,0,0,0,0,1000.0,0,0,0,0,2.42,39.1,-1.0,0,39.1,0.0,39.1,0.0,0.0,0.0,284.36,-0.01
12/20/2024,17:8:20,0.0,0.0,404.0,39.1,0.0,0.0,0.0,0.0,-0.01,0,1.21,2.42,0,0.0,0,284.44,0,0,0,0,0,0,0,0,0,1000.0,0,0,0,0,2.42,39.1,-1.0,0,39.1,0.0,39.1,0.0,0.0,0.0,284.44,-0.01
12/20/2024,17:8:21,0.0,0.0,404.0,39.1,0.0,0.0,0.0,0.0,-0.01,0,1.21,2.42,0,0.0,0,284.44,0,0,0,0,0,0,0,0,0,1000.0,0,0,0,0,2.42,39.1,-1.0,0,39.1,0.0,39.1,0.0,0.0,0.0,284.44,-0.01
12/20/2024,17:8:22,0.0,0.0,404.0,39.1,0.0,0.0,0.0,0.0,-0.01,0,1.21,2.42,0,0.0,0,284.47,0,0,0,0,0,0,0,0,0,1000.0,0,0,0,0,2.42,39.1,-1.0,0,39.1,0.0,39.1,0.0,0.0,0.0,284.47,-0.01
12/20/2024,17:8:23,0.0,0.0,404.0,39.1,0.0,0.0,0.0,0.0,-0.01,0,1.21,2.42,0,0.0,0,284.55,0,0,0,0,0,0,0,0,0,1000.0,0,0,0,0,2.42,39.1,-1.0,0,39.1,0.0,39.1,0.0,0.0,0.0,284.55,-0.01
12/20/2024,17:8:24,0.0,0.0,404.0,39.1,0.0,0.0,0.0,0.0,-0.01,0,1.21,2.42,0,0.0,0,284.55,0,0,0,0,0,0,0,0,0,1000.0,0,0,0,0,2.42,39.1,-1.0,0,39.1,0.0,39.1,0.0,0.0,0.0,284.55,-0.01
12/20/2024,17:8:25,0.0,0.0,404.0,39.1,0.0,0.0,0.0,0.0,-0.01,0,1.21,2.42,0,0.0,0,284.63,0,0,0,0,0,0,0,0,0,1000.0,0,0,0,0,2.42,39.1,-1.0,0,39.1,0.0,39.1,0.0,0.0,0.0,284.63,-0.01
12/20/2024,17:8:26,0.0,0.0,404.0,39.1,0.0,0.0,0.0,0.0,-0.01,0,1.21,2.42,0,0.0,0,284.63,0,0,0,0,0,0,0,0,0,1000.0,0,0,0,0,2.42,39.1,-1.0,0,39.1,0.0,39.1,0.0,0.0,0.0,284.63,-0.01
12/20/2024,17:8:27,0.0,0.0,404.0,39.1,0.0,0.0,0.0,0.0,-0.01,0,1.21,2.42,0,0.0,0,284.71,0,0,0,0,0,0,0,0,0,1000.0,0,0,0,0,2.42,39.1,-1.0,0,39.1,0.0,39.1,0.0,0.0,0.0,284.71,-0.01
12/20/2024,17:8:28,0.0,0.0,404.0,39.1,0.0,0.0,0.0,0.0,-0.01,0,1.21,2.42,0,0.0,0,284.71,0,0,0,0,0,0,0,0,0,1000.0,0,0,0,0,2.42,39.1,-1.0,0,39.1,0.0,39.1,0.0,0.0,0.0,284.71,-0.01
12/20/2024,17:8:29,0.0,0.0,404.0,39.1,0.0,0.0,0.0,0.0,-0.01,0,1.21,2.42,0,0.0,0,284.79,0,0,0,0,0,0,0,0,0,1000.0,0,0,0,0,2.42,39.1,-1.0,0,39.1,0.0,39.1,0.0,0.0,0.0,284.79,-0.01
12/20/2024,17:8:30,0.0,0.0,404.0,39.1,0.0,0.0,0.0,0.0,-0.01,0,1.21,2.42,0,0.0,0,284.79,0,0,0,0,0,0,0,0,0,1000.0,0,0,0,0,2.42,39.1,-1.0,0,39.1,0.0,39.1,0.0,0.0,0.0,284.79,-0.01
12/20/2024,17:8:31,0.0,0.0,404.0,39.1,0.0,0.0,0.0,0.0,-0.01,0,1.21,2.42,0,0.0,0,284.83,0,0,0,0,0,0,0,0,0,1000.0,0,0,0,0,2.42,39.1,-1.0,0,39.1,0.0,39.1,0.0,0.0,0.0,284.83,-0.01
12/20/2024,17:8:32,0.0,0.0,404.0,39.1,0.0,0.0,0.0,0.0,-0.01,0,1.21,2.42,0,0.0,0,284.9,0,0,0,0,0,0,0,0,0,1000.0,0,0,0,0,2.42,39.1,-1.0,0,39.1,0.0,39.1,0.0,0.0,0.0,284.9,-0.01
12/20/2024,17:8:33,0.0,0.0,404.0,39.1,0.0,0.0,0.0,0.0,-0.01,0,1.21,2.42,0,0.0,0,284.9,0,0,0,0,0,0,0,0,0,1000.0,0,0,0,0,2.42,39.1,-1.0,0,39.1,0.0,39.1,0.0,0.0,0.0,284.9,-0.01
12/20/2024,17:8:34,0.0,0.0,404.0,39.1,0.0,0.0,0.0,0.0,-0.01,0,1.21,2.42,0,0.0,0,284.98,0,0,0,0,0,0,0,0,0,1000.0,0,0,0,0,2.42,39.1,-1.0,0,39.1,0.0,39.1,0.0,0.0,0.0,284.98,-0.01
12/20/2024,17:8:35,0.0,0.0,404.0,39.1,0.0,0.0,0.0,0.0,-0.01,0,1.21,2.42,0,0.0,0,284.98,0,0,0,0,0,0,0,0,0,1000.0,0,0,0,0,2.42,39.1,-1.0,0,39.1,0.0,39.1,0.0,0.0,0.0,284.98,-0.01
12/20/2024,17:8:36,0.0,0.0,404.0,39.1,0.0,0.0,0.0,0.0,-0.01,0,1.21,2.42,0,0.0,0,285.06,0,0,0,0,0,0,0,0,0,1000.0,0,0,0,0,2.42,39.1,-1.0,0,39.1,0.0,39.1,0.0,0.0,0.0,285.06,-0.01
12/20/2024,17:8:37,0.0,0.0,404.0,39.1,0.0,0.0,0.0,0.0,-0.01,0,1.21,2.42,0,0.0,0,285.06,0,0,0,0,0,0,0,0,0,1000.0,0,0,0,0,2.42,39.1,-1.0,0,39.1,0.0,39.1,0.0,0.0,0.0,285.06,-0.01
12/20/2024,17:8:38,0.0,0.0,404.0,39.1,0.0,0.0,0.0,0.0,-0.01,0,1.21,2.42,0,0.0,0,285.1,0,0,0,0,0,0,0,0,0,1000.0,0,0,0,0,2.42,39.1,-1.0,0,39.1,0.0,39.1,0.0,0.0,0.0,285.1,-0.01
12/20/2024,17:8:39,0.0,0.0,404.0,39.1,0.0,0.0,0.0,0.0,-0.01,0,1.21,2.42,0,0.0,0,285.14,0,0,0,0,0,0,0,0,0,1000.0,0,0,0,0,2.42,39.1,-1.0,0,39.1,0.0,39.1,0.0,0.0,0.0,285.14,-0.01
12/20/2024,17:8:40,0.0,0.0,404.0,39.1,0.0,0.0,0.0,0.0,-0.01,0,1.21,2.42,0,0.0,0,285.22,0,0,0,0,0,0,0,0,0,1000.0,0,0,0,0,2.42,39.1,-1.0,0,39.1,0.0,39.1,0.0,0.0,0.0,285.22,-0.01
12/20/2024,17:8:41,0.0,0.0,404.0,39.1,0.0,0.0,0.0,0.0,-0.01,0,1.21,2.42,0,0.0,0,285.26,0,0,0,0,0,0,0,0,0,1000.0,0,0,0,0,2.42,39.1,-1.0,0,39.1,0.0,39.1,0.0,0.0,0.0,285.26,-0.01
12/20/2024,17:8:42,0.0,0.0,404.0,39.1,0.0,0.0,0.0,0.0,-0.01,0,1.21,2.42,0,0.0,0,285.3,0,0,0,0,0,0,0,0,0,1000.0,0,0,0,0,2.42,39.1,-1.0,0,39.1,0.0,39.1,0.0,0.0,0.0,285.3,-0.01
12/20/2024,17:8:43,0.0,0.0,404.0,39.1,0.0,0.0,0.0,0.0,-0.01,0,1.21,2.42,0,0.0,0,285.33,0,0,0,0,0,0,0,0,0,1000.0,0,0,0,0,2.42,39.1,-1.0,0,39.1,0.0,39.1,0.0,0.0,0.0,285.33,-0.01
12/20/2024,17:8:44,0.0,0.0,404.0,39.1,0.0,0.0,0.0,0.0,-0.01,0,1.21,2.42,0,0.0,0,285.37,0,0,0,0,0,0,0,0,0,1000.0,0,0,0,0,2.42,39.1,-1.0,0,39.1,0.0,39.1,0.0,0.0,0.0,285.37,-0.01
12/20/2024,17:8:45,0.0,0.0,404.0,39.1,0.0,0.0,0.0,0.0,-0.01,0,1.21,2.42,0,0.0,0,285.41,0,0,0,0,0,0,0,0,0,1000.0,0,0,0,0,2.42,39.1,-1.0,0,39.1,0.0,39.1,0.0,0.0,0.0,285.41,-0.01
12/20/2024,17:8:46,0.0,0.0,404.0,39.1,0.0,0.0,0.0,0.0,-0.01,0,1.21,2.42,0,0.0,0,285.45,0,0,0,0,0,0,0,0,0,1000.0,0,0,0,0,2.42,39.1,-1.0,0,39.1,0.0,39.1,0.0,0.0,0.0,285.45,-0.01
12/20/2024,17:8:47,0.0,0.0,404.0,39.1,0.0,0.0,0.0,0.0,-0.01,0,1.21,2.42,0,0.0,0,285.49,0,0,0,0,0,0,0,0,0,1000.0,0,0,0,0,2.42,39.1,-1.0,0,39.1,0.0,39.1,0.0,0.0,0.0,285.49,-0.01
12/20/2024,17:8:48,0.0,0.0,404.0,39.1,0.0,0.0,0.0,0.0,-0.01,0,1.21,2.42,0,0.0,0,285.53,0,0,0,0,0,0,0,0,0,1000.0,0,0,0,0,2.42,39.1,-1.0,0,39.1,0.0,39.1,0.0,0.0,0.0,285.53,-0.01
12/20/2024,17:8:49,0.0,0.0,404.0,39.1,0.0,0.0,0.0,0.0,-0.01,0,1.21,2.42,0,0.0,0,285.57,0,0,0,0,0,0,0,0,0,1000.0,0,0,0,0,2.42,39.1,-1.0,0,39.1,0.0,39.1,0.0,0.0,0.0,285.57,-0.01
12/20/2024,17:8:50,0.0,0.0,404.0,39.1,0.0,0.0,0.0,0.0,-0.01,0,1.21,2.42,0,0.0,0,285.61,0,0,0,0,0,0,0,0,0,1000.0,0,0,0,0,2.42,39.1,-1.0,0,39.1,0.0,39.1,0.0,0.0,0.0,285.61,-0.01
12/20/2024,17:8:51,0.0,0.0,404.0,39.1,0.0,0.0,0.0,0.0,-0.01,0,1.21,2.42,0,0.0,0,285.65,0,0,0,0,0,0,0,0,0,1000.0,0,0,0,0,2.42,39.1,-1.0,0,39.1,0.0,39.1,0.0,0.0,0.0,285.65,-0.01
12/20/2024,17:8:52,0.0,0.0,404.0,39.1,0.0,0.0,0.0,0.0,-0.01,0,1.21,2.42,0,0.0,0,285.69,0,0,0,0,0,0,0,0,0,1000.0,0,0,0,0,2.42,39.1,-1.0,0,39.1,0.0,39.1,0.0,0.0,0.0,285.69,-0.01
12/20/2024,17:8:53,0.0,0.0,404.0,39.1,0.0,0.0,0.0,0.0,-0.01,0,1.21,2.42,0,0.0,0,285.73,0,0,0,0,0,0,0,0,0,1000.0,0,0,0,0,2.42,39.1,-1.0,0,39.1,0.0,39.1,0.0,0.0,0.0,285.73,-0.01
12/20/2024,17:8:54,0.0,0.0,404.0,39.1,0.0,0.0,0.0,0.0,-0.01,0,1.21,2.42,0,0.0,0,285.76,0,0,0,0,0,0,0,0,0,1000.0,0,0,0,0,2.42,39.1,-1.0,0,39.1,0.0,39.1,0.0,0.0,0.0,285.76,-0.01
12/20/2024,17:8:55,0.0,0.0,404.0,39.1,0.0,0.0,0.0,0.0,-0.01,0,1.21,2.42,0,0.0,0,285.8,0,0,0,0,0,0,0,0,0,1000.0,0,0,0,0,2.42,39.1,-1.0,0,39.1,0.0,39.1,0.0,0.0,0.0,285.8,-0.01
12/20/2024,17:8:56,0.0,0.0,404.0,39.1,0.0,0.0,0.0,0.0,-0.01,0,1.21,2.42,0,0.0,0,285.84,0,0,0,0,0,0,0,0,0,1000.0,0,0,0,0,2.42,39.1,-1.0,0,39.1,0.0,39.1,0.0,0.0,0.0,285.84,-0.01
12/20/2024,17:8:57,0.0,0.0,404.0,39.1,0.0,0.0,0.0,0.0,-0.01,0,1.21,2.42,0,0.0,0,285.88,0,0,0,0,0,0,0,0,0,1000.0,0,0,0,0,2.42,39.1,-1.0,0,39.1,0.0,39.1,0.0,0.0,0.0,285.88,-0.01
12/20/2024,17:8:58,0.0,0.0,404.0,39.1,0.0,0.0,0.0,0.0,-0.01,0,1.21,2.42,0,0.0,0,285.92,0,0,0,0,0,0,0,0,0,1000.0,0,0,0,0,2.42,39.1,-1.0,0,39.1,0.0,39.1,0.0,0.0,0.0,285.92,-0.01
12/20/2024,17:8:59,0.0,0.0,404.0,39.1,0.0,0.0,0.0,0.0,-0.01,0,1.21,2.42,0,0.0,0,285.92,0,0,0,0,0,0,0,0,0,1000.0,0,0,0,0,2.42,39.1,-1.0,0,39.1,0.0,39.1,0.0,0.0,0.0,285.92,-0.01
12/20/2024,17:9:0,0.0,0.0,404.0,39.1,0.0,0.0,0.0,0.0,-0.01,0,1.21,2.42,0,0.0,0,286.0,0,0,0,0,0,0,0,0,0,1000.0,0,0,0,0,2.42,39.1,-1.0,0,39.1,0.0,39.1,0.0,0.0,0.0,286.0,-0.01
12/20/2024,17:9:1,0.0,0.0,404.0,39.1,0.0,0.0,0.0,0.0,-0.01,0,1.21,2.42,0,0.0,0,286.0,0,0,0,0,0,0,0,0,0,1000.0,0,0,0,0,2.42,39.1,-1.0,0,39.1,0.0,39.1,0.0,0.0,0.0,286.0,-0.01
12/20/2024,17:9:2,0.0,0.0,404.0,39.1,0.0,0.0,0.0,0.0,-0.01,0,1.21,2.42,0,0.0,0,286.08,0,0,0,0,0,0,0,0,0,1000.0,0,0,0,0,2.42,39.1,-1.0,0,39.1,0.0,39.1,0.0,0.0,0.0,286.08,-0.01
12/20/2024,17:9:3,0.0,0.0,404.0,39.1,0.0,0.0,0.0,0.0,-0.01,0,1.21,2.42,0,0.0,0,286.12,0,0,0,0,0,0,0,0,0,1000.0,0,0,0,0,2.42,39.1,-1.0,0,39.1,0.0,39.1,0.0,0.0,0.0,286.12,-0.01
12/20/2024,17:9:4,0.0,0.0,404.0,39.1,0.0,0.0,0.0,0.0,-0.01,0,1.21,2.42,0,0.0,0,286.16,0,0,0,0,0,0,0,0,0,1000.0,0,0,0,0,2.42,39.1,-1.0,0,39.1,0.0,39.1,0.0,0.0,0.0,286.16,-0.01
12/20/2024,17:9:5,0.0,0.0,404.0,39.1,0.0,0.0,0.0,0.0,-0.01,0,1.21,2.42,0,0.0,0,286.19,0,0,0,0,0,0,0,0,0,1000.0,0,0,0,0,2.42,39.1,-1.0,0,39.1,0.0,39.1,0.0,0.0,0.0,286.19,-0.01
12/20/2024,17:9:6,0.0,0.0,404.0,39.1,0.0,0.0,0.0,0.0,-0.01,0,1.21,2.42,0,0.0,0,286.23,0,0,0,0,0,0,0,0,0,1000.0,0,0,0,0,2.42,39.1,-1.0,0,39.1,0.0,39.1,0.0,0.0,0.0,286.23,-0.01
12/20/2024,17:9:7,0.0,0.0,404.0,39.1,0.0,0.0,0.0,0.0,-0.01,0,1.21,2.42,0,0.0,0,286.27,0,0,0,0,0,0,0,0,0,1000.0,0,0,0,0,2.42,39.1,-1.0,0,39.1,0.0,39.1,0.0,0.0,0.0,286.27,-0.01
12/20/2024,17:9:8,0.0,0.0,404.0,39.1,0.0,0.0,0.0,0.0,-0.01,0,1.21,2.42,0,0.0,0,286.31,0,0,0,0,0,0,0,0,0,1000.0,0,0,0,0,2.42,39.1,-1.0,0,39.1,0.0,39.1,0.0,0.0,0.0,286.31,-0.01
12/20/2024,17:9:9,0.0,0.0,404.0,39.1,0.0,0.0,0.0,0.0,-0.01,0,1.21,2.42,0,0.0,0,286.35,0,0,0,0,0,0,0,0,0,1000.0,0,0,0,0,2.42,39.1,-1.0,0,39.1,0.0,39.1,0.0,0.0,0.0,286.35,-0.01
12/20/2024,17:9:10,0.0,0.0,404.0,39.1,0.0,0.0,0.0,0.0,-0.01,0,1.21,2.42,0,0.0,0,286.35,0,0,0,0,0,0,0,0,0,1000.0,0,0,0,0,2.42,39.1,-1.0,0,39.1,0.0,39.1,0.0,0.0,0.0,286.35,-0.01
12/20/2024,17:9:11,0.0,0.0,404.0,39.1,0.0,0.0,0.0,0.0,-0.01,0,1.21,2.42,0,0.0,0,286.43,0,0,0,0,0,0,0,0,0,1000.0,0,0,0,0,2.42,39.1,-1.0,0,39.1,0.0,39.1,0.0,0.0,0.0,286.43,-0.01
12/20/2024,17:9:12,0.0,0.0,404.0,39.1,0.0,0.0,0.0,0.0,-0.01,0,1.21,2.42,0,0.0,0,286.43,0,0,0,0,0,0,0,0,0,1000.0,0,0,0,0,2.42,39.1,-1.0,0,39.1,0.0,39.1,0.0,0.0,0.0,286.43,-0.01
12/20/2024,17:9:13,0.0,0.0,404.0,39.1,0.0,0.0,0.0,0.0,-0.01,0,1.21,2.42,0,0.0,0,286.51,0,0,0,0,0,0,0,0,0,1000.0,0,0,0,0,2.42,39.1,-1.0,0,39.1,0.0,39.1,0.0,0.0,0.0,286.51,-0.01
12/20/2024,17:9:14,0.0,0.0,404.0,39.1,0.0,0.0,0.0,0.0,-0.01,0,1.21,2.42,0,0.0,0,286.51,0,0,0,0,0,0,0,0,0,1000.0,0,0,0,0,2.42,39.1,-1.0,0,39.1,0.0,39.1,0.0,0.0,0.0,286.51,-0.01
12/20/2024,17:9:15,0.0,0.0,404.0,39.1,0.0,0.0,0.0,0.0,-0.01,0,1.21,2.42,0,0.0,0,286.59,0,0,0,0,0,0,0,0,0,1000.0,0,0,0,0,2.42,39.1,-1.0,0,39.1,0.0,39.1,0.0,0.0,0.0,286.59,-0.01
12/20/2024,17:9:16,0.0,0.0,404.0,39.1,0.0,0.0,0.0,0.0,-0.01,0,1.21,2.42,0,0.0,0,286.59,0,0,0,0,0,0,0,0,0,1000.0,0,0,0,0,2.42,39.1,-1.0,0,39.1,0.0,39.1,0.0,0.0,0.0,286.59,-0.01
12/20/2024,17:9:17,0.0,0.0,404.0,39.1,0.0,0.0,0.0,0.0,-0.01,0,1.21,2.42,0,0.0,0,286.66,0,0,0,0,0,0,0,0,0,1000.0,0,0,0,0,2.42,39.1,-1.0,0,39.1,0.0,39.1,0.0,0.0,0.0,286.66,-0.01
12/20/2024,17:9:18,0.0,0.0,404.0,39.1,0.0,0.0,0.0,0.0,-0.01,0,1.21,2.42,0,0.0,0,286.66,0,0,0,0,0,0,0,0,0,1000.0,0,0,0,0,2.42,39.1,-1.0,0,39.1,0.0,39.1,0.0,0.0,0.0,286.66,-0.01
12/20/2024,17:9:19,0.0,0.0,404.0,39.1,0.0,0.0,0.0,0.0,-0.01,0,1.21,2.42,0,0.0,0,286.7,0,0,0,0,0,0,0,0,0,1000.0,0,0,0,0,2.42,39.1,-1.0,0,39.1,0.0,39.1,0.0,0.0,0.0,286.7,-0.01
12/20/2024,17:9:20,0.0,0.0,404.0,39.1,0.0,0.0,0.0,0.0,-0.01,0,1.21,2.42,0,0.0,0,286.78,0,0,0,0,0,0,0,0,0,1000.0,0,0,0,0,2.42,39.1,-1.0,0,39.1,0.0,39.1,0.0,0.0,0.0,286.78,-0.01
12/20/2024,17:9:21,0.0,0.0,404.0,39.1,0.0,0.0,0.0,0.0,-0.01,0,1.21,2.42,0,0.0,0,286.78,0,0,0,0,0,0,0,0,0,1000.0,0,0,0,0,2.42,39.1,-1.0,0,39.1,0.0,39.1,0.0,0.0,0.0,286.78,-0.01
12/20/2024,17:9:22,0.0,0.0,404.0,39.1,0.0,0.0,0.0,0.0,-0.01,0,1.21,2.42,0,0.0,0,286.86,0,0,0,0,0,0,0,0,0,1000.0,0,0,0,0,2.42,39.1,-1.0,0,39.1,0.0,39.1,0.0,0.0,0.0,286.86,-0.01
12/20/2024,17:9:23,0.0,0.0,404.0,39.1,0.0,0.0,0.0,0.0,-0.01,0,1.21,2.42,0,0.0,0,286.86,0,0,0,0,0,0,0,0,0,1000.0,0,0,0,0,2.42,39.1,-1.0,0,39.1,0.0,39.1,0.0,0.0,0.0,286.86,-0.01
12/20/2024,17:9:24,0.0,0.0,404.0,39.1,0.0,0.0,0.0,0.0,-0.01,0,1.21,2.42,0,0.0,0,286.94,0,0,0,0,0,0,0,0,0,1000.0,0,0,0,0,2.42,39.1,-1.0,0,39.1,0.0,39.1,0.0,0.0,0.0,286.94,-0.01
12/20/2024,17:9:25,0.0,0.0,404.0,39.1,0.0,0.0,0.0,0.0,-0.01,0,1.21,2.42,0,0.0,0,286.94,0,0,0,0,0,0,0,0,0,1000.0,0,0,0,0,2.42,39.1,-1.0,0,39.1,0.0,39.1,0.0,0.0,0.0,286.94,-0.01
12/20/2024,17:9:26,0.0,0.0,404.0,39.1,0.0,0.0,0.0,0.0,-0.01,0,1.21,2.42,0,0.0,0,286.98,0,0,0,0,0,0,0,0,0,1000.0,0,0,0,0,2.42,39.1,-1.0,0,39.1,0.0,39.1,0.0,0.0,0.0,286.98,-0.01
12/20/2024,17:9:27,0.0,0.0,404.0,39.1,0.0,0.0,0.0,0.0,-0.01,0,1.21,2.42,0,0.0,0,287.02,0,0,0,0,0,0,0,0,0,1000.0,0,0,0,0,2.42,39.1,-1.0,0,39.1,0.0,39.1,0.0,0.0,0.0,287.02,-0.01
12/20/2024,17:9:28,0.0,0.0,404.0,39.1,0.0,0.0,0.0,0.0,-0.01,0,1.21,2.42,0,0.0,0,287.05,0,0,0,0,0,0,0,0,0,1000.0,0,0,0,0,2.42,39.1,-1.0,0,39.1,0.0,39.1,0.0,0.0,0.0,287.05,-0.01
12/20/2024,17:9:29,0.0,0.0,404.0,39.1,0.0,0.0,0.0,0.0,-0.01,0,1.21,2.42,0,0.0,0,287.09,0,0,0,0,0,0,0,0,0,1000.0,0,0,0,0,2.42,39.1,-1.0,0,39.1,0.0,39.1,0.0,0.0,0.0,287.09,-0.01
12/20/2024,17:9:30,0.0,0.0,404.0,39.1,0.0,0.0,0.0,0.0,-0.01,0,1.21,2.42,0,0.0,0,287.13,0,0,0,0,0,0,0,0,0,1000.0,0,0,0,0,2.42,39.1,-1.0,0,39.1,0.0,39.1,0.0,0.0,0.0,287.13,-0.01
12/20/2024,17:9:31,0.0,0.0,404.0,39.1,0.0,0.0,0.0,0.0,-0.01,0,1.21,2.42,0,0.0,0,287.21,0,0,0,0,0,0,0,0,0,1000.0,0,0,0,0,2.42,39.1,-1.0,0,39.1,0.0,39.1,0.0,0.0,0.0,287.21,-0.01
12/20/2024,17:9:32,0.0,0.0,404.0,39.1,0.0,0.0,0.0,0.0,-0.01,0,1.21,2.42,0,0.0,0,287.21,0,0,0,0,0,0,0,0,0,1000.0,0,0,0,0,2.42,39.1,-1.0,0,39.1,0.0,39.1,0.0,0.0,0.0,287.21,-0.01
12/20/2024,17:9:33,0.0,0.0,404.0,39.1,0.0,0.0,0.0,0.0,-0.01,0,1.21,2.42,0,0.0,0,287.29,0,0,0,0,0,0,0,0,0,1000.0,0,0,0,0,2.42,39.1,-1.0,0,39.1,0.0,39.1,0.0,0.0,0.0,287.29,-0.01
12/20/2024,17:9:34,0.0,0.0,404.0,39.1,0.0,0.0,0.0,0.0,-0.01,0,1.21,2.42,0,0.0,0,287.29,0,0,0,0,0,0,0,0,0,1000.0,0,0,0,0,2.42,39.1,-1.0,0,39.1,0.0,39.1,0.0,0.0,0.0,287.29,-0.01
12/20/2024,17:9:35,0.0,0.0,404.0,39.1,0.0,0.0,0.0,0.0,-0.01,0,1.21,2.42,0,0.0,0,287.33,0,0,0,0,0,0,0,0,0,1000.0,0,0,0,0,2.42,39.1,-1.0,0,39.1,0.0,39.1,0.0,0.0,0.0,287.33,-0.01
12/20/2024,17:9:36,0.0,0.0,404.0,39.1,0.0,0.0,0.0,0.0,-0.01,0,1.21,2.42,0,0.0,0,287.37,0,0,0,0,0,0,0,0,0,1000.0,0,0,0,0,2.42,39.1,-1.0,0,39.1,0.0,39.1,0.0,0.0,0.0,287.37,-0.01
12/20/2024,17:9:37,0.0,0.0,404.0,39.1,0.0,0.0,0.0,0.0,-0.01,0,1.21,2.42,0,0.0,0,287.41,0,0,0,0,0,0,0,0,0,1000.0,0,0,0,0,2.42,39.1,-1.0,0,39.1,0.0,39.1,0.0,0.0,0.0,287.41,-0.01
12/20/2024,17:9:38,0.0,0.0,404.0,39.1,0.0,0.0,0.0,0.0,-0.01,0,1.21,2.42,0,0.0,0,287.48,0,0,0,0,0,0,0,0,0,1000.0,0,0,0,0,2.42,39.1,-1.0,0,39.1,0.0,39.1,0.0,0.0,0.0,287.48,-0.01
12/20/2024,17:9:39,0.0,0.0,404.0,39.1,0.0,0.0,0.0,0.0,-0.01,0,1.21,2.42,0,0.0,0,287.52,0,0,0,0,0,0,0,0,0,1000.0,0,0,0,0,2.42,39.1,-1.0,0,39.1,0.0,39.1,0.0,0.0,0.0,287.52,-0.01
12/20/2024,17:9:40,0.0,0.0,404.0,39.1,0.0,0.0,0.0,0.0,-0.01,0,1.21,2.42,0,0.0,0,287.56,0,0,0,0,0,0,0,0,0,1000.0,0,0,0,0,2.42,39.1,-1.0,0,39.1,0.0,39.1,0.0,0.0,0.0,287.56,-0.01
12/20/2024,17:9:41,0.0,0.0,404.0,39.1,0.0,0.0,0.0,0.0,-0.01,0,1.21,2.42,0,0.0,0,287.6,0,0,0,0,0,0,0,0,0,1000.0,0,0,0,0,2.42,39.1,-1.0,0,39.1,0.0,39.1,0.0,0.0,0.0,287.6,-0.01
12/20/2024,17:9:42,0.0,0.0,404.0,39.1,0.0,0.0,0.0,0.0,-0.01,0,1.21,2.42,0,0.0,0,287.64,0,0,0,0,0,0,0,0,0,1000.0,0,0,0,0,2.42,39.1,-1.0,0,39.1,0.0,39.1,0.0,0.0,0.0,287.64,-0.01
12/20/2024,17:9:43,0.0,0.0,404.0,39.1,0.0,0.0,0.0,0.0,-0.01,0,1.21,2.42,0,0.0,0,287.68,0,0,0,0,0,0,0,0,0,1000.0,0,0,0,0,2.42,39.1,-1.0,0,39.1,0.0,39.1,0.0,0.0,0.0,287.68,-0.01
12/20/2024,17:9:44,0.0,0.0,404.0,39.1,0.0,0.0,0.0,0.0,-0.01,0,1.21,2.42,0,0.0,0,287.72,0,0,0,0,0,0,0,0,0,1000.0,0,0,0,0,2.42,39.1,-1.0,0,39.1,0.0,39.1,0.0,0.0,0.0,287.72,-0.01
12/20/2024,17:9:45,0.0,0.0,404.0,39.1,0.0,0.0,0.0,0.0,-0.01,0,1.21,2.42,0,0.0,0,287.76,0,0,0,0,0,0,0,0,0,1000.0,0,0,0,0,2.42,39.1,-1.0,0,39.1,0.0,39.1,0.0,0.0,0.0,287.76,-0.01
12/20/2024,17:9:46,0.0,0.0,404.0,39.2,0.0,0.0,0.0,0.0,-0.01,0,1.21,2.42,0,0.0,0,287.8,0,0,0,0,0,0,0,0,0,1000.0,0,0,0,0,2.42,39.2,-1.0,0,39.2,0.0,39.2,0.0,0.0,0.0,287.8,-0.01
12/20/2024,17:9:47,0.0,0.0,404.0,39.1,0.0,0.0,0.0,0.0,-0.01,0,1.21,2.42,0,0.0,0,287.84,0,0,0,0,0,0,0,0,0,1000.0,0,0,0,0,2.42,39.1,-1.0,0,39.1,0.0,39.1,0.0,0.0,0.0,287.84,-0.01
12/20/2024,17:9:48,0.0,0.0,404.0,39.1,0.0,0.0,0.0,0.0,-0.01,0,1.21,2.42,0,0.0,0,287.88,0,0,0,0,0,0,0,0,0,1000.0,0,0,0,0,2.42,39.1,-1.0,0,39.1,0.0,39.1,0.0,0.0,0.0,287.88,-0.01
12/20/2024,17:9:49,0.0,0.0,404.0,39.1,0.0,0.0,0.0,0.0,-0.01,0,1.21,2.42,0,0.0,0,287.91,0,0,0,0,0,0,0,0,0,1000.0,0,0,0,0,2.42,39.1,-1.0,0,39.1,0.0,39.1,0.0,0.0,0.0,287.91,-0.01
12/20/2024,17:9:50,0.0,0.0,404.0,39.1,0.0,0.0,0.0,0.0,-0.01,0,1.21,2.42,0,0.0,0,287.95,0,0,0,0,0,0,0,0,0,1000.0,0,0,0,0,2.42,39.1,-1.0,0,39.1,0.0,39.1,0.0,0.0,0.0,287.95,-0.01
12/20/2024,17:9:51,0.0,0.0,404.0,39.1,0.0,0.0,0.0,0.0,-0.01,0,1.21,2.42,0,0.0,0,287.99,0,0,0,0,0,0,0,0,0,1000.0,0,0,0,0,2.42,39.1,-1.0,0,39.1,0.0,39.1,0.0,0.0,0.0,287.99,-0.01
12/20/2024,17:9:52,0.0,0.0,404.0,39.1,0.0,0.0,0.0,0.0,-0.01,0,1.21,2.42,0,0.0,0,288.03,0,0,0,0,0,0,0,0,0,1000.0,0,0,0,0,2.42,39.1,-1.0,0,39.1,0.0,39.1,0.0,0.0,0.0,288.03,-0.01
12/20/2024,17:9:53,0.0,0.0,404.0,39.1,0.0,0.0,0.0,0.0,-0.01,0,1.21,2.42,0,0.0,0,288.07,0,0,0,0,0,0,0,0,0,1000.0,0,0,0,0,2.42,39.1,-1.0,0,39.1,0.0,39.1,0.0,0.0,0.0,288.07,-0.01
12/20/2024,17:9:54,0.0,0.0,404.0,39.1,0.0,0.0,0.0,0.0,-0.01,0,1.21,2.42,0,0.0,0,288.11,0,0,0,0,0,0,0,0,0,1000.0,0,0,0,0,2.42,39.1,-1.0,0,39.1,0.0,39.1,0.0,0.0,0.0,288.11,-0.01
12/20/2024,17:9:55,0.0,0.0,404.0,39.1,0.0,0.0,0.0,0.0,-0.01,0,1.21,2.42,0,0.0,0,288.15,0,0,0,0,0,0,0,0,0,1000.0,0,0,0,0,2.42,39.1,-1.0,0,39.1,0.0,39.1,0.0,0.0,0.0,288.15,-0.01
12/20/2024,17:9:56,0.0,0.0,404.0,39.1,0.0,0.0,0.0,0.0,-0.01,0,1.21,2.42,0,0.0,0,288.19,0,0,0,0,0,0,0,0,0,1000.0,0,0,0,0,2.42,39.1,-1.0,0,39.1,0.0,39.1,0.0,0.0,0.0,288.19,-0.01
12/20/2024,17:9:57,0.0,0.0,404.0,39.1,0.0,0.0,0.0,0.0,-0.01,0,1.21,2.42,0,0.0,0,288.23,0,0,0,0,0,0,0,0,0,1000.0,0,0,0,0,2.42,39.1,-1.0,0,39.1,0.0,39.1,0.0,0.0,0.0,288.23,-0.01
12/20/2024,17:9:58,0.0,0.0,404.0,39.1,0.0,0.0,0.0,0.0,-0.01,0,1.21,2.42,0,0.0,0,288.27,0,0,0,0,0,0,0,0,0,1000.0,0,0,0,0,2.42,39.1,-1.0,0,39.1,0.0,39.1,0.0,0.0,0.0,288.27,-0.01
12/20/2024,17:9:59,0.0,0.0,404.0,39.1,0.0,0.0,0.0,0.0,-0.01,0,1.21,2.42,0,0.0,0,288.31,0,0,0,0,0,0,0,0,0,1000.0,0,0,0,0,2.42,39.1,-1.0,0,39.1,0.0,39.1,0.0,0.0,0.0,288.31,-0.01
12/20/2024,17:10:0,0.0,0.0,404.0,39.1,0.0,0.0,0.0,0.0,-0.01,0,1.21,2.42,0,0.0,0,288.34,0,0,0,0,0,0,0,0,0,1000.0,0,0,0,0,2.42,39.1,-1.0,0,39.1,0.0,39.1,0.0,0.0,0.0,288.34,-0.01
12/20/2024,17:10:1,0.0,0.0,404.0,39.1,0.0,0.0,0.0,0.0,-0.01,0,1.21,2.42,0,0.0,0,288.38,0,0,0,0,0,0,0,0,0,1000.0,0,0,0,0,2.42,39.1,-1.0,0,39.1,0.0,39.1,0.0,0.0,0.0,288.38,-0.01
12/20/2024,17:10:2,0.0,0.0,404.0,39.1,0.0,0.0,0.0,0.0,-0.01,0,1.21,2.42,0,0.0,0,288.42,0,0,0,0,0,0,0,0,0,1000.0,0,0,0,0,2.42,39.1,-1.0,0,39.1,0.0,39.1,0.0,0.0,0.0,288.42,-0.01
12/20/2024,17:10:3,0.0,0.0,404.0,39.1,0.0,0.0,0.0,0.0,-0.01,0,1.21,2.42,0,0.0,0,288.46,0,0,0,0,0,0,0,0,0,1000.0,0,0,0,0,2.42,39.1,-1.0,0,39.1,0.0,39.1,0.0,0.0,0.0,288.46,-0.01
12/20/2024,17:10:4,0.0,0.0,404.0,39.1,0.0,0.0,0.0,0.0,-0.01,0,1.21,2.42,0,0.0,0,288.5,0,0,0,0,0,0,0,0,0,1000.0,0,0,0,0,2.42,39.1,-1.0,0,39.1,0.0,39.1,0.0,0.0,0.0,288.5,-0.01
12/20/2024,17:10:5,0.0,0.0,404.0,39.1,0.0,0.0,0.0,0.0,-0.01,0,1.21,2.42,0,0.0,0,288.54,0,0,0,0,0,0,0,0,0,1000.0,0,0,0,0,2.42,39.1,-1.0,0,39.1,0.0,39.1,0.0,0.0,0.0,288.54,-0.01
12/20/2024,17:10:6,0.0,0.0,404.0,39.1,0.0,0.0,0.0,0.0,-0.01,0,1.21,2.42,0,0.0,0,288.58,0,0,0,0,0,0,0,0,0,1000.0,0,0,0,0,2.42,39.1,-1.0,0,39.1,0.0,39.1,0.0,0.0,0.0,288.58,-0.01
12/20/2024,17:10:7,0.0,0.0,404.0,39.1,0.0,0.0,0.0,0.0,-0.01,0,1.21,2.42,0,0.0,0,288.62,0,0,0,0,0,0,0,0,0,1000.0,0,0,0,0,2.42,39.1,-1.0,0,39.1,0.0,39.1,0.0,0.0,0.0,288.62,-0.01
12/20/2024,17:10:8,0.0,0.0,404.0,39.1,0.0,0.0,0.0,0.0,-0.01,0,1.21,2.42,0,0.0,0,288.66,0,0,0,0,0,0,0,0,0,1000.0,0,0,0,0,2.42,39.1,-1.0,0,39.1,0.0,39.1,0.0,0.0,0.0,288.66,-0.01
12/20/2024,17:10:9,0.0,0.0,404.0,39.1,0.0,0.0,0.0,0.0,-0.01,0,1.21,2.42,0,0.0,0,288.7,0,0,0,0,0,0,0,0,0,1000.0,0,0,0,0,2.42,39.1,-1.0,0,39.1,0.0,39.1,0.0,0.0,0.0,288.7,-0.01
12/20/2024,17:10:10,0.0,0.0,404.0,39.1,0.0,0.0,0.0,0.0,-0.01,0,1.21,2.42,0,0.0,0,288.7,0,0,0,0,0,0,0,0,0,1000.0,0,0,0,0,2.42,39.1,-1.0,0,39.1,0.0,39.1,0.0,0.0,0.0,288.7,-0.01
12/20/2024,17:10:11,0.0,0.0,404.0,39.1,0.0,0.0,0.0,0.0,-0.01,0,1.21,2.42,0,0.0,0,288.77,0,0,0,0,0,0,0,0,0,1000.0,0,0,0,0,2.42,39.1,-1.0,0,39.1,0.0,39.1,0.0,0.0,0.0,288.77,-0.01
12/20/2024,17:10:12,0.0,0.0,404.0,39.1,0.0,0.0,0.0,0.0,-0.01,0,1.21,2.42,0,0.0,0,288.77,0,0,0,0,0,0,0,0,0,1000.0,0,0,0,0,2.42,39.1,-1.0,0,39.1,0.0,39.1,0.0,0.0,0.0,288.77,-0.01
12/20/2024,17:10:13,0.0,0.0,404.0,39.1,0.0,0.0,0.0,0.0,-0.01,0,1.21,2.42,0,0.0,0,288.85,0,0,0,0,0,0,0,0,0,1000.0,0,0,0,0,2.42,39.1,-1.0,0,39.1,0.0,39.1,0.0,0.0,0.0,288.85,-0.01
12/20/2024,17:10:14,0.0,0.0,404.0,39.1,0.0,0.0,0.0,0.0,-0.01,0,1.21,2.42,0,0.0,0,288.85,0,0,0,0,0,0,0,0,0,1000.0,0,0,0,0,2.42,39.1,-1.0,0,39.1,0.0,39.1,0.0,0.0,0.0,288.85,-0.01
12/20/2024,17:10:15,0.0,0.0,404.0,39.1,0.0,0.0,0.0,0.0,-0.01,0,1.21,2.42,0,0.0,0,288.93,0,0,0,0,0,0,0,0,0,1000.0,0,0,0,0,2.42,39.1,-1.0,0,39.1,0.0,39.1,0.0,0.0,0.0,288.93,-0.01
12/20/2024,17:10:16,0.0,0.0,404.0,39.1,0.0,0.0,0.0,0.0,-0.01,0,1.21,2.42,0,0.0,0,288.93,0,0,0,0,0,0,0,0,0,1000.0,0,0,0,0,2.42,39.1,-1.0,0,39.1,0.0,39.1,0.0,0.0,0.0,288.93,-0.01
12/20/2024,17:10:17,0.0,0.0,404.0,39.1,0.0,0.0,0.0,0.0,-0.01,0,1.21,2.42,0,0.0,0,289.01,0,0,0,0,0,0,0,0,0,1000.0,0,0,0,0,2.42,39.1,-1.0,0,39.1,0.0,39.1,0.0,0.0,0.0,289.01,-0.01
12/20/2024,17:10:18,0.0,0.0,404.0,39.1,0.0,0.0,0.0,0.0,-0.01,0,1.21,2.42,0,0.0,0,289.01,0,0,0,0,0,0,0,0,0,1000.0,0,0,0,0,2.42,39.1,-1.0,0,39.1,0.0,39.1,0.0,0.0,0.0,289.01,-0.01
12/20/2024,17:10:19,0.0,0.0,404.0,39.1,0.0,0.0,0.0,0.0,-0.01,0,1.21,2.42,0,0.0,0,289.09,0,0,0,0,0,0,0,0,0,1000.0,0,0,0,0,2.42,39.1,-1.0,0,39.1,0.0,39.1,0.0,0.0,0.0,289.09,-0.01
12/20/2024,17:10:20,0.0,0.0,404.0,39.1,0.0,0.0,0.0,0.0,-0.01,0,1.21,2.42,0,0.0,0,289.09,0,0,0,0,0,0,0,0,0,1000.0,0,0,0,0,2.42,39.1,-1.0,0,39.1,0.0,39.1,0.0,0.0,0.0,289.09,-0.01
12/20/2024,17:10:21,0.0,0.0,404.0,39.1,0.0,0.0,0.0,0.0,-0.01,0,1.21,2.42,0,0.0,0,289.13,0,0,0,0,0,0,0,0,0,1000.0,0,0,0,0,2.42,39.1,-1.0,0,39.1,0.0,39.1,0.0,0.0,0.0,289.13,-0.01
12/20/2024,17:10:22,0.0,0.0,404.0,39.1,0.0,0.0,0.0,0.0,-0.01,0,1.21,2.42,0,0.0,0,289.17,0,0,0,0,0,0,0,0,0,1000.0,0,0,0,0,2.42,39.1,-1.0,0,39.1,0.0,39.1,0.0,0.0,0.0,289.17,-0.01
12/20/2024,17:10:23,0.0,0.0,404.0,39.1,0.0,0.0,0.0,0.0,-0.01,0,1.21,2.42,0,0.0,0,289.24,0,0,0,0,0,0,0,0,0,1000.0,0,0,0,0,2.42,39.1,-1.0,0,39.1,0.0,39.1,0.0,0.0,0.0,289.24,-0.01
12/20/2024,17:10:24,0.0,0.0,404.0,39.1,0.0,0.0,0.0,0.0,-0.01,0,1.21,2.42,0,0.0,0,289.24,0,0,0,0,0,0,0,0,0,1000.0,0,0,0,0,2.42,39.1,-1.0,0,39.1,0.0,39.1,0.0,0.0,0.0,289.24,-0.01
12/20/2024,17:10:25,0.0,0.0,404.0,39.1,0.0,0.0,0.0,0.0,-0.01,0,1.21,2.42,0,0.0,0,289.28,0,0,0,0,0,0,0,0,0,1000.0,0,0,0,0,2.42,39.1,-1.0,0,39.1,0.0,39.1,0.0,0.0,0.0,289.28,-0.01
12/20/2024,17:10:26,0.0,0.0,404.0,39.1,0.0,0.0,0.0,0.0,-0.01,0,1.21,2.42,0,0.0,0,289.32,0,0,0,0,0,0,0,0,0,1000.0,0,0,0,0,2.42,39.1,-1.0,0,39.1,0.0,39.1,0.0,0.0,0.0,289.32,-0.01
12/20/2024,17:10:27,0.0,0.0,404.0,39.1,0.0,0.0,0.0,0.0,-0.01,0,1.21,2.42,0,0.0,0,289.36,0,0,0,0,0,0,0,0,0,1000.0,0,0,0,0,2.42,39.1,-1.0,0,39.1,0.0,39.1,0.0,0.0,0.0,289.36,-0.01
12/20/2024,17:10:28,0.0,0.0,404.0,39.1,0.0,0.0,0.0,0.0,-0.01,0,1.21,2.42,0,0.0,0,289.4,0,0,0,0,0,0,0,0,0,1000.0,0,0,0,0,2.42,39.1,-1.0,0,39.1,0.0,39.1,0.0,0.0,0.0,289.4,-0.01
12/20/2024,17:10:29,0.0,0.0,404.0,39.1,0.0,0.0,0.0,0.0,-0.01,0,1.21,2.42,0,0.0,0,289.44,0,0,0,0,0,0,0,0,0,1000.0,0,0,0,0,2.42,39.1,-1.0,0,39.1,0.0,39.1,0.0,0.0,0.0,289.44,-0.01
12/20/2024,17:10:30,0.0,0.0,404.0,39.1,0.0,0.0,0.0,0.0,-0.01,0,1.21,2.42,0,0.0,0,289.48,0,0,0,0,0,0,0,0,0,1000.0,0,0,0,0,2.42,39.1,-1.0,0,39.1,0.0,39.1,0.0,0.0,0.0,289.48,-0.01
12/20/2024,17:10:31,0.0,0.0,404.0,39.1,0.0,0.0,0.0,0.0,-0.01,0,1.21,2.42,0,0.0,0,289.56,0,0,0,0,0,0,0,0,0,1000.0,0,0,0,0,2.42,39.1,-1.0,0,39.1,0.0,39.1,0.0,0.0,0.0,289.56,-0.01
12/20/2024,17:10:32,0.0,0.0,404.0,39.1,0.0,0.0,0.0,0.0,-0.01,0,1.21,2.42,0,0.0,0,289.6,0,0,0,0,0,0,0,0,0,1000.0,0,0,0,0,2.42,39.1,-1.0,0,39.1,0.0,39.1,0.0,0.0,0.0,289.6,-0.01
12/20/2024,17:10:33,0.0,0.0,404.0,39.1,0.0,0.0,0.0,0.0,-0.01,0,1.21,2.42,0,0.0,0,289.63,0,0,0,0,0,0,0,0,0,1000.0,0,0,0,0,2.42,39.1,-1.0,0,39.1,0.0,39.1,0.0,0.0,0.0,289.63,-0.01
12/20/2024,17:10:34,0.0,0.0,404.0,39.1,0.0,0.0,0.0,0.0,-0.01,0,1.21,2.42,0,0.0,0,289.67,0,0,0,0,0,0,0,0,0,1000.0,0,0,0,0,2.42,39.1,-1.0,0,39.1,0.0,39.1,0.0,0.0,0.0,289.67,-0.01
12/20/2024,17:10:35,0.0,0.0,404.0,39.1,0.0,0.0,0.0,0.0,-0.01,0,1.21,2.42,0,0.0,0,289.71,0,0,0,0,0,0,0,0,0,1000.0,0,0,0,0,2.42,39.1,-1.0,0,39.1,0.0,39.1,0.0,0.0,0.0,289.71,-0.01
12/20/2024,17:10:36,0.0,0.0,404.0,39.1,0.0,0.0,0.0,0.0,-0.01,0,1.21,2.42,0,0.0,0,289.75,0,0,0,0,0,0,0,0,0,1000.0,0,0,0,0,2.42,39.1,-1.0,0,39.1,0.0,39.1,0.0,0.0,0.0,289.75,-0.01
12/20/2024,17:10:37,0.0,0.0,404.0,39.1,0.0,0.0,0.0,0.0,-0.01,0,1.21,2.42,0,0.0,0,289.79,0,0,0,0,0,0,0,0,0,1000.0,0,0,0,0,2.42,39.1,-1.0,0,39.1,0.0,39.1,0.0,0.0,0.0,289.79,-0.01
12/20/2024,17:10:38,0.0,0.0,404.0,39.1,0.0,0.0,0.0,0.0,-0.01,0,1.21,2.42,0,0.0,0,289.83,0,0,0,0,0,0,0,0,0,1000.0,0,0,0,0,2.42,39.1,-1.0,0,39.1,0.0,39.1,0.0,0.0,0.0,289.83,-0.01
12/20/2024,17:10:39,0.0,0.0,404.0,39.1,0.0,0.0,0.0,0.0,-0.01,0,1.21,2.42,0,0.0,0,289.87,0,0,0,0,0,0,0,0,0,1000.0,0,0,0,0,2.42,39.1,-1.0,0,39.1,0.0,39.1,0.0,0.0,0.0,289.87,-0.01
12/20/2024,17:10:40,0.0,0.0,404.0,39.1,0.0,0.0,0.0,0.0,-0.01,0,1.21,2.42,0,0.0,0,289.91,0,0,0,0,0,0,0,0,0,1000.0,0,0,0,0,2.42,39.1,-1.0,0,39.1,0.0,39.1,0.0,0.0,0.0,289.91,-0.01
12/20/2024,17:10:41,0.0,0.0,404.0,39.1,0.0,0.0,0.0,0.0,-0.01,0,1.21,2.42,0,0.0,0,289.95,0,0,0,0,0,0,0,0,0,1000.0,0,0,0,0,2.42,39.1,-1.0,0,39.1,0.0,39.1,0.0,0.0,0.0,289.95,-0.01
12/20/2024,17:10:42,0.0,0.0,404.0,39.1,0.0,0.0,0.0,0.0,-0.01,0,1.21,2.42,0,0.0,0,289.99,0,0,0,0,0,0,0,0,0,1000.0,0,0,0,0,2.42,39.1,-1.0,0,39.1,0.0,39.1,0.0,0.0,0.0,289.99,-0.01
12/20/2024,17:10:43,0.0,0.0,404.0,39.1,0.0,0.0,0.0,0.0,-0.01,0,1.21,2.42,0,0.0,0,290.03,0,0,0,0,0,0,0,0,0,1000.0,0,0,0,0,2.42,39.1,-1.0,0,39.1,0.0,39.1,0.0,0.0,0.0,290.03,-0.01
12/20/2024,17:10:44,0.0,0.0,404.0,39.1,0.0,0.0,0.0,0.0,-0.01,0,1.21,2.42,0,0.0,0,290.06,0,0,0,0,0,0,0,0,0,1000.0,0,0,0,0,2.42,39.1,-1.0,0,39.1,0.0,39.1,0.0,0.0,0.0,290.06,-0.01
12/20/2024,17:10:45,0.0,0.0,404.0,39.1,0.0,0.0,0.0,0.0,-0.01,0,1.21,2.42,0,0.0,0,290.1,0,0,0,0,0,0,0,0,0,1000.0,0,0,0,0,2.42,39.1,-1.0,0,39.1,0.0,39.1,0.0,0.0,0.0,290.1,-0.01
12/20/2024,17:10:46,0.0,0.0,404.0,39.1,0.0,0.0,0.0,0.0,-0.01,0,1.21,2.42,0,0.0,0,290.14,0,0,0,0,0,0,0,0,0,1000.0,0,0,0,0,2.42,39.1,-1.0,0,39.1,0.0,39.1,0.0,0.0,0.0,290.14,-0.01
12/20/2024,17:10:47,0.0,0.0,404.0,39.1,0.0,0.0,0.0,0.0,-0.01,0,1.21,2.42,0,0.0,0,290.18,0,0,0,0,0,0,0,0,0,1000.0,0,0,0,0,2.42,39.1,-1.0,0,39.1,0.0,39.1,0.0,0.0,0.0,290.18,-0.01
12/20/2024,17:10:48,0.0,0.0,404.0,39.1,0.0,0.0,0.0,0.0,-0.01,0,1.21,2.42,0,0.0,0,290.22,0,0,0,0,0,0,0,0,0,1000.0,0,0,0,0,2.42,39.1,-1.0,0,39.1,0.0,39.1,0.0,0.0,0.0,290.22,-0.01
12/20/2024,17:10:49,0.0,0.0,404.0,39.1,0.0,0.0,0.0,0.0,-0.01,0,1.21,2.42,0,0.0,0,290.26,0,0,0,0,0,0,0,0,0,1000.0,0,0,0,0,2.42,39.1,-1.0,0,39.1,0.0,39.1,0.0,0.0,0.0,290.26,-0.01
12/20/2024,17:10:50,0.0,0.0,404.0,39.1,0.0,0.0,0.0,0.0,-0.01,0,1.21,2.42,0,0.0,0,290.3,0,0,0,0,0,0,0,0,0,1000.0,0,0,0,0,2.42,39.1,-1.0,0,39.1,0.0,39.1,0.0,0.0,0.0,290.3,-0.01
12/20/2024,17:10:51,0.0,0.0,404.0,39.1,0.0,0.0,0.0,0.0,-0.01,0,1.21,2.42,0,0.0,0,290.34,0,0,0,0,0,0,0,0,0,1000.0,0,0,0,0,2.42,39.1,-1.0,0,39.1,0.0,39.1,0.0,0.0,0.0,290.34,-0.01
12/20/2024,17:10:52,0.0,0.0,404.0,39.1,0.0,0.0,0.0,0.0,-0.01,0,1.21,2.42,0,0.0,0,290.38,0,0,0,0,0,0,0,0,0,1000.0,0,0,0,0,2.42,39.1,-1.0,0,39.1,0.0,39.1,0.0,0.0,0.0,290.38,-0.01
12/20/2024,17:10:53,0.0,0.0,404.0,39.1,0.0,0.0,0.0,0.0,-0.01,0,1.21,2.42,0,0.0,0,290.42,0,0,0,0,0,0,0,0,0,1000.0,0,0,0,0,2.42,39.1,-1.0,0,39.1,0.0,39.1,0.0,0.0,0.0,290.42,-0.01
12/20/2024,17:10:54,0.0,0.0,404.0,39.1,0.0,0.0,0.0,0.0,-0.01,0,1.21,2.42,0,0.0,0,290.46,0,0,0,0,0,0,0,0,0,1000.0,0,0,0,0,2.42,39.1,-1.0,0,39.1,0.0,39.1,0.0,0.0,0.0,290.46,-0.01
12/20/2024,17:10:55,0.0,0.0,404.0,39.1,0.0,0.0,0.0,0.0,-0.01,0,1.21,2.42,0,0.0,0,290.49,0,0,0,0,0,0,0,0,0,1000.0,0,0,0,0,2.42,39.1,-1.0,0,39.1,0.0,39.1,0.0,0.0,0.0,290.49,-0.01
12/20/2024,17:10:56,0.0,0.0,404.0,39.1,0.0,0.0,0.0,0.0,-0.01,0,1.21,2.42,0,0.0,0,290.53,0,0,0,0,0,0,0,0,0,1000.0,0,0,0,0,2.42,39.1,-1.0,0,39.1,0.0,39.1,0.0,0.0,0.0,290.53,-0.01
12/20/2024,17:10:57,0.0,0.0,404.0,39.1,0.0,0.0,0.0,0.0,-0.01,0,1.21,2.42,0,0.0,0,290.57,0,0,0,0,0,0,0,0,0,1000.0,0,0,0,0,2.42,39.1,-1.0,0,39.1,0.0,39.1,0.0,0.0,0.0,290.57,-0.01
12/20/2024,17:10:58,0.0,0.0,404.0,39.1,0.0,0.0,0.0,0.0,-0.01,0,1.21,2.42,0,0.0,0,290.61,0,0,0,0,0,0,0,0,0,1000.0,0,0,0,0,2.42,39.1,-1.0,0,39.1,0.0,39.1,0.0,0.0,0.0,290.61,-0.01
12/20/2024,17:10:59,0.0,0.0,404.0,39.1,0.0,0.0,0.0,0.0,-0.01,0,1.21,2.42,0,0.0,0,290.65,0,0,0,0,0,0,0,0,0,1000.0,0,0,0,0,2.42,39.1,-1.0,0,39.1,0.0,39.1,0.0,0.0,0.0,290.65,-0.01
12/20/2024,17:11:0,0.0,0.0,404.0,39.1,0.0,0.0,0.0,0.0,-0.01,0,1.21,2.42,0,0.0,0,290.69,0,0,0,0,0,0,0,0,0,1000.0,0,0,0,0,2.42,39.1,-1.0,0,39.1,0.0,39.1,0.0,0.0,0.0,290.69,-0.01
12/20/2024,17:11:1,0.0,0.0,404.0,39.1,0.0,0.0,0.0,0.0,-0.01,0,1.21,2.42,0,0.0,0,290.73,0,0,0,0,0,0,0,0,0,1000.0,0,0,0,0,2.42,39.1,-1.0,0,39.1,0.0,39.1,0.0,0.0,0.0,290.73,-0.01
12/20/2024,17:11:2,0.0,0.0,404.0,39.1,0.0,0.0,0.0,0.0,-0.01,0,1.21,2.42,0,0.0,0,290.77,0,0,0,0,0,0,0,0,0,1000.0,0,0,0,0,2.42,39.1,-1.0,0,39.1,0.0,39.1,0.0,0.0,0.0,290.77,-0.01
12/20/2024,17:11:3,0.0,0.0,404.0,39.1,0.0,0.0,0.0,0.0,-0.01,0,1.21,2.42,0,0.0,0,290.81,0,0,0,0,0,0,0,0,0,1000.0,0,0,0,0,2.42,39.1,-1.0,0,39.1,0.0,39.1,0.0,0.0,0.0,290.81,-0.01
12/20/2024,17:11:4,0.0,0.0,404.0,39.1,0.0,0.0,0.0,0.0,-0.01,0,1.21,2.42,0,0.0,0,290.85,0,0,0,0,0,0,0,0,0,1000.0,0,0,0,0,2.42,39.1,-1.0,0,39.1,0.0,39.1,0.0,0.0,0.0,290.85,-0.01
12/20/2024,17:11:5,0.0,0.0,404.0,39.1,0.0,0.0,0.0,0.0,-0.01,0,1.21,2.42,0,0.0,0,290.89,0,0,0,0,0,0,0,0,0,1000.0,0,0,0,0,2.42,39.1,-1.0,0,39.1,0.0,39.1,0.0,0.0,0.0,290.89,-0.01
12/20/2024,17:11:6,0.0,0.0,404.0,39.1,0.0,0.0,0.0,0.0,-0.01,0,1.21,2.42,0,0.0,0,290.92,0,0,0,0,0,0,0,0,0,1000.0,0,0,0,0,2.42,39.1,-1.0,0,39.1,0.0,39.1,0.0,0.0,0.0,290.92,-0.01
12/20/2024,17:11:7,0.0,0.0,404.0,39.1,0.0,0.0,0.0,0.0,-0.01,0,1.21,2.42,0,0.0,0,290.96,0,0,0,0,0,0,0,0,0,1000.0,0,0,0,0,2.42,39.1,-1.0,0,39.1,0.0,39.1,0.0,0.0,0.0,290.96,-0.01
12/20/2024,17:11:8,0.0,0.0,404.0,39.1,0.0,0.0,0.0,0.0,-0.01,0,1.21,2.42,0,0.0,0,291.0,0,0,0,0,0,0,0,0,0,1000.0,0,0,0,0,2.42,39.1,-1.0,0,39.1,0.0,39.1,0.0,0.0,0.0,291.0,-0.01
12/20/2024,17:11:9,0.0,0.0,404.0,39.1,0.0,0.0,0.0,0.0,-0.01,0,1.21,2.42,0,0.0,0,291.04,0,0,0,0,0,0,0,0,0,1000.0,0,0,0,0,2.42,39.1,-1.0,0,39.1,0.0,39.1,0.0,0.0,0.0,291.04,-0.01
12/20/2024,17:11:10,0.0,0.0,404.0,39.1,0.0,0.0,0.0,0.0,-0.01,0,1.21,2.42,0,0.0,0,291.04,0,0,0,0,0,0,0,0,0,1000.0,0,0,0,0,2.42,39.1,-1.0,0,39.1,0.0,39.1,0.0,0.0,0.0,291.04,-0.01
12/20/2024,17:11:11,0.0,0.0,404.0,39.1,0.0,0.0,0.0,0.0,-0.01,0,1.21,2.42,0,0.0,0,291.12,0,0,0,0,0,0,0,0,0,1000.0,0,0,0,0,2.42,39.1,-1.0,0,39.1,0.0,39.1,0.0,0.0,0.0,291.12,-0.01
12/20/2024,17:11:12,0.0,0.0,404.0,39.1,0.0,0.0,0.0,0.0,-0.01,0,1.21,2.42,0,0.0,0,291.16,0,0,0,0,0,0,0,0,0,1000.0,0,0,0,0,2.42,39.1,-1.0,0,39.1,0.0,39.1,0.0,0.0,0.0,291.16,-0.01
12/20/2024,17:11:13,0.0,0.0,404.0,39.1,0.0,0.0,0.0,0.0,-0.01,0,1.21,2.42,0,0.0,0,291.16,0,0,0,0,0,0,0,0,0,1000.0,0,0,0,0,2.42,39.1,-1.0,0,39.1,0.0,39.1,0.0,0.0,0.0,291.16,-0.01
12/20/2024,17:11:14,0.0,0.0,404.0,39.1,0.0,0.0,0.0,0.0,-0.01,0,1.21,2.42,0,0.0,0,291.24,0,0,0,0,0,0,0,0,0,1000.0,0,0,0,0,2.42,39.1,-1.0,0,39.1,0.0,39.1,0.0,0.0,0.0,291.24,-0.01
12/20/2024,17:11:15,0.0,0.0,404.0,39.1,0.0,0.0,0.0,0.0,-0.01,0,1.21,2.42,0,0.0,0,291.24,0,0,0,0,0,0,0,0,0,1000.0,0,0,0,0,2.42,39.1,-1.0,0,39.1,0.0,39.1,0.0,0.0,0.0,291.24,-0.01
12/20/2024,17:11:16,0.0,0.0,404.0,39.1,0.0,0.0,0.0,0.0,-0.01,0,1.21,2.42,0,0.0,0,291.32,0,0,0,0,0,0,0,0,0,1000.0,0,0,0,0,2.42,39.1,-1.0,0,39.1,0.0,39.1,0.0,0.0,0.0,291.32,-0.01
12/20/2024,17:11:17,0.0,0.0,404.0,39.1,0.0,0.0,0.0,0.0,-0.01,0,1.21,2.42,0,0.0,0,291.32,0,0,0,0,0,0,0,0,0,1000.0,0,0,0,0,2.42,39.1,-1.0,0,39.1,0.0,39.1,0.0,0.0,0.0,291.32,-0.01
12/20/2024,17:11:18,0.0,0.0,404.0,39.1,0.0,0.0,0.0,0.0,-0.01,0,1.21,2.42,0,0.0,0,291.39,0,0,0,0,0,0,0,0,0,1000.0,0,0,0,0,2.42,39.1,-1.0,0,39.1,0.0,39.1,0.0,0.0,0.0,291.39,-0.01
12/20/2024,17:11:19,0.0,0.0,404.0,39.1,0.0,0.0,0.0,0.0,-0.01,0,1.21,2.42,0,0.0,0,291.39,0,0,0,0,0,0,0,0,0,1000.0,0,0,0,0,2.42,39.1,-1.0,0,39.1,0.0,39.1,0.0,0.0,0.0,291.39,-0.01
12/20/2024,17:11:20,0.0,0.0,404.0,39.1,0.0,0.0,0.0,0.0,-0.01,0,1.21,2.42,0,0.0,0,291.47,0,0,0,0,0,0,0,0,0,1000.0,0,0,0,0,2.42,39.1,-1.0,0,39.1,0.0,39.1,0.0,0.0,0.0,291.47,-0.01
12/20/2024,17:11:21,0.0,0.0,404.0,39.1,0.0,0.0,0.0,0.0,-0.01,0,1.21,2.42,0,0.0,0,291.47,0,0,0,0,0,0,0,0,0,1000.0,0,0,0,0,2.42,39.1,-1.0,0,39.1,0.0,39.1,0.0,0.0,0.0,291.47,-0.01
12/20/2024,17:11:22,0.0,0.0,404.0,39.1,0.0,0.0,0.0,0.0,-0.01,0,1.21,2.42,0,0.0,0,291.51,0,0,0,0,0,0,0,0,0,1000.0,0,0,0,0,2.42,39.1,-1.0,0,39.1,0.0,39.1,0.0,0.0,0.0,291.51,-0.01
12/20/2024,17:11:23,0.0,0.0,404.0,39.1,0.0,0.0,0.0,0.0,-0.01,0,1.21,2.42,0,0.0,0,291.55,0,0,0,0,0,0,0,0,0,1000.0,0,0,0,0,2.42,39.1,-1.0,0,39.1,0.0,39.1,0.0,0.0,0.0,291.55,-0.01
12/20/2024,17:11:24,0.0,0.0,404.0,39.1,0.0,0.0,0.0,0.0,-0.01,0,1.21,2.42,0,0.0,0,291.59,0,0,0,0,0,0,0,0,0,1000.0,0,0,0,0,2.42,39.1,-1.0,0,39.1,0.0,39.1,0.0,0.0,0.0,291.59,-0.01
12/20/2024,17:11:25,0.0,0.0,404.0,39.1,0.0,0.0,0.0,0.0,-0.01,0,1.21,2.42,0,0.0,0,291.63,0,0,0,0,0,0,0,0,0,1000.0,0,0,0,0,2.42,39.1,-1.0,0,39.1,0.0,39.1,0.0,0.0,0.0,291.63,-0.01
12/20/2024,17:11:26,0.0,0.0,404.0,39.1,0.0,0.0,0.0,0.0,-0.01,0,1.21,2.42,0,0.0,0,291.67,0,0,0,0,0,0,0,0,0,1000.0,0,0,0,0,2.42,39.1,-1.0,0,39.1,0.0,39.1,0.0,0.0,0.0,291.67,-0.01
12/20/2024,17:11:27,0.0,0.0,404.0,39.1,0.0,0.0,0.0,0.0,-0.01,0,1.21,2.42,0,0.0,0,291.71,0,0,0,0,0,0,0,0,0,1000.0,0,0,0,0,2.42,39.1,-1.0,0,39.1,0.0,39.1,0.0,0.0,0.0,291.71,-0.01
12/20/2024,17:11:28,0.0,0.0,404.0,39.1,0.0,0.0,0.0,0.0,-0.01,0,1.21,2.42,0,0.0,0,291.79,0,0,0,0,0,0,0,0,0,1000.0,0,0,0,0,2.42,39.1,-1.0,0,39.1,0.0,39.1,0.0,0.0,0.0,291.79,-0.01
12/20/2024,17:11:29,0.0,0.0,404.0,39.1,0.0,0.0,0.0,0.0,-0.01,0,1.21,2.42,0,0.0,0,291.82,0,0,0,0,0,0,0,0,0,1000.0,0,0,0,0,2.42,39.1,-1.0,0,39.1,0.0,39.1,0.0,0.0,0.0,291.82,-0.01
12/20/2024,17:11:30,0.0,0.0,404.0,39.1,0.0,0.0,0.0,0.0,-0.01,0,1.21,2.42,0,0.0,0,291.86,0,0,0,0,0,0,0,0,0,1000.0,0,0,0,0,2.42,39.1,-1.0,0,39.1,0.0,39.1,0.0,0.0,0.0,291.86,-0.01
12/20/2024,17:11:31,0.0,0.0,404.0,39.1,0.0,0.0,0.0,0.0,-0.01,0,1.21,2.42,0,0.0,0,291.9,0,0,0,0,0,0,0,0,0,1000.0,0,0,0,0,2.42,39.1,-1.0,0,39.1,0.0,39.1,0.0,0.0,0.0,291.9,-0.01
12/20/2024,17:11:32,0.0,0.0,404.0,39.1,0.0,0.0,0.0,0.0,-0.01,0,1.21,2.42,0,0.0,0,291.94,0,0,0,0,0,0,0,0,0,1000.0,0,0,0,0,2.42,39.1,-1.0,0,39.1,0.0,39.1,0.0,0.0,0.0,291.94,-0.01
12/20/2024,17:11:33,0.0,0.0,404.0,39.1,0.0,0.0,0.0,0.0,-0.01,0,1.21,2.42,0,0.0,0,291.98,0,0,0,0,0,0,0,0,0,1000.0,0,0,0,0,2.42,39.1,-1.0,0,39.1,0.0,39.1,0.0,0.0,0.0,291.98,-0.01
12/20/2024,17:11:34,0.0,0.0,404.0,39.1,0.0,0.0,0.0,0.0,-0.01,0,1.21,2.42,0,0.0,0,292.02,0,0,0,0,0,0,0,0,0,1000.0,0,0,0,0,2.42,39.1,-1.0,0,39.1,0.0,39.1,0.0,0.0,0.0,292.02,-0.01
12/20/2024,17:11:35,0.0,0.0,404.0,39.1,0.0,0.0,0.0,0.0,-0.01,0,1.21,2.42,0,0.0,0,292.06,0,0,0,0,0,0,0,0,0,1000.0,0,0,0,0,2.42,39.1,-1.0,0,39.1,0.0,39.1,0.0,0.0,0.0,292.06,-0.01
12/20/2024,17:11:36,0.0,0.0,404.0,39.1,0.0,0.0,0.0,0.0,-0.01,0,1.21,2.42,0,0.0,0,292.1,0,0,0,0,0,0,0,0,0,1000.0,0,0,0,0,2.42,39.1,-1.0,0,39.1,0.0,39.1,0.0,0.0,0.0,292.1,-0.01
12/20/2024,17:11:37,0.0,0.0,404.0,39.1,0.0,0.0,0.0,0.0,-0.01,0,1.21,2.42,0,0.0,0,292.14,0,0,0,0,0,0,0,0,0,1000.0,0,0,0,0,2.42,39.1,-1.0,0,39.1,0.0,39.1,0.0,0.0,0.0,292.14,-0.01
12/20/2024,17:11:38,0.0,0.0,404.0,39.1,0.0,0.0,0.0,0.0,-0.01,0,1.21,2.42,0,0.0,0,292.18,0,0,0,0,0,0,0,0,0,1000.0,0,0,0,0,2.42,39.1,-1.0,0,39.1,0.0,39.1,0.0,0.0,0.0,292.18,-0.01
12/20/2024,17:11:39,0.0,0.0,404.0,39.1,0.0,0.0,0.0,0.0,-0.01,0,1.21,2.42,0,0.0,0,292.22,0,0,0,0,0,0,0,0,0,1000.0,0,0,0,0,2.42,39.1,-1.0,0,39.1,0.0,39.1,0.0,0.0,0.0,292.22,-0.01
12/20/2024,17:11:40,0.0,0.0,404.0,39.1,0.0,0.0,0.0,0.0,-0.01,0,1.21,2.42,0,0.0,0,292.25,0,0,0,0,0,0,0,0,0,1000.0,0,0,0,0,2.42,39.1,-1.0,0,39.1,0.0,39.1,0.0,0.0,0.0,292.25,-0.01
12/20/2024,17:11:41,0.0,0.0,404.0,39.1,0.0,0.0,0.0,0.0,-0.01,0,1.21,2.42,0,0.0,0,292.29,0,0,0,0,0,0,0,0,0,1000.0,0,0,0,0,2.42,39.1,-1.0,0,39.1,0.0,39.1,0.0,0.0,0.0,292.29,-0.01
12/20/2024,17:11:42,0.0,0.0,404.0,39.1,0.0,0.0,0.0,0.0,-0.01,0,1.21,2.42,0,0.0,0,292.33,0,0,0,0,0,0,0,0,0,1000.0,0,0,0,0,2.42,39.1,-1.0,0,39.1,0.0,39.1,0.0,0.0,0.0,292.33,-0.01
12/20/2024,17:11:43,0.0,0.0,404.0,39.1,0.0,0.0,0.0,0.0,-0.01,0,1.21,2.42,0,0.0,0,292.37,0,0,0,0,0,0,0,0,0,1000.0,0,0,0,0,2.42,39.1,-1.0,0,39.1,0.0,39.1,0.0,0.0,0.0,292.37,-0.01
12/20/2024,17:11:44,0.0,0.0,404.0,39.1,0.0,0.0,0.0,0.0,-0.01,0,1.21,2.42,0,0.0,0,292.41,0,0,0,0,0,0,0,0,0,1000.0,0,0,0,0,2.42,39.1,-1.0,0,39.1,0.0,39.1,0.0,0.0,0.0,292.41,-0.01
12/20/2024,17:11:45,0.0,0.0,404.0,39.1,0.0,0.0,0.0,0.0,-0.01,0,1.21,2.42,0,0.0,0,292.45,0,0,0,0,0,0,0,0,0,1000.0,0,0,0,0,2.42,39.1,-1.0,0,39.1,0.0,39.1,0.0,0.0,0.0,292.45,-0.01
12/20/2024,17:11:46,0.0,0.0,404.0,39.1,0.0,0.0,0.0,0.0,-0.01,0,1.21,2.42,0,0.0,0,292.49,0,0,0,0,0,0,0,0,0,1000.0,0,0,0,0,2.42,39.1,-1.0,0,39.1,0.0,39.1,0.0,0.0,0.0,292.49,-0.01
12/20/2024,17:11:47,0.0,0.0,404.0,39.1,0.0,0.0,0.0,0.0,-0.01,0,1.21,2.42,0,0.0,0,292.53,0,0,0,0,0,0,0,0,0,1000.0,0,0,0,0,2.42,39.1,-1.0,0,39.1,0.0,39.1,0.0,0.0,0.0,292.53,-0.01
12/20/2024,17:11:48,0.0,0.0,404.0,39.1,0.0,0.0,0.0,0.0,-0.01,0,1.21,2.42,0,0.0,0,292.53,0,0,0,0,0,0,0,0,0,1000.0,0,0,0,0,2.42,39.1,-1.0,0,39.1,0.0,39.1,0.0,0.0,0.0,292.53,-0.01
12/20/2024,17:11:49,0.0,0.0,404.0,39.1,0.0,0.0,0.0,0.0,-0.01,0,1.21,2.42,0,0.0,0,292.61,0,0,0,0,0,0,0,0,0,1000.0,0,0,0,0,2.42,39.1,-1.0,0,39.1,0.0,39.1,0.0,0.0,0.0,292.61,-0.01
12/20/2024,17:11:50,0.0,0.0,404.0,39.1,0.0,0.0,0.0,0.0,-0.01,0,1.21,2.42,0,0.0,0,292.61,0,0,0,0,0,0,0,0,0,1000.0,0,0,0,0,2.42,39.1,-1.0,0,39.1,0.0,39.1,0.0,0.0,0.0,292.61,-0.01
12/20/2024,17:11:51,0.0,0.0,404.0,39.1,0.0,0.0,0.0,0.0,-0.01,0,1.21,2.42,0,0.0,0,292.68,0,0,0,0,0,0,0,0,0,1000.0,0,0,0,0,2.42,39.1,-1.0,0,39.1,0.0,39.1,0.0,0.0,0.0,292.68,-0.01
12/20/2024,17:11:52,0.0,0.0,404.0,39.1,0.0,0.0,0.0,0.0,-0.01,0,1.21,2.42,0,0.0,0,292.72,0,0,0,0,0,0,0,0,0,1000.0,0,0,0,0,2.42,39.1,-1.0,0,39.1,0.0,39.1,0.0,0.0,0.0,292.72,-0.01
12/20/2024,17:11:53,0.0,0.0,404.0,39.1,0.0,0.0,0.0,0.0,-0.01,0,1.21,2.42,0,0.0,0,292.76,0,0,0,0,0,0,0,0,0,1000.0,0,0,0,0,2.42,39.1,-1.0,0,39.1,0.0,39.1,0.0,0.0,0.0,292.76,-0.01
12/20/2024,17:11:54,0.0,0.0,404.0,39.1,0.0,0.0,0.0,0.0,-0.01,0,1.21,2.42,0,0.0,0,292.8,0,0,0,0,0,0,0,0,0,1000.0,0,0,0,0,2.42,39.1,-1.0,0,39.1,0.0,39.1,0.0,0.0,0.0,292.8,-0.01
12/20/2024,17:11:55,0.0,0.0,404.0,39.1,0.0,0.0,0.0,0.0,-0.01,0,1.21,2.42,0,0.0,0,292.8,0,0,0,0,0,0,0,0,0,1000.0,0,0,0,0,2.42,39.1,-1.0,0,39.1,0.0,39.1,0.0,0.0,0.0,292.8,-0.01
12/20/2024,17:11:56,0.0,0.0,404.0,39.1,0.0,0.0,0.0,0.0,-0.01,0,1.21,2.42,0,0.0,0,292.88,0,0,0,0,0,0,0,0,0,1000.0,0,0,0,0,2.42,39.1,-1.0,0,39.1,0.0,39.1,0.0,0.0,0.0,292.88,-0.01
12/20/2024,17:11:57,0.0,0.0,404.0,39.1,0.0,0.0,0.0,0.0,-0.01,0,1.21,2.42,0,0.0,0,292.88,0,0,0,0,0,0,0,0,0,1000.0,0,0,0,0,2.42,39.1,-1.0,0,39.1,0.0,39.1,0.0,0.0,0.0,292.88,-0.01
12/20/2024,17:11:58,0.0,0.0,404.0,39.1,0.0,0.0,0.0,0.0,-0.01,0,1.21,2.42,0,0.0,0,292.96,0,0,0,0,0,0,0,0,0,1000.0,0,0,0,0,2.42,39.1,-1.0,0,39.1,0.0,39.1,0.0,0.0,0.0,292.96,-0.01
12/20/2024,17:11:59,0.0,0.0,404.0,39.1,0.0,0.0,0.0,0.0,-0.01,0,1.21,2.42,0,0.0,0,292.96,0,0,0,0,0,0,0,0,0,1000.0,0,0,0,0,2.42,39.1,-1.0,0,39.1,0.0,39.1,0.0,0.0,0.0,292.96,-0.01
12/20/2024,17:12:0,0.0,0.0,404.0,39.1,0.0,0.0,0.0,0.0,-0.01,0,1.21,2.42,0,0.0,0,293.04,0,0,0,0,0,0,0,0,0,1000.0,0,0,0,0,2.42,39.1,-1.0,0,39.1,0.0,39.1,0.0,0.0,0.0,293.04,-0.01
12/20/2024,17:12:1,0.0,0.0,404.0,39.1,0.0,0.0,0.0,0.0,-0.01,0,1.21,2.42,0,0.0,0,293.08,0,0,0,0,0,0,0,0,0,1000.0,0,0,0,0,2.42,39.1,-1.0,0,39.1,0.0,39.1,0.0,0.0,0.0,293.08,-0.01
12/20/2024,17:12:2,0.0,0.0,404.0,39.1,0.0,0.0,0.0,0.0,-0.01,0,1.21,2.42,0,0.0,0,293.08,0,0,0,0,0,0,0,0,0,1000.0,0,0,0,0,2.42,39.1,-1.0,0,39.1,0.0,39.1,0.0,0.0,0.0,293.08,-0.01
12/20/2024,17:12:3,0.0,0.0,404.0,39.1,0.0,0.0,0.0,0.0,-0.01,0,1.21,2.42,0,0.0,0,293.15,0,0,0,0,0,0,0,0,0,1000.0,0,0,0,0,2.42,39.1,-1.0,0,39.1,0.0,39.1,0.0,0.0,0.0,293.15,-0.01
12/20/2024,17:12:4,0.0,0.0,404.0,39.1,0.0,0.0,0.0,0.0,-0.01,0,1.21,2.42,0,0.0,0,293.15,0,0,0,0,0,0,0,0,0,1000.0,0,0,0,0,2.42,39.1,-1.0,0,39.1,0.0,39.1,0.0,0.0,0.0,293.15,-0.01
12/20/2024,17:12:5,0.0,0.0,404.0,39.1,0.0,0.0,0.0,0.0,-0.01,0,1.21,2.42,0,0.0,0,293.23,0,0,0,0,0,0,0,0,0,1000.0,0,0,0,0,2.42,39.1,-1.0,0,39.1,0.0,39.1,0.0,0.0,0.0,293.23,-0.01
12/20/2024,17:12:6,0.0,0.0,404.0,39.1,0.0,0.0,0.0,0.0,-0.01,0,1.21,2.42,0,0.0,0,293.23,0,0,0,0,0,0,0,0,0,1000.0,0,0,0,0,2.42,39.1,-1.0,0,39.1,0.0,39.1,0.0,0.0,0.0,293.23,-0.01
12/20/2024,17:12:7,0.0,0.0,404.0,39.1,0.0,0.0,0.0,0.0,-0.01,0,1.21,2.42,0,0.0,0,293.31,0,0,0,0,0,0,0,0,0,1000.0,0,0,0,0,2.42,39.1,-1.0,0,39.1,0.0,39.1,0.0,0.0,0.0,293.31,-0.01
12/20/2024,17:12:8,0.0,0.0,404.0,39.1,0.0,0.0,0.0,0.0,-0.01,0,1.21,2.42,0,0.0,0,293.31,0,0,0,0,0,0,0,0,0,1000.0,0,0,0,0,2.42,39.1,-1.0,0,39.1,0.0,39.1,0.0,0.0,0.0,293.31,-0.01
12/20/2024,17:12:9,0.0,0.0,404.0,39.1,0.0,0.0,0.0,0.0,-0.01,0,1.21,2.42,0,0.0,0,293.35,0,0,0,0,0,0,0,0,0,1000.0,0,0,0,0,2.42,39.1,-1.0,0,39.1,0.0,39.1,0.0,0.0,0.0,293.35,-0.01
12/20/2024,17:12:10,0.0,0.0,404.0,39.1,0.0,0.0,0.0,0.0,-0.01,0,1.21,2.42,0,0.0,0,293.39,0,0,0,0,0,0,0,0,0,1000.0,0,0,0,0,2.42,39.1,-1.0,0,39.1,0.0,39.1,0.0,0.0,0.0,293.39,-0.01
12/20/2024,17:12:11,0.0,0.0,404.0,39.1,0.0,0.0,0.0,0.0,-0.01,0,1.21,2.42,0,0.0,0,293.43,0,0,0,0,0,0,0,0,0,1000.0,0,0,0,0,2.42,39.1,-1.0,0,39.1,0.0,39.1,0.0,0.0,0.0,293.43,-0.01
12/20/2024,17:12:12,0.0,0.0,404.0,39.1,0.0,0.0,0.0,0.0,-0.01,0,1.21,2.42,0,0.0,0,293.47,0,0,0,0,0,0,0,0,0,1000.0,0,0,0,0,2.42,39.1,-1.0,0,39.1,0.0,39.1,0.0,0.0,0.0,293.47,-0.01
12/20/2024,17:12:13,0.0,0.0,404.0,39.1,0.0,0.0,0.0,0.0,-0.01,0,1.21,2.42,0,0.0,0,293.51,0,0,0,0,0,0,0,0,0,1000.0,0,0,0,0,2.42,39.1,-1.0,0,39.1,0.0,39.1,0.0,0.0,0.0,293.51,-0.01
12/20/2024,17:12:14,0.0,0.0,404.0,39.1,0.0,0.0,0.0,0.0,-0.01,0,1.21,2.42,0,0.0,0,293.58,0,0,0,0,0,0,0,0,0,1000.0,0,0,0,0,2.42,39.1,-1.0,0,39.1,0.0,39.1,0.0,0.0,0.0,293.58,-0.01
12/20/2024,17:12:15,0.0,0.0,404.0,39.1,0.0,0.0,0.0,0.0,-0.01,0,1.21,2.42,0,0.0,0,293.58,0,0,0,0,0,0,0,0,0,1000.0,0,0,0,0,2.42,39.1,-1.0,0,39.1,0.0,39.1,0.0,0.0,0.0,293.58,-0.01
12/20/2024,17:12:16,0.0,0.0,404.0,39.1,0.0,0.0,0.0,0.0,-0.01,0,1.21,2.42,0,0.0,0,293.62,0,0,0,0,0,0,0,0,0,1000.0,0,0,0,0,2.42,39.1,-1.0,0,39.1,0.0,39.1,0.0,0.0,0.0,293.62,-0.01
12/20/2024,17:12:17,0.0,0.0,404.0,39.1,0.0,0.0,0.0,0.0,-0.01,0,1.21,2.42,0,0.0,0,293.66,0,0,0,0,0,0,0,0,0,1000.0,0,0,0,0,2.42,39.1,-1.0,0,39.1,0.0,39.1,0.0,0.0,0.0,293.66,-0.01
12/20/2024,17:12:18,0.0,0.0,404.0,39.1,0.0,0.0,0.0,0.0,-0.01,0,1.21,2.42,0,0.0,0,293.74,0,0,0,0,0,0,0,0,0,1000.0,0,0,0,0,2.42,39.1,-1.0,0,39.1,0.0,39.1,0.0,0.0,0.0,293.74,-0.01
12/20/2024,17:12:19,0.0,0.0,404.0,39.1,0.0,0.0,0.0,0.0,-0.01,0,1.21,2.42,0,0.0,0,293.74,0,0,0,0,0,0,0,0,0,1000.0,0,0,0,0,2.42,39.1,-1.0,0,39.1,0.0,39.1,0.0,0.0,0.0,293.74,-0.01
12/20/2024,17:12:20,0.0,0.0,404.0,39.1,0.0,0.0,0.0,0.0,-0.01,0,1.21,2.42,0,0.0,0,293.78,0,0,0,0,0,0,0,0,0,1000.0,0,0,0,0,2.42,39.1,-1.0,0,39.1,0.0,39.1,0.0,0.0,0.0,293.78,-0.01
12/20/2024,17:12:21,0.0,0.0,404.0,39.1,0.0,0.0,0.0,0.0,-0.01,0,1.21,2.42,0,0.0,0,293.82,0,0,0,0,0,0,0,0,0,1000.0,0,0,0,0,2.42,39.1,-1.0,0,39.1,0.0,39.1,0.0,0.0,0.0,293.82,-0.01
12/20/2024,17:12:22,0.0,0.0,404.0,39.1,0.0,0.0,0.0,0.0,-0.01,0,1.21,2.42,0,0.0,0,293.86,0,0,0,0,0,0,0,0,0,1000.0,0,0,0,0,2.42,39.1,-1.0,0,39.1,0.0,39.1,0.0,0.0,0.0,293.86,-0.01
12/20/2024,17:12:23,0.0,0.0,404.0,39.1,0.0,0.0,0.0,0.0,-0.01,0,1.21,2.42,0,0.0,0,293.94,0,0,0,0,0,0,0,0,0,1000.0,0,0,0,0,2.42,39.1,-1.0,0,39.1,0.0,39.1,0.0,0.0,0.0,293.94,-0.01
12/20/2024,17:12:24,0.0,0.0,404.0,39.1,0.0,0.0,0.0,0.0,-0.01,0,1.21,2.42,0,0.0,0,293.97,0,0,0,0,0,0,0,0,0,1000.0,0,0,0,0,2.42,39.1,-1.0,0,39.1,0.0,39.1,0.0,0.0,0.0,293.97,-0.01
12/20/2024,17:12:25,0.0,0.0,404.0,39.1,0.0,0.0,0.0,0.0,-0.01,0,1.21,2.42,0,0.0,0,294.01,0,0,0,0,0,0,0,0,0,1000.0,0,0,0,0,2.42,39.1,-1.0,0,39.1,0.0,39.1,0.0,0.0,0.0,294.01,-0.01
12/20/2024,17:12:26,0.0,0.0,404.0,39.1,0.0,0.0,0.0,0.0,-0.01,0,1.21,2.42,0,0.0,0,294.05,0,0,0,0,0,0,0,0,0,1000.0,0,0,0,0,2.42,39.1,-1.0,0,39.1,0.0,39.1,0.0,0.0,0.0,294.05,-0.01
12/20/2024,17:12:27,0.0,0.0,404.0,39.1,0.0,0.0,0.0,0.0,-0.01,0,1.21,2.42,0,0.0,0,294.09,0,0,0,0,0,0,0,0,0,1000.0,0,0,0,0,2.42,39.1,-1.0,0,39.1,0.0,39.1,0.0,0.0,0.0,294.09,-0.01
12/20/2024,17:12:28,0.0,0.0,404.0,39.1,0.0,0.0,0.0,0.0,-0.01,0,1.21,2.42,0,0.0,0,294.13,0,0,0,0,0,0,0,0,0,1000.0,0,0,0,0,2.42,39.1,-1.0,0,39.1,0.0,39.1,0.0,0.0,0.0,294.13,-0.01
12/20/2024,17:12:29,0.0,0.0,404.0,39.1,0.0,0.0,0.0,0.0,-0.01,0,1.21,2.42,0,0.0,0,294.17,0,0,0,0,0,0,0,0,0,1000.0,0,0,0,0,2.42,39.1,-1.0,0,39.1,0.0,39.1,0.0,0.0,0.0,294.17,-0.01
12/20/2024,17:12:30,0.0,0.0,404.0,39.1,0.0,0.0,0.0,0.0,-0.01,0,1.21,2.42,0,0.0,0,294.21,0,0,0,0,0,0,0,0,0,1000.0,0,0,0,0,2.42,39.1,-1.0,0,39.1,0.0,39.1,0.0,0.0,0.0,294.21,-0.01
12/20/2024,17:12:31,0.0,0.0,404.0,39.1,0.0,0.0,0.0,0.0,-0.01,0,1.21,2.42,0,0.0,0,294.25,0,0,0,0,0,0,0,0,0,1000.0,0,0,0,0,2.42,39.1,-1.0,0,39.1,0.0,39.1,0.0,0.0,0.0,294.25,-0.01
12/20/2024,17:12:32,0.0,0.0,404.0,39.1,0.0,0.0,0.0,0.0,-0.01,0,1.21,2.42,0,0.0,0,294.29,0,0,0,0,0,0,0,0,0,1000.0,0,0,0,0,2.42,39.1,-1.0,0,39.1,0.0,39.1,0.0,0.0,0.0,294.29,-0.01
12/20/2024,17:12:33,0.0,0.0,404.0,39.1,0.0,0.0,0.0,0.0,-0.01,0,1.21,2.42,0,0.0,0,294.33,0,0,0,0,0,0,0,0,0,1000.0,0,0,0,0,2.42,39.1,-1.0,0,39.1,0.0,39.1,0.0,0.0,0.0,294.33,-0.01
12/20/2024,17:12:34,0.0,0.0,404.0,39.1,0.0,0.0,0.0,0.0,-0.01,0,1.21,2.42,0,0.0,0,294.37,0,0,0,0,0,0,0,0,0,1000.0,0,0,0,0,2.42,39.1,-1.0,0,39.1,0.0,39.1,0.0,0.0,0.0,294.37,-0.01
12/20/2024,17:12:35,0.0,0.0,404.0,39.1,0.0,0.0,0.0,0.0,-0.01,0,1.21,2.42,0,0.0,0,294.4,0,0,0,0,0,0,0,0,0,1000.0,0,0,0,0,2.42,39.1,-1.0,0,39.1,0.0,39.1,0.0,0.0,0.0,294.4,-0.01
12/20/2024,17:12:36,0.0,0.0,404.0,39.1,0.0,0.0,0.0,0.0,-0.01,0,1.21,2.42,0,0.0,0,294.44,0,0,0,0,0,0,0,0,0,1000.0,0,0,0,0,2.42,39.1,-1.0,0,39.1,0.0,39.1,0.0,0.0,0.0,294.44,-0.01
12/20/2024,17:12:37,0.0,0.0,404.0,39.1,0.0,0.0,0.0,0.0,-0.01,0,1.21,2.42,0,0.0,0,294.48,0,0,0,0,0,0,0,0,0,1000.0,0,0,0,0,2.42,39.1,-1.0,0,39.1,0.0,39.1,0.0,0.0,0.0,294.48,-0.01
12/20/2024,17:12:38,0.0,0.0,404.0,39.1,0.0,0.0,0.0,0.0,-0.01,0,1.21,2.42,0,0.0,0,294.52,0,0,0,0,0,0,0,0,0,1000.0,0,0,0,0,2.42,39.1,-1.0,0,39.1,0.0,39.1,0.0,0.0,0.0,294.52,-0.01
12/20/2024,17:12:39,0.0,0.0,404.0,39.1,0.0,0.0,0.0,0.0,-0.01,0,1.21,2.42,0,0.0,0,294.56,0,0,0,0,0,0,0,0,0,1000.0,0,0,0,0,2.42,39.1,-1.0,0,39.1,0.0,39.1,0.0,0.0,0.0,294.56,-0.01
12/20/2024,17:12:40,0.0,0.0,404.0,39.1,0.0,0.0,0.0,0.0,-0.01,0,1.21,2.42,0,0.0,0,294.6,0,0,0,0,0,0,0,0,0,1000.0,0,0,0,0,2.42,39.1,-1.0,0,39.1,0.0,39.1,0.0,0.0,0.0,294.6,-0.01
12/20/2024,17:12:41,0.0,0.0,404.0,39.1,0.0,0.0,0.0,0.0,-0.01,0,1.21,2.42,0,0.0,0,294.64,0,0,0,0,0,0,0,0,0,1000.0,0,0,0,0,2.42,39.1,-1.0,0,39.1,0.0,39.1,0.0,0.0,0.0,294.64,-0.01
12/20/2024,17:12:42,0.0,0.0,404.0,39.1,0.0,0.0,0.0,0.0,-0.01,0,1.21,2.42,0,0.0,0,294.68,0,0,0,0,0,0,0,0,0,1000.0,0,0,0,0,2.42,39.1,-1.0,0,39.1,0.0,39.1,0.0,0.0,0.0,294.68,-0.01
12/20/2024,17:12:43,0.0,0.0,404.0,39.1,0.0,0.0,0.0,0.0,-0.01,0,1.21,2.42,0,0.0,0,294.72,0,0,0,0,0,0,0,0,0,1000.0,0,0,0,0,2.42,39.1,-1.0,0,39.1,0.0,39.1,0.0,0.0,0.0,294.72,-0.01
12/20/2024,17:12:44,0.0,0.0,404.0,39.1,0.0,0.0,0.0,0.0,-0.01,0,1.21,2.42,0,0.0,0,294.76,0,0,0,0,0,0,0,0,0,1000.0,0,0,0,0,2.42,39.1,-1.0,0,39.1,0.0,39.1,0.0,0.0,0.0,294.76,-0.01
12/20/2024,17:12:45,0.0,0.0,404.0,39.1,0.0,0.0,0.0,0.0,-0.01,0,1.21,2.42,0,0.0,0,294.8,0,0,0,0,0,0,0,0,0,1000.0,0,0,0,0,2.42,39.1,-1.0,0,39.1,0.0,39.1,0.0,0.0,0.0,294.8,-0.01
12/20/2024,17:12:46,0.0,0.0,404.0,39.1,0.0,0.0,0.0,0.0,-0.01,0,1.21,2.42,0,0.0,0,294.83,0,0,0,0,0,0,0,0,0,1000.0,0,0,0,0,2.42,39.1,-1.0,0,39.1,0.0,39.1,0.0,0.0,0.0,294.83,-0.01
12/20/2024,17:12:47,0.0,0.0,404.0,39.1,0.0,0.0,0.0,0.0,-0.01,0,1.21,2.42,0,0.0,0,294.83,0,0,0,0,0,0,0,0,0,1000.0,0,0,0,0,2.42,39.1,-1.0,0,39.1,0.0,39.1,0.0,0.0,0.0,294.83,-0.01
12/20/2024,17:12:48,0.0,0.0,404.0,39.1,0.0,0.0,0.0,0.0,-0.01,0,1.21,2.42,0,0.0,0,294.91,0,0,0,0,0,0,0,0,0,1000.0,0,0,0,0,2.42,39.1,-1.0,0,39.1,0.0,39.1,0.0,0.0,0.0,294.91,-0.01
12/20/2024,17:12:49,0.0,0.0,404.0,39.1,0.0,0.0,0.0,0.0,-0.01,0,1.21,2.42,0,0.0,0,294.95,0,0,0,0,0,0,0,0,0,1000.0,0,0,0,0,2.42,39.1,-1.0,0,39.1,0.0,39.1,0.0,0.0,0.0,294.95,-0.01
12/20/2024,17:12:50,0.0,0.0,404.0,39.1,0.0,0.0,0.0,0.0,-0.01,0,1.21,2.42,0,0.0,0,294.99,0,0,0,0,0,0,0,0,0,1000.0,0,0,0,0,2.42,39.1,-1.0,0,39.1,0.0,39.1,0.0,0.0,0.0,294.99,-0.01
12/20/2024,17:12:51,0.0,0.0,404.0,39.1,0.0,0.0,0.0,0.0,-0.01,0,1.21,2.42,0,0.0,0,295.03,0,0,0,0,0,0,0,0,0,1000.0,0,0,0,0,2.42,39.1,-1.0,0,39.1,0.0,39.1,0.0,0.0,0.0,295.03,-0.01
12/20/2024,17:12:52,0.0,0.0,404.0,39.1,0.0,0.0,0.0,0.0,-0.01,0,1.21,2.42,0,0.0,0,295.07,0,0,0,0,0,0,0,0,0,1000.0,0,0,0,0,2.42,39.1,-1.0,0,39.1,0.0,39.1,0.0,0.0,0.0,295.07,-0.01
12/20/2024,17:12:53,0.0,0.0,404.0,39.1,0.0,0.0,0.0,0.0,-0.01,0,1.21,2.42,0,0.0,0,295.11,0,0,0,0,0,0,0,0,0,1000.0,0,0,0,0,2.42,39.1,-1.0,0,39.1,0.0,39.1,0.0,0.0,0.0,295.11,-0.01
12/20/2024,17:12:54,0.0,0.0,404.0,39.1,0.0,0.0,0.0,0.0,-0.01,0,1.21,2.42,0,0.0,0,295.11,0,0,0,0,0,0,0,0,0,1000.0,0,0,0,0,2.42,39.1,-1.0,0,39.1,0.0,39.1,0.0,0.0,0.0,295.11,-0.01
12/20/2024,17:12:55,0.0,0.0,404.0,39.2,0.0,0.0,0.0,0.0,-0.01,0,1.21,2.42,0,0.0,0,295.19,0,0,0,0,0,0,0,0,0,1000.0,0,0,0,0,2.42,39.2,-1.0,0,39.2,0.0,39.2,0.0,0.0,0.0,295.19,-0.01
12/20/2024,17:12:56,0.0,0.0,404.0,39.2,0.0,0.0,0.0,0.0,-0.01,0,1.21,2.42,0,0.0,0,295.19,0,0,0,0,0,0,0,0,0,1000.0,0,0,0,0,2.42,39.2,-1.0,0,39.2,0.0,39.2,0.0,0.0,0.0,295.19,-0.01
12/20/2024,17:12:57,0.0,0.0,404.0,39.1,0.0,0.0,0.0,0.0,-0.01,0,1.21,2.42,0,0.0,0,295.26,0,0,0,0,0,0,0,0,0,1000.0,0,0,0,0,2.42,39.1,-1.0,0,39.1,0.0,39.1,0.0,0.0,0.0,295.26,-0.01
12/20/2024,17:12:58,0.0,0.0,404.0,39.1,0.0,0.0,0.0,0.0,-0.01,0,1.21,2.42,0,0.0,0,295.26,0,0,0,0,0,0,0,0,0,1000.0,0,0,0,0,2.42,39.1,-1.0,0,39.1,0.0,39.1,0.0,0.0,0.0,295.26,-0.01
12/20/2024,17:12:59,0.0,0.0,404.0,39.1,0.0,0.0,0.0,0.0,-0.01,0,1.21,2.42,0,0.0,0,295.34,0,0,0,0,0,0,0,0,0,1000.0,0,0,0,0,2.42,39.1,-1.0,0,39.1,0.0,39.1,0.0,0.0,0.0,295.34,-0.01
12/20/2024,17:13:0,0.0,0.0,404.0,39.1,0.0,0.0,0.0,0.0,-0.01,0,1.21,2.42,0,0.0,0,295.34,0,0,0,0,0,0,0,0,0,1000.0,0,0,0,0,2.42,39.1,-1.0,0,39.1,0.0,39.1,0.0,0.0,0.0,295.34,-0.01
12/20/2024,17:13:1,0.0,0.0,404.0,39.1,0.0,0.0,0.0,0.0,-0.01,0,1.21,2.42,0,0.0,0,295.42,0,0,0,0,0,0,0,0,0,1000.0,0,0,0,0,2.42,39.1,-1.0,0,39.1,0.0,39.1,0.0,0.0,0.0,295.42,-0.01
12/20/2024,17:13:2,0.0,0.0,404.0,39.1,0.0,0.0,0.0,0.0,-0.01,0,1.21,2.42,0,0.0,0,295.46,0,0,0,0,0,0,0,0,0,1000.0,0,0,0,0,2.42,39.1,-1.0,0,39.1,0.0,39.1,0.0,0.0,0.0,295.46,-0.01
12/20/2024,17:13:3,0.0,0.0,404.0,39.1,0.0,0.0,0.0,0.0,-0.01,0,1.21,2.42,0,0.0,0,295.46,0,0,0,0,0,0,0,0,0,1000.0,0,0,0,0,2.42,39.1,-1.0,0,39.1,0.0,39.1,0.0,0.0,0.0,295.46,-0.01
12/20/2024,17:13:4,0.0,0.0,404.0,39.1,0.0,0.0,0.0,0.0,-0.01,0,1.21,2.42,0,0.0,0,295.54,0,0,0,0,0,0,0,0,0,1000.0,0,0,0,0,2.42,39.1,-1.0,0,39.1,0.0,39.1,0.0,0.0,0.0,295.54,-0.01
12/20/2024,17:13:5,0.0,0.0,404.0,39.1,0.0,0.0,0.0,0.0,-0.01,0,1.21,2.42,0,0.0,0,295.54,0,0,0,0,0,0,0,0,0,1000.0,0,0,0,0,2.42,39.1,-1.0,0,39.1,0.0,39.1,0.0,0.0,0.0,295.54,-0.01
12/20/2024,17:13:6,0.0,0.0,404.0,39.1,0.0,0.0,0.0,0.0,-0.01,0,1.21,2.42,0,0.0,0,295.62,0,0,0,0,0,0,0,0,0,1000.0,0,0,0,0,2.42,39.1,-1.0,0,39.1,0.0,39.1,0.0,0.0,0.0,295.62,-0.01
12/20/2024,17:13:7,0.0,0.0,404.0,39.1,0.0,0.0,0.0,0.0,-0.01,0,1.21,2.42,0,0.0,0,295.62,0,0,0,0,0,0,0,0,0,1000.0,0,0,0,0,2.42,39.1,-1.0,0,39.1,0.0,39.1,0.0,0.0,0.0,295.62,-0.01
12/20/2024,17:13:8,0.0,0.0,404.0,39.1,0.0,0.0,0.0,0.0,-0.01,0,1.21,2.42,0,0.0,0,295.69,0,0,0,0,0,0,0,0,0,1000.0,0,0,0,0,2.42,39.1,-1.0,0,39.1,0.0,39.1,0.0,0.0,0.0,295.69,-0.01
12/20/2024,17:13:9,0.0,0.0,404.0,39.1,0.0,0.0,0.0,0.0,-0.01,0,1.21,2.42,0,0.0,0,295.69,0,0,0,0,0,0,0,0,0,1000.0,0,0,0,0,2.42,39.1,-1.0,0,39.1,0.0,39.1,0.0,0.0,0.0,295.69,-0.01
12/20/2024,17:13:10,0.0,0.0,404.0,39.1,0.0,0.0,0.0,0.0,-0.01,0,1.21,2.42,0,0.0,0,295.77,0,0,0,0,0,0,0,0,0,1000.0,0,0,0,0,2.42,39.1,-1.0,0,39.1,0.0,39.1,0.0,0.0,0.0,295.77,-0.01
12/20/2024,17:13:11,0.0,0.0,404.0,39.1,0.0,0.0,0.0,0.0,-0.01,0,1.21,2.42,0,0.0,0,295.77,0,0,0,0,0,0,0,0,0,1000.0,0,0,0,0,2.42,39.1,-1.0,0,39.1,0.0,39.1,0.0,0.0,0.0,295.77,-0.01
12/20/2024,17:13:12,0.0,0.0,404.0,39.1,0.0,0.0,0.0,0.0,-0.01,0,1.21,2.42,0,0.0,0,295.81,0,0,0,0,0,0,0,0,0,1000.0,0,0,0,0,2.42,39.1,-1.0,0,39.1,0.0,39.1,0.0,0.0,0.0,295.81,-0.01
12/20/2024,17:13:13,0.0,0.0,404.0,39.1,0.0,0.0,0.0,0.0,-0.01,0,1.21,2.42,0,0.0,0,295.85,0,0,0,0,0,0,0,0,0,1000.0,0,0,0,0,2.42,39.1,-1.0,0,39.1,0.0,39.1,0.0,0.0,0.0,295.85,-0.01
12/20/2024,17:13:14,0.0,0.0,404.0,39.1,0.0,0.0,0.0,0.0,-0.01,0,1.21,2.42,0,0.0,0,295.89,0,0,0,0,0,0,0,0,0,1000.0,0,0,0,0,2.42,39.1,-1.0,0,39.1,0.0,39.1,0.0,0.0,0.0,295.89,-0.01
12/20/2024,17:13:15,0.0,0.0,404.0,39.1,0.0,0.0,0.0,0.0,-0.01,0,1.21,2.42,0,0.0,0,295.93,0,0,0,0,0,0,0,0,0,1000.0,0,0,0,0,2.42,39.1,-1.0,0,39.1,0.0,39.1,0.0,0.0,0.0,295.93,-0.01
12/20/2024,17:13:16,0.0,0.0,404.0,39.1,0.0,0.0,0.0,0.0,-0.01,0,1.21,2.42,0,0.0,0,296.01,0,0,0,0,0,0,0,0,0,1000.0,0,0,0,0,2.42,39.1,-1.0,0,39.1,0.0,39.1,0.0,0.0,0.0,296.01,-0.01
12/20/2024,17:13:17,0.0,0.0,404.0,39.1,0.0,0.0,0.0,0.0,-0.01,0,1.21,2.42,0,0.0,0,296.05,0,0,0,0,0,0,0,0,0,1000.0,0,0,0,0,2.42,39.1,-1.0,0,39.1,0.0,39.1,0.0,0.0,0.0,296.05,-0.01
12/20/2024,17:13:18,0.0,0.0,404.0,39.1,0.0,0.0,0.0,0.0,-0.01,0,1.21,2.42,0,0.0,0,296.09,0,0,0,0,0,0,0,0,0,1000.0,0,0,0,0,2.42,39.1,-1.0,0,39.1,0.0,39.1,0.0,0.0,0.0,296.09,-0.01
12/20/2024,17:13:19,0.0,0.0,404.0,39.1,0.0,0.0,0.0,0.0,-0.01,0,1.21,2.42,0,0.0,0,296.12,0,0,0,0,0,0,0,0,0,1000.0,0,0,0,0,2.42,39.1,-1.0,0,39.1,0.0,39.1,0.0,0.0,0.0,296.12,-0.01
12/20/2024,17:13:20,0.0,0.0,404.0,39.1,0.0,0.0,0.0,0.0,-0.01,0,1.21,2.42,0,0.0,0,296.16,0,0,0,0,0,0,0,0,0,1000.0,0,0,0,0,2.42,39.1,-1.0,0,39.1,0.0,39.1,0.0,0.0,0.0,296.16,-0.01
12/20/2024,17:13:21,0.0,0.0,404.0,39.1,0.0,0.0,0.0,0.0,-0.01,0,1.21,2.42,0,0.0,0,296.2,0,0,0,0,0,0,0,0,0,1000.0,0,0,0,0,2.42,39.1,-1.0,0,39.1,0.0,39.1,0.0,0.0,0.0,296.2,-0.01
12/20/2024,17:13:22,0.0,0.0,404.0,39.1,0.0,0.0,0.0,0.0,-0.01,0,1.21,2.42,0,0.0,0,296.24,0,0,0,0,0,0,0,0,0,1000.0,0,0,0,0,2.42,39.1,-1.0,0,39.1,0.0,39.1,0.0,0.0,0.0,296.24,-0.01
12/20/2024,17:13:23,0.0,0.0,404.0,39.1,0.0,0.0,0.0,0.0,-0.01,0,1.21,2.42,0,0.0,0,296.28,0,0,0,0,0,0,0,0,0,1000.0,0,0,0,0,2.42,39.1,-1.0,0,39.1,0.0,39.1,0.0,0.0,0.0,296.28,-0.01
12/20/2024,17:13:24,0.0,0.0,404.0,39.1,0.0,0.0,0.0,0.0,-0.01,0,1.21,2.42,0,0.0,0,296.32,0,0,0,0,0,0,0,0,0,1000.0,0,0,0,0,2.42,39.1,-1.0,0,39.1,0.0,39.1,0.0,0.0,0.0,296.32,-0.01
12/20/2024,17:13:25,0.0,0.0,404.0,39.1,0.0,0.0,0.0,0.0,-0.01,0,1.21,2.42,0,0.0,0,296.36,0,0,0,0,0,0,0,0,0,1000.0,0,0,0,0,2.42,39.1,-1.0,0,39.1,0.0,39.1,0.0,0.0,0.0,296.36,-0.01
12/20/2024,17:13:26,0.0,0.0,404.0,39.1,0.0,0.0,0.0,0.0,-0.01,0,1.21,2.42,0,0.0,0,296.4,0,0,0,0,0,0,0,0,0,1000.0,0,0,0,0,2.42,39.1,-1.0,0,39.1,0.0,39.1,0.0,0.0,0.0,296.4,-0.01
12/20/2024,17:13:27,0.0,0.0,404.0,39.1,0.0,0.0,0.0,0.0,-0.01,0,1.21,2.42,0,0.0,0,296.44,0,0,0,0,0,0,0,0,0,1000.0,0,0,0,0,2.42,39.1,-1.0,0,39.1,0.0,39.1,0.0,0.0,0.0,296.44,-0.01
12/20/2024,17:13:28,0.0,0.0,404.0,39.1,0.0,0.0,0.0,0.0,-0.01,0,1.21,2.42,0,0.0,0,296.48,0,0,0,0,0,0,0,0,0,1000.0,0,0,0,0,2.42,39.1,-1.0,0,39.1,0.0,39.1,0.0,0.0,0.0,296.48,-0.01
12/20/2024,17:13:29,0.0,0.0,404.0,39.1,0.0,0.0,0.0,0.0,-0.01,0,1.21,2.42,0,0.0,0,296.52,0,0,0,0,0,0,0,0,0,1000.0,0,0,0,0,2.42,39.1,-1.0,0,39.1,0.0,39.1,0.0,0.0,0.0,296.52,-0.01
12/20/2024,17:13:30,0.0,0.0,404.0,39.1,0.0,0.0,0.0,0.0,-0.01,0,1.21,2.42,0,0.0,0,296.55,0,0,0,0,0,0,0,0,0,1000.0,0,0,0,0,2.42,39.1,-1.0,0,39.1,0.0,39.1,0.0,0.0,0.0,296.55,-0.01
12/20/2024,17:13:31,0.0,0.0,404.0,39.1,0.0,0.0,0.0,0.0,-0.01,0,1.21,2.42,0,0.0,0,296.59,0,0,0,0,0,0,0,0,0,1000.0,0,0,0,0,2.42,39.1,-1.0,0,39.1,0.0,39.1,0.0,0.0,0.0,296.59,-0.01
12/20/2024,17:13:32,0.0,0.0,404.0,39.1,0.0,0.0,0.0,0.0,-0.01,0,1.21,2.42,0,0.0,0,296.63,0,0,0,0,0,0,0,0,0,1000.0,0,0,0,0,2.42,39.1,-1.0,0,39.1,0.0,39.1,0.0,0.0,0.0,296.63,-0.01
12/20/2024,17:13:33,0.0,0.0,404.0,39.1,0.0,0.0,0.0,0.0,-0.01,0,1.21,2.42,0,0.0,0,296.67,0,0,0,0,0,0,0,0,0,1000.0,0,0,0,0,2.42,39.1,-1.0,0,39.1,0.0,39.1,0.0,0.0,0.0,296.67,-0.01
12/20/2024,17:13:34,0.0,0.0,404.0,39.1,0.0,0.0,0.0,0.0,-0.01,0,1.21,2.42,0,0.0,0,296.71,0,0,0,0,0,0,0,0,0,1000.0,0,0,0,0,2.42,39.1,-1.0,0,39.1,0.0,39.1,0.0,0.0,0.0,296.71,-0.01
12/20/2024,17:13:35,0.0,0.0,404.0,39.1,0.0,0.0,0.0,0.0,-0.01,0,1.21,2.42,0,0.0,0,296.75,0,0,0,0,0,0,0,0,0,1000.0,0,0,0,0,2.42,39.1,-1.0,0,39.1,0.0,39.1,0.0,0.0,0.0,296.75,-0.01
12/20/2024,17:13:36,0.0,0.0,404.0,39.1,0.0,0.0,0.0,0.0,-0.01,0,1.21,2.42,0,0.0,0,296.79,0,0,0,0,0,0,0,0,0,1000.0,0,0,0,0,2.42,39.1,-1.0,0,39.1,0.0,39.1,0.0,0.0,0.0,296.79,-0.01
12/20/2024,17:13:37,0.0,0.0,404.0,39.1,0.0,0.0,0.0,0.0,-0.01,0,1.21,2.42,0,0.0,0,296.83,0,0,0,0,0,0,0,0,0,1000.0,0,0,0,0,2.42,39.1,-1.0,0,39.1,0.0,39.1,0.0,0.0,0.0,296.83,-0.01
12/20/2024,17:13:38,0.0,0.0,404.0,39.1,0.0,0.0,0.0,0.0,-0.01,0,1.21,2.42,0,0.0,0,296.87,0,0,0,0,0,0,0,0,0,1000.0,0,0,0,0,2.42,39.1,-1.0,0,39.1,0.0,39.1,0.0,0.0,0.0,296.87,-0.01
12/20/2024,17:13:39,0.0,0.0,404.0,39.1,0.0,0.0,0.0,0.0,-0.01,0,1.21,2.42,0,0.0,0,296.91,0,0,0,0,0,0,0,0,0,1000.0,0,0,0,0,2.42,39.1,-1.0,0,39.1,0.0,39.1,0.0,0.0,0.0,296.91,-0.01
12/20/2024,17:13:40,0.0,0.0,404.0,39.1,0.0,0.0,0.0,0.0,-0.01,0,1.21,2.42,0,0.0,0,296.95,0,0,0,0,0,0,0,0,0,1000.0,0,0,0,0,2.42,39.1,-1.0,0,39.1,0.0,39.1,0.0,0.0,0.0,296.95,-0.01
12/20/2024,17:13:41,0.0,0.0,404.0,39.1,0.0,0.0,0.0,0.0,-0.01,0,1.21,2.42,0,0.0,0,296.95,0,0,0,0,0,0,0,0,0,1000.0,0,0,0,0,2.42,39.1,-1.0,0,39.1,0.0,39.1,0.0,0.0,0.0,296.95,-0.01
12/20/2024,17:13:42,0.0,0.0,404.0,39.1,0.0,0.0,0.0,0.0,-0.01,0,1.21,2.42,0,0.0,0,297.02,0,0,0,0,0,0,0,0,0,1000.0,0,0,0,0,2.42,39.1,-1.0,0,39.1,0.0,39.1,0.0,0.0,0.0,297.02,-0.01
12/20/2024,17:13:43,0.0,0.0,404.0,39.1,0.0,0.0,0.0,0.0,-0.01,0,1.21,2.42,0,0.0,0,297.02,0,0,0,0,0,0,0,0,0,1000.0,0,0,0,0,2.42,39.1,-1.0,0,39.1,0.0,39.1,0.0,0.0,0.0,297.02,-0.01
12/20/2024,17:13:44,0.0,0.0,404.0,39.1,0.0,0.0,0.0,0.0,-0.01,0,1.21,2.42,0,0.0,0,297.1,0,0,0,0,0,0,0,0,0,1000.0,0,0,0,0,2.42,39.1,-1.0,0,39.1,0.0,39.1,0.0,0.0,0.0,297.1,-0.01
12/20/2024,17:13:45,0.0,0.0,404.0,39.1,0.0,0.0,0.0,0.0,-0.01,0,1.21,2.42,0,0.0,0,297.1,0,0,0,0,0,0,0,0,0,1000.0,0,0,0,0,2.42,39.1,-1.0,0,39.1,0.0,39.1,0.0,0.0,0.0,297.1,-0.01
12/20/2024,17:13:46,0.0,0.0,404.0,39.1,0.0,0.0,0.0,0.0,-0.01,0,1.21,2.42,0,0.0,0,297.18,0,0,0,0,0,0,0,0,0,1000.0,0,0,0,0,2.42,39.1,-1.0,0,39.1,0.0,39.1,0.0,0.0,0.0,297.18,-0.01
12/20/2024,17:13:47,0.0,0.0,404.0,39.1,0.0,0.0,0.0,0.0,-0.01,0,1.21,2.42,0,0.0,0,297.22,0,0,0,0,0,0,0,0,0,1000.0,0,0,0,0,2.42,39.1,-1.0,0,39.1,0.0,39.1,0.0,0.0,0.0,297.22,-0.01
12/20/2024,17:13:48,0.0,0.0,404.0,39.1,0.0,0.0,0.0,0.0,-0.01,0,1.21,2.42,0,0.0,0,297.26,0,0,0,0,0,0,0,0,0,1000.0,0,0,0,0,2.42,39.1,-1.0,0,39.1,0.0,39.1,0.0,0.0,0.0,297.26,-0.01
12/20/2024,17:13:49,0.0,0.0,404.0,39.1,0.0,0.0,0.0,0.0,-0.01,0,1.21,2.42,0,0.0,0,297.3,0,0,0,0,0,0,0,0,0,1000.0,0,0,0,0,2.42,39.1,-1.0,0,39.1,0.0,39.1,0.0,0.0,0.0,297.3,-0.01
12/20/2024,17:13:50,0.0,0.0,404.0,39.1,0.0,0.0,0.0,0.0,-0.01,0,1.21,2.42,0,0.0,0,297.3,0,0,0,0,0,0,0,0,0,1000.0,0,0,0,0,2.42,39.1,-1.0,0,39.1,0.0,39.1,0.0,0.0,0.0,297.3,-0.01
12/20/2024,17:13:51,0.0,0.0,404.0,39.1,0.0,0.0,0.0,0.0,-0.01,0,1.21,2.42,0,0.0,0,297.38,0,0,0,0,0,0,0,0,0,1000.0,0,0,0,0,2.42,39.1,-1.0,0,39.1,0.0,39.1,0.0,0.0,0.0,297.38,-0.01
12/20/2024,17:13:52,0.0,0.0,404.0,39.1,0.0,0.0,0.0,0.0,-0.01,0,1.21,2.42,0,0.0,0,297.38,0,0,0,0,0,0,0,0,0,1000.0,0,0,0,0,2.42,39.1,-1.0,0,39.1,0.0,39.1,0.0,0.0,0.0,297.38,-0.01
12/20/2024,17:13:53,0.0,0.0,404.0,39.1,0.0,0.0,0.0,0.0,-0.01,0,1.21,2.42,0,0.0,0,297.45,0,0,0,0,0,0,0,0,0,1000.0,0,0,0,0,2.42,39.1,-1.0,0,39.1,0.0,39.1,0.0,0.0,0.0,297.45,-0.01
12/20/2024,17:13:54,0.0,0.0,404.0,39.1,0.0,0.0,0.0,0.0,-0.01,0,1.21,2.42,0,0.0,0,297.45,0,0,0,0,0,0,0,0,0,1000.0,0,0,0,0,2.42,39.1,-1.0,0,39.1,0.0,39.1,0.0,0.0,0.0,297.45,-0.01
12/20/2024,17:13:55,0.0,0.0,404.0,39.1,0.0,0.0,0.0,0.0,-0.01,0,1.21,2.42,0,0.0,0,297.49,0,0,0,0,0,0,0,0,0,1000.0,0,0,0,0,2.42,39.1,-1.0,0,39.1,0.0,39.1,0.0,0.0,0.0,297.49,-0.01
12/20/2024,17:13:56,0.0,0.0,404.0,39.1,0.0,0.0,0.0,0.0,-0.01,0,1.21,2.42,0,0.0,0,297.53,0,0,0,0,0,0,0,0,0,1000.0,0,0,0,0,2.42,39.1,-1.0,0,39.1,0.0,39.1,0.0,0.0,0.0,297.53,-0.01
12/20/2024,17:13:57,0.0,0.0,404.0,39.1,0.0,0.0,0.0,0.0,-0.01,0,1.21,2.42,0,0.0,0,297.57,0,0,0,0,0,0,0,0,0,1000.0,0,0,0,0,2.42,39.1,-1.0,0,39.1,0.0,39.1,0.0,0.0,0.0,297.57,-0.01
12/20/2024,17:13:58,0.0,0.0,404.0,39.1,0.0,0.0,0.0,0.0,-0.01,0,1.21,2.42,0,0.0,0,297.61,0,0,0,0,0,0,0,0,0,1000.0,0,0,0,0,2.42,39.1,-1.0,0,39.1,0.0,39.1,0.0,0.0,0.0,297.61,-0.01
12/20/2024,17:13:59,0.0,0.0,404.0,39.1,0.0,0.0,0.0,0.0,-0.01,0,1.21,2.42,0,0.0,0,297.65,0,0,0,0,0,0,0,0,0,1000.0,0,0,0,0,2.42,39.1,-1.0,0,39.1,0.0,39.1,0.0,0.0,0.0,297.65,-0.01
12/20/2024,17:14:0,0.0,0.0,404.0,39.1,0.0,0.0,0.0,0.0,-0.01,0,1.21,2.42,0,0.0,0,297.69,0,0,0,0,0,0,0,0,0,1000.0,0,0,0,0,2.42,39.1,-1.0,0,39.1,0.0,39.1,0.0,0.0,0.0,297.69,-0.01
12/20/2024,17:14:1,0.0,0.0,404.0,39.1,0.0,0.0,0.0,0.0,-0.01,0,1.21,2.42,0,0.0,0,297.73,0,0,0,0,0,0,0,0,0,1000.0,0,0,0,0,2.42,39.1,-1.0,0,39.1,0.0,39.1,0.0,0.0,0.0,297.73,-0.01
12/20/2024,17:14:2,0.0,0.0,404.0,39.1,0.0,0.0,0.0,0.0,-0.01,0,1.21,2.42,0,0.0,0,297.77,0,0,0,0,0,0,0,0,0,1000.0,0,0,0,0,2.42,39.1,-1.0,0,39.1,0.0,39.1,0.0,0.0,0.0,297.77,-0.01
12/20/2024,17:14:3,0.0,0.0,404.0,39.1,0.0,0.0,0.0,0.0,-0.01,0,1.21,2.42,0,0.0,0,297.81,0,0,0,0,0,0,0,0,0,1000.0,0,0,0,0,2.42,39.1,-1.0,0,39.1,0.0,39.1,0.0,0.0,0.0,297.81,-0.01
12/20/2024,17:14:4,0.0,0.0,404.0,39.1,0.0,0.0,0.0,0.0,-0.01,0,1.21,2.42,0,0.0,0,297.84,0,0,0,0,0,0,0,0,0,1000.0,0,0,0,0,2.42,39.1,-1.0,0,39.1,0.0,39.1,0.0,0.0,0.0,297.84,-0.01
12/20/2024,17:14:5,0.0,0.0,404.0,39.1,0.0,0.0,0.0,0.0,-0.01,0,1.21,2.42,0,0.0,0,297.88,0,0,0,0,0,0,0,0,0,1000.0,0,0,0,0,2.42,39.1,-1.0,0,39.1,0.0,39.1,0.0,0.0,0.0,297.88,-0.01
12/20/2024,17:14:6,0.0,0.0,404.0,39.1,0.0,0.0,0.0,0.0,-0.01,0,1.21,2.42,0,0.0,0,297.92,0,0,0,0,0,0,0,0,0,1000.0,0,0,0,0,2.42,39.1,-1.0,0,39.1,0.0,39.1,0.0,0.0,0.0,297.92,-0.01
12/20/2024,17:14:7,0.0,0.0,404.0,39.1,0.0,0.0,0.0,0.0,-0.01,0,1.21,2.42,0,0.0,0,297.96,0,0,0,0,0,0,0,0,0,1000.0,0,0,0,0,2.42,39.1,-1.0,0,39.1,0.0,39.1,0.0,0.0,0.0,297.96,-0.01
12/20/2024,17:14:8,0.0,0.0,404.0,39.1,0.0,0.0,0.0,0.0,-0.01,0,1.21,2.42,0,0.0,0,298.04,0,0,0,0,0,0,0,0,0,1000.0,0,0,0,0,2.42,39.1,-1.0,0,39.1,0.0,39.1,0.0,0.0,0.0,298.04,-0.01
12/20/2024,17:14:9,0.0,0.0,404.0,39.1,0.0,0.0,0.0,0.0,-0.01,0,1.21,2.42,0,0.0,0,298.08,0,0,0,0,0,0,0,0,0,1000.0,0,0,0,0,2.42,39.1,-1.0,0,39.1,0.0,39.1,0.0,0.0,0.0,298.08,-0.01
12/20/2024,17:14:10,0.0,0.0,404.0,39.1,0.0,0.0,0.0,0.0,-0.01,0,1.21,2.42,0,0.0,0,298.12,0,0,0,0,0,0,0,0,0,1000.0,0,0,0,0,2.42,39.1,-1.0,0,39.1,0.0,39.1,0.0,0.0,0.0,298.12,-0.01
12/20/2024,17:14:11,0.0,0.0,404.0,39.1,0.0,0.0,0.0,0.0,-0.01,0,1.21,2.42,0,0.0,0,298.16,0,0,0,0,0,0,0,0,0,1000.0,0,0,0,0,2.42,39.1,-1.0,0,39.1,0.0,39.1,0.0,0.0,0.0,298.16,-0.01
12/20/2024,17:14:12,0.0,0.0,404.0,39.1,0.0,0.0,0.0,0.0,-0.01,0,1.21,2.42,0,0.0,0,298.2,0,0,0,0,0,0,0,0,0,1000.0,0,0,0,0,2.42,39.1,-1.0,0,39.1,0.0,39.1,0.0,0.0,0.0,298.2,-0.01
12/20/2024,17:14:13,0.0,0.0,404.0,39.1,0.0,0.0,0.0,0.0,-0.01,0,1.21,2.42,0,0.0,0,298.24,0,0,0,0,0,0,0,0,0,1000.0,0,0,0,0,2.42,39.1,-1.0,0,39.1,0.0,39.1,0.0,0.0,0.0,298.24,-0.01
12/20/2024,17:14:14,0.0,0.0,404.0,39.1,0.0,0.0,0.0,0.0,-0.01,0,1.21,2.42,0,0.0,0,298.27,0,0,0,0,0,0,0,0,0,1000.0,0,0,0,0,2.42,39.1,-1.0,0,39.1,0.0,39.1,0.0,0.0,0.0,298.27,-0.01
12/20/2024,17:14:15,0.0,0.0,404.0,39.1,0.0,0.0,0.0,0.0,-0.01,0,1.21,2.42,0,0.0,0,298.31,0,0,0,0,0,0,0,0,0,1000.0,0,0,0,0,2.42,39.1,-1.0,0,39.1,0.0,39.1,0.0,0.0,0.0,298.31,-0.01
12/20/2024,17:14:16,0.0,0.0,404.0,39.1,0.0,0.0,0.0,0.0,-0.01,0,1.21,2.42,0,0.0,0,298.35,0,0,0,0,0,0,0,0,0,1000.0,0,0,0,0,2.42,39.1,-1.0,0,39.1,0.0,39.1,0.0,0.0,0.0,298.35,-0.01
12/20/2024,17:14:17,0.0,0.0,404.0,39.1,0.0,0.0,0.0,0.0,-0.01,0,1.21,2.42,0,0.0,0,298.39,0,0,0,0,0,0,0,0,0,1000.0,0,0,0,0,2.42,39.1,-1.0,0,39.1,0.0,39.1,0.0,0.0,0.0,298.39,-0.01
12/20/2024,17:14:18,0.0,0.0,404.0,39.1,0.0,0.0,0.0,0.0,-0.01,0,1.21,2.42,0,0.0,0,298.43,0,0,0,0,0,0,0,0,0,1000.0,0,0,0,0,2.42,39.1,-1.0,0,39.1,0.0,39.1,0.0,0.0,0.0,298.43,-0.01
12/20/2024,17:14:19,0.0,0.0,404.0,39.1,0.0,0.0,0.0,0.0,-0.01,0,1.21,2.42,0,0.0,0,298.47,0,0,0,0,0,0,0,0,0,1000.0,0,0,0,0,2.42,39.1,-1.0,0,39.1,0.0,39.1,0.0,0.0,0.0,298.47,-0.01
12/20/2024,17:14:20,0.0,0.0,404.0,39.1,0.0,0.0,0.0,0.0,-0.01,0,1.21,2.42,0,0.0,0,298.51,0,0,0,0,0,0,0,0,0,1000.0,0,0,0,0,2.42,39.1,-1.0,0,39.1,0.0,39.1,0.0,0.0,0.0,298.51,-0.01
12/20/2024,17:14:21,0.0,0.0,404.0,39.1,0.0,0.0,0.0,0.0,-0.01,0,1.21,2.42,0,0.0,0,298.55,0,0,0,0,0,0,0,0,0,1000.0,0,0,0,0,2.42,39.1,-1.0,0,39.1,0.0,39.1,0.0,0.0,0.0,298.55,-0.01
12/20/2024,17:14:22,0.0,0.0,404.0,39.1,0.0,0.0,0.0,0.0,-0.01,0,1.21,2.42,0,0.0,0,298.59,0,0,0,0,0,0,0,0,0,1000.0,0,0,0,0,2.42,39.1,-1.0,0,39.1,0.0,39.1,0.0,0.0,0.0,298.59,-0.01
12/20/2024,17:14:23,0.0,0.0,404.0,39.1,0.0,0.0,0.0,0.0,-0.01,0,1.21,2.42,0,0.0,0,298.63,0,0,0,0,0,0,0,0,0,1000.0,0,0,0,0,2.42,39.1,-1.0,0,39.1,0.0,39.1,0.0,0.0,0.0,298.63,-0.01
12/20/2024,17:14:24,0.0,0.0,404.0,39.1,0.0,0.0,0.0,0.0,-0.01,0,1.21,2.42,0,0.0,0,298.63,0,0,0,0,0,0,0,0,0,1000.0,0,0,0,0,2.42,39.1,-1.0,0,39.1,0.0,39.1,0.0,0.0,0.0,298.63,-0.01
12/20/2024,17:14:25,0.0,0.0,404.0,39.1,0.0,0.0,0.0,0.0,-0.01,0,1.21,2.42,0,0.0,0,298.7,0,0,0,0,0,0,0,0,0,1000.0,0,0,0,0,2.42,39.1,-1.0,0,39.1,0.0,39.1,0.0,0.0,0.0,298.7,-0.01
12/20/2024,17:14:26,0.0,0.0,404.0,39.1,0.0,0.0,0.0,0.0,-0.01,0,1.21,2.42,0,0.0,0,298.7,0,0,0,0,0,0,0,0,0,1000.0,0,0,0,0,2.42,39.1,-1.0,0,39.1,0.0,39.1,0.0,0.0,0.0,298.7,-0.01
12/20/2024,17:14:27,0.0,0.0,404.0,39.1,0.0,0.0,0.0,0.0,-0.01,0,1.21,2.42,0,0.0,0,298.78,0,0,0,0,0,0,0,0,0,1000.0,0,0,0,0,2.42,39.1,-1.0,0,39.1,0.0,39.1,0.0,0.0,0.0,298.78,-0.01
12/20/2024,17:14:28,0.0,0.0,404.0,39.1,0.0,0.0,0.0,0.0,-0.01,0,1.21,2.42,0,0.0,0,298.78,0,0,0,0,0,0,0,0,0,1000.0,0,0,0,0,2.42,39.1,-1.0,0,39.1,0.0,39.1,0.0,0.0,0.0,298.78,-0.01
12/20/2024,17:14:29,0.0,0.0,404.0,39.1,0.0,0.0,0.0,0.0,-0.01,0,1.21,2.42,0,0.0,0,298.86,0,0,0,0,0,0,0,0,0,1000.0,0,0,0,0,2.42,39.1,-1.0,0,39.1,0.0,39.1,0.0,0.0,0.0,298.86,-0.01
12/20/2024,17:14:30,0.0,0.0,404.0,39.1,0.0,0.0,0.0,0.0,-0.01,0,1.21,2.42,0,0.0,0,298.86,0,0,0,0,0,0,0,0,0,1000.0,0,0,0,0,2.42,39.1,-1.0,0,39.1,0.0,39.1,0.0,0.0,0.0,298.86,-0.01
12/20/2024,17:14:31,0.0,0.0,404.0,39.1,0.0,0.0,0.0,0.0,-0.01,0,1.21,2.42,0,0.0,0,298.94,0,0,0,0,0,0,0,0,0,1000.0,0,0,0,0,2.42,39.1,-1.0,0,39.1,0.0,39.1,0.0,0.0,0.0,298.94,-0.01
12/20/2024,17:14:32,0.0,0.0,404.0,39.1,0.0,0.0,0.0,0.0,-0.01,0,1.21,2.42,0,0.0,0,298.94,0,0,0,0,0,0,0,0,0,1000.0,0,0,0,0,2.42,39.1,-1.0,0,39.1,0.0,39.1,0.0,0.0,0.0,298.94,-0.01
12/20/2024,17:14:33,0.0,0.0,404.0,39.1,0.0,0.0,0.0,0.0,-0.01,0,1.21,2.42,0,0.0,0,299.02,0,0,0,0,0,0,0,0,0,1000.0,0,0,0,0,2.42,39.1,-1.0,0,39.1,0.0,39.1,0.0,0.0,0.0,299.02,-0.01
12/20/2024,17:14:34,0.0,0.0,404.0,39.1,0.0,0.0,0.0,0.0,-0.01,0,1.21,2.42,0,0.0,0,299.02,0,0,0,0,0,0,0,0,0,1000.0,0,0,0,0,2.42,39.1,-1.0,0,39.1,0.0,39.1,0.0,0.0,0.0,299.02,-0.01
12/20/2024,17:14:35,0.0,0.0,404.0,39.1,0.0,0.0,0.0,0.0,-0.01,0,1.21,2.42,0,0.0,0,299.1,0,0,0,0,0,0,0,0,0,1000.0,0,0,0,0,2.42,39.1,-1.0,0,39.1,0.0,39.1,0.0,0.0,0.0,299.1,-0.01
12/20/2024,17:14:36,0.0,0.0,404.0,39.1,0.0,0.0,0.0,0.0,-0.01,0,1.21,2.42,0,0.0,0,299.1,0,0,0,0,0,0,0,0,0,1000.0,0,0,0,0,2.42,39.1,-1.0,0,39.1,0.0,39.1,0.0,0.0,0.0,299.1,-0.01
12/20/2024,17:14:37,0.0,0.0,404.0,39.1,0.0,0.0,0.0,0.0,-0.01,0,1.21,2.42,0,0.0,0,299.17,0,0,0,0,0,0,0,0,0,1000.0,0,0,0,0,2.42,39.1,-1.0,0,39.1,0.0,39.1,0.0,0.0,0.0,299.17,-0.01
12/20/2024,17:14:38,0.0,0.0,404.0,39.1,0.0,0.0,0.0,0.0,-0.01,0,1.21,2.42,0,0.0,0,299.17,0,0,0,0,0,0,0,0,0,1000.0,0,0,0,0,2.42,39.1,-1.0,0,39.1,0.0,39.1,0.0,0.0,0.0,299.17,-0.01
12/20/2024,17:14:39,0.0,0.0,404.0,39.1,0.0,0.0,0.0,0.0,-0.01,0,1.21,2.42,0,0.0,0,299.25,0,0,0,0,0,0,0,0,0,1000.0,0,0,0,0,2.42,39.1,-1.0,0,39.1,0.0,39.1,0.0,0.0,0.0,299.25,-0.01
12/20/2024,17:14:40,0.0,0.0,404.0,39.1,0.0,0.0,0.0,0.0,-0.01,0,1.21,2.42,0,0.0,0,299.25,0,0,0,0,0,0,0,0,0,1000.0,0,0,0,0,2.42,39.1,-1.0,0,39.1,0.0,39.1,0.0,0.0,0.0,299.25,-0.01
12/20/2024,17:14:41,0.0,0.0,404.0,39.1,0.0,0.0,0.0,0.0,-0.01,0,1.21,2.42,0,0.0,0,299.33,0,0,0,0,0,0,0,0,0,1000.0,0,0,0,0,2.42,39.1,-1.0,0,39.1,0.0,39.1,0.0,0.0,0.0,299.33,-0.01
12/20/2024,17:14:42,0.0,0.0,404.0,39.1,0.0,0.0,0.0,0.0,-0.01,0,1.21,2.42,0,0.0,0,299.33,0,0,0,0,0,0,0,0,0,1000.0,0,0,0,0,2.42,39.1,-1.0,0,39.1,0.0,39.1,0.0,0.0,0.0,299.33,-0.01
12/20/2024,17:14:43,0.0,0.0,404.0,39.1,0.0,0.0,0.0,0.0,-0.01,0,1.21,2.42,0,0.0,0,299.41,0,0,0,0,0,0,0,0,0,1000.0,0,0,0,0,2.42,39.1,-1.0,0,39.1,0.0,39.1,0.0,0.0,0.0,299.41,-0.01
12/20/2024,17:14:44,0.0,0.0,404.0,39.1,0.0,0.0,0.0,0.0,-0.01,0,1.21,2.42,0,0.0,0,299.41,0,0,0,0,0,0,0,0,0,1000.0,0,0,0,0,2.42,39.1,-1.0,0,39.1,0.0,39.1,0.0,0.0,0.0,299.41,-0.01
12/20/2024,17:14:45,0.0,0.0,404.0,39.1,0.0,0.0,0.0,0.0,-0.01,0,1.21,2.42,0,0.0,0,299.49,0,0,0,0,0,0,0,0,0,1000.0,0,0,0,0,2.42,39.1,-1.0,0,39.1,0.0,39.1,0.0,0.0,0.0,299.49,-0.01
12/20/2024,17:14:46,0.0,0.0,404.0,39.1,0.0,0.0,0.0,0.0,-0.01,0,1.21,2.42,0,0.0,0,299.49,0,0,0,0,0,0,0,0,0,1000.0,0,0,0,0,2.42,39.1,-1.0,0,39.1,0.0,39.1,0.0,0.0,0.0,299.49,-0.01
12/20/2024,17:14:47,0.0,0.0,404.0,39.1,0.0,0.0,0.0,0.0,-0.01,0,1.21,2.42,0,0.0,0,299.53,0,0,0,0,0,0,0,0,0,1000.0,0,0,0,0,2.42,39.1,-1.0,0,39.1,0.0,39.1,0.0,0.0,0.0,299.53,-0.01
12/20/2024,17:14:48,0.0,0.0,404.0,39.1,0.0,0.0,0.0,0.0,-0.01,0,1.21,2.42,0,0.0,0,299.56,0,0,0,0,0,0,0,0,0,1000.0,0,0,0,0,2.42,39.1,-1.0,0,39.1,0.0,39.1,0.0,0.0,0.0,299.56,-0.01
12/20/2024,17:14:49,0.0,0.0,404.0,39.1,0.0,0.0,0.0,0.0,-0.01,0,1.21,2.42,0,0.0,0,299.64,0,0,0,0,0,0,0,0,0,1000.0,0,0,0,0,2.42,39.1,-1.0,0,39.1,0.0,39.1,0.0,0.0,0.0,299.64,-0.01
12/20/2024,17:14:50,0.0,0.0,404.0,39.1,0.0,0.0,0.0,0.0,-0.01,0,1.21,2.42,0,0.0,0,299.64,0,0,0,0,0,0,0,0,0,1000.0,0,0,0,0,2.42,39.1,-1.0,0,39.1,0.0,39.1,0.0,0.0,0.0,299.64,-0.01
12/20/2024,17:14:51,0.0,0.0,404.0,39.1,0.0,0.0,0.0,0.0,-0.01,0,1.21,2.42,0,0.0,0,299.72,0,0,0,0,0,0,0,0,0,1000.0,0,0,0,0,2.42,39.1,-1.0,0,39.1,0.0,39.1,0.0,0.0,0.0,299.72,-0.01
12/20/2024,17:14:52,0.0,0.0,404.0,39.1,0.0,0.0,0.0,0.0,-0.01,0,1.21,2.42,0,0.0,0,299.72,0,0,0,0,0,0,0,0,0,1000.0,0,0,0,0,2.42,39.1,-1.0,0,39.1,0.0,39.1,0.0,0.0,0.0,299.72,-0.01
12/20/2024,17:14:53,0.0,0.0,404.0,39.1,0.0,0.0,0.0,0.0,-0.01,0,1.21,2.42,0,0.0,0,299.8,0,0,0,0,0,0,0,0,0,1000.0,0,0,0,0,2.42,39.1,-1.0,0,39.1,0.0,39.1,0.0,0.0,0.0,299.8,-0.01
12/20/2024,17:14:54,0.0,0.0,404.0,39.1,0.0,0.0,0.0,0.0,-0.01,0,1.21,2.42,0,0.0,0,299.84,0,0,0,0,0,0,0,0,0,1000.0,0,0,0,0,2.42,39.1,-1.0,0,39.1,0.0,39.1,0.0,0.0,0.0,299.84,-0.01
12/20/2024,17:14:55,0.0,0.0,404.0,39.1,0.0,0.0,0.0,0.0,-0.01,0,1.21,2.42,0,0.0,0,299.88,0,0,0,0,0,0,0,0,0,1000.0,0,0,0,0,2.42,39.1,-1.0,0,39.1,0.0,39.1,0.0,0.0,0.0,299.88,-0.01
12/20/2024,17:14:56,0.0,0.0,404.0,39.1,0.0,0.0,0.0,0.0,-0.01,0,1.21,2.42,0,0.0,0,299.92,0,0,0,0,0,0,0,0,0,1000.0,0,0,0,0,2.42,39.1,-1.0,0,39.1,0.0,39.1,0.0,0.0,0.0,299.92,-0.01
12/20/2024,17:14:57,0.0,0.0,404.0,39.1,0.0,0.0,0.0,0.0,-0.01,0,1.21,2.42,0,0.0,0,299.96,0,0,0,0,0,0,0,0,0,1000.0,0,0,0,0,2.42,39.1,-1.0,0,39.1,0.0,39.1,0.0,0.0,0.0,299.96,-0.01
12/20/2024,17:14:58,0.0,0.0,404.0,39.1,0.0,0.0,0.0,0.0,-0.01,0,1.21,2.42,0,0.0,0,299.99,0,0,0,0,0,0,0,0,0,1000.0,0,0,0,0,2.42,39.1,-1.0,0,39.1,0.0,39.1,0.0,0.0,0.0,299.99,-0.01
12/20/2024,17:14:59,0.0,0.0,404.0,39.1,0.0,0.0,0.0,0.0,-0.01,0,1.21,2.42,0,0.0,0,300.03,0,0,0,0,0,0,0,0,0,1000.0,0,0,0,0,2.42,39.1,-1.0,0,39.1,0.0,39.1,0.0,0.0,0.0,300.03,-0.01
12/20/2024,17:15:0,0.0,0.0,404.0,39.1,0.0,0.0,0.0,0.0,-0.01,0,1.21,2.42,0,0.0,0,300.07,0,0,0,0,0,0,0,0,0,1000.0,0,0,0,0,2.42,39.1,-1.0,0,39.1,0.0,39.1,0.0,0.0,0.0,300.07,-0.01
12/20/2024,17:15:1,0.0,0.0,404.0,39.1,0.0,0.0,0.0,0.0,-0.01,0,1.21,2.42,0,0.0,0,300.11,0,0,0,0,0,0,0,0,0,1000.0,0,0,0,0,2.42,39.1,-1.0,0,39.1,0.0,39.1,0.0,0.0,0.0,300.11,-0.01
12/20/2024,17:15:2,0.0,0.0,404.0,39.1,0.0,0.0,0.0,0.0,-0.01,0,1.21,2.42,0,0.0,0,300.15,0,0,0,0,0,0,0,0,0,1000.0,0,0,0,0,2.42,39.1,-1.0,0,39.1,0.0,39.1,0.0,0.0,0.0,300.15,-0.01
12/20/2024,17:15:3,0.0,0.0,404.0,39.1,0.0,0.0,0.0,0.0,-0.01,0,1.21,2.42,0,0.0,0,300.19,0,0,0,0,0,0,0,0,0,1000.0,0,0,0,0,2.42,39.1,-1.0,0,39.1,0.0,39.1,0.0,0.0,0.0,300.19,-0.01
12/20/2024,17:15:4,0.0,0.0,404.0,39.1,0.0,0.0,0.0,0.0,-0.01,0,1.21,2.42,0,0.0,0,300.23,0,0,0,0,0,0,0,0,0,1000.0,0,0,0,0,2.42,39.1,-1.0,0,39.1,0.0,39.1,0.0,0.0,0.0,300.23,-0.01
12/20/2024,17:15:5,0.0,0.0,404.0,39.1,0.0,0.0,0.0,0.0,-0.01,0,1.21,2.42,0,0.0,0,300.27,0,0,0,0,0,0,0,0,0,1000.0,0,0,0,0,2.42,39.1,-1.0,0,39.1,0.0,39.1,0.0,0.0,0.0,300.27,-0.01
12/20/2024,17:15:6,0.0,0.0,404.0,39.1,0.0,0.0,0.0,0.0,-0.01,0,1.21,2.42,0,0.0,0,300.31,0,0,0,0,0,0,0,0,0,1000.0,0,0,0,0,2.42,39.1,-1.0,0,39.1,0.0,39.1,0.0,0.0,0.0,300.31,-0.01
12/20/2024,17:15:7,0.0,0.0,404.0,39.1,0.0,0.0,0.0,0.0,-0.01,0,1.21,2.42,0,0.0,0,300.35,0,0,0,0,0,0,0,0,0,1000.0,0,0,0,0,2.42,39.1,-1.0,0,39.1,0.0,39.1,0.0,0.0,0.0,300.35,-0.01
12/20/2024,17:15:8,0.0,0.0,404.0,39.1,0.0,0.0,0.0,0.0,-0.01,0,1.21,2.42,0,0.0,0,300.39,0,0,0,0,0,0,0,0,0,1000.0,0,0,0,0,2.42,39.1,-1.0,0,39.1,0.0,39.1,0.0,0.0,0.0,300.39,-0.01
12/20/2024,17:15:9,0.0,0.0,404.0,39.1,0.0,0.0,0.0,0.0,-0.01,0,1.21,2.42,0,0.0,0,300.42,0,0,0,0,0,0,0,0,0,1000.0,0,0,0,0,2.42,39.1,-1.0,0,39.1,0.0,39.1,0.0,0.0,0.0,300.42,-0.01
12/20/2024,17:15:10,0.0,0.0,404.0,39.1,0.0,0.0,0.0,0.0,-0.01,0,1.21,2.42,0,0.0,0,300.46,0,0,0,0,0,0,0,0,0,1000.0,0,0,0,0,2.42,39.1,-1.0,0,39.1,0.0,39.1,0.0,0.0,0.0,300.46,-0.01
12/20/2024,17:15:11,0.0,0.0,404.0,39.1,0.0,0.0,0.0,0.0,-0.01,0,1.21,2.42,0,0.0,0,300.5,0,0,0,0,0,0,0,0,0,1000.0,0,0,0,0,2.42,39.1,-1.0,0,39.1,0.0,39.1,0.0,0.0,0.0,300.5,-0.01
12/20/2024,17:15:12,0.0,0.0,404.0,39.1,0.0,0.0,0.0,0.0,-0.01,0,1.21,2.42,0,0.0,0,300.54,0,0,0,0,0,0,0,0,0,1000.0,0,0,0,0,2.42,39.1,-1.0,0,39.1,0.0,39.1,0.0,0.0,0.0,300.54,-0.01
12/20/2024,17:15:13,0.0,0.0,404.0,39.1,0.0,0.0,0.0,0.0,-0.01,0,1.21,2.42,0,0.0,0,300.58,0,0,0,0,0,0,0,0,0,1000.0,0,0,0,0,2.42,39.1,-1.0,0,39.1,0.0,39.1,0.0,0.0,0.0,300.58,-0.01
12/20/2024,17:15:14,0.0,0.0,404.0,39.1,0.0,0.0,0.0,0.0,-0.01,0,1.21,2.42,0,0.0,0,300.62,0,0,0,0,0,0,0,0,0,1000.0,0,0,0,0,2.42,39.1,-1.0,0,39.1,0.0,39.1,0.0,0.0,0.0,300.62,-0.01
12/20/2024,17:15:15,0.0,0.0,404.0,39.1,0.0,0.0,0.0,0.0,-0.01,0,1.21,2.42,0,0.0,0,300.66,0,0,0,0,0,0,0,0,0,1000.0,0,0,0,0,2.42,39.1,-1.0,0,39.1,0.0,39.1,0.0,0.0,0.0,300.66,-0.01
12/20/2024,17:15:16,0.0,0.0,404.0,39.1,0.0,0.0,0.0,0.0,-0.01,0,1.21,2.42,0,0.0,0,300.7,0,0,0,0,0,0,0,0,0,1000.0,0,0,0,0,2.42,39.1,-1.0,0,39.1,0.0,39.1,0.0,0.0,0.0,300.7,-0.01
12/20/2024,17:15:17,0.0,0.0,404.0,39.1,0.0,0.0,0.0,0.0,-0.01,0,1.21,2.42,0,0.0,0,300.74,0,0,0,0,0,0,0,0,0,1000.0,0,0,0,0,2.42,39.1,-1.0,0,39.1,0.0,39.1,0.0,0.0,0.0,300.74,-0.01
12/20/2024,17:15:18,0.0,0.0,404.0,39.1,0.0,0.0,0.0,0.0,-0.01,0,1.21,2.42,0,0.0,0,300.74,0,0,0,0,0,0,0,0,0,1000.0,0,0,0,0,2.42,39.1,-1.0,0,39.1,0.0,39.1,0.0,0.0,0.0,300.74,-0.01
12/20/2024,17:15:19,0.0,0.0,404.0,39.1,0.0,0.0,0.0,0.0,-0.01,0,1.21,2.42,0,0.0,0,300.82,0,0,0,0,0,0,0,0,0,1000.0,0,0,0,0,2.42,39.1,-1.0,0,39.1,0.0,39.1,0.0,0.0,0.0,300.82,-0.01
12/20/2024,17:15:20,0.0,0.0,404.0,39.1,0.0,0.0,0.0,0.0,-0.01,0,1.21,2.42,0,0.0,0,300.82,0,0,0,0,0,0,0,0,0,1000.0,0,0,0,0,2.42,39.1,-1.0,0,39.1,0.0,39.1,0.0,0.0,0.0,300.82,-0.01
12/20/2024,17:15:21,0.0,0.0,404.0,39.1,0.0,0.0,0.0,0.0,-0.01,0,1.21,2.42,0,0.0,0,300.89,0,0,0,0,0,0,0,0,0,1000.0,0,0,0,0,2.42,39.1,-1.0,0,39.1,0.0,39.1,0.0,0.0,0.0,300.89,-0.01
12/20/2024,17:15:22,0.0,0.0,404.0,39.1,0.0,0.0,0.0,0.0,-0.01,0,1.21,2.42,0,0.0,0,300.89,0,0,0,0,0,0,0,0,0,1000.0,0,0,0,0,2.42,39.1,-1.0,0,39.1,0.0,39.1,0.0,0.0,0.0,300.89,-0.01
12/20/2024,17:15:23,0.0,0.0,404.0,39.1,0.0,0.0,0.0,0.0,-0.01,0,1.21,2.42,0,0.0,0,300.97,0,0,0,0,0,0,0,0,0,1000.0,0,0,0,0,2.42,39.1,-1.0,0,39.1,0.0,39.1,0.0,0.0,0.0,300.97,-0.01
12/20/2024,17:15:24,0.0,0.0,404.0,39.1,0.0,0.0,0.0,0.0,-0.01,0,1.21,2.42,0,0.0,0,300.97,0,0,0,0,0,0,0,0,0,1000.0,0,0,0,0,2.42,39.1,-1.0,0,39.1,0.0,39.1,0.0,0.0,0.0,300.97,-0.01
12/20/2024,17:15:25,0.0,0.0,404.0,39.1,0.0,0.0,0.0,0.0,-0.01,0,1.21,2.42,0,0.0,0,301.05,0,0,0,0,0,0,0,0,0,1000.0,0,0,0,0,2.42,39.1,-1.0,0,39.1,0.0,39.1,0.0,0.0,0.0,301.05,-0.01
12/20/2024,17:15:26,0.0,0.0,404.0,39.1,0.0,0.0,0.0,0.0,-0.01,0,1.21,2.42,0,0.0,0,301.05,0,0,0,0,0,0,0,0,0,1000.0,0,0,0,0,2.42,39.1,-1.0,0,39.1,0.0,39.1,0.0,0.0,0.0,301.05,-0.01
12/20/2024,17:15:27,0.0,0.0,404.0,39.1,0.0,0.0,0.0,0.0,-0.01,0,1.21,2.42,0,0.0,0,301.13,0,0,0,0,0,0,0,0,0,1000.0,0,0,0,0,2.42,39.1,-1.0,0,39.1,0.0,39.1,0.0,0.0,0.0,301.13,-0.01
12/20/2024,17:15:28,0.0,0.0,404.0,39.1,0.0,0.0,0.0,0.0,-0.01,0,1.21,2.42,0,0.0,0,301.13,0,0,0,0,0,0,0,0,0,1000.0,0,0,0,0,2.42,39.1,-1.0,0,39.1,0.0,39.1,0.0,0.0,0.0,301.13,-0.01
12/20/2024,17:15:29,0.0,0.0,404.0,39.1,0.0,0.0,0.0,0.0,-0.01,0,1.21,2.42,0,0.0,0,301.17,0,0,0,0,0,0,0,0,0,1000.0,0,0,0,0,2.42,39.1,-1.0,0,39.1,0.0,39.1,0.0,0.0,0.0,301.17,-0.01
12/20/2024,17:15:30,0.0,0.0,404.0,39.1,0.0,0.0,0.0,0.0,-0.01,0,1.21,2.42,0,0.0,0,301.21,0,0,0,0,0,0,0,0,0,1000.0,0,0,0,0,2.42,39.1,-1.0,0,39.1,0.0,39.1,0.0,0.0,0.0,301.21,-0.01
12/20/2024,17:15:31,0.0,0.0,404.0,39.1,0.0,0.0,0.0,0.0,-0.01,0,1.21,2.42,0,0.0,0,301.25,0,0,0,0,0,0,0,0,0,1000.0,0,0,0,0,2.42,39.1,-1.0,0,39.1,0.0,39.1,0.0,0.0,0.0,301.25,-0.01
12/20/2024,17:15:32,0.0,0.0,404.0,39.1,0.0,0.0,0.0,0.0,-0.01,0,1.21,2.42,0,0.0,0,301.28,0,0,0,0,0,0,0,0,0,1000.0,0,0,0,0,2.42,39.1,-1.0,0,39.1,0.0,39.1,0.0,0.0,0.0,301.28,-0.01
12/20/2024,17:15:33,0.0,0.0,404.0,39.1,0.0,0.0,0.0,0.0,-0.01,0,1.21,2.42,0,0.0,0,301.32,0,0,0,0,0,0,0,0,0,1000.0,0,0,0,0,2.42,39.1,-1.0,0,39.1,0.0,39.1,0.0,0.0,0.0,301.32,-0.01
12/20/2024,17:15:34,0.0,0.0,404.0,39.1,0.0,0.0,0.0,0.0,-0.01,0,1.21,2.42,0,0.0,0,301.36,0,0,0,0,0,0,0,0,0,1000.0,0,0,0,0,2.42,39.1,-1.0,0,39.1,0.0,39.1,0.0,0.0,0.0,301.36,-0.01
12/20/2024,17:15:35,0.0,0.0,404.0,39.1,0.0,0.0,0.0,0.0,-0.01,0,1.21,2.42,0,0.0,0,301.4,0,0,0,0,0,0,0,0,0,1000.0,0,0,0,0,2.42,39.1,-1.0,0,39.1,0.0,39.1,0.0,0.0,0.0,301.4,-0.01
12/20/2024,17:15:36,0.0,0.0,404.0,39.1,0.0,0.0,0.0,0.0,-0.01,0,1.21,2.42,0,0.0,0,301.44,0,0,0,0,0,0,0,0,0,1000.0,0,0,0,0,2.42,39.1,-1.0,0,39.1,0.0,39.1,0.0,0.0,0.0,301.44,-0.01
12/20/2024,17:15:37,0.0,0.0,404.0,39.1,0.0,0.0,0.0,0.0,-0.01,0,1.21,2.42,0,0.0,0,301.48,0,0,0,0,0,0,0,0,0,1000.0,0,0,0,0,2.42,39.1,-1.0,0,39.1,0.0,39.1,0.0,0.0,0.0,301.48,-0.01
12/20/2024,17:15:38,0.0,0.0,404.0,39.1,0.0,0.0,0.0,0.0,-0.01,0,1.21,2.42,0,0.0,0,301.56,0,0,0,0,0,0,0,0,0,1000.0,0,0,0,0,2.42,39.1,-1.0,0,39.1,0.0,39.1,0.0,0.0,0.0,301.56,-0.01
12/20/2024,17:15:39,0.0,0.0,404.0,39.1,0.0,0.0,0.0,0.0,-0.01,0,1.21,2.42,0,0.0,0,301.56,0,0,0,0,0,0,0,0,0,1000.0,0,0,0,0,2.42,39.1,-1.0,0,39.1,0.0,39.1,0.0,0.0,0.0,301.56,-0.01
12/20/2024,17:15:40,0.0,0.0,404.0,39.1,0.0,0.0,0.0,0.0,-0.01,0,1.21,2.42,0,0.0,0,301.6,0,0,0,0,0,0,0,0,0,1000.0,0,0,0,0,2.42,39.1,-1.0,0,39.1,0.0,39.1,0.0,0.0,0.0,301.6,-0.01
12/20/2024,17:15:41,0.0,0.0,404.0,39.1,0.0,0.0,0.0,0.0,-0.01,0,1.21,2.42,0,0.0,0,301.64,0,0,0,0,0,0,0,0,0,1000.0,0,0,0,0,2.42,39.1,-1.0,0,39.1,0.0,39.1,0.0,0.0,0.0,301.64,-0.01
12/20/2024,17:15:42,0.0,0.0,404.0,39.1,0.0,0.0,0.0,0.0,-0.01,0,1.21,2.42,0,0.0,0,301.68,0,0,0,0,0,0,0,0,0,1000.0,0,0,0,0,2.42,39.1,-1.0,0,39.1,0.0,39.1,0.0,0.0,0.0,301.68,-0.01
12/20/2024,17:15:43,0.0,0.0,404.0,39.1,0.0,0.0,0.0,0.0,-0.01,0,1.21,2.42,0,0.0,0,301.71,0,0,0,0,0,0,0,0,0,1000.0,0,0,0,0,2.42,39.1,-1.0,0,39.1,0.0,39.1,0.0,0.0,0.0,301.71,-0.01
12/20/2024,17:15:44,0.0,0.0,404.0,39.1,0.0,0.0,0.0,0.0,-0.01,0,1.21,2.42,0,0.0,0,301.75,0,0,0,0,0,0,0,0,0,1000.0,0,0,0,0,2.42,39.1,-1.0,0,39.1,0.0,39.1,0.0,0.0,0.0,301.75,-0.01
12/20/2024,17:15:45,0.0,0.0,404.0,39.1,0.0,0.0,0.0,0.0,-0.01,0,1.21,2.42,0,0.0,0,301.83,0,0,0,0,0,0,0,0,0,1000.0,0,0,0,0,2.42,39.1,-1.0,0,39.1,0.0,39.1,0.0,0.0,0.0,301.83,-0.01
12/20/2024,17:15:46,0.0,0.0,404.0,39.1,0.0,0.0,0.0,0.0,-0.01,0,1.21,2.42,0,0.0,0,301.87,0,0,0,0,0,0,0,0,0,1000.0,0,0,0,0,2.42,39.1,-1.0,0,39.1,0.0,39.1,0.0,0.0,0.0,301.87,-0.01
12/20/2024,17:15:47,0.0,0.0,404.0,39.1,0.0,0.0,0.0,0.0,-0.01,0,1.21,2.42,0,0.0,0,301.91,0,0,0,0,0,0,0,0,0,1000.0,0,0,0,0,2.42,39.1,-1.0,0,39.1,0.0,39.1,0.0,0.0,0.0,301.91,-0.01
12/20/2024,17:15:48,0.0,0.0,404.0,39.1,0.0,0.0,0.0,0.0,-0.01,0,1.21,2.42,0,0.0,0,301.95,0,0,0,0,0,0,0,0,0,1000.0,0,0,0,0,2.42,39.1,-1.0,0,39.1,0.0,39.1,0.0,0.0,0.0,301.95,-0.01
12/20/2024,17:15:49,0.0,0.0,404.0,39.1,0.0,0.0,0.0,0.0,-0.01,0,1.21,2.42,0,0.0,0,301.99,0,0,0,0,0,0,0,0,0,1000.0,0,0,0,0,2.42,39.1,-1.0,0,39.1,0.0,39.1,0.0,0.0,0.0,301.99,-0.01
12/20/2024,17:15:50,0.0,0.0,404.0,39.1,0.0,0.0,0.0,0.0,-0.01,0,1.21,2.42,0,0.0,0,302.03,0,0,0,0,0,0,0,0,0,1000.0,0,0,0,0,2.42,39.1,-1.0,0,39.1,0.0,39.1,0.0,0.0,0.0,302.03,-0.01
12/20/2024,17:15:51,0.0,0.0,404.0,39.1,0.0,0.0,0.0,0.0,-0.01,0,1.21,2.42,0,0.0,0,302.07,0,0,0,0,0,0,0,0,0,1000.0,0,0,0,0,2.42,39.1,-1.0,0,39.1,0.0,39.1,0.0,0.0,0.0,302.07,-0.01
12/20/2024,17:15:52,0.0,0.0,404.0,39.1,0.0,0.0,0.0,0.0,-0.01,0,1.21,2.42,0,0.0,0,302.11,0,0,0,0,0,0,0,0,0,1000.0,0,0,0,0,2.42,39.1,-1.0,0,39.1,0.0,39.1,0.0,0.0,0.0,302.11,-0.01
12/20/2024,17:15:53,0.0,0.0,404.0,39.1,0.0,0.0,0.0,0.0,-0.01,0,1.21,2.42,0,0.0,0,302.14,0,0,0,0,0,0,0,0,0,1000.0,0,0,0,0,2.42,39.1,-1.0,0,39.1,0.0,39.1,0.0,0.0,0.0,302.14,-0.01
12/20/2024,17:15:54,0.0,0.0,404.0,39.1,0.0,0.0,0.0,0.0,-0.01,0,1.21,2.42,0,0.0,0,302.18,0,0,0,0,0,0,0,0,0,1000.0,0,0,0,0,2.42,39.1,-1.0,0,39.1,0.0,39.1,0.0,0.0,0.0,302.18,-0.01
12/20/2024,17:15:55,0.0,0.0,404.0,39.1,0.0,0.0,0.0,0.0,-0.01,0,1.21,2.42,0,0.0,0,302.22,0,0,0,0,0,0,0,0,0,1000.0,0,0,0,0,2.42,39.1,-1.0,0,39.1,0.0,39.1,0.0,0.0,0.0,302.22,-0.01
12/20/2024,17:15:56,0.0,0.0,404.0,39.1,0.0,0.0,0.0,0.0,-0.01,0,1.21,2.42,0,0.0,0,302.26,0,0,0,0,0,0,0,0,0,1000.0,0,0,0,0,2.42,39.1,-1.0,0,39.1,0.0,39.1,0.0,0.0,0.0,302.26,-0.01
12/20/2024,17:15:57,0.0,0.0,404.0,39.1,0.0,0.0,0.0,0.0,-0.01,0,1.21,2.42,0,0.0,0,302.3,0,0,0,0,0,0,0,0,0,1000.0,0,0,0,0,2.42,39.1,-1.0,0,39.1,0.0,39.1,0.0,0.0,0.0,302.3,-0.01
12/20/2024,17:15:58,0.0,0.0,404.0,39.1,0.0,0.0,0.0,0.0,-0.01,0,1.21,2.42,0,0.0,0,302.34,0,0,0,0,0,0,0,0,0,1000.0,0,0,0,0,2.42,39.1,-1.0,0,39.1,0.0,39.1,0.0,0.0,0.0,302.34,-0.01
12/20/2024,17:15:59,0.0,0.0,404.0,39.1,0.0,0.0,0.0,0.0,-0.01,0,1.21,2.42,0,0.0,0,302.38,0,0,0,0,0,0,0,0,0,1000.0,0,0,0,0,2.42,39.1,-1.0,0,39.1,0.0,39.1,0.0,0.0,0.0,302.38,-0.01
12/20/2024,17:16:0,0.0,0.0,404.0,39.1,0.0,0.0,0.0,0.0,-0.01,0,1.21,2.42,0,0.0,0,302.42,0,0,0,0,0,0,0,0,0,1000.0,0,0,0,0,2.42,39.1,-1.0,0,39.1,0.0,39.1,0.0,0.0,0.0,302.42,-0.01
12/20/2024,17:16:1,0.0,0.0,404.0,39.1,0.0,0.0,0.0,0.0,-0.01,0,1.21,2.42,0,0.0,0,302.46,0,0,0,0,0,0,0,0,0,1000.0,0,0,0,0,2.42,39.1,-1.0,0,39.1,0.0,39.1,0.0,0.0,0.0,302.46,-0.01
12/20/2024,17:16:2,0.0,0.0,404.0,39.1,0.0,0.0,0.0,0.0,-0.01,0,1.21,2.42,0,0.0,0,302.5,0,0,0,0,0,0,0,0,0,1000.0,0,0,0,0,2.42,39.1,-1.0,0,39.1,0.0,39.1,0.0,0.0,0.0,302.5,-0.01
12/20/2024,17:16:3,0.0,0.0,404.0,39.1,0.0,0.0,0.0,0.0,-0.01,0,1.21,2.42,0,0.0,0,302.54,0,0,0,0,0,0,0,0,0,1000.0,0,0,0,0,2.42,39.1,-1.0,0,39.1,0.0,39.1,0.0,0.0,0.0,302.54,-0.01
12/20/2024,17:16:4,0.0,0.0,404.0,39.2,0.0,0.0,0.0,0.0,-0.01,0,1.21,2.42,0,0.0,0,302.58,0,0,0,0,0,0,0,0,0,1000.0,0,0,0,0,2.42,39.2,-1.0,0,39.2,0.0,39.2,0.0,0.0,0.0,302.58,-0.01
12/20/2024,17:16:5,0.0,0.0,404.0,39.1,0.0,0.0,0.0,0.0,-0.01,0,1.21,2.42,0,0.0,0,302.61,0,0,0,0,0,0,0,0,0,1000.0,0,0,0,0,2.42,39.1,-1.0,0,39.1,0.0,39.1,0.0,0.0,0.0,302.61,-0.01
12/20/2024,17:16:6,0.0,0.0,404.0,39.1,0.0,0.0,0.0,0.0,-0.01,0,1.21,2.42,0,0.0,0,302.65,0,0,0,0,0,0,0,0,0,1000.0,0,0,0,0,2.42,39.1,-1.0,0,39.1,0.0,39.1,0.0,0.0,0.0,302.65,-0.01
12/20/2024,17:16:7,0.0,0.0,404.0,39.1,0.0,0.0,0.0,0.0,-0.01,0,1.21,2.42,0,0.0,0,302.69,0,0,0,0,0,0,0,0,0,1000.0,0,0,0,0,2.42,39.1,-1.0,0,39.1,0.0,39.1,0.0,0.0,0.0,302.69,-0.01
12/20/2024,17:16:8,0.0,0.0,404.0,39.1,0.0,0.0,0.0,0.0,-0.01,0,1.21,2.42,0,0.0,0,302.73,0,0,0,0,0,0,0,0,0,1000.0,0,0,0,0,2.42,39.1,-1.0,0,39.1,0.0,39.1,0.0,0.0,0.0,302.73,-0.01
12/20/2024,17:16:9,0.0,0.0,404.0,39.1,0.0,0.0,0.0,0.0,-0.01,0,1.21,2.42,0,0.0,0,302.77,0,0,0,0,0,0,0,0,0,1000.0,0,0,0,0,2.42,39.1,-1.0,0,39.1,0.0,39.1,0.0,0.0,0.0,302.77,-0.01
12/20/2024,17:16:10,0.0,0.0,404.0,39.1,0.0,0.0,0.0,0.0,-0.01,0,1.21,2.42,0,0.0,0,302.81,0,0,0,0,0,0,0,0,0,1000.0,0,0,0,0,2.42,39.1,-1.0,0,39.1,0.0,39.1,0.0,0.0,0.0,302.81,-0.01
12/20/2024,17:16:11,0.0,0.0,404.0,39.1,0.0,0.0,0.0,0.0,-0.01,0,1.21,2.42,0,0.0,0,302.85,0,0,0,0,0,0,0,0,0,1000.0,0,0,0,0,2.42,39.1,-1.0,0,39.1,0.0,39.1,0.0,0.0,0.0,302.85,-0.01
12/20/2024,17:16:12,0.0,0.0,404.0,39.1,0.0,0.0,0.0,0.0,-0.01,0,1.21,2.42,0,0.0,0,302.89,0,0,0,0,0,0,0,0,0,1000.0,0,0,0,0,2.42,39.1,-1.0,0,39.1,0.0,39.1,0.0,0.0,0.0,302.89,-0.01
12/20/2024,17:16:13,0.0,0.0,404.0,39.1,0.0,0.0,0.0,0.0,-0.01,0,1.21,2.42,0,0.0,0,302.89,0,0,0,0,0,0,0,0,0,1000.0,0,0,0,0,2.42,39.1,-1.0,0,39.1,0.0,39.1,0.0,0.0,0.0,302.89,-0.01
12/20/2024,17:16:14,0.0,0.0,404.0,39.1,0.0,0.0,0.0,0.0,-0.01,0,1.21,2.42,0,0.0,0,302.97,0,0,0,0,0,0,0,0,0,1000.0,0,0,0,0,2.42,39.1,-1.0,0,39.1,0.0,39.1,0.0,0.0,0.0,302.97,-0.01
12/20/2024,17:16:15,0.0,0.0,404.0,39.1,0.0,0.0,0.0,0.0,-0.01,0,1.21,2.42,0,0.0,0,302.97,0,0,0,0,0,0,0,0,0,1000.0,0,0,0,0,2.42,39.1,-1.0,0,39.1,0.0,39.1,0.0,0.0,0.0,302.97,-0.01
12/20/2024,17:16:16,0.0,0.0,404.0,39.1,0.0,0.0,0.0,0.0,-0.01,0,1.21,2.42,0,0.0,0,303.04,0,0,0,0,0,0,0,0,0,1000.0,0,0,0,0,2.42,39.1,-1.0,0,39.1,0.0,39.1,0.0,0.0,0.0,303.04,-0.01
12/20/2024,17:16:17,0.0,0.0,404.0,39.1,0.0,0.0,0.0,0.0,-0.01,0,1.21,2.42,0,0.0,0,303.04,0,0,0,0,0,0,0,0,0,1000.0,0,0,0,0,2.42,39.1,-1.0,0,39.1,0.0,39.1,0.0,0.0,0.0,303.04,-0.01
12/20/2024,17:16:18,0.0,0.0,404.0,39.1,0.0,0.0,0.0,0.0,-0.01,0,1.21,2.42,0,0.0,0,303.12,0,0,0,0,0,0,0,0,0,1000.0,0,0,0,0,2.42,39.1,-1.0,0,39.1,0.0,39.1,0.0,0.0,0.0,303.12,-0.01
12/20/2024,17:16:19,0.0,0.0,404.0,39.1,0.0,0.0,0.0,0.0,-0.01,0,1.21,2.42,0,0.0,0,303.12,0,0,0,0,0,0,0,0,0,1000.0,0,0,0,0,2.42,39.1,-1.0,0,39.1,0.0,39.1,0.0,0.0,0.0,303.12,-0.01
12/20/2024,17:16:20,0.0,0.0,404.0,39.1,0.0,0.0,0.0,0.0,-0.01,0,1.21,2.42,0,0.0,0,303.2,0,0,0,0,0,0,0,0,0,1000.0,0,0,0,0,2.42,39.1,-1.0,0,39.1,0.0,39.1,0.0,0.0,0.0,303.2,-0.01
12/20/2024,17:16:21,0.0,0.0,404.0,39.1,0.0,0.0,0.0,0.0,-0.01,0,1.21,2.42,0,0.0,0,303.2,0,0,0,0,0,0,0,0,0,1000.0,0,0,0,0,2.42,39.1,-1.0,0,39.1,0.0,39.1,0.0,0.0,0.0,303.2,-0.01
12/20/2024,17:16:22,0.0,0.0,404.0,39.1,0.0,0.0,0.0,0.0,-0.01,0,1.21,2.42,0,0.0,0,303.28,0,0,0,0,0,0,0,0,0,1000.0,0,0,0,0,2.42,39.1,-1.0,0,39.1,0.0,39.1,0.0,0.0,0.0,303.28,-0.01
12/20/2024,17:16:23,0.0,0.0,404.0,39.1,0.0,0.0,0.0,0.0,-0.01,0,1.21,2.42,0,0.0,0,303.28,0,0,0,0,0,0,0,0,0,1000.0,0,0,0,0,2.42,39.1,-1.0,0,39.1,0.0,39.1,0.0,0.0,0.0,303.28,-0.01
12/20/2024,17:16:24,0.0,0.0,404.0,39.1,0.0,0.0,0.0,0.0,-0.01,0,1.21,2.42,0,0.0,0,303.32,0,0,0,0,0,0,0,0,0,1000.0,0,0,0,0,2.42,39.1,-1.0,0,39.1,0.0,39.1,0.0,0.0,0.0,303.32,-0.01
12/20/2024,17:16:25,0.0,0.0,404.0,39.1,0.0,0.0,0.0,0.0,-0.01,0,1.21,2.42,0,0.0,0,303.36,0,0,0,0,0,0,0,0,0,1000.0,0,0,0,0,2.42,39.1,-1.0,0,39.1,0.0,39.1,0.0,0.0,0.0,303.36,-0.01
12/20/2024,17:16:26,0.0,0.0,404.0,39.1,0.0,0.0,0.0,0.0,-0.01,0,1.21,2.42,0,0.0,0,303.4,0,0,0,0,0,0,0,0,0,1000.0,0,0,0,0,2.42,39.1,-1.0,0,39.1,0.0,39.1,0.0,0.0,0.0,303.4,-0.01
12/20/2024,17:16:27,0.0,0.0,404.0,39.1,0.0,0.0,0.0,0.0,-0.01,0,1.21,2.42,0,0.0,0,303.44,0,0,0,0,0,0,0,0,0,1000.0,0,0,0,0,2.42,39.1,-1.0,0,39.1,0.0,39.1,0.0,0.0,0.0,303.44,-0.01
12/20/2024,17:16:28,0.0,0.0,404.0,39.1,0.0,0.0,0.0,0.0,-0.01,0,1.21,2.42,0,0.0,0,303.51,0,0,0,0,0,0,0,0,0,1000.0,0,0,0,0,2.42,39.1,-1.0,0,39.1,0.0,39.1,0.0,0.0,0.0,303.51,-0.01
12/20/2024,17:16:29,0.0,0.0,404.0,39.1,0.0,0.0,0.0,0.0,-0.01,0,1.21,2.42,0,0.0,0,303.51,0,0,0,0,0,0,0,0,0,1000.0,0,0,0,0,2.42,39.1,-1.0,0,39.1,0.0,39.1,0.0,0.0,0.0,303.51,-0.01
12/20/2024,17:16:30,0.0,0.0,404.0,39.1,0.0,0.0,0.0,0.0,-0.01,0,1.21,2.42,0,0.0,0,303.55,0,0,0,0,0,0,0,0,0,1000.0,0,0,0,0,2.42,39.1,-1.0,0,39.1,0.0,39.1,0.0,0.0,0.0,303.55,-0.01
12/20/2024,17:16:31,0.0,0.0,404.0,39.1,0.0,0.0,0.0,0.0,-0.01,0,1.21,2.42,0,0.0,0,303.59,0,0,0,0,0,0,0,0,0,1000.0,0,0,0,0,2.42,39.1,-1.0,0,39.1,0.0,39.1,0.0,0.0,0.0,303.59,-0.01
12/20/2024,17:16:32,0.0,0.0,404.0,39.1,0.0,0.0,0.0,0.0,-0.01,0,1.21,2.42,0,0.0,0,303.63,0,0,0,0,0,0,0,0,0,1000.0,0,0,0,0,2.42,39.1,-1.0,0,39.1,0.0,39.1,0.0,0.0,0.0,303.63,-0.01
12/20/2024,17:16:33,0.0,0.0,404.0,39.1,0.0,0.0,0.0,0.0,-0.01,0,1.21,2.42,0,0.0,0,303.71,0,0,0,0,0,0,0,0,0,1000.0,0,0,0,0,2.42,39.1,-1.0,0,39.1,0.0,39.1,0.0,0.0,0.0,303.71,-0.01
12/20/2024,17:16:34,0.0,0.0,404.0,39.1,0.0,0.0,0.0,0.0,-0.01,0,1.21,2.42,0,0.0,0,303.75,0,0,0,0,0,0,0,0,0,1000.0,0,0,0,0,2.42,39.1,-1.0,0,39.1,0.0,39.1,0.0,0.0,0.0,303.75,-0.01
12/20/2024,17:16:35,0.0,0.0,404.0,39.1,0.0,0.0,0.0,0.0,-0.01,0,1.21,2.42,0,0.0,0,303.79,0,0,0,0,0,0,0,0,0,1000.0,0,0,0,0,2.42,39.1,-1.0,0,39.1,0.0,39.1,0.0,0.0,0.0,303.79,-0.01
12/20/2024,17:16:36,0.0,0.0,404.0,39.1,0.0,0.0,0.0,0.0,-0.01,0,1.21,2.42,0,0.0,0,303.83,0,0,0,0,0,0,0,0,0,1000.0,0,0,0,0,2.42,39.1,-1.0,0,39.1,0.0,39.1,0.0,0.0,0.0,303.83,-0.01
12/20/2024,17:16:37,0.0,0.0,404.0,39.1,0.0,0.0,0.0,0.0,-0.01,0,1.21,2.42,0,0.0,0,303.87,0,0,0,0,0,0,0,0,0,1000.0,0,0,0,0,2.42,39.1,-1.0,0,39.1,0.0,39.1,0.0,0.0,0.0,303.87,-0.01
12/20/2024,17:16:38,0.0,0.0,404.0,39.1,0.0,0.0,0.0,0.0,-0.01,0,1.21,2.42,0,0.0,0,303.9,0,0,0,0,0,0,0,0,0,1000.0,0,0,0,0,2.42,39.1,-1.0,0,39.1,0.0,39.1,0.0,0.0,0.0,303.9,-0.01
12/20/2024,17:16:39,0.0,0.0,404.0,39.1,0.0,0.0,0.0,0.0,-0.01,0,1.21,2.42,0,0.0,0,303.94,0,0,0,0,0,0,0,0,0,1000.0,0,0,0,0,2.42,39.1,-1.0,0,39.1,0.0,39.1,0.0,0.0,0.0,303.94,-0.01
12/20/2024,17:16:40,0.0,0.0,404.0,39.1,0.0,0.0,0.0,0.0,-0.01,0,1.21,2.42,0,0.0,0,303.98,0,0,0,0,0,0,0,0,0,1000.0,0,0,0,0,2.42,39.1,-1.0,0,39.1,0.0,39.1,0.0,0.0,0.0,303.98,-0.01
12/20/2024,17:16:41,0.0,0.0,404.0,39.1,0.0,0.0,0.0,0.0,-0.01,0,1.21,2.42,0,0.0,0,304.02,0,0,0,0,0,0,0,0,0,1000.0,0,0,0,0,2.42,39.1,-1.0,0,39.1,0.0,39.1,0.0,0.0,0.0,304.02,-0.01
12/20/2024,17:16:42,0.0,0.0,404.0,39.1,0.0,0.0,0.0,0.0,-0.01,0,1.21,2.42,0,0.0,0,304.06,0,0,0,0,0,0,0,0,0,1000.0,0,0,0,0,2.42,39.1,-1.0,0,39.1,0.0,39.1,0.0,0.0,0.0,304.06,-0.01
12/20/2024,17:16:43,0.0,0.0,404.0,39.1,0.0,0.0,0.0,0.0,-0.01,0,1.21,2.42,0,0.0,0,304.1,0,0,0,0,0,0,0,0,0,1000.0,0,0,0,0,2.42,39.1,-1.0,0,39.1,0.0,39.1,0.0,0.0,0.0,304.1,-0.01
12/20/2024,17:16:44,0.0,0.0,404.0,39.1,0.0,0.0,0.0,0.0,-0.01,0,1.21,2.42,0,0.0,0,304.14,0,0,0,0,0,0,0,0,0,1000.0,0,0,0,0,2.42,39.1,-1.0,0,39.1,0.0,39.1,0.0,0.0,0.0,304.14,-0.01
12/20/2024,17:16:45,0.0,0.0,404.0,39.1,0.0,0.0,0.0,0.0,-0.01,0,1.21,2.42,0,0.0,0,304.18,0,0,0,0,0,0,0,0,0,1000.0,0,0,0,0,2.42,39.1,-1.0,0,39.1,0.0,39.1,0.0,0.0,0.0,304.18,-0.01
12/20/2024,17:16:46,0.0,0.0,404.0,39.1,0.0,0.0,0.0,0.0,-0.01,0,1.21,2.42,0,0.0,0,304.22,0,0,0,0,0,0,0,0,0,1000.0,0,0,0,0,2.42,39.1,-1.0,0,39.1,0.0,39.1,0.0,0.0,0.0,304.22,-0.01
12/20/2024,17:16:47,0.0,0.0,404.0,39.1,0.0,0.0,0.0,0.0,-0.01,0,1.21,2.42,0,0.0,0,304.26,0,0,0,0,0,0,0,0,0,1000.0,0,0,0,0,2.42,39.1,-1.0,0,39.1,0.0,39.1,0.0,0.0,0.0,304.26,-0.01
12/20/2024,17:16:48,0.0,0.0,404.0,39.1,0.0,0.0,0.0,0.0,-0.01,0,1.21,2.42,0,0.0,0,304.3,0,0,0,0,0,0,0,0,0,1000.0,0,0,0,0,2.42,39.1,-1.0,0,39.1,0.0,39.1,0.0,0.0,0.0,304.3,-0.01
12/20/2024,17:16:49,0.0,0.0,404.0,39.1,0.0,0.0,0.0,0.0,-0.01,0,1.21,2.42,0,0.0,0,304.33,0,0,0,0,0,0,0,0,0,1000.0,0,0,0,0,2.42,39.1,-1.0,0,39.1,0.0,39.1,0.0,0.0,0.0,304.33,-0.01
12/20/2024,17:16:50,0.0,0.0,404.0,39.1,0.0,0.0,0.0,0.0,-0.01,0,1.21,2.42,0,0.0,0,304.37,0,0,0,0,0,0,0,0,0,1000.0,0,0,0,0,2.42,39.1,-1.0,0,39.1,0.0,39.1,0.0,0.0,0.0,304.37,-0.01
12/20/2024,17:16:51,0.0,0.0,404.0,39.1,0.0,0.0,0.0,0.0,-0.01,0,1.21,2.42,0,0.0,0,304.41,0,0,0,0,0,0,0,0,0,1000.0,0,0,0,0,2.42,39.1,-1.0,0,39.1,0.0,39.1,0.0,0.0,0.0,304.41,-0.01
12/20/2024,17:16:52,0.0,0.0,404.0,39.1,0.0,0.0,0.0,0.0,-0.01,0,1.21,2.42,0,0.0,0,304.45,0,0,0,0,0,0,0,0,0,1000.0,0,0,0,0,2.42,39.1,-1.0,0,39.1,0.0,39.1,0.0,0.0,0.0,304.45,-0.01
12/20/2024,17:16:53,0.0,0.0,404.0,39.1,0.0,0.0,0.0,0.0,-0.01,0,1.21,2.42,0,0.0,0,304.49,0,0,0,0,0,0,0,0,0,1000.0,0,0,0,0,2.42,39.1,-1.0,0,39.1,0.0,39.1,0.0,0.0,0.0,304.49,-0.01
12/20/2024,17:16:54,0.0,0.0,404.0,39.1,0.0,0.0,0.0,0.0,-0.01,0,1.21,2.42,0,0.0,0,304.53,0,0,0,0,0,0,0,0,0,1000.0,0,0,0,0,2.42,39.1,-1.0,0,39.1,0.0,39.1,0.0,0.0,0.0,304.53,-0.01
12/20/2024,17:16:55,0.0,0.0,404.0,39.1,0.0,0.0,0.0,0.0,-0.01,0,1.21,2.42,0,0.0,0,304.57,0,0,0,0,0,0,0,0,0,1000.0,0,0,0,0,2.42,39.1,-1.0,0,39.1,0.0,39.1,0.0,0.0,0.0,304.57,-0.01
12/20/2024,17:16:56,0.0,0.0,404.0,39.1,0.0,0.0,0.0,0.0,-0.01,0,1.21,2.42,0,0.0,0,304.61,0,0,0,0,0,0,0,0,0,1000.0,0,0,0,0,2.42,39.1,-1.0,0,39.1,0.0,39.1,0.0,0.0,0.0,304.61,-0.01
12/20/2024,17:16:57,0.0,0.0,404.0,39.1,0.0,0.0,0.0,0.0,-0.01,0,1.21,2.42,0,0.0,0,304.65,0,0,0,0,0,0,0,0,0,1000.0,0,0,0,0,2.42,39.1,-1.0,0,39.1,0.0,39.1,0.0,0.0,0.0,304.65,-0.01
12/20/2024,17:16:58,0.0,0.0,404.0,39.1,0.0,0.0,0.0,0.0,-0.01,0,1.21,2.42,0,0.0,0,304.69,0,0,0,0,0,0,0,0,0,1000.0,0,0,0,0,2.42,39.1,-1.0,0,39.1,0.0,39.1,0.0,0.0,0.0,304.69,-0.01
12/20/2024,17:16:59,0.0,0.0,404.0,39.1,0.0,0.0,0.0,0.0,-0.01,0,1.21,2.42,0,0.0,0,304.73,0,0,0,0,0,0,0,0,0,1000.0,0,0,0,0,2.42,39.1,-1.0,0,39.1,0.0,39.1,0.0,0.0,0.0,304.73,-0.01
12/20/2024,17:17:0,0.0,0.0,404.0,39.1,0.0,0.0,0.0,0.0,-0.01,0,1.21,2.42,0,0.0,0,304.76,0,0,0,0,0,0,0,0,0,1000.0,0,0,0,0,2.42,39.1,-1.0,0,39.1,0.0,39.1,0.0,0.0,0.0,304.76,-0.01
12/20/2024,17:17:1,0.0,0.0,404.0,39.1,0.0,0.0,0.0,0.0,-0.01,0,1.21,2.42,0,0.0,0,304.8,0,0,0,0,0,0,0,0,0,1000.0,0,0,0,0,2.42,39.1,-1.0,0,39.1,0.0,39.1,0.0,0.0,0.0,304.8,-0.01
12/20/2024,17:17:2,0.0,0.0,404.0,39.1,0.0,0.0,0.0,0.0,-0.01,0,1.21,2.42,0,0.0,0,304.84,0,0,0,0,0,0,0,0,0,1000.0,0,0,0,0,2.42,39.1,-1.0,0,39.1,0.0,39.1,0.0,0.0,0.0,304.84,-0.01
12/20/2024,17:17:3,0.0,0.0,404.0,39.1,0.0,0.0,0.0,0.0,-0.01,0,1.21,2.42,0,0.0,0,304.84,0,0,0,0,0,0,0,0,0,1000.0,0,0,0,0,2.42,39.1,-1.0,0,39.1,0.0,39.1,0.0,0.0,0.0,304.84,-0.01
12/20/2024,17:17:4,0.0,0.0,404.0,39.1,0.0,0.0,0.0,0.0,-0.01,0,1.21,2.42,0,0.0,0,304.92,0,0,0,0,0,0,0,0,0,1000.0,0,0,0,0,2.42,39.1,-1.0,0,39.1,0.0,39.1,0.0,0.0,0.0,304.92,-0.01
12/20/2024,17:17:5,0.0,0.0,404.0,39.1,0.0,0.0,0.0,0.0,-0.01,0,1.21,2.42,0,0.0,0,304.96,0,0,0,0,0,0,0,0,0,1000.0,0,0,0,0,2.42,39.1,-1.0,0,39.1,0.0,39.1,0.0,0.0,0.0,304.96,-0.01
12/20/2024,17:17:6,0.0,0.0,404.0,39.1,0.0,0.0,0.0,0.0,-0.01,0,1.21,2.42,0,0.0,0,304.96,0,0,0,0,0,0,0,0,0,1000.0,0,0,0,0,2.42,39.1,-1.0,0,39.1,0.0,39.1,0.0,0.0,0.0,304.96,-0.01
12/20/2024,17:17:7,0.0,0.0,404.0,39.1,0.0,0.0,0.0,0.0,-0.01,0,1.21,2.42,0,0.0,0,305.0,0,0,0,0,0,0,0,0,0,1000.0,0,0,0,0,2.42,39.1,-1.0,0,39.1,0.0,39.1,0.0,0.0,0.0,305.0,-0.01
12/20/2024,17:17:8,0.0,0.0,404.0,39.1,0.0,0.0,0.0,0.0,-0.01,0,1.21,2.42,0,0.0,0,305.04,0,0,0,0,0,0,0,0,0,1000.0,0,0,0,0,2.42,39.1,-1.0,0,39.1,0.0,39.1,0.0,0.0,0.0,305.04,-0.01
12/20/2024,17:17:9,0.0,0.0,404.0,39.1,0.0,0.0,0.0,0.0,-0.01,0,1.21,2.42,0,0.0,0,305.08,0,0,0,0,0,0,0,0,0,1000.0,0,0,0,0,2.42,39.1,-1.0,0,39.1,0.0,39.1,0.0,0.0,0.0,305.08,-0.01
12/20/2024,17:17:10,0.0,0.0,404.0,39.1,0.0,0.0,0.0,0.0,-0.01,0,1.21,2.42,0,0.0,0,305.12,0,0,0,0,0,0,0,0,0,1000.0,0,0,0,0,2.42,39.1,-1.0,0,39.1,0.0,39.1,0.0,0.0,0.0,305.12,-0.01
12/20/2024,17:17:11,0.0,0.0,404.0,39.1,0.0,0.0,0.0,0.0,-0.01,0,1.21,2.42,0,0.0,0,305.16,0,0,0,0,0,0,0,0,0,1000.0,0,0,0,0,2.42,39.1,-1.0,0,39.1,0.0,39.1,0.0,0.0,0.0,305.16,-0.01
12/20/2024,17:17:12,0.0,0.0,404.0,39.1,0.0,0.0,0.0,0.0,-0.01,0,1.21,2.42,0,0.0,0,305.19,0,0,0,0,0,0,0,0,0,1000.0,0,0,0,0,2.42,39.1,-1.0,0,39.1,0.0,39.1,0.0,0.0,0.0,305.19,-0.01
12/20/2024,17:17:13,0.0,0.0,404.0,39.1,0.0,0.0,0.0,0.0,-0.01,0,1.21,2.42,0,0.0,0,305.23,0,0,0,0,0,0,0,0,0,1000.0,0,0,0,0,2.42,39.1,-1.0,0,39.1,0.0,39.1,0.0,0.0,0.0,305.23,-0.01
12/20/2024,17:17:14,0.0,0.0,404.0,39.1,0.0,0.0,0.0,0.0,-0.01,0,1.21,2.42,0,0.0,0,305.27,0,0,0,0,0,0,0,0,0,1000.0,0,0,0,0,2.42,39.1,-1.0,0,39.1,0.0,39.1,0.0,0.0,0.0,305.27,-0.01
12/20/2024,17:17:15,0.0,0.0,404.0,39.1,0.0,0.0,0.0,0.0,-0.01,0,1.21,2.42,0,0.0,0,305.31,0,0,0,0,0,0,0,0,0,1000.0,0,0,0,0,2.42,39.1,-1.0,0,39.1,0.0,39.1,0.0,0.0,0.0,305.31,-0.01
12/20/2024,17:17:16,0.0,0.0,404.0,39.1,0.0,0.0,0.0,0.0,-0.01,0,1.21,2.42,0,0.0,0,305.35,0,0,0,0,0,0,0,0,0,1000.0,0,0,0,0,2.42,39.1,-1.0,0,39.1,0.0,39.1,0.0,0.0,0.0,305.35,-0.01
12/20/2024,17:17:17,0.0,0.0,404.0,39.1,0.0,0.0,0.0,0.0,-0.01,0,1.21,2.42,0,0.0,0,305.39,0,0,0,0,0,0,0,0,0,1000.0,0,0,0,0,2.42,39.1,-1.0,0,39.1,0.0,39.1,0.0,0.0,0.0,305.39,-0.01
12/20/2024,17:17:18,0.0,0.0,404.0,39.1,0.0,0.0,0.0,0.0,-0.01,0,1.21,2.42,0,0.0,0,305.43,0,0,0,0,0,0,0,0,0,1000.0,0,0,0,0,2.42,39.1,-1.0,0,39.1,0.0,39.1,0.0,0.0,0.0,305.43,-0.01
12/20/2024,17:17:19,0.0,0.0,404.0,39.1,0.0,0.0,0.0,0.0,-0.01,0,1.21,2.42,0,0.0,0,305.47,0,0,0,0,0,0,0,0,0,1000.0,0,0,0,0,2.42,39.1,-1.0,0,39.1,0.0,39.1,0.0,0.0,0.0,305.47,-0.01
12/20/2024,17:17:20,0.0,0.0,404.0,39.1,0.0,0.0,0.0,0.0,-0.01,0,1.21,2.42,0,0.0,0,305.51,0,0,0,0,0,0,0,0,0,1000.0,0,0,0,0,2.42,39.1,-1.0,0,39.1,0.0,39.1,0.0,0.0,0.0,305.51,-0.01
12/20/2024,17:17:21,0.0,0.0,404.0,39.1,0.0,0.0,0.0,0.0,-0.01,0,1.21,2.42,0,0.0,0,305.59,0,0,0,0,0,0,0,0,0,1000.0,0,0,0,0,2.42,39.1,-1.0,0,39.1,0.0,39.1,0.0,0.0,0.0,305.59,-0.01
12/20/2024,17:17:22,0.0,0.0,404.0,39.1,0.0,0.0,0.0,0.0,-0.01,0,1.21,2.42,0,0.0,0,305.62,0,0,0,0,0,0,0,0,0,1000.0,0,0,0,0,2.42,39.1,-1.0,0,39.1,0.0,39.1,0.0,0.0,0.0,305.62,-0.01
12/20/2024,17:17:23,0.0,0.0,404.0,39.1,0.0,0.0,0.0,0.0,-0.01,0,1.21,2.42,0,0.0,0,305.66,0,0,0,0,0,0,0,0,0,1000.0,0,0,0,0,2.42,39.1,-1.0,0,39.1,0.0,39.1,0.0,0.0,0.0,305.66,-0.01
12/20/2024,17:17:24,0.0,0.0,404.0,39.1,0.0,0.0,0.0,0.0,-0.01,0,1.21,2.42,0,0.0,0,305.7,0,0,0,0,0,0,0,0,0,1000.0,0,0,0,0,2.42,39.1,-1.0,0,39.1,0.0,39.1,0.0,0.0,0.0,305.7,-0.01
12/20/2024,17:17:25,0.0,0.0,404.0,39.1,0.0,0.0,0.0,0.0,-0.01,0,1.21,2.42,0,0.0,0,305.74,0,0,0,0,0,0,0,0,0,1000.0,0,0,0,0,2.42,39.1,-1.0,0,39.1,0.0,39.1,0.0,0.0,0.0,305.74,-0.01
12/20/2024,17:17:26,0.0,0.0,404.0,39.1,0.0,0.0,0.0,0.0,-0.01,0,1.21,2.42,0,0.0,0,305.78,0,0,0,0,0,0,0,0,0,1000.0,0,0,0,0,2.42,39.1,-1.0,0,39.1,0.0,39.1,0.0,0.0,0.0,305.78,-0.01
12/20/2024,17:17:27,0.0,0.0,404.0,39.1,0.0,0.0,0.0,0.0,-0.01,0,1.21,2.42,0,0.0,0,305.82,0,0,0,0,0,0,0,0,0,1000.0,0,0,0,0,2.42,39.1,-1.0,0,39.1,0.0,39.1,0.0,0.0,0.0,305.82,-0.01
12/20/2024,17:17:28,0.0,0.0,404.0,39.1,0.0,0.0,0.0,0.0,-0.01,0,1.21,2.42,0,0.0,0,305.86,0,0,0,0,0,0,0,0,0,1000.0,0,0,0,0,2.42,39.1,-1.0,0,39.1,0.0,39.1,0.0,0.0,0.0,305.86,-0.01
12/20/2024,17:17:29,0.0,0.0,404.0,39.1,0.0,0.0,0.0,0.0,-0.01,0,1.21,2.42,0,0.0,0,305.9,0,0,0,0,0,0,0,0,0,1000.0,0,0,0,0,2.42,39.1,-1.0,0,39.1,0.0,39.1,0.0,0.0,0.0,305.9,-0.01
12/20/2024,17:17:30,0.0,0.0,404.0,39.1,0.0,0.0,0.0,0.0,-0.01,0,1.21,2.42,0,0.0,0,305.94,0,0,0,0,0,0,0,0,0,1000.0,0,0,0,0,2.42,39.1,-1.0,0,39.1,0.0,39.1,0.0,0.0,0.0,305.94,-0.01
12/20/2024,17:17:31,0.0,0.0,404.0,39.1,0.0,0.0,0.0,0.0,-0.01,0,1.21,2.42,0,0.0,0,305.98,0,0,0,0,0,0,0,0,0,1000.0,0,0,0,0,2.42,39.1,-1.0,0,39.1,0.0,39.1,0.0,0.0,0.0,305.98,-0.01
12/20/2024,17:17:32,0.0,0.0,404.0,39.1,0.0,0.0,0.0,0.0,-0.01,0,1.21,2.42,0,0.0,0,306.02,0,0,0,0,0,0,0,0,0,1000.0,0,0,0,0,2.42,39.1,-1.0,0,39.1,0.0,39.1,0.0,0.0,0.0,306.02,-0.01
12/20/2024,17:17:33,0.0,0.0,404.0,39.1,0.0,0.0,0.0,0.0,-0.01,0,1.21,2.42,0,0.0,0,306.05,0,0,0,0,0,0,0,0,0,1000.0,0,0,0,0,2.42,39.1,-1.0,0,39.1,0.0,39.1,0.0,0.0,0.0,306.05,-0.01
12/20/2024,17:17:34,0.0,0.0,404.0,39.1,0.0,0.0,0.0,0.0,-0.01,0,1.21,2.42,0,0.0,0,306.09,0,0,0,0,0,0,0,0,0,1000.0,0,0,0,0,2.42,39.1,-1.0,0,39.1,0.0,39.1,0.0,0.0,0.0,306.09,-0.01
12/20/2024,17:17:35,0.0,0.0,404.0,39.1,0.0,0.0,0.0,0.0,-0.01,0,1.21,2.42,0,0.0,0,306.13,0,0,0,0,0,0,0,0,0,1000.0,0,0,0,0,2.42,39.1,-1.0,0,39.1,0.0,39.1,0.0,0.0,0.0,306.13,-0.01
12/20/2024,17:17:36,0.0,0.0,404.0,39.1,0.0,0.0,0.0,0.0,-0.01,0,1.21,2.42,0,0.0,0,306.17,0,0,0,0,0,0,0,0,0,1000.0,0,0,0,0,2.42,39.1,-1.0,0,39.1,0.0,39.1,0.0,0.0,0.0,306.17,-0.01
12/20/2024,17:17:37,0.0,0.0,404.0,39.1,0.0,0.0,0.0,0.0,-0.01,0,1.21,2.42,0,0.0,0,306.21,0,0,0,0,0,0,0,0,0,1000.0,0,0,0,0,2.42,39.1,-1.0,0,39.1,0.0,39.1,0.0,0.0,0.0,306.21,-0.01
12/20/2024,17:17:38,0.0,0.0,404.0,39.1,0.0,0.0,0.0,0.0,-0.01,0,1.21,2.42,0,0.0,0,306.25,0,0,0,0,0,0,0,0,0,1000.0,0,0,0,0,2.42,39.1,-1.0,0,39.1,0.0,39.1,0.0,0.0,0.0,306.25,-0.01
12/20/2024,17:17:39,0.0,0.0,404.0,39.1,0.0,0.0,0.0,0.0,-0.01,0,1.21,2.42,0,0.0,0,306.29,0,0,0,0,0,0,0,0,0,1000.0,0,0,0,0,2.42,39.1,-1.0,0,39.1,0.0,39.1,0.0,0.0,0.0,306.29,-0.01
12/20/2024,17:17:40,0.0,0.0,404.0,39.1,0.0,0.0,0.0,0.0,-0.01,0,1.21,2.42,0,0.0,0,306.33,0,0,0,0,0,0,0,0,0,1000.0,0,0,0,0,2.42,39.1,-1.0,0,39.1,0.0,39.1,0.0,0.0,0.0,306.33,-0.01
12/20/2024,17:17:41,0.0,0.0,404.0,39.1,0.0,0.0,0.0,0.0,-0.01,0,1.21,2.42,0,0.0,0,306.37,0,0,0,0,0,0,0,0,0,1000.0,0,0,0,0,2.42,39.1,-1.0,0,39.1,0.0,39.1,0.0,0.0,0.0,306.37,-0.01
12/20/2024,17:17:42,0.0,0.0,404.0,39.1,0.0,0.0,0.0,0.0,-0.01,0,1.21,2.42,0,0.0,0,306.41,0,0,0,0,0,0,0,0,0,1000.0,0,0,0,0,2.42,39.1,-1.0,0,39.1,0.0,39.1,0.0,0.0,0.0,306.41,-0.01
12/20/2024,17:17:43,0.0,0.0,404.0,39.1,0.0,0.0,0.0,0.0,-0.01,0,1.21,2.42,0,0.0,0,306.45,0,0,0,0,0,0,0,0,0,1000.0,0,0,0,0,2.42,39.1,-1.0,0,39.1,0.0,39.1,0.0,0.0,0.0,306.45,-0.01
12/20/2024,17:17:44,0.0,0.0,404.0,39.1,0.0,0.0,0.0,0.0,-0.01,0,1.21,2.42,0,0.0,0,306.45,0,0,0,0,0,0,0,0,0,1000.0,0,0,0,0,2.42,39.1,-1.0,0,39.1,0.0,39.1,0.0,0.0,0.0,306.45,-0.01
12/20/2024,17:17:45,0.0,0.0,404.0,39.1,0.0,0.0,0.0,0.0,-0.01,0,1.21,2.42,0,0.0,0,306.52,0,0,0,0,0,0,0,0,0,1000.0,0,0,0,0,2.42,39.1,-1.0,0,39.1,0.0,39.1,0.0,0.0,0.0,306.52,-0.01
12/20/2024,17:17:46,0.0,0.0,404.0,39.1,0.0,0.0,0.0,0.0,-0.01,0,1.21,2.42,0,0.0,0,306.52,0,0,0,0,0,0,0,0,0,1000.0,0,0,0,0,2.42,39.1,-1.0,0,39.1,0.0,39.1,0.0,0.0,0.0,306.52,-0.01
12/20/2024,17:17:47,0.0,0.0,404.0,39.1,0.0,0.0,0.0,0.0,-0.01,0,1.21,2.42,0,0.0,0,306.6,0,0,0,0,0,0,0,0,0,1000.0,0,0,0,0,2.42,39.1,-1.0,0,39.1,0.0,39.1,0.0,0.0,0.0,306.6,-0.01
12/20/2024,17:17:48,0.0,0.0,404.0,39.1,0.0,0.0,0.0,0.0,-0.01,0,1.21,2.42,0,0.0,0,306.6,0,0,0,0,0,0,0,0,0,1000.0,0,0,0,0,2.42,39.1,-1.0,0,39.1,0.0,39.1,0.0,0.0,0.0,306.6,-0.01
12/20/2024,17:17:49,0.0,0.0,404.0,39.1,0.0,0.0,0.0,0.0,-0.01,0,1.21,2.42,0,0.0,0,306.68,0,0,0,0,0,0,0,0,0,1000.0,0,0,0,0,2.42,39.1,-1.0,0,39.1,0.0,39.1,0.0,0.0,0.0,306.68,-0.01
12/20/2024,17:17:50,0.0,0.0,404.0,39.1,0.0,0.0,0.0,0.0,-0.01,0,1.21,2.42,0,0.0,0,306.72,0,0,0,0,0,0,0,0,0,1000.0,0,0,0,0,2.42,39.1,-1.0,0,39.1,0.0,39.1,0.0,0.0,0.0,306.72,-0.01
12/20/2024,17:17:51,0.0,0.0,404.0,39.1,0.0,0.0,0.0,0.0,-0.01,0,1.21,2.42,0,0.0,0,306.76,0,0,0,0,0,0,0,0,0,1000.0,0,0,0,0,2.42,39.1,-1.0,0,39.1,0.0,39.1,0.0,0.0,0.0,306.76,-0.01
12/20/2024,17:17:52,0.0,0.0,404.0,39.1,0.0,0.0,0.0,0.0,-0.01,0,1.21,2.42,0,0.0,0,306.8,0,0,0,0,0,0,0,0,0,1000.0,0,0,0,0,2.42,39.1,-1.0,0,39.1,0.0,39.1,0.0,0.0,0.0,306.8,-0.01
12/20/2024,17:17:53,0.0,0.0,404.0,39.1,0.0,0.0,0.0,0.0,-0.01,0,1.21,2.42,0,0.0,0,306.84,0,0,0,0,0,0,0,0,0,1000.0,0,0,0,0,2.42,39.1,-1.0,0,39.1,0.0,39.1,0.0,0.0,0.0,306.84,-0.01
12/20/2024,17:17:54,0.0,0.0,404.0,39.1,0.0,0.0,0.0,0.0,-0.01,0,1.21,2.42,0,0.0,0,306.88,0,0,0,0,0,0,0,0,0,1000.0,0,0,0,0,2.42,39.1,-1.0,0,39.1,0.0,39.1,0.0,0.0,0.0,306.88,-0.01
12/20/2024,17:17:55,0.0,0.0,404.0,39.1,0.0,0.0,0.0,0.0,-0.01,0,1.21,2.42,0,0.0,0,306.91,0,0,0,0,0,0,0,0,0,1000.0,0,0,0,0,2.42,39.1,-1.0,0,39.1,0.0,39.1,0.0,0.0,0.0,306.91,-0.01
12/20/2024,17:17:56,0.0,0.0,404.0,39.1,0.0,0.0,0.0,0.0,-0.01,0,1.21,2.42,0,0.0,0,306.91,0,0,0,0,0,0,0,0,0,1000.0,0,0,0,0,2.42,39.1,-1.0,0,39.1,0.0,39.1,0.0,0.0,0.0,306.91,-0.01
12/20/2024,17:17:57,0.0,0.0,404.0,39.1,0.0,0.0,0.0,0.0,-0.01,0,1.21,2.42,0,0.0,0,306.99,0,0,0,0,0,0,0,0,0,1000.0,0,0,0,0,2.42,39.1,-1.0,0,39.1,0.0,39.1,0.0,0.0,0.0,306.99,-0.01
12/20/2024,17:17:58,0.0,0.0,404.0,39.1,0.0,0.0,0.0,0.0,-0.01,0,1.21,2.42,0,0.0,0,306.99,0,0,0,0,0,0,0,0,0,1000.0,0,0,0,0,2.42,39.1,-1.0,0,39.1,0.0,39.1,0.0,0.0,0.0,306.99,-0.01
12/20/2024,17:17:59,0.0,0.0,404.0,39.1,0.0,0.0,0.0,0.0,-0.01,0,1.21,2.42,0,0.0,0,307.07,0,0,0,0,0,0,0,0,0,1000.0,0,0,0,0,2.42,39.1,-1.0,0,39.1,0.0,39.1,0.0,0.0,0.0,307.07,-0.01
12/20/2024,17:18:0,0.0,0.0,404.0,39.1,0.0,0.0,0.0,0.0,-0.01,0,1.21,2.42,0,0.0,0,307.07,0,0,0,0,0,0,0,0,0,1000.0,0,0,0,0,2.42,39.1,-1.0,0,39.1,0.0,39.1,0.0,0.0,0.0,307.07,-0.01
12/20/2024,17:18:1,0.0,0.0,404.0,39.1,0.0,0.0,0.0,0.0,-0.01,0,1.21,2.42,0,0.0,0,307.15,0,0,0,0,0,0,0,0,0,1000.0,0,0,0,0,2.42,39.1,-1.0,0,39.1,0.0,39.1,0.0,0.0,0.0,307.15,-0.01
12/20/2024,17:18:2,0.0,0.0,404.0,39.1,0.0,0.0,0.0,0.0,-0.01,0,1.21,2.42,0,0.0,0,307.15,0,0,0,0,0,0,0,0,0,1000.0,0,0,0,0,2.42,39.1,-1.0,0,39.1,0.0,39.1,0.0,0.0,0.0,307.15,-0.01
12/20/2024,17:18:3,0.0,0.0,404.0,39.1,0.0,0.0,0.0,0.0,-0.01,0,1.21,2.42,0,0.0,0,307.23,0,0,0,0,0,0,0,0,0,1000.0,0,0,0,0,2.42,39.1,-1.0,0,39.1,0.0,39.1,0.0,0.0,0.0,307.23,-0.01
12/20/2024,17:18:4,0.0,0.0,404.0,39.1,0.0,0.0,0.0,0.0,-0.01,0,1.21,2.42,0,0.0,0,307.23,0,0,0,0,0,0,0,0,0,1000.0,0,0,0,0,2.42,39.1,-1.0,0,39.1,0.0,39.1,0.0,0.0,0.0,307.23,-0.01
12/20/2024,17:18:5,0.0,0.0,404.0,39.1,0.0,0.0,0.0,0.0,-0.01,0,1.21,2.42,0,0.0,0,307.27,0,0,0,0,0,0,0,0,0,1000.0,0,0,0,0,2.42,39.1,-1.0,0,39.1,0.0,39.1,0.0,0.0,0.0,307.27,-0.01
12/20/2024,17:18:6,0.0,0.0,404.0,39.1,0.0,0.0,0.0,0.0,-0.01,0,1.21,2.42,0,0.0,0,307.31,0,0,0,0,0,0,0,0,0,1000.0,0,0,0,0,2.42,39.1,-1.0,0,39.1,0.0,39.1,0.0,0.0,0.0,307.31,-0.01
12/20/2024,17:18:7,0.0,0.0,404.0,39.1,0.0,0.0,0.0,0.0,-0.01,0,1.21,2.42,0,0.0,0,307.34,0,0,0,0,0,0,0,0,0,1000.0,0,0,0,0,2.42,39.1,-1.0,0,39.1,0.0,39.1,0.0,0.0,0.0,307.34,-0.01
12/20/2024,17:18:8,0.0,0.0,404.0,39.1,0.0,0.0,0.0,0.0,-0.01,0,1.21,2.42,0,0.0,0,307.42,0,0,0,0,0,0,0,0,0,1000.0,0,0,0,0,2.42,39.1,-1.0,0,39.1,0.0,39.1,0.0,0.0,0.0,307.42,-0.01
12/20/2024,17:18:9,0.0,0.0,404.0,39.1,0.0,0.0,0.0,0.0,-0.01,0,1.21,2.42,0,0.0,0,307.42,0,0,0,0,0,0,0,0,0,1000.0,0,0,0,0,2.42,39.1,-1.0,0,39.1,0.0,39.1,0.0,0.0,0.0,307.42,-0.01
12/20/2024,17:18:10,0.0,0.0,404.0,39.1,0.0,0.0,0.0,0.0,-0.01,0,1.21,2.42,0,0.0,0,307.5,0,0,0,0,0,0,0,0,0,1000.0,0,0,0,0,2.42,39.1,-1.0,0,39.1,0.0,39.1,0.0,0.0,0.0,307.5,-0.01
12/20/2024,17:18:11,0.0,0.0,404.0,39.1,0.0,0.0,0.0,0.0,-0.01,0,1.21,2.42,0,0.0,0,307.5,0,0,0,0,0,0,0,0,0,1000.0,0,0,0,0,2.42,39.1,-1.0,0,39.1,0.0,39.1,0.0,0.0,0.0,307.5,-0.01
12/20/2024,17:18:12,0.0,0.0,404.0,39.1,0.0,0.0,0.0,0.0,-0.01,0,1.21,2.42,0,0.0,0,307.54,0,0,0,0,0,0,0,0,0,1000.0,0,0,0,0,2.42,39.1,-1.0,0,39.1,0.0,39.1,0.0,0.0,0.0,307.54,-0.01
12/20/2024,17:18:13,0.0,0.0,404.0,39.1,0.0,0.0,0.0,0.0,-0.01,0,1.21,2.42,0,0.0,0,307.58,0,0,0,0,0,0,0,0,0,1000.0,0,0,0,0,2.42,39.1,-1.0,0,39.1,0.0,39.1,0.0,0.0,0.0,307.58,-0.01
12/20/2024,17:18:14,0.0,0.0,404.0,39.1,0.0,0.0,0.0,0.0,-0.01,0,1.21,2.42,0,0.0,0,307.62,0,0,0,0,0,0,0,0,0,1000.0,0,0,0,0,2.42,39.1,-1.0,0,39.1,0.0,39.1,0.0,0.0,0.0,307.62,-0.01
12/20/2024,17:18:15,0.0,0.0,404.0,39.1,0.0,0.0,0.0,0.0,-0.01,0,1.21,2.42,0,0.0,0,307.66,0,0,0,0,0,0,0,0,0,1000.0,0,0,0,0,2.42,39.1,-1.0,0,39.1,0.0,39.1,0.0,0.0,0.0,307.66,-0.01
12/20/2024,17:18:16,0.0,0.0,404.0,39.1,0.0,0.0,0.0,0.0,-0.01,0,1.21,2.42,0,0.0,0,307.74,0,0,0,0,0,0,0,0,0,1000.0,0,0,0,0,2.42,39.1,-1.0,0,39.1,0.0,39.1,0.0,0.0,0.0,307.74,-0.01
12/20/2024,17:18:17,0.0,0.0,404.0,39.1,0.0,0.0,0.0,0.0,-0.01,0,1.21,2.42,0,0.0,0,307.77,0,0,0,0,0,0,0,0,0,1000.0,0,0,0,0,2.42,39.1,-1.0,0,39.1,0.0,39.1,0.0,0.0,0.0,307.77,-0.01
12/20/2024,17:18:18,0.0,0.0,404.0,39.1,0.0,0.0,0.0,0.0,-0.01,0,1.21,2.42,0,0.0,0,307.81,0,0,0,0,0,0,0,0,0,1000.0,0,0,0,0,2.42,39.1,-1.0,0,39.1,0.0,39.1,0.0,0.0,0.0,307.81,-0.01
12/20/2024,17:18:19,0.0,0.0,404.0,39.1,0.0,0.0,0.0,0.0,-0.01,0,1.21,2.42,0,0.0,0,307.85,0,0,0,0,0,0,0,0,0,1000.0,0,0,0,0,2.42,39.1,-1.0,0,39.1,0.0,39.1,0.0,0.0,0.0,307.85,-0.01
12/20/2024,17:18:20,0.0,0.0,404.0,39.1,0.0,0.0,0.0,0.0,-0.01,0,1.21,2.42,0,0.0,0,307.89,0,0,0,0,0,0,0,0,0,1000.0,0,0,0,0,2.42,39.1,-1.0,0,39.1,0.0,39.1,0.0,0.0,0.0,307.89,-0.01
12/20/2024,17:18:21,0.0,0.0,404.0,39.1,0.0,0.0,0.0,0.0,-0.01,0,1.21,2.42,0,0.0,0,307.93,0,0,0,0,0,0,0,0,0,1000.0,0,0,0,0,2.42,39.1,-1.0,0,39.1,0.0,39.1,0.0,0.0,0.0,307.93,-0.01
12/20/2024,17:18:22,0.0,0.0,404.0,39.1,0.0,0.0,0.0,0.0,-0.01,0,1.21,2.42,0,0.0,0,307.97,0,0,0,0,0,0,0,0,0,1000.0,0,0,0,0,2.42,39.1,-1.0,0,39.1,0.0,39.1,0.0,0.0,0.0,307.97,-0.01
12/20/2024,17:18:23,0.0,0.0,404.0,39.1,0.0,0.0,0.0,0.0,-0.01,0,1.21,2.42,0,0.0,0,308.01,0,0,0,0,0,0,0,0,0,1000.0,0,0,0,0,2.42,39.1,-1.0,0,39.1,0.0,39.1,0.0,0.0,0.0,308.01,-0.01
12/20/2024,17:18:24,0.0,0.0,404.0,39.1,0.0,0.0,0.0,0.0,-0.01,0,1.21,2.42,0,0.0,0,308.05,0,0,0,0,0,0,0,0,0,1000.0,0,0,0,0,2.42,39.1,-1.0,0,39.1,0.0,39.1,0.0,0.0,0.0,308.05,-0.01
12/20/2024,17:18:25,0.0,0.0,404.0,39.1,0.0,0.0,0.0,0.0,-0.01,0,1.21,2.42,0,0.0,0,308.09,0,0,0,0,0,0,0,0,0,1000.0,0,0,0,0,2.42,39.1,-1.0,0,39.1,0.0,39.1,0.0,0.0,0.0,308.09,-0.01
12/20/2024,17:18:26,0.0,0.0,404.0,39.1,0.0,0.0,0.0,0.0,-0.01,0,1.21,2.42,0,0.0,0,308.13,0,0,0,0,0,0,0,0,0,1000.0,0,0,0,0,2.42,39.1,-1.0,0,39.1,0.0,39.1,0.0,0.0,0.0,308.13,-0.01
12/20/2024,17:18:27,0.0,0.0,404.0,39.1,0.0,0.0,0.0,0.0,-0.01,0,1.21,2.42,0,0.0,0,308.17,0,0,0,0,0,0,0,0,0,1000.0,0,0,0,0,2.42,39.1,-1.0,0,39.1,0.0,39.1,0.0,0.0,0.0,308.17,-0.01
12/20/2024,17:18:28,0.0,0.0,404.0,39.1,0.0,0.0,0.0,0.0,-0.01,0,1.21,2.42,0,0.0,0,308.2,0,0,0,0,0,0,0,0,0,1000.0,0,0,0,0,2.42,39.1,-1.0,0,39.1,0.0,39.1,0.0,0.0,0.0,308.2,-0.01
12/20/2024,17:18:29,0.0,0.0,404.0,39.1,0.0,0.0,0.0,0.0,-0.01,0,1.21,2.42,0,0.0,0,308.24,0,0,0,0,0,0,0,0,0,1000.0,0,0,0,0,2.42,39.1,-1.0,0,39.1,0.0,39.1,0.0,0.0,0.0,308.24,-0.01
12/20/2024,17:18:30,0.0,0.0,404.0,39.1,0.0,0.0,0.0,0.0,-0.01,0,1.21,2.42,0,0.0,0,308.28,0,0,0,0,0,0,0,0,0,1000.0,0,0,0,0,2.42,39.1,-1.0,0,39.1,0.0,39.1,0.0,0.0,0.0,308.28,-0.01
12/20/2024,17:18:31,0.0,0.0,404.0,39.1,0.0,0.0,0.0,0.0,-0.01,0,1.21,2.42,0,0.0,0,308.32,0,0,0,0,0,0,0,0,0,1000.0,0,0,0,0,2.42,39.1,-1.0,0,39.1,0.0,39.1,0.0,0.0,0.0,308.32,-0.01
12/20/2024,17:18:32,0.0,0.0,404.0,39.1,0.0,0.0,0.0,0.0,-0.01,0,1.21,2.42,0,0.0,0,308.36,0,0,0,0,0,0,0,0,0,1000.0,0,0,0,0,2.42,39.1,-1.0,0,39.1,0.0,39.1,0.0,0.0,0.0,308.36,-0.01
12/20/2024,17:18:33,0.0,0.0,404.0,39.1,0.0,0.0,0.0,0.0,-0.01,0,1.21,2.42,0,0.0,0,308.4,0,0,0,0,0,0,0,0,0,1000.0,0,0,0,0,2.42,39.1,-1.0,0,39.1,0.0,39.1,0.0,0.0,0.0,308.4,-0.01
12/20/2024,17:18:34,0.0,0.0,404.0,39.1,0.0,0.0,0.0,0.0,-0.01,0,1.21,2.42,0,0.0,0,308.4,0,0,0,0,0,0,0,0,0,1000.0,0,0,0,0,2.42,39.1,-1.0,0,39.1,0.0,39.1,0.0,0.0,0.0,308.4,-0.01
12/20/2024,17:18:35,0.0,0.0,404.0,39.1,0.0,0.0,0.0,0.0,-0.01,0,1.21,2.42,0,0.0,0,308.48,0,0,0,0,0,0,0,0,0,1000.0,0,0,0,0,2.42,39.1,-1.0,0,39.1,0.0,39.1,0.0,0.0,0.0,308.48,-0.01
12/20/2024,17:18:36,0.0,0.0,404.0,39.1,0.0,0.0,0.0,0.0,-0.01,0,1.21,2.42,0,0.0,0,308.48,0,0,0,0,0,0,0,0,0,1000.0,0,0,0,0,2.42,39.1,-1.0,0,39.1,0.0,39.1,0.0,0.0,0.0,308.48,-0.01
12/20/2024,17:18:37,0.0,0.0,404.0,39.1,0.0,0.0,0.0,0.0,-0.01,0,1.21,2.42,0,0.0,0,308.56,0,0,0,0,0,0,0,0,0,1000.0,0,0,0,0,2.42,39.1,-1.0,0,39.1,0.0,39.1,0.0,0.0,0.0,308.56,-0.01
12/20/2024,17:18:38,0.0,0.0,404.0,39.1,0.0,0.0,0.0,0.0,-0.01,0,1.21,2.42,0,0.0,0,308.56,0,0,0,0,0,0,0,0,0,1000.0,0,0,0,0,2.42,39.1,-1.0,0,39.1,0.0,39.1,0.0,0.0,0.0,308.56,-0.01
12/20/2024,17:18:39,0.0,0.0,404.0,39.1,0.0,0.0,0.0,0.0,-0.01,0,1.21,2.42,0,0.0,0,308.63,0,0,0,0,0,0,0,0,0,1000.0,0,0,0,0,2.42,39.1,-1.0,0,39.1,0.0,39.1,0.0,0.0,0.0,308.63,-0.01
12/20/2024,17:18:40,0.0,0.0,404.0,39.1,0.0,0.0,0.0,0.0,-0.01,0,1.21,2.42,0,0.0,0,308.63,0,0,0,0,0,0,0,0,0,1000.0,0,0,0,0,2.42,39.1,-1.0,0,39.1,0.0,39.1,0.0,0.0,0.0,308.63,-0.01
12/20/2024,17:18:41,0.0,0.0,404.0,39.1,0.0,0.0,0.0,0.0,-0.01,0,1.21,2.42,0,0.0,0,308.71,0,0,0,0,0,0,0,0,0,1000.0,0,0,0,0,2.42,39.1,-1.0,0,39.1,0.0,39.1,0.0,0.0,0.0,308.71,-0.01
12/20/2024,17:18:42,0.0,0.0,404.0,39.1,0.0,0.0,0.0,0.0,-0.01,0,1.21,2.42,0,0.0,0,308.71,0,0,0,0,0,0,0,0,0,1000.0,0,0,0,0,2.42,39.1,-1.0,0,39.1,0.0,39.1,0.0,0.0,0.0,308.71,-0.01
12/20/2024,17:18:43,0.0,0.0,404.0,39.1,0.0,0.0,0.0,0.0,-0.01,0,1.21,2.42,0,0.0,0,308.79,0,0,0,0,0,0,0,0,0,1000.0,0,0,0,0,2.42,39.1,-1.0,0,39.1,0.0,39.1,0.0,0.0,0.0,308.79,-0.01
12/20/2024,17:18:44,0.0,0.0,404.0,39.1,0.0,0.0,0.0,0.0,-0.01,0,1.21,2.42,0,0.0,0,308.79,0,0,0,0,0,0,0,0,0,1000.0,0,0,0,0,2.42,39.1,-1.0,0,39.1,0.0,39.1,0.0,0.0,0.0,308.79,-0.01
12/20/2024,17:18:45,0.0,0.0,404.0,39.1,0.0,0.0,0.0,0.0,-0.01,0,1.21,2.42,0,0.0,0,308.87,0,0,0,0,0,0,0,0,0,1000.0,0,0,0,0,2.42,39.1,-1.0,0,39.1,0.0,39.1,0.0,0.0,0.0,308.87,-0.01
12/20/2024,17:18:46,0.0,0.0,404.0,39.1,0.0,0.0,0.0,0.0,-0.01,0,1.21,2.42,0,0.0,0,308.87,0,0,0,0,0,0,0,0,0,1000.0,0,0,0,0,2.42,39.1,-1.0,0,39.1,0.0,39.1,0.0,0.0,0.0,308.87,-0.01
12/20/2024,17:18:47,0.0,0.0,404.0,39.1,0.0,0.0,0.0,0.0,-0.01,0,1.21,2.42,0,0.0,0,308.95,0,0,0,0,0,0,0,0,0,1000.0,0,0,0,0,2.42,39.1,-1.0,0,39.1,0.0,39.1,0.0,0.0,0.0,308.95,-0.01
12/20/2024,17:18:48,0.0,0.0,404.0,39.1,0.0,0.0,0.0,0.0,-0.01,0,1.21,2.42,0,0.0,0,308.95,0,0,0,0,0,0,0,0,0,1000.0,0,0,0,0,2.42,39.1,-1.0,0,39.1,0.0,39.1,0.0,0.0,0.0,308.95,-0.01
12/20/2024,17:18:49,0.0,0.0,404.0,39.1,0.0,0.0,0.0,0.0,-0.01,0,1.21,2.42,0,0.0,0,309.03,0,0,0,0,0,0,0,0,0,1000.0,0,0,0,0,2.42,39.1,-1.0,0,39.1,0.0,39.1,0.0,0.0,0.0,309.03,-0.01
12/20/2024,17:18:50,0.0,0.0,404.0,39.1,0.0,0.0,0.0,0.0,-0.01,0,1.21,2.42,0,0.0,0,309.03,0,0,0,0,0,0,0,0,0,1000.0,0,0,0,0,2.42,39.1,-1.0,0,39.1,0.0,39.1,0.0,0.0,0.0,309.03,-0.01
12/20/2024,17:18:51,0.0,0.0,404.0,39.1,0.0,0.0,0.0,0.0,-0.01,0,1.21,2.42,0,0.0,0,309.06,0,0,0,0,0,0,0,0,0,1000.0,0,0,0,0,2.42,39.1,-1.0,0,39.1,0.0,39.1,0.0,0.0,0.0,309.06,-0.01
12/20/2024,17:18:52,0.0,0.0,404.0,39.1,0.0,0.0,0.0,0.0,-0.01,0,1.21,2.42,0,0.0,0,309.1,0,0,0,0,0,0,0,0,0,1000.0,0,0,0,0,2.42,39.1,-1.0,0,39.1,0.0,39.1,0.0,0.0,0.0,309.1,-0.01
12/20/2024,17:18:53,0.0,0.0,404.0,39.1,0.0,0.0,0.0,0.0,-0.01,0,1.21,2.42,0,0.0,0,309.14,0,0,0,0,0,0,0,0,0,1000.0,0,0,0,0,2.42,39.1,-1.0,0,39.1,0.0,39.1,0.0,0.0,0.0,309.14,-0.01
12/20/2024,17:18:54,0.0,0.0,404.0,39.1,0.0,0.0,0.0,0.0,-0.01,0,1.21,2.42,0,0.0,0,309.18,0,0,0,0,0,0,0,0,0,1000.0,0,0,0,0,2.42,39.1,-1.0,0,39.1,0.0,39.1,0.0,0.0,0.0,309.18,-0.01
12/20/2024,17:18:55,0.0,0.0,404.0,39.1,0.0,0.0,0.0,0.0,-0.01,0,1.21,2.42,0,0.0,0,309.26,0,0,0,0,0,0,0,0,0,1000.0,0,0,0,0,2.42,39.1,-1.0,0,39.1,0.0,39.1,0.0,0.0,0.0,309.26,-0.01
12/20/2024,17:18:56,0.0,0.0,404.0,39.1,0.0,0.0,0.0,0.0,-0.01,0,1.21,2.42,0,0.0,0,309.26,0,0,0,0,0,0,0,0,0,1000.0,0,0,0,0,2.42,39.1,-1.0,0,39.1,0.0,39.1,0.0,0.0,0.0,309.26,-0.01
12/20/2024,17:18:57,0.0,0.0,404.0,39.1,0.0,0.0,0.0,0.0,-0.01,0,1.21,2.42,0,0.0,0,309.34,0,0,0,0,0,0,0,0,0,1000.0,0,0,0,0,2.42,39.1,-1.0,0,39.1,0.0,39.1,0.0,0.0,0.0,309.34,-0.01
12/20/2024,17:18:58,0.0,0.0,404.0,39.1,0.0,0.0,0.0,0.0,-0.01,0,1.21,2.42,0,0.0,0,309.34,0,0,0,0,0,0,0,0,0,1000.0,0,0,0,0,2.42,39.1,-1.0,0,39.1,0.0,39.1,0.0,0.0,0.0,309.34,-0.01
12/20/2024,17:18:59,0.0,0.0,404.0,39.1,0.0,0.0,0.0,0.0,-0.01,0,1.21,2.42,0,0.0,0,309.38,0,0,0,0,0,0,0,0,0,1000.0,0,0,0,0,2.42,39.1,-1.0,0,39.1,0.0,39.1,0.0,0.0,0.0,309.38,-0.01
12/20/2024,17:19:0,0.0,0.0,404.0,39.1,0.0,0.0,0.0,0.0,-0.01,0,1.21,2.42,0,0.0,0,309.42,0,0,0,0,0,0,0,0,0,1000.0,0,0,0,0,2.42,39.1,-1.0,0,39.1,0.0,39.1,0.0,0.0,0.0,309.42,-0.01
12/20/2024,17:19:1,0.0,0.0,404.0,39.1,0.0,0.0,0.0,0.0,-0.01,0,1.21,2.42,0,0.0,0,309.46,0,0,0,0,0,0,0,0,0,1000.0,0,0,0,0,2.42,39.1,-1.0,0,39.1,0.0,39.1,0.0,0.0,0.0,309.46,-0.01
12/20/2024,17:19:2,0.0,0.0,404.0,39.1,0.0,0.0,0.0,0.0,-0.01,0,1.21,2.42,0,0.0,0,309.49,0,0,0,0,0,0,0,0,0,1000.0,0,0,0,0,2.42,39.1,-1.0,0,39.1,0.0,39.1,0.0,0.0,0.0,309.49,-0.01
12/20/2024,17:19:3,0.0,0.0,404.0,39.1,0.0,0.0,0.0,0.0,-0.01,0,1.21,2.42,0,0.0,0,309.53,0,0,0,0,0,0,0,0,0,1000.0,0,0,0,0,2.42,39.1,-1.0,0,39.1,0.0,39.1,0.0,0.0,0.0,309.53,-0.01
12/20/2024,17:19:4,0.0,0.0,404.0,39.1,0.0,0.0,0.0,0.0,-0.01,0,1.21,2.42,0,0.0,0,309.57,0,0,0,0,0,0,0,0,0,1000.0,0,0,0,0,2.42,39.1,-1.0,0,39.1,0.0,39.1,0.0,0.0,0.0,309.57,-0.01
12/20/2024,17:19:5,0.0,0.0,404.0,39.1,0.0,0.0,0.0,0.0,-0.01,0,1.21,2.42,0,0.0,0,309.61,0,0,0,0,0,0,0,0,0,1000.0,0,0,0,0,2.42,39.1,-1.0,0,39.1,0.0,39.1,0.0,0.0,0.0,309.61,-0.01
12/20/2024,17:19:6,0.0,0.0,404.0,39.1,0.0,0.0,0.0,0.0,-0.01,0,1.21,2.42,0,0.0,0,309.69,0,0,0,0,0,0,0,0,0,1000.0,0,0,0,0,2.42,39.1,-1.0,0,39.1,0.0,39.1,0.0,0.0,0.0,309.69,-0.01
12/20/2024,17:19:7,0.0,0.0,404.0,39.1,0.0,0.0,0.0,0.0,-0.01,0,1.21,2.42,0,0.0,0,309.73,0,0,0,0,0,0,0,0,0,1000.0,0,0,0,0,2.42,39.1,-1.0,0,39.1,0.0,39.1,0.0,0.0,0.0,309.73,-0.01
12/20/2024,17:19:8,0.0,0.0,404.0,39.1,0.0,0.0,0.0,0.0,-0.01,0,1.21,2.42,0,0.0,0,309.77,0,0,0,0,0,0,0,0,0,1000.0,0,0,0,0,2.42,39.1,-1.0,0,39.1,0.0,39.1,0.0,0.0,0.0,309.77,-0.01
12/20/2024,17:19:9,0.0,0.0,404.0,39.1,0.0,0.0,0.0,0.0,-0.01,0,1.21,2.42,0,0.0,0,309.81,0,0,0,0,0,0,0,0,0,1000.0,0,0,0,0,2.42,39.1,-1.0,0,39.1,0.0,39.1,0.0,0.0,0.0,309.81,-0.01
12/20/2024,17:19:10,0.0,0.0,404.0,39.1,0.0,0.0,0.0,0.0,-0.01,0,1.21,2.42,0,0.0,0,309.85,0,0,0,0,0,0,0,0,0,1000.0,0,0,0,0,2.42,39.1,-1.0,0,39.1,0.0,39.1,0.0,0.0,0.0,309.85,-0.01
12/20/2024,17:19:11,0.0,0.0,404.0,39.1,0.0,0.0,0.0,0.0,-0.01,0,1.21,2.42,0,0.0,0,309.89,0,0,0,0,0,0,0,0,0,1000.0,0,0,0,0,2.42,39.1,-1.0,0,39.1,0.0,39.1,0.0,0.0,0.0,309.89,-0.01
12/20/2024,17:19:12,0.0,0.0,404.0,39.1,0.0,0.0,0.0,0.0,-0.01,0,1.21,2.42,0,0.0,0,309.92,0,0,0,0,0,0,0,0,0,1000.0,0,0,0,0,2.42,39.1,-1.0,0,39.1,0.0,39.1,0.0,0.0,0.0,309.92,-0.01
12/20/2024,17:19:15,0.0,0.0,404.0,39.1,0.0,0.0,0.0,0.0,-0.01,0,1.21,2.42,0,0.0,0,310.04,0,0,0,0,0,0,0,0,0,1000.0,0,0,0,0,2.42,39.1,-1.0,0,39.1,0.0,39.1,0.0,0.0,0.0,310.04,-0.01
12/20/2024,17:19:16,0.0,0.0,404.0,39.1,0.0,0.0,0.0,0.0,-0.01,0,1.21,2.42,0,0.0,0,310.08,0,0,0,0,0,0,0,0,0,1000.0,0,0,0,0,2.42,39.1,-1.0,0,39.1,0.0,39.1,0.0,0.0,0.0,310.08,-0.01
12/20/2024,17:19:17,0.0,0.0,404.0,39.1,0.0,0.0,0.0,0.0,-0.01,0,1.21,2.42,0,0.0,0,310.12,0,0,0,0,0,0,0,0,0,1000.0,0,0,0,0,2.42,39.1,-1.0,0,39.1,0.0,39.1,0.0,0.0,0.0,310.12,-0.01
12/20/2024,17:19:18,0.0,0.0,404.0,39.1,0.0,0.0,0.0,0.0,-0.01,0,1.21,2.42,0,0.0,0,310.16,0,0,0,0,0,0,0,0,0,1000.0,0,0,0,0,2.42,39.1,-1.0,0,39.1,0.0,39.1,0.0,0.0,0.0,310.16,-0.01
12/20/2024,17:19:19,0.0,0.0,404.0,39.1,0.0,0.0,0.0,0.0,-0.01,0,1.21,2.42,0,0.0,0,310.2,0,0,0,0,0,0,0,0,0,1000.0,0,0,0,0,2.42,39.1,-1.0,0,39.1,0.0,39.1,0.0,0.0,0.0,310.2,-0.01
12/20/2024,17:19:20,0.0,0.0,404.0,39.1,0.0,0.0,0.0,0.0,-0.01,0,1.21,2.42,0,0.0,0,310.24,0,0,0,0,0,0,0,0,0,1000.0,0,0,0,0,2.42,39.1,-1.0,0,39.1,0.0,39.1,0.0,0.0,0.0,310.24,-0.01
12/20/2024,17:19:21,0.0,0.0,404.0,39.1,0.0,0.0,0.0,0.0,-0.01,0,1.21,2.42,0,0.0,0,310.28,0,0,0,0,0,0,0,0,0,1000.0,0,0,0,0,2.42,39.1,-1.0,0,39.1,0.0,39.1,0.0,0.0,0.0,310.28,-0.01
12/20/2024,17:19:22,0.0,0.0,404.0,39.1,0.0,0.0,0.0,0.0,-0.01,0,1.21,2.42,0,0.0,0,310.32,0,0,0,0,0,0,0,0,0,1000.0,0,0,0,0,2.42,39.1,-1.0,0,39.1,0.0,39.1,0.0,0.0,0.0,310.32,-0.01
12/20/2024,17:19:23,0.0,0.0,404.0,39.1,0.0,0.0,0.0,0.0,-0.01,0,1.21,2.42,0,0.0,0,310.35,0,0,0,0,0,0,0,0,0,1000.0,0,0,0,0,2.42,39.1,-1.0,0,39.1,0.0,39.1,0.0,0.0,0.0,310.35,-0.01
12/20/2024,17:19:24,0.0,0.0,404.0,39.1,0.0,0.0,0.0,0.0,-0.01,0,1.21,2.42,0,0.0,0,310.39,0,0,0,0,0,0,0,0,0,1000.0,0,0,0,0,2.42,39.1,-1.0,0,39.1,0.0,39.1,0.0,0.0,0.0,310.39,-0.01
12/20/2024,17:19:25,0.0,0.0,404.0,39.1,0.0,0.0,0.0,0.0,-0.01,0,1.21,2.42,0,0.0,0,310.39,0,0,0,0,0,0,0,0,0,1000.0,0,0,0,0,2.42,39.1,-1.0,0,39.1,0.0,39.1,0.0,0.0,0.0,310.39,-0.01
12/20/2024,17:19:26,0.0,0.0,404.0,39.1,0.0,0.0,0.0,0.0,-0.01,0,1.21,2.42,0,0.0,0,310.47,0,0,0,0,0,0,0,0,0,1000.0,0,0,0,0,2.42,39.1,-1.0,0,39.1,0.0,39.1,0.0,0.0,0.0,310.47,-0.01
12/20/2024,17:19:27,0.0,0.0,404.0,39.1,0.0,0.0,0.0,0.0,-0.01,0,1.21,2.42,0,0.0,0,310.51,0,0,0,0,0,0,0,0,0,1000.0,0,0,0,0,2.42,39.1,-1.0,0,39.1,0.0,39.1,0.0,0.0,0.0,310.51,-0.01
12/20/2024,17:19:28,0.0,0.0,404.0,39.1,0.0,0.0,0.0,0.0,-0.01,0,1.21,2.42,0,0.0,0,310.55,0,0,0,0,0,0,0,0,0,1000.0,0,0,0,0,2.42,39.1,-1.0,0,39.1,0.0,39.1,0.0,0.0,0.0,310.55,-0.01
12/20/2024,17:19:29,0.0,0.0,404.0,39.1,0.0,0.0,0.0,0.0,-0.01,0,1.21,2.42,0,0.0,0,310.59,0,0,0,0,0,0,0,0,0,1000.0,0,0,0,0,2.42,39.1,-1.0,0,39.1,0.0,39.1,0.0,0.0,0.0,310.59,-0.01
12/20/2024,17:19:30,0.0,0.0,404.0,39.1,0.0,0.0,0.0,0.0,-0.01,0,1.21,2.42,0,0.0,0,310.63,0,0,0,0,0,0,0,0,0,1000.0,0,0,0,0,2.42,39.1,-1.0,0,39.1,0.0,39.1,0.0,0.0,0.0,310.63,-0.01
12/20/2024,17:19:31,0.0,0.0,404.0,39.1,0.0,0.0,0.0,0.0,-0.01,0,1.21,2.42,0,0.0,0,310.67,0,0,0,0,0,0,0,0,0,1000.0,0,0,0,0,2.42,39.1,-1.0,0,39.1,0.0,39.1,0.0,0.0,0.0,310.67,-0.01
12/20/2024,17:19:32,0.0,0.0,404.0,39.1,0.0,0.0,0.0,0.0,-0.01,0,1.21,2.42,0,0.0,0,310.71,0,0,0,0,0,0,0,0,0,1000.0,0,0,0,0,2.42,39.1,-1.0,0,39.1,0.0,39.1,0.0,0.0,0.0,310.71,-0.01
12/20/2024,17:19:33,0.0,0.0,404.0,39.1,0.0,0.0,0.0,0.0,-0.01,0,1.21,2.42,0,0.0,0,310.75,0,0,0,0,0,0,0,0,0,1000.0,0,0,0,0,2.42,39.1,-1.0,0,39.1,0.0,39.1,0.0,0.0,0.0,310.75,-0.01
12/20/2024,17:19:34,0.0,0.0,404.0,39.1,0.0,0.0,0.0,0.0,-0.01,0,1.21,2.42,0,0.0,0,310.78,0,0,0,0,0,0,0,0,0,1000.0,0,0,0,0,2.42,39.1,-1.0,0,39.1,0.0,39.1,0.0,0.0,0.0,310.78,-0.01
12/20/2024,17:19:35,0.0,0.0,404.0,39.1,0.0,0.0,0.0,0.0,-0.01,0,1.21,2.42,0,0.0,0,310.82,0,0,0,0,0,0,0,0,0,1000.0,0,0,0,0,2.42,39.1,-1.0,0,39.1,0.0,39.1,0.0,0.0,0.0,310.82,-0.01
12/20/2024,17:19:36,0.0,0.0,404.0,39.1,0.0,0.0,0.0,0.0,-0.01,0,1.21,2.42,0,0.0,0,310.86,0,0,0,0,0,0,0,0,0,1000.0,0,0,0,0,2.42,39.1,-1.0,0,39.1,0.0,39.1,0.0,0.0,0.0,310.86,-0.01
12/20/2024,17:19:37,0.0,0.0,404.0,39.1,0.0,0.0,0.0,0.0,-0.01,0,1.21,2.42,0,0.0,0,310.9,0,0,0,0,0,0,0,0,0,1000.0,0,0,0,0,2.42,39.1,-1.0,0,39.1,0.0,39.1,0.0,0.0,0.0,310.9,-0.01
12/20/2024,17:19:38,0.0,0.0,404.0,39.1,0.0,0.0,0.0,0.0,-0.01,0,1.21,2.42,0,0.0,0,310.9,0,0,0,0,0,0,0,0,0,1000.0,0,0,0,0,2.42,39.1,-1.0,0,39.1,0.0,39.1,0.0,0.0,0.0,310.9,-0.01
12/20/2024,17:19:39,0.0,0.0,404.0,39.1,0.0,0.0,0.0,0.0,-0.01,0,1.21,2.42,0,0.0,0,310.98,0,0,0,0,0,0,0,0,0,1000.0,0,0,0,0,2.42,39.1,-1.0,0,39.1,0.0,39.1,0.0,0.0,0.0,310.98,-0.01
12/20/2024,17:19:40,0.0,0.0,404.0,39.1,0.0,0.0,0.0,0.0,-0.01,0,1.21,2.42,0,0.0,0,310.98,0,0,0,0,0,0,0,0,0,1000.0,0,0,0,0,2.42,39.1,-1.0,0,39.1,0.0,39.1,0.0,0.0,0.0,310.98,-0.01
12/20/2024,17:19:41,0.0,0.0,404.0,39.1,0.0,0.0,0.0,0.0,-0.01,0,1.21,2.42,0,0.0,0,311.06,0,0,0,0,0,0,0,0,0,1000.0,0,0,0,0,2.42,39.1,-1.0,0,39.1,0.0,39.1,0.0,0.0,0.0,311.06,-0.01
12/20/2024,17:19:42,0.0,0.0,404.0,39.1,0.0,0.0,0.0,0.0,-0.01,0,1.21,2.42,0,0.0,0,311.06,0,0,0,0,0,0,0,0,0,1000.0,0,0,0,0,2.42,39.1,-1.0,0,39.1,0.0,39.1,0.0,0.0,0.0,311.06,-0.01
12/20/2024,17:19:43,0.0,0.0,404.0,39.1,0.0,0.0,0.0,0.0,-0.01,0,1.21,2.42,0,0.0,0,311.14,0,0,0,0,0,0,0,0,0,1000.0,0,0,0,0,2.42,39.1,-1.0,0,39.1,0.0,39.1,0.0,0.0,0.0,311.14,-0.01
12/20/2024,17:19:44,0.0,0.0,404.0,39.1,0.0,0.0,0.0,0.0,-0.01,0,1.21,2.42,0,0.0,0,311.14,0,0,0,0,0,0,0,0,0,1000.0,0,0,0,0,2.42,39.1,-1.0,0,39.1,0.0,39.1,0.0,0.0,0.0,311.14,-0.01
12/20/2024,17:19:45,0.0,0.0,404.0,39.1,0.0,0.0,0.0,0.0,-0.01,0,1.21,2.42,0,0.0,0,311.21,0,0,0,0,0,0,0,0,0,1000.0,0,0,0,0,2.42,39.1,-1.0,0,39.1,0.0,39.1,0.0,0.0,0.0,311.21,-0.01
12/20/2024,17:19:46,0.0,0.0,404.0,39.1,0.0,0.0,0.0,0.0,-0.01,0,1.21,2.42,0,0.0,0,311.21,0,0,0,0,0,0,0,0,0,1000.0,0,0,0,0,2.42,39.1,-1.0,0,39.1,0.0,39.1,0.0,0.0,0.0,311.21,-0.01
12/20/2024,17:19:47,0.0,0.0,404.0,39.1,0.0,0.0,0.0,0.0,-0.01,0,1.21,2.42,0,0.0,0,311.29,0,0,0,0,0,0,0,0,0,1000.0,0,0,0,0,2.42,39.1,-1.0,0,39.1,0.0,39.1,0.0,0.0,0.0,311.29,-0.01
12/20/2024,17:19:48,0.0,0.0,404.0,39.1,0.0,0.0,0.0,0.0,-0.01,0,1.21,2.42,0,0.0,0,311.29,0,0,0,0,0,0,0,0,0,1000.0,0,0,0,0,2.42,39.1,-1.0,0,39.1,0.0,39.1,0.0,0.0,0.0,311.29,-0.01
12/20/2024,17:19:49,0.0,0.0,404.0,39.1,0.0,0.0,0.0,0.0,-0.01,0,1.21,2.42,0,0.0,0,311.37,0,0,0,0,0,0,0,0,0,1000.0,0,0,0,0,2.42,39.1,-1.0,0,39.1,0.0,39.1,0.0,0.0,0.0,311.37,-0.01
12/20/2024,17:19:50,0.0,0.0,404.0,39.1,0.0,0.0,0.0,0.0,-0.01,0,1.21,2.42,0,0.0,0,311.37,0,0,0,0,0,0,0,0,0,1000.0,0,0,0,0,2.42,39.1,-1.0,0,39.1,0.0,39.1,0.0,0.0,0.0,311.37,-0.01
12/20/2024,17:19:51,0.0,0.0,404.0,39.1,0.0,0.0,0.0,0.0,-0.01,0,1.21,2.42,0,0.0,0,311.45,0,0,0,0,0,0,0,0,0,1000.0,0,0,0,0,2.42,39.1,-1.0,0,39.1,0.0,39.1,0.0,0.0,0.0,311.45,-0.01
12/20/2024,17:19:52,0.0,0.0,404.0,39.1,0.0,0.0,0.0,0.0,-0.01,0,1.21,2.42,0,0.0,0,311.45,0,0,0,0,0,0,0,0,0,1000.0,0,0,0,0,2.42,39.1,-1.0,0,39.1,0.0,39.1,0.0,0.0,0.0,311.45,-0.01
12/20/2024,17:19:53,0.0,0.0,404.0,39.1,0.0,0.0,0.0,0.0,-0.01,0,1.21,2.42,0,0.0,0,311.49,0,0,0,0,0,0,0,0,0,1000.0,0,0,0,0,2.42,39.1,-1.0,0,39.1,0.0,39.1,0.0,0.0,0.0,311.49,-0.01
12/20/2024,17:19:54,0.0,0.0,404.0,39.1,0.0,0.0,0.0,0.0,-0.01,0,1.21,2.42,0,0.0,0,311.53,0,0,0,0,0,0,0,0,0,1000.0,0,0,0,0,2.42,39.1,-1.0,0,39.1,0.0,39.1,0.0,0.0,0.0,311.53,-0.01
12/20/2024,17:19:55,0.0,0.0,404.0,39.1,0.0,0.0,0.0,0.0,-0.01,0,1.21,2.42,0,0.0,0,311.57,0,0,0,0,0,0,0,0,0,1000.0,0,0,0,0,2.42,39.1,-1.0,0,39.1,0.0,39.1,0.0,0.0,0.0,311.57,-0.01
12/20/2024,17:19:56,0.0,0.0,404.0,39.1,0.0,0.0,0.0,0.0,-0.01,0,1.21,2.42,0,0.0,0,311.61,0,0,0,0,0,0,0,0,0,1000.0,0,0,0,0,2.42,39.1,-1.0,0,39.1,0.0,39.1,0.0,0.0,0.0,311.61,-0.01
12/20/2024,17:19:57,0.0,0.0,404.0,39.1,0.0,0.0,0.0,0.0,-0.01,0,1.21,2.42,0,0.0,0,311.64,0,0,0,0,0,0,0,0,0,1000.0,0,0,0,0,2.42,39.1,-1.0,0,39.1,0.0,39.1,0.0,0.0,0.0,311.64,-0.01
12/20/2024,17:19:58,0.0,0.0,404.0,39.1,0.0,0.0,0.0,0.0,-0.01,0,1.21,2.42,0,0.0,0,311.68,0,0,0,0,0,0,0,0,0,1000.0,0,0,0,0,2.42,39.1,-1.0,0,39.1,0.0,39.1,0.0,0.0,0.0,311.68,-0.01
12/20/2024,17:19:59,0.0,0.0,404.0,39.1,0.0,0.0,0.0,0.0,-0.01,0,1.21,2.42,0,0.0,0,311.72,0,0,0,0,0,0,0,0,0,1000.0,0,0,0,0,2.42,39.1,-1.0,0,39.1,0.0,39.1,0.0,0.0,0.0,311.72,-0.01
12/20/2024,17:20:0,0.0,0.0,404.0,39.1,0.0,0.0,0.0,0.0,-0.01,0,1.21,2.42,0,0.0,0,311.76,0,0,0,0,0,0,0,0,0,1000.0,0,0,0,0,2.42,39.1,-1.0,0,39.1,0.0,39.1,0.0,0.0,0.0,311.76,-0.01
12/20/2024,17:20:1,0.0,0.0,404.0,39.1,0.0,0.0,0.0,0.0,-0.01,0,1.21,2.42,0,0.0,0,311.8,0,0,0,0,0,0,0,0,0,1000.0,0,0,0,0,2.42,39.1,-1.0,0,39.1,0.0,39.1,0.0,0.0,0.0,311.8,-0.01
12/20/2024,17:20:2,0.0,0.0,404.0,39.1,0.0,0.0,0.0,0.0,-0.01,0,1.21,2.42,0,0.0,0,311.88,0,0,0,0,0,0,0,0,0,1000.0,0,0,0,0,2.42,39.1,-1.0,0,39.1,0.0,39.1,0.0,0.0,0.0,311.88,-0.01
12/20/2024,17:20:3,0.0,0.0,404.0,39.1,0.0,0.0,0.0,0.0,-0.01,0,1.21,2.42,0,0.0,0,311.92,0,0,0,0,0,0,0,0,0,1000.0,0,0,0,0,2.42,39.1,-1.0,0,39.1,0.0,39.1,0.0,0.0,0.0,311.92,-0.01
12/20/2024,17:20:4,0.0,0.0,404.0,39.1,0.0,0.0,0.0,0.0,-0.01,0,1.21,2.42,0,0.0,0,311.96,0,0,0,0,0,0,0,0,0,1000.0,0,0,0,0,2.42,39.1,-1.0,0,39.1,0.0,39.1,0.0,0.0,0.0,311.96,-0.01
12/20/2024,17:20:5,0.0,0.0,404.0,39.1,0.0,0.0,0.0,0.0,-0.01,0,1.21,2.42,0,0.0,0,312.0,0,0,0,0,0,0,0,0,0,1000.0,0,0,0,0,2.42,39.1,-1.0,0,39.1,0.0,39.1,0.0,0.0,0.0,312.0,-0.01
12/20/2024,17:20:6,0.0,0.0,404.0,39.1,0.0,0.0,0.0,0.0,-0.01,0,1.21,2.42,0,0.0,0,312.04,0,0,0,0,0,0,0,0,0,1000.0,0,0,0,0,2.42,39.1,-1.0,0,39.1,0.0,39.1,0.0,0.0,0.0,312.04,-0.01
12/20/2024,17:20:7,0.0,0.0,404.0,39.1,0.0,0.0,0.0,0.0,-0.01,0,1.21,2.42,0,0.0,0,312.08,0,0,0,0,0,0,0,0,0,1000.0,0,0,0,0,2.42,39.1,-1.0,0,39.1,0.0,39.1,0.0,0.0,0.0,312.08,-0.01
12/20/2024,17:20:8,0.0,0.0,404.0,39.1,0.0,0.0,0.0,0.0,-0.01,0,1.21,2.42,0,0.0,0,312.11,0,0,0,0,0,0,0,0,0,1000.0,0,0,0,0,2.42,39.1,-1.0,0,39.1,0.0,39.1,0.0,0.0,0.0,312.11,-0.01
12/20/2024,17:20:9,0.0,0.0,404.0,39.1,0.0,0.0,0.0,0.0,-0.01,0,1.21,2.42,0,0.0,0,312.15,0,0,0,0,0,0,0,0,0,1000.0,0,0,0,0,2.42,39.1,-1.0,0,39.1,0.0,39.1,0.0,0.0,0.0,312.15,-0.01
12/20/2024,17:20:10,0.0,0.0,404.0,39.1,0.0,0.0,0.0,0.0,-0.01,0,1.21,2.42,0,0.0,0,312.19,0,0,0,0,0,0,0,0,0,1000.0,0,0,0,0,2.42,39.1,-1.0,0,39.1,0.0,39.1,0.0,0.0,0.0,312.19,-0.01
12/20/2024,17:20:11,0.0,0.0,404.0,39.1,0.0,0.0,0.0,0.0,-0.01,0,1.21,2.42,0,0.0,0,312.23,0,0,0,0,0,0,0,0,0,1000.0,0,0,0,0,2.42,39.1,-1.0,0,39.1,0.0,39.1,0.0,0.0,0.0,312.23,-0.01
12/20/2024,17:20:12,0.0,0.0,404.0,39.1,0.0,0.0,0.0,0.0,-0.01,0,1.21,2.42,0,0.0,0,312.27,0,0,0,0,0,0,0,0,0,1000.0,0,0,0,0,2.42,39.1,-1.0,0,39.1,0.0,39.1,0.0,0.0,0.0,312.27,-0.01
12/20/2024,17:20:13,0.0,0.0,404.0,39.1,0.0,0.0,0.0,0.0,-0.01,0,1.21,2.42,0,0.0,0,312.31,0,0,0,0,0,0,0,0,0,1000.0,0,0,0,0,2.42,39.1,-1.0,0,39.1,0.0,39.1,0.0,0.0,0.0,312.31,-0.01
12/20/2024,17:20:14,0.0,0.0,404.0,39.1,0.0,0.0,0.0,0.0,-0.01,0,1.21,2.42,0,0.0,0,312.35,0,0,0,0,0,0,0,0,0,1000.0,0,0,0,0,2.42,39.1,-1.0,0,39.1,0.0,39.1,0.0,0.0,0.0,312.35,-0.01
12/20/2024,17:20:15,0.0,0.0,404.0,39.1,0.0,0.0,0.0,0.0,-0.01,0,1.21,2.42,0,0.0,0,312.39,0,0,0,0,0,0,0,0,0,1000.0,0,0,0,0,2.42,39.1,-1.0,0,39.1,0.0,39.1,0.0,0.0,0.0,312.39,-0.01
12/20/2024,17:20:16,0.0,0.0,404.0,39.1,0.0,0.0,0.0,0.0,-0.01,0,1.21,2.42,0,0.0,0,312.43,0,0,0,0,0,0,0,0,0,1000.0,0,0,0,0,2.42,39.1,-1.0,0,39.1,0.0,39.1,0.0,0.0,0.0,312.43,-0.01
12/20/2024,17:20:17,0.0,0.0,404.0,39.1,0.0,0.0,0.0,0.0,-0.01,0,1.21,2.42,0,0.0,0,312.47,0,0,0,0,0,0,0,0,0,1000.0,0,0,0,0,2.42,39.1,-1.0,0,39.1,0.0,39.1,0.0,0.0,0.0,312.47,-0.01
12/20/2024,17:20:18,0.0,0.0,404.0,39.1,0.0,0.0,0.0,0.0,-0.01,0,1.21,2.42,0,0.0,0,312.51,0,0,0,0,0,0,0,0,0,1000.0,0,0,0,0,2.42,39.1,-1.0,0,39.1,0.0,39.1,0.0,0.0,0.0,312.51,-0.01
12/20/2024,17:20:19,0.0,0.0,404.0,39.1,0.0,0.0,0.0,0.0,-0.01,0,1.21,2.42,0,0.0,0,312.54,0,0,0,0,0,0,0,0,0,1000.0,0,0,0,0,2.42,39.1,-1.0,0,39.1,0.0,39.1,0.0,0.0,0.0,312.54,-0.01
12/20/2024,17:20:20,0.0,0.0,404.0,39.1,0.0,0.0,0.0,0.0,-0.01,0,1.21,2.42,0,0.0,0,312.54,0,0,0,0,0,0,0,0,0,1000.0,0,0,0,0,2.42,39.1,-1.0,0,39.1,0.0,39.1,0.0,0.0,0.0,312.54,-0.01
12/20/2024,17:20:21,0.0,0.0,404.0,39.1,0.0,0.0,0.0,0.0,-0.01,0,1.21,2.42,0,0.0,0,312.62,0,0,0,0,0,0,0,0,0,1000.0,0,0,0,0,2.42,39.1,-1.0,0,39.1,0.0,39.1,0.0,0.0,0.0,312.62,-0.01
12/20/2024,17:20:22,0.0,0.0,404.0,39.1,0.0,0.0,0.0,0.0,-0.01,0,1.21,2.42,0,0.0,0,312.62,0,0,0,0,0,0,0,0,0,1000.0,0,0,0,0,2.42,39.1,-1.0,0,39.1,0.0,39.1,0.0,0.0,0.0,312.62,-0.01
12/20/2024,17:20:23,0.0,0.0,404.0,39.1,0.0,0.0,0.0,0.0,-0.01,0,1.21,2.42,0,0.0,0,312.7,0,0,0,0,0,0,0,0,0,1000.0,0,0,0,0,2.42,39.1,-1.0,0,39.1,0.0,39.1,0.0,0.0,0.0,312.7,-0.01
12/20/2024,17:20:24,0.0,0.0,404.0,39.1,0.0,0.0,0.0,0.0,-0.01,0,1.21,2.42,0,0.0,0,312.7,0,0,0,0,0,0,0,0,0,1000.0,0,0,0,0,2.42,39.1,-1.0,0,39.1,0.0,39.1,0.0,0.0,0.0,312.7,-0.01
12/20/2024,17:20:25,0.0,0.0,404.0,39.1,0.0,0.0,0.0,0.0,-0.01,0,1.21,2.42,0,0.0,0,312.78,0,0,0,0,0,0,0,0,0,1000.0,0,0,0,0,2.42,39.1,-1.0,0,39.1,0.0,39.1,0.0,0.0,0.0,312.78,-0.01
12/20/2024,17:20:26,0.0,0.0,404.0,39.1,0.0,0.0,0.0,0.0,-0.01,0,1.21,2.42,0,0.0,0,312.78,0,0,0,0,0,0,0,0,0,1000.0,0,0,0,0,2.42,39.1,-1.0,0,39.1,0.0,39.1,0.0,0.0,0.0,312.78,-0.01
12/20/2024,17:20:27,0.0,0.0,404.0,39.1,0.0,0.0,0.0,0.0,-0.01,0,1.21,2.42,0,0.0,0,312.86,0,0,0,0,0,0,0,0,0,1000.0,0,0,0,0,2.42,39.1,-1.0,0,39.1,0.0,39.1,0.0,0.0,0.0,312.86,-0.01
12/20/2024,17:20:28,0.0,0.0,404.0,39.1,0.0,0.0,0.0,0.0,-0.01,0,1.21,2.42,0,0.0,0,312.86,0,0,0,0,0,0,0,0,0,1000.0,0,0,0,0,2.42,39.1,-1.0,0,39.1,0.0,39.1,0.0,0.0,0.0,312.86,-0.01
12/20/2024,17:20:29,0.0,0.0,404.0,39.1,0.0,0.0,0.0,0.0,-0.01,0,1.21,2.42,0,0.0,0,312.94,0,0,0,0,0,0,0,0,0,1000.0,0,0,0,0,2.42,39.1,-1.0,0,39.1,0.0,39.1,0.0,0.0,0.0,312.94,-0.01
12/20/2024,17:20:30,0.0,0.0,404.0,39.1,0.0,0.0,0.0,0.0,-0.01,0,1.21,2.42,0,0.0,0,312.94,0,0,0,0,0,0,0,0,0,1000.0,0,0,0,0,2.42,39.1,-1.0,0,39.1,0.0,39.1,0.0,0.0,0.0,312.94,-0.01
12/20/2024,17:20:31,0.0,0.0,404.0,39.1,0.0,0.0,0.0,0.0,-0.01,0,1.21,2.42,0,0.0,0,313.01,0,0,0,0,0,0,0,0,0,1000.0,0,0,0,0,2.42,39.1,-1.0,0,39.1,0.0,39.1,0.0,0.0,0.0,313.01,-0.01
12/20/2024,17:20:32,0.0,0.0,404.0,39.1,0.0,0.0,0.0,0.0,-0.01,0,1.21,2.42,0,0.0,0,313.01,0,0,0,0,0,0,0,0,0,1000.0,0,0,0,0,2.42,39.1,-1.0,0,39.1,0.0,39.1,0.0,0.0,0.0,313.01,-0.01
12/20/2024,17:20:33,0.0,0.0,404.0,39.1,0.0,0.0,0.0,0.0,-0.01,0,1.21,2.42,0,0.0,0,313.09,0,0,0,0,0,0,0,0,0,1000.0,0,0,0,0,2.42,39.1,-1.0,0,39.1,0.0,39.1,0.0,0.0,0.0,313.09,-0.01
12/20/2024,17:20:34,0.0,0.0,404.0,39.1,0.0,0.0,0.0,0.0,-0.01,0,1.21,2.42,0,0.0,0,313.09,0,0,0,0,0,0,0,0,0,1000.0,0,0,0,0,2.42,39.1,-1.0,0,39.1,0.0,39.1,0.0,0.0,0.0,313.09,-0.01
12/20/2024,17:20:35,0.0,0.0,404.0,39.1,0.0,0.0,0.0,0.0,-0.01,0,1.21,2.42,0,0.0,0,313.17,0,0,0,0,0,0,0,0,0,1000.0,0,0,0,0,2.42,39.1,-1.0,0,39.1,0.0,39.1,0.0,0.0,0.0,313.17,-0.01
12/20/2024,17:20:36,0.0,0.0,404.0,39.1,0.0,0.0,0.0,0.0,-0.01,0,1.21,2.42,0,0.0,0,313.17,0,0,0,0,0,0,0,0,0,1000.0,0,0,0,0,2.42,39.1,-1.0,0,39.1,0.0,39.1,0.0,0.0,0.0,313.17,-0.01
12/20/2024,17:20:37,0.0,0.0,404.0,39.1,0.0,0.0,0.0,0.0,-0.01,0,1.21,2.42,0,0.0,0,313.25,0,0,0,0,0,0,0,0,0,1000.0,0,0,0,0,2.42,39.1,-1.0,0,39.1,0.0,39.1,0.0,0.0,0.0,313.25,-0.01
12/20/2024,17:20:38,0.0,0.0,404.0,39.1,0.0,0.0,0.0,0.0,-0.01,0,1.21,2.42,0,0.0,0,313.25,0,0,0,0,0,0,0,0,0,1000.0,0,0,0,0,2.42,39.1,-1.0,0,39.1,0.0,39.1,0.0,0.0,0.0,313.25,-0.01
12/20/2024,17:20:39,0.0,0.0,404.0,39.1,0.0,0.0,0.0,0.0,-0.01,0,1.21,2.42,0,0.0,0,313.33,0,0,0,0,0,0,0,0,0,1000.0,0,0,0,0,2.42,39.1,-1.0,0,39.1,0.0,39.1,0.0,0.0,0.0,313.33,-0.01
12/20/2024,17:20:40,0.0,0.0,404.0,39.1,0.0,0.0,0.0,0.0,-0.01,0,1.21,2.42,0,0.0,0,313.33,0,0,0,0,0,0,0,0,0,1000.0,0,0,0,0,2.42,39.1,-1.0,0,39.1,0.0,39.1,0.0,0.0,0.0,313.33,-0.01
12/20/2024,17:20:41,0.0,0.0,404.0,39.1,0.0,0.0,0.0,0.0,-0.01,0,1.21,2.42,0,0.0,0,313.4,0,0,0,0,0,0,0,0,0,1000.0,0,0,0,0,2.42,39.1,-1.0,0,39.1,0.0,39.1,0.0,0.0,0.0,313.4,-0.01
12/20/2024,17:20:42,0.0,0.0,404.0,39.1,0.0,0.0,0.0,0.0,-0.01,0,1.21,2.42,0,0.0,0,313.4,0,0,0,0,0,0,0,0,0,1000.0,0,0,0,0,2.42,39.1,-1.0,0,39.1,0.0,39.1,0.0,0.0,0.0,313.4,-0.01
12/20/2024,17:20:43,0.0,0.0,404.0,39.1,0.0,0.0,0.0,0.0,-0.01,0,1.21,2.42,0,0.0,0,313.48,0,0,0,0,0,0,0,0,0,1000.0,0,0,0,0,2.42,39.1,-1.0,0,39.1,0.0,39.1,0.0,0.0,0.0,313.48,-0.01
12/20/2024,17:20:44,0.0,0.0,404.0,39.1,0.0,0.0,0.0,0.0,-0.01,0,1.21,2.42,0,0.0,0,313.48,0,0,0,0,0,0,0,0,0,1000.0,0,0,0,0,2.42,39.1,-1.0,0,39.1,0.0,39.1,0.0,0.0,0.0,313.48,-0.01
12/20/2024,17:20:45,0.0,0.0,404.0,39.1,0.0,0.0,0.0,0.0,-0.01,0,1.21,2.42,0,0.0,0,313.56,0,0,0,0,0,0,0,0,0,1000.0,0,0,0,0,2.42,39.1,-1.0,0,39.1,0.0,39.1,0.0,0.0,0.0,313.56,-0.01
12/20/2024,17:20:46,0.0,0.0,404.0,39.1,0.0,0.0,0.0,0.0,-0.01,0,1.21,2.42,0,0.0,0,313.56,0,0,0,0,0,0,0,0,0,1000.0,0,0,0,0,2.42,39.1,-1.0,0,39.1,0.0,39.1,0.0,0.0,0.0,313.56,-0.01
12/20/2024,17:20:47,0.0,0.0,404.0,39.1,0.0,0.0,0.0,0.0,-0.01,0,1.21,2.42,0,0.0,0,313.64,0,0,0,0,0,0,0,0,0,1000.0,0,0,0,0,2.42,39.1,-1.0,0,39.1,0.0,39.1,0.0,0.0,0.0,313.64,-0.01
12/20/2024,17:20:48,0.0,0.0,404.0,39.1,0.0,0.0,0.0,0.0,-0.01,0,1.21,2.42,0,0.0,0,313.64,0,0,0,0,0,0,0,0,0,1000.0,0,0,0,0,2.42,39.1,-1.0,0,39.1,0.0,39.1,0.0,0.0,0.0,313.64,-0.01
12/20/2024,17:20:49,0.0,0.0,404.0,39.1,0.0,0.0,0.0,0.0,-0.01,0,1.21,2.42,0,0.0,0,313.68,0,0,0,0,0,0,0,0,0,1000.0,0,0,0,0,2.42,39.1,-1.0,0,39.1,0.0,39.1,0.0,0.0,0.0,313.68,-0.01
12/20/2024,17:20:50,0.0,0.0,404.0,39.1,0.0,0.0,0.0,0.0,-0.01,0,1.21,2.42,0,0.0,0,313.76,0,0,0,0,0,0,0,0,0,1000.0,0,0,0,0,2.42,39.1,-1.0,0,39.1,0.0,39.1,0.0,0.0,0.0,313.76,-0.01
12/20/2024,17:20:51,0.0,0.0,404.0,39.1,0.0,0.0,0.0,0.0,-0.01,0,1.21,2.42,0,0.0,0,313.8,0,0,0,0,0,0,0,0,0,1000.0,0,0,0,0,2.42,39.1,-1.0,0,39.1,0.0,39.1,0.0,0.0,0.0,313.8,-0.01
12/20/2024,17:20:52,0.0,0.0,404.0,39.1,0.0,0.0,0.0,0.0,-0.01,0,1.21,2.42,0,0.0,0,313.83,0,0,0,0,0,0,0,0,0,1000.0,0,0,0,0,2.42,39.1,-1.0,0,39.1,0.0,39.1,0.0,0.0,0.0,313.83,-0.01
12/20/2024,17:20:53,0.0,0.0,404.0,39.1,0.0,0.0,0.0,0.0,-0.01,0,1.21,2.42,0,0.0,0,313.87,0,0,0,0,0,0,0,0,0,1000.0,0,0,0,0,2.42,39.1,-1.0,0,39.1,0.0,39.1,0.0,0.0,0.0,313.87,-0.01
12/20/2024,17:20:54,0.0,0.0,404.0,39.1,0.0,0.0,0.0,0.0,-0.01,0,1.21,2.42,0,0.0,0,313.91,0,0,0,0,0,0,0,0,0,1000.0,0,0,0,0,2.42,39.1,-1.0,0,39.1,0.0,39.1,0.0,0.0,0.0,313.91,-0.01
12/20/2024,17:20:55,0.0,0.0,404.0,39.1,0.0,0.0,0.0,0.0,-0.01,0,1.21,2.42,0,0.0,0,313.95,0,0,0,0,0,0,0,0,0,1000.0,0,0,0,0,2.42,39.1,-1.0,0,39.1,0.0,39.1,0.0,0.0,0.0,313.95,-0.01
12/20/2024,17:20:56,0.0,0.0,404.0,39.1,0.0,0.0,0.0,0.0,-0.01,0,1.21,2.42,0,0.0,0,313.99,0,0,0,0,0,0,0,0,0,1000.0,0,0,0,0,2.42,39.1,-1.0,0,39.1,0.0,39.1,0.0,0.0,0.0,313.99,-0.01
12/20/2024,17:20:57,0.0,0.0,404.0,39.1,0.0,0.0,0.0,0.0,-0.01,0,1.21,2.42,0,0.0,0,314.03,0,0,0,0,0,0,0,0,0,1000.0,0,0,0,0,2.42,39.1,-1.0,0,39.1,0.0,39.1,0.0,0.0,0.0,314.03,-0.01
12/20/2024,17:20:58,0.0,0.0,404.0,39.1,0.0,0.0,0.0,0.0,-0.01,0,1.21,2.42,0,0.0,0,314.07,0,0,0,0,0,0,0,0,0,1000.0,0,0,0,0,2.42,39.1,-1.0,0,39.1,0.0,39.1,0.0,0.0,0.0,314.07,-0.01
12/20/2024,17:20:59,0.0,0.0,404.0,39.1,0.0,0.0,0.0,0.0,-0.01,0,1.21,2.42,0,0.0,0,314.11,0,0,0,0,0,0,0,0,0,1000.0,0,0,0,0,2.42,39.1,-1.0,0,39.1,0.0,39.1,0.0,0.0,0.0,314.11,-0.01
12/20/2024,17:21:0,0.0,0.0,404.0,39.1,0.0,0.0,0.0,0.0,-0.01,0,1.21,2.42,0,0.0,0,314.15,0,0,0,0,0,0,0,0,0,1000.0,0,0,0,0,2.42,39.1,-1.0,0,39.1,0.0,39.1,0.0,0.0,0.0,314.15,-0.01
12/20/2024,17:21:1,0.0,0.0,404.0,39.1,0.0,0.0,0.0,0.0,-0.01,0,1.21,2.42,0,0.0,0,314.19,0,0,0,0,0,0,0,0,0,1000.0,0,0,0,0,2.42,39.1,-1.0,0,39.1,0.0,39.1,0.0,0.0,0.0,314.19,-0.01
12/20/2024,17:21:2,0.0,0.0,404.0,39.1,0.0,0.0,0.0,0.0,-0.01,0,1.21,2.42,0,0.0,0,314.23,0,0,0,0,0,0,0,0,0,1000.0,0,0,0,0,2.42,39.1,-1.0,0,39.1,0.0,39.1,0.0,0.0,0.0,314.23,-0.01
12/20/2024,17:21:3,0.0,0.0,404.0,39.1,0.0,0.0,0.0,0.0,-0.01,0,1.21,2.42,0,0.0,0,314.26,0,0,0,0,0,0,0,0,0,1000.0,0,0,0,0,2.42,39.1,-1.0,0,39.1,0.0,39.1,0.0,0.0,0.0,314.26,-0.01
12/20/2024,17:21:4,0.0,0.0,404.0,39.1,0.0,0.0,0.0,0.0,-0.01,0,1.21,2.42,0,0.0,0,314.3,0,0,0,0,0,0,0,0,0,1000.0,0,0,0,0,2.42,39.1,-1.0,0,39.1,0.0,39.1,0.0,0.0,0.0,314.3,-0.01
12/20/2024,17:21:5,0.0,0.0,404.0,39.1,0.0,0.0,0.0,0.0,-0.01,0,1.21,2.42,0,0.0,0,314.34,0,0,0,0,0,0,0,0,0,1000.0,0,0,0,0,2.42,39.1,-1.0,0,39.1,0.0,39.1,0.0,0.0,0.0,314.34,-0.01
12/20/2024,17:21:6,0.0,0.0,404.0,39.1,0.0,0.0,0.0,0.0,-0.01,0,1.21,2.42,0,0.0,0,314.38,0,0,0,0,0,0,0,0,0,1000.0,0,0,0,0,2.42,39.1,-1.0,0,39.1,0.0,39.1,0.0,0.0,0.0,314.38,-0.01
12/20/2024,17:21:7,0.0,0.0,404.0,39.1,0.0,0.0,0.0,0.0,-0.01,0,1.21,2.42,0,0.0,0,314.42,0,0,0,0,0,0,0,0,0,1000.0,0,0,0,0,2.42,39.1,-1.0,0,39.1,0.0,39.1,0.0,0.0,0.0,314.42,-0.01
12/20/2024,17:21:8,0.0,0.0,404.0,39.1,0.0,0.0,0.0,0.0,-0.01,0,1.21,2.42,0,0.0,0,314.46,0,0,0,0,0,0,0,0,0,1000.0,0,0,0,0,2.42,39.1,-1.0,0,39.1,0.0,39.1,0.0,0.0,0.0,314.46,-0.01
12/20/2024,17:21:9,0.0,0.0,404.0,39.1,0.0,0.0,0.0,0.0,-0.01,0,1.21,2.42,0,0.0,0,314.5,0,0,0,0,0,0,0,0,0,1000.0,0,0,0,0,2.42,39.1,-1.0,0,39.1,0.0,39.1,0.0,0.0,0.0,314.5,-0.01
12/20/2024,17:21:10,0.0,0.0,404.0,39.1,0.0,0.0,0.0,0.0,-0.01,0,1.21,2.42,0,0.0,0,314.54,0,0,0,0,0,0,0,0,0,1000.0,0,0,0,0,2.42,39.1,-1.0,0,39.1,0.0,39.1,0.0,0.0,0.0,314.54,-0.01
12/20/2024,17:21:11,0.0,0.0,404.0,39.1,0.0,0.0,0.0,0.0,-0.01,0,1.21,2.42,0,0.0,0,314.58,0,0,0,0,0,0,0,0,0,1000.0,0,0,0,0,2.42,39.1,-1.0,0,39.1,0.0,39.1,0.0,0.0,0.0,314.58,-0.01
12/20/2024,17:21:12,0.0,0.0,404.0,39.1,0.0,0.0,0.0,0.0,-0.01,0,1.21,2.42,0,0.0,0,314.62,0,0,0,0,0,0,0,0,0,1000.0,0,0,0,0,2.42,39.1,-1.0,0,39.1,0.0,39.1,0.0,0.0,0.0,314.62,-0.01
12/20/2024,17:21:13,0.0,0.0,404.0,39.1,0.0,0.0,0.0,0.0,-0.01,0,1.21,2.42,0,0.0,0,314.62,0,0,0,0,0,0,0,0,0,1000.0,0,0,0,0,2.42,39.1,-1.0,0,39.1,0.0,39.1,0.0,0.0,0.0,314.62,-0.01
12/20/2024,17:21:14,0.0,0.0,404.0,39.1,0.0,0.0,0.0,0.0,-0.01,0,1.21,2.42,0,0.0,0,314.69,0,0,0,0,0,0,0,0,0,1000.0,0,0,0,0,2.42,39.1,-1.0,0,39.1,0.0,39.1,0.0,0.0,0.0,314.69,-0.01
12/20/2024,17:21:15,0.0,0.0,404.0,39.1,0.0,0.0,0.0,0.0,-0.01,0,1.21,2.42,0,0.0,0,314.69,0,0,0,0,0,0,0,0,0,1000.0,0,0,0,0,2.42,39.1,-1.0,0,39.1,0.0,39.1,0.0,0.0,0.0,314.69,-0.01
12/20/2024,17:21:16,0.0,0.0,404.0,39.1,0.0,0.0,0.0,0.0,-0.01,0,1.21,2.42,0,0.0,0,314.77,0,0,0,0,0,0,0,0,0,1000.0,0,0,0,0,2.42,39.1,-1.0,0,39.1,0.0,39.1,0.0,0.0,0.0,314.77,-0.01
12/20/2024,17:21:17,0.0,0.0,404.0,39.1,0.0,0.0,0.0,0.0,-0.01,0,1.21,2.42,0,0.0,0,314.77,0,0,0,0,0,0,0,0,0,1000.0,0,0,0,0,2.42,39.1,-1.0,0,39.1,0.0,39.1,0.0,0.0,0.0,314.77,-0.01
12/20/2024,17:21:18,0.0,0.0,404.0,39.1,0.0,0.0,0.0,0.0,-0.01,0,1.21,2.42,0,0.0,0,314.85,0,0,0,0,0,0,0,0,0,1000.0,0,0,0,0,2.42,39.1,-1.0,0,39.1,0.0,39.1,0.0,0.0,0.0,314.85,-0.01
12/20/2024,17:21:19,0.0,0.0,404.0,39.1,0.0,0.0,0.0,0.0,-0.01,0,1.21,2.42,0,0.0,0,314.85,0,0,0,0,0,0,0,0,0,1000.0,0,0,0,0,2.42,39.1,-1.0,0,39.1,0.0,39.1,0.0,0.0,0.0,314.85,-0.01
12/20/2024,17:21:20,0.0,0.0,404.0,39.1,0.0,0.0,0.0,0.0,-0.01,0,1.21,2.42,0,0.0,0,314.93,0,0,0,0,0,0,0,0,0,1000.0,0,0,0,0,2.42,39.1,-1.0,0,39.1,0.0,39.1,0.0,0.0,0.0,314.93,-0.01
12/20/2024,17:21:21,0.0,0.0,404.0,39.1,0.0,0.0,0.0,0.0,-0.01,0,1.21,2.42,0,0.0,0,314.93,0,0,0,0,0,0,0,0,0,1000.0,0,0,0,0,2.42,39.1,-1.0,0,39.1,0.0,39.1,0.0,0.0,0.0,314.93,-0.01
12/20/2024,17:21:22,0.0,0.0,404.0,39.1,0.0,0.0,0.0,0.0,-0.01,0,1.21,2.42,0,0.0,0,315.01,0,0,0,0,0,0,0,0,0,1000.0,0,0,0,0,2.42,39.1,-1.0,0,39.1,0.0,39.1,0.0,0.0,0.0,315.01,-0.01
12/20/2024,17:21:23,0.0,0.0,404.0,39.1,0.0,0.0,0.0,0.0,-0.01,0,1.21,2.42,0,0.0,0,315.01,0,0,0,0,0,0,0,0,0,1000.0,0,0,0,0,2.42,39.1,-1.0,0,39.1,0.0,39.1,0.0,0.0,0.0,315.01,-0.01
12/20/2024,17:21:24,0.0,0.0,404.0,39.1,0.0,0.0,0.0,0.0,-0.01,0,1.21,2.42,0,0.0,0,315.05,0,0,0,0,0,0,0,0,0,1000.0,0,0,0,0,2.42,39.1,-1.0,0,39.1,0.0,39.1,0.0,0.0,0.0,315.05,-0.01
12/20/2024,17:21:25,0.0,0.0,404.0,39.1,0.0,0.0,0.0,0.0,-0.01,0,1.21,2.42,0,0.0,0,315.12,0,0,0,0,0,0,0,0,0,1000.0,0,0,0,0,2.42,39.1,-1.0,0,39.1,0.0,39.1,0.0,0.0,0.0,315.12,-0.01
12/20/2024,17:21:26,0.0,0.0,404.0,39.1,0.0,0.0,0.0,0.0,-0.01,0,1.21,2.42,0,0.0,0,315.12,0,0,0,0,0,0,0,0,0,1000.0,0,0,0,0,2.42,39.1,-1.0,0,39.1,0.0,39.1,0.0,0.0,0.0,315.12,-0.01
12/20/2024,17:21:27,0.0,0.0,404.0,39.1,0.0,0.0,0.0,0.0,-0.01,0,1.21,2.42,0,0.0,0,315.16,0,0,0,0,0,0,0,0,0,1000.0,0,0,0,0,2.42,39.1,-1.0,0,39.1,0.0,39.1,0.0,0.0,0.0,315.16,-0.01
12/20/2024,17:21:28,0.0,0.0,404.0,39.1,0.0,0.0,0.0,0.0,-0.01,0,1.21,2.42,0,0.0,0,315.2,0,0,0,0,0,0,0,0,0,1000.0,0,0,0,0,2.42,39.1,-1.0,0,39.1,0.0,39.1,0.0,0.0,0.0,315.2,-0.01
12/20/2024,17:21:29,0.0,0.0,404.0,39.1,0.0,0.0,0.0,0.0,-0.01,0,1.21,2.42,0,0.0,0,315.24,0,0,0,0,0,0,0,0,0,1000.0,0,0,0,0,2.42,39.1,-1.0,0,39.1,0.0,39.1,0.0,0.0,0.0,315.24,-0.01
12/20/2024,17:21:30,0.0,0.0,404.0,39.1,0.0,0.0,0.0,0.0,-0.01,0,1.21,2.42,0,0.0,0,315.32,0,0,0,0,0,0,0,0,0,1000.0,0,0,0,0,2.42,39.1,-1.0,0,39.1,0.0,39.1,0.0,0.0,0.0,315.32,-0.01
12/20/2024,17:21:31,0.0,0.0,404.0,39.1,0.0,0.0,0.0,0.0,-0.01,0,1.21,2.42,0,0.0,0,315.32,0,0,0,0,0,0,0,0,0,1000.0,0,0,0,0,2.42,39.1,-1.0,0,39.1,0.0,39.1,0.0,0.0,0.0,315.32,-0.01
12/20/2024,17:21:32,0.0,0.0,404.0,39.1,0.0,0.0,0.0,0.0,-0.01,0,1.21,2.42,0,0.0,0,315.4,0,0,0,0,0,0,0,0,0,1000.0,0,0,0,0,2.42,39.1,-1.0,0,39.1,0.0,39.1,0.0,0.0,0.0,315.4,-0.01
12/20/2024,17:21:33,0.0,0.0,404.0,39.1,0.0,0.0,0.0,0.0,-0.01,0,1.21,2.42,0,0.0,0,315.4,0,0,0,0,0,0,0,0,0,1000.0,0,0,0,0,2.42,39.1,-1.0,0,39.1,0.0,39.1,0.0,0.0,0.0,315.4,-0.01
12/20/2024,17:21:34,0.0,0.0,404.0,39.1,0.0,0.0,0.0,0.0,-0.01,0,1.21,2.42,0,0.0,0,315.48,0,0,0,0,0,0,0,0,0,1000.0,0,0,0,0,2.42,39.1,-1.0,0,39.1,0.0,39.1,0.0,0.0,0.0,315.48,-0.01
12/20/2024,17:21:35,0.0,0.0,404.0,39.1,0.0,0.0,0.0,0.0,-0.01,0,1.21,2.42,0,0.0,0,315.48,0,0,0,0,0,0,0,0,0,1000.0,0,0,0,0,2.42,39.1,-1.0,0,39.1,0.0,39.1,0.0,0.0,0.0,315.48,-0.01
12/20/2024,17:21:36,0.0,0.0,404.0,39.1,0.0,0.0,0.0,0.0,-0.01,0,1.21,2.42,0,0.0,0,315.59,0,0,0,0,0,0,0,0,0,1000.0,0,0,0,0,2.42,39.1,-1.0,0,39.1,0.0,39.1,0.0,0.0,0.0,315.59,-0.01
12/20/2024,17:21:37,0.0,0.0,404.0,39.1,0.0,0.0,0.0,0.0,-0.01,0,1.21,2.42,0,0.0,0,315.59,0,0,0,0,0,0,0,0,0,1000.0,0,0,0,0,2.42,39.1,-1.0,0,39.1,0.0,39.1,0.0,0.0,0.0,315.59,-0.01
12/20/2024,17:21:40,0.0,0.0,404.0,39.1,0.0,0.0,0.0,0.0,-0.01,0,1.21,2.42,0,0.0,0,315.71,0,0,0,0,0,0,0,0,0,1000.0,0,0,0,0,2.42,39.1,-1.0,0,39.1,0.0,39.1,0.0,0.0,0.0,315.71,-0.01
12/20/2024,17:21:41,0.0,0.0,404.0,39.1,0.0,0.0,0.0,0.0,-0.01,0,1.21,2.42,0,0.0,0,315.75,0,0,0,0,0,0,0,0,0,1000.0,0,0,0,0,2.42,39.1,-1.0,0,39.1,0.0,39.1,0.0,0.0,0.0,315.75,-0.01
12/20/2024,17:21:42,0.0,0.0,404.0,39.1,0.0,0.0,0.0,0.0,-0.01,0,1.21,2.42,0,0.0,0,315.79,0,0,0,0,0,0,0,0,0,1000.0,0,0,0,0,2.42,39.1,-1.0,0,39.1,0.0,39.1,0.0,0.0,0.0,315.79,-0.01
12/20/2024,17:21:43,0.0,0.0,404.0,39.1,0.0,0.0,0.0,0.0,-0.01,0,1.21,2.42,0,0.0,0,315.83,0,0,0,0,0,0,0,0,0,1000.0,0,0,0,0,2.42,39.1,-1.0,0,39.1,0.0,39.1,0.0,0.0,0.0,315.83,-0.01
12/20/2024,17:21:44,0.0,0.0,404.0,39.1,0.0,0.0,0.0,0.0,-0.01,0,1.21,2.42,0,0.0,0,315.87,0,0,0,0,0,0,0,0,0,1000.0,0,0,0,0,2.42,39.1,-1.0,0,39.1,0.0,39.1,0.0,0.0,0.0,315.87,-0.01
12/20/2024,17:21:45,0.0,0.0,404.0,39.1,0.0,0.0,0.0,0.0,-0.01,0,1.21,2.42,0,0.0,0,315.91,0,0,0,0,0,0,0,0,0,1000.0,0,0,0,0,2.42,39.1,-1.0,0,39.1,0.0,39.1,0.0,0.0,0.0,315.91,-0.01
12/20/2024,17:21:46,0.0,0.0,404.0,39.1,0.0,0.0,0.0,0.0,-0.01,0,1.21,2.42,0,0.0,0,315.95,0,0,0,0,0,0,0,0,0,1000.0,0,0,0,0,2.42,39.1,-1.0,0,39.1,0.0,39.1,0.0,0.0,0.0,315.95,-0.01
12/20/2024,17:21:47,0.0,0.0,404.0,39.1,0.0,0.0,0.0,0.0,-0.01,0,1.21,2.42,0,0.0,0,315.98,0,0,0,0,0,0,0,0,0,1000.0,0,0,0,0,2.42,39.1,-1.0,0,39.1,0.0,39.1,0.0,0.0,0.0,315.98,-0.01
12/20/2024,17:21:48,0.0,0.0,404.0,39.1,0.0,0.0,0.0,0.0,-0.01,0,1.21,2.42,0,0.0,0,316.02,0,0,0,0,0,0,0,0,0,1000.0,0,0,0,0,2.42,39.1,-1.0,0,39.1,0.0,39.1,0.0,0.0,0.0,316.02,-0.01
12/20/2024,17:21:49,0.0,0.0,404.0,39.1,0.0,0.0,0.0,0.0,-0.01,0,1.21,2.42,0,0.0,0,316.06,0,0,0,0,0,0,0,0,0,1000.0,0,0,0,0,2.42,39.1,-1.0,0,39.1,0.0,39.1,0.0,0.0,0.0,316.06,-0.01
12/20/2024,17:21:50,0.0,0.0,404.0,39.1,0.0,0.0,0.0,0.0,-0.01,0,1.21,2.42,0,0.0,0,316.1,0,0,0,0,0,0,0,0,0,1000.0,0,0,0,0,2.42,39.1,-1.0,0,39.1,0.0,39.1,0.0,0.0,0.0,316.1,-0.01
12/20/2024,17:21:51,0.0,0.0,404.0,39.1,0.0,0.0,0.0,0.0,-0.01,0,1.21,2.42,0,0.0,0,316.14,0,0,0,0,0,0,0,0,0,1000.0,0,0,0,0,2.42,39.1,-1.0,0,39.1,0.0,39.1,0.0,0.0,0.0,316.14,-0.01
12/20/2024,17:21:52,0.0,0.0,404.0,39.1,0.0,0.0,0.0,0.0,-0.01,0,1.21,2.42,0,0.0,0,316.18,0,0,0,0,0,0,0,0,0,1000.0,0,0,0,0,2.42,39.1,-1.0,0,39.1,0.0,39.1,0.0,0.0,0.0,316.18,-0.01
12/20/2024,17:21:53,0.0,0.0,404.0,39.1,0.0,0.0,0.0,0.0,-0.01,0,1.21,2.42,0,0.0,0,316.22,0,0,0,0,0,0,0,0,0,1000.0,0,0,0,0,2.42,39.1,-1.0,0,39.1,0.0,39.1,0.0,0.0,0.0,316.22,-0.01
12/20/2024,17:21:54,0.0,0.0,404.0,39.1,0.0,0.0,0.0,0.0,-0.01,0,1.21,2.42,0,0.0,0,316.26,0,0,0,0,0,0,0,0,0,1000.0,0,0,0,0,2.42,39.1,-1.0,0,39.1,0.0,39.1,0.0,0.0,0.0,316.26,-0.01
12/20/2024,17:21:55,0.0,0.0,404.0,39.1,0.0,0.0,0.0,0.0,-0.01,0,1.21,2.42,0,0.0,0,316.3,0,0,0,0,0,0,0,0,0,1000.0,0,0,0,0,2.42,39.1,-1.0,0,39.1,0.0,39.1,0.0,0.0,0.0,316.3,-0.01
12/20/2024,17:21:56,0.0,0.0,404.0,39.1,0.0,0.0,0.0,0.0,-0.01,0,1.21,2.42,0,0.0,0,316.34,0,0,0,0,0,0,0,0,0,1000.0,0,0,0,0,2.42,39.1,-1.0,0,39.1,0.0,39.1,0.0,0.0,0.0,316.34,-0.01
12/20/2024,17:21:57,0.0,0.0,404.0,39.1,0.0,0.0,0.0,0.0,-0.01,0,1.21,2.42,0,0.0,0,316.38,0,0,0,0,0,0,0,0,0,1000.0,0,0,0,0,2.42,39.1,-1.0,0,39.1,0.0,39.1,0.0,0.0,0.0,316.38,-0.01
12/20/2024,17:21:58,0.0,0.0,404.0,39.1,0.0,0.0,0.0,0.0,-0.01,0,1.21,2.42,0,0.0,0,316.41,0,0,0,0,0,0,0,0,0,1000.0,0,0,0,0,2.42,39.1,-1.0,0,39.1,0.0,39.1,0.0,0.0,0.0,316.41,-0.01
12/20/2024,17:21:59,0.0,0.0,404.0,39.1,0.0,0.0,0.0,0.0,-0.01,0,1.21,2.42,0,0.0,0,316.41,0,0,0,0,0,0,0,0,0,1000.0,0,0,0,0,2.42,39.1,-1.0,0,39.1,0.0,39.1,0.0,0.0,0.0,316.41,-0.01
12/20/2024,17:22:0,0.0,0.0,404.0,39.1,0.0,0.0,0.0,0.0,-0.01,0,1.21,2.42,0,0.0,0,316.49,0,0,0,0,0,0,0,0,0,1000.0,0,0,0,0,2.42,39.1,-1.0,0,39.1,0.0,39.1,0.0,0.0,0.0,316.49,-0.01
12/20/2024,17:22:1,0.0,0.0,404.0,39.1,0.0,0.0,0.0,0.0,-0.01,0,1.21,2.42,0,0.0,0,316.49,0,0,0,0,0,0,0,0,0,1000.0,0,0,0,0,2.42,39.1,-1.0,0,39.1,0.0,39.1,0.0,0.0,0.0,316.49,-0.01
12/20/2024,17:22:2,0.0,0.0,404.0,39.1,0.0,0.0,0.0,0.0,-0.01,0,1.21,2.42,0,0.0,0,316.57,0,0,0,0,0,0,0,0,0,1000.0,0,0,0,0,2.42,39.1,-1.0,0,39.1,0.0,39.1,0.0,0.0,0.0,316.57,-0.01
12/20/2024,17:22:3,0.0,0.0,404.0,39.1,0.0,0.0,0.0,0.0,-0.01,0,1.21,2.42,0,0.0,0,316.57,0,0,0,0,0,0,0,0,0,1000.0,0,0,0,0,2.42,39.1,-1.0,0,39.1,0.0,39.1,0.0,0.0,0.0,316.57,-0.01
12/20/2024,17:22:4,0.0,0.0,404.0,39.1,0.0,0.0,0.0,0.0,-0.01,0,1.21,2.42,0,0.0,0,316.65,0,0,0,0,0,0,0,0,0,1000.0,0,0,0,0,2.42,39.1,-1.0,0,39.1,0.0,39.1,0.0,0.0,0.0,316.65,-0.01
12/20/2024,17:22:5,0.0,0.0,404.0,39.1,0.0,0.0,0.0,0.0,-0.01,0,1.21,2.42,0,0.0,0,316.65,0,0,0,0,0,0,0,0,0,1000.0,0,0,0,0,2.42,39.1,-1.0,0,39.1,0.0,39.1,0.0,0.0,0.0,316.65,-0.01
12/20/2024,17:22:6,0.0,0.0,404.0,39.1,0.0,0.0,0.0,0.0,-0.01,0,1.21,2.42,0,0.0,0,316.69,0,0,0,0,0,0,0,0,0,1000.0,0,0,0,0,2.42,39.1,-1.0,0,39.1,0.0,39.1,0.0,0.0,0.0,316.69,-0.01
12/20/2024,17:22:7,0.0,0.0,404.0,39.1,0.0,0.0,0.0,0.0,-0.01,0,1.21,2.42,0,0.0,0,316.73,0,0,0,0,0,0,0,0,0,1000.0,0,0,0,0,2.42,39.1,-1.0,0,39.1,0.0,39.1,0.0,0.0,0.0,316.73,-0.01
12/20/2024,17:22:8,0.0,0.0,404.0,39.1,0.0,0.0,0.0,0.0,-0.01,0,1.21,2.42,0,0.0,0,316.77,0,0,0,0,0,0,0,0,0,1000.0,0,0,0,0,2.42,39.1,-1.0,0,39.1,0.0,39.1,0.0,0.0,0.0,316.77,-0.01
12/20/2024,17:22:9,0.0,0.0,404.0,39.1,0.0,0.0,0.0,0.0,-0.01,0,1.21,2.42,0,0.0,0,316.81,0,0,0,0,0,0,0,0,0,1000.0,0,0,0,0,2.42,39.1,-1.0,0,39.1,0.0,39.1,0.0,0.0,0.0,316.81,-0.01
12/20/2024,17:22:10,0.0,0.0,404.0,39.1,0.0,0.0,0.0,0.0,-0.01,0,1.21,2.42,0,0.0,0,316.84,0,0,0,0,0,0,0,0,0,1000.0,0,0,0,0,2.42,39.1,-1.0,0,39.1,0.0,39.1,0.0,0.0,0.0,316.84,-0.01
12/20/2024,17:22:11,0.0,0.0,404.0,39.1,0.0,0.0,0.0,0.0,-0.01,0,1.21,2.42,0,0.0,0,316.88,0,0,0,0,0,0,0,0,0,1000.0,0,0,0,0,2.42,39.1,-1.0,0,39.1,0.0,39.1,0.0,0.0,0.0,316.88,-0.01
12/20/2024,17:22:12,0.0,0.0,404.0,39.1,0.0,0.0,0.0,0.0,-0.01,0,1.21,2.42,0,0.0,0,316.92,0,0,0,0,0,0,0,0,0,1000.0,0,0,0,0,2.42,39.1,-1.0,0,39.1,0.0,39.1,0.0,0.0,0.0,316.92,-0.01
12/20/2024,17:22:13,0.0,0.0,404.0,39.1,0.0,0.0,0.0,0.0,-0.01,0,1.21,2.42,0,0.0,0,316.96,0,0,0,0,0,0,0,0,0,1000.0,0,0,0,0,2.42,39.1,-1.0,0,39.1,0.0,39.1,0.0,0.0,0.0,316.96,-0.01
12/20/2024,17:22:14,0.0,0.0,404.0,39.1,0.0,0.0,0.0,0.0,-0.01,0,1.21,2.42,0,0.0,0,317.04,0,0,0,0,0,0,0,0,0,1000.0,0,0,0,0,2.42,39.1,-1.0,0,39.1,0.0,39.1,0.0,0.0,0.0,317.04,-0.01
12/20/2024,17:22:15,0.0,0.0,404.0,39.1,0.0,0.0,0.0,0.0,-0.01,0,1.21,2.42,0,0.0,0,317.08,0,0,0,0,0,0,0,0,0,1000.0,0,0,0,0,2.42,39.1,-1.0,0,39.1,0.0,39.1,0.0,0.0,0.0,317.08,-0.01
12/20/2024,17:22:16,0.0,0.0,404.0,39.1,0.0,0.0,0.0,0.0,-0.01,0,1.21,2.42,0,0.0,0,317.12,0,0,0,0,0,0,0,0,0,1000.0,0,0,0,0,2.42,39.1,-1.0,0,39.1,0.0,39.1,0.0,0.0,0.0,317.12,-0.01
12/20/2024,17:22:17,0.0,0.0,404.0,39.1,0.0,0.0,0.0,0.0,-0.01,0,1.21,2.42,0,0.0,0,317.16,0,0,0,0,0,0,0,0,0,1000.0,0,0,0,0,2.42,39.1,-1.0,0,39.1,0.0,39.1,0.0,0.0,0.0,317.16,-0.01
12/20/2024,17:22:18,0.0,0.0,404.0,39.1,0.0,0.0,0.0,0.0,-0.01,0,1.21,2.42,0,0.0,0,317.2,0,0,0,0,0,0,0,0,0,1000.0,0,0,0,0,2.42,39.1,-1.0,0,39.1,0.0,39.1,0.0,0.0,0.0,317.2,-0.01
12/20/2024,17:22:19,0.0,0.0,404.0,39.1,0.0,0.0,0.0,0.0,-0.01,0,1.21,2.42,0,0.0,0,317.24,0,0,0,0,0,0,0,0,0,1000.0,0,0,0,0,2.42,39.1,-1.0,0,39.1,0.0,39.1,0.0,0.0,0.0,317.24,-0.01
12/20/2024,17:22:20,0.0,0.0,404.0,39.1,0.0,0.0,0.0,0.0,-0.01,0,1.21,2.42,0,0.0,0,317.27,0,0,0,0,0,0,0,0,0,1000.0,0,0,0,0,2.42,39.1,-1.0,0,39.1,0.0,39.1,0.0,0.0,0.0,317.27,-0.01
12/20/2024,17:22:21,0.0,0.0,404.0,39.1,0.0,0.0,0.0,0.0,-0.01,0,1.21,2.42,0,0.0,0,317.31,0,0,0,0,0,0,0,0,0,1000.0,0,0,0,0,2.42,39.1,-1.0,0,39.1,0.0,39.1,0.0,0.0,0.0,317.31,-0.01
12/20/2024,17:22:22,0.0,0.0,404.0,39.2,0.0,0.0,0.0,0.0,-0.01,0,1.21,2.42,0,0.0,0,317.35,0,0,0,0,0,0,0,0,0,1000.0,0,0,0,0,2.42,39.2,-1.0,0,39.2,0.0,39.2,0.0,0.0,0.0,317.35,-0.01
12/20/2024,17:22:23,0.0,0.0,404.0,39.1,0.0,0.0,0.0,0.0,-0.01,0,1.21,2.42,0,0.0,0,317.39,0,0,0,0,0,0,0,0,0,1000.0,0,0,0,0,2.42,39.1,-1.0,0,39.1,0.0,39.1,0.0,0.0,0.0,317.39,-0.01
12/20/2024,17:22:24,0.0,0.0,404.0,39.1,0.0,0.0,0.0,0.0,-0.01,0,1.21,2.42,0,0.0,0,317.43,0,0,0,0,0,0,0,0,0,1000.0,0,0,0,0,2.42,39.1,-1.0,0,39.1,0.0,39.1,0.0,0.0,0.0,317.43,-0.01
12/20/2024,17:22:25,0.0,0.0,404.0,39.1,0.0,0.0,0.0,0.0,-0.01,0,1.21,2.42,0,0.0,0,317.47,0,0,0,0,0,0,0,0,0,1000.0,0,0,0,0,2.42,39.1,-1.0,0,39.1,0.0,39.1,0.0,0.0,0.0,317.47,-0.01
12/20/2024,17:22:26,0.0,0.0,404.0,39.1,0.0,0.0,0.0,0.0,-0.01,0,1.21,2.42,0,0.0,0,317.51,0,0,0,0,0,0,0,0,0,1000.0,0,0,0,0,2.42,39.1,-1.0,0,39.1,0.0,39.1,0.0,0.0,0.0,317.51,-0.01
12/20/2024,17:22:27,0.0,0.0,404.0,39.1,0.0,0.0,0.0,0.0,-0.01,0,1.21,2.42,0,0.0,0,317.55,0,0,0,0,0,0,0,0,0,1000.0,0,0,0,0,2.42,39.1,-1.0,0,39.1,0.0,39.1,0.0,0.0,0.0,317.55,-0.01
12/20/2024,17:22:28,0.0,0.0,404.0,39.1,0.0,0.0,0.0,0.0,-0.01,0,1.21,2.42,0,0.0,0,317.59,0,0,0,0,0,0,0,0,0,1000.0,0,0,0,0,2.42,39.1,-1.0,0,39.1,0.0,39.1,0.0,0.0,0.0,317.59,-0.01
12/20/2024,17:22:29,0.0,0.0,404.0,39.1,0.0,0.0,0.0,0.0,-0.01,0,1.21,2.42,0,0.0,0,317.63,0,0,0,0,0,0,0,0,0,1000.0,0,0,0,0,2.42,39.1,-1.0,0,39.1,0.0,39.1,0.0,0.0,0.0,317.63,-0.01
12/20/2024,17:22:30,0.0,0.0,404.0,39.1,0.0,0.0,0.0,0.0,-0.01,0,1.21,2.42,0,0.0,0,317.67,0,0,0,0,0,0,0,0,0,1000.0,0,0,0,0,2.42,39.1,-1.0,0,39.1,0.0,39.1,0.0,0.0,0.0,317.67,-0.01
12/20/2024,17:22:31,0.0,0.0,404.0,39.1,0.0,0.0,0.0,0.0,-0.01,0,1.21,2.42,0,0.0,0,317.7,0,0,0,0,0,0,0,0,0,1000.0,0,0,0,0,2.42,39.1,-1.0,0,39.1,0.0,39.1,0.0,0.0,0.0,317.7,-0.01
12/20/2024,17:22:32,0.0,0.0,404.0,39.1,0.0,0.0,0.0,0.0,-0.01,0,1.21,2.42,0,0.0,0,317.74,0,0,0,0,0,0,0,0,0,1000.0,0,0,0,0,2.42,39.1,-1.0,0,39.1,0.0,39.1,0.0,0.0,0.0,317.74,-0.01
12/20/2024,17:22:33,0.0,0.0,404.0,39.1,0.0,0.0,0.0,0.0,-0.01,0,1.21,2.42,0,0.0,0,317.78,0,0,0,0,0,0,0,0,0,1000.0,0,0,0,0,2.42,39.1,-1.0,0,39.1,0.0,39.1,0.0,0.0,0.0,317.78,-0.01
12/20/2024,17:22:34,0.0,0.0,404.0,39.1,0.0,0.0,0.0,0.0,-0.01,0,1.21,2.42,0,0.0,0,317.82,0,0,0,0,0,0,0,0,0,1000.0,0,0,0,0,2.42,39.1,-1.0,0,39.1,0.0,39.1,0.0,0.0,0.0,317.82,-0.01
12/20/2024,17:22:35,0.0,0.0,404.0,39.1,0.0,0.0,0.0,0.0,-0.01,0,1.21,2.42,0,0.0,0,317.86,0,0,0,0,0,0,0,0,0,1000.0,0,0,0,0,2.42,39.1,-1.0,0,39.1,0.0,39.1,0.0,0.0,0.0,317.86,-0.01
12/20/2024,17:22:36,0.0,0.0,404.0,39.1,0.0,0.0,0.0,0.0,-0.01,0,1.21,2.42,0,0.0,0,317.9,0,0,0,0,0,0,0,0,0,1000.0,0,0,0,0,2.42,39.1,-1.0,0,39.1,0.0,39.1,0.0,0.0,0.0,317.9,-0.01
12/20/2024,17:22:39,0.0,0.0,404.0,39.1,0.0,0.0,0.0,0.0,-0.01,0,1.21,2.42,0,0.0,0,318.02,0,0,0,0,0,0,0,0,0,1000.0,0,0,0,0,2.42,39.1,-1.0,0,39.1,0.0,39.1,0.0,0.0,0.0,318.02,-0.01
12/20/2024,17:22:40,0.0,0.0,404.0,39.1,0.0,0.0,0.0,0.0,-0.01,0,1.21,2.42,0,0.0,0,318.02,0,0,0,0,0,0,0,0,0,1000.0,0,0,0,0,2.42,39.1,-1.0,0,39.1,0.0,39.1,0.0,0.0,0.0,318.02,-0.01
12/20/2024,17:22:41,0.0,0.0,404.0,39.1,0.0,0.0,0.0,0.0,-0.01,0,1.21,2.42,0,0.0,0,318.1,0,0,0,0,0,0,0,0,0,1000.0,0,0,0,0,2.42,39.1,-1.0,0,39.1,0.0,39.1,0.0,0.0,0.0,318.1,-0.01
12/20/2024,17:22:42,0.0,0.0,404.0,39.1,0.0,0.0,0.0,0.0,-0.01,0,1.21,2.42,0,0.0,0,318.1,0,0,0,0,0,0,0,0,0,1000.0,0,0,0,0,2.42,39.1,-1.0,0,39.1,0.0,39.1,0.0,0.0,0.0,318.1,-0.01
12/20/2024,17:22:43,0.0,0.0,404.0,39.1,0.0,0.0,0.0,0.0,-0.01,0,1.21,2.42,0,0.0,0,318.13,0,0,0,0,0,0,0,0,0,1000.0,0,0,0,0,2.42,39.1,-1.0,0,39.1,0.0,39.1,0.0,0.0,0.0,318.13,-0.01
12/20/2024,17:22:44,0.0,0.0,404.0,39.1,0.0,0.0,0.0,0.0,-0.01,0,1.21,2.42,0,0.0,0,318.21,0,0,0,0,0,0,0,0,0,1000.0,0,0,0,0,2.42,39.1,-1.0,0,39.1,0.0,39.1,0.0,0.0,0.0,318.21,-0.01
12/20/2024,17:22:45,0.0,0.0,404.0,39.1,0.0,0.0,0.0,0.0,-0.01,0,1.21,2.42,0,0.0,0,318.21,0,0,0,0,0,0,0,0,0,1000.0,0,0,0,0,2.42,39.1,-1.0,0,39.1,0.0,39.1,0.0,0.0,0.0,318.21,-0.01
12/20/2024,17:22:46,0.0,0.0,404.0,39.1,0.0,0.0,0.0,0.0,-0.01,0,1.21,2.42,0,0.0,0,318.29,0,0,0,0,0,0,0,0,0,1000.0,0,0,0,0,2.42,39.1,-1.0,0,39.1,0.0,39.1,0.0,0.0,0.0,318.29,-0.01
12/20/2024,17:22:47,0.0,0.0,404.0,39.1,0.0,0.0,0.0,0.0,-0.01,0,1.21,2.42,0,0.0,0,318.29,0,0,0,0,0,0,0,0,0,1000.0,0,0,0,0,2.42,39.1,-1.0,0,39.1,0.0,39.1,0.0,0.0,0.0,318.29,-0.01
12/20/2024,17:22:48,0.0,0.0,404.0,39.1,0.0,0.0,0.0,0.0,-0.01,0,1.21,2.42,0,0.0,0,318.37,0,0,0,0,0,0,0,0,0,1000.0,0,0,0,0,2.42,39.1,-1.0,0,39.1,0.0,39.1,0.0,0.0,0.0,318.37,-0.01
12/20/2024,17:22:49,0.0,0.0,404.0,39.1,0.0,0.0,0.0,0.0,-0.01,0,1.21,2.42,0,0.0,0,318.37,0,0,0,0,0,0,0,0,0,1000.0,0,0,0,0,2.42,39.1,-1.0,0,39.1,0.0,39.1,0.0,0.0,0.0,318.37,-0.01
12/20/2024,17:22:50,0.0,0.0,404.0,39.1,0.0,0.0,0.0,0.0,-0.01,0,1.21,2.42,0,0.0,0,318.45,0,0,0,0,0,0,0,0,0,1000.0,0,0,0,0,2.42,39.1,-1.0,0,39.1,0.0,39.1,0.0,0.0,0.0,318.45,-0.01
12/20/2024,17:22:51,0.0,0.0,404.0,39.1,0.0,0.0,0.0,0.0,-0.01,0,1.21,2.42,0,0.0,0,318.45,0,0,0,0,0,0,0,0,0,1000.0,0,0,0,0,2.42,39.1,-1.0,0,39.1,0.0,39.1,0.0,0.0,0.0,318.45,-0.01
12/20/2024,17:22:52,0.0,0.0,404.0,39.1,0.0,0.0,0.0,0.0,-0.01,0,1.21,2.42,0,0.0,0,318.53,0,0,0,0,0,0,0,0,0,1000.0,0,0,0,0,2.42,39.1,-1.0,0,39.1,0.0,39.1,0.0,0.0,0.0,318.53,-0.01
12/20/2024,17:22:53,0.0,0.0,404.0,39.1,0.0,0.0,0.0,0.0,-0.01,0,1.21,2.42,0,0.0,0,318.53,0,0,0,0,0,0,0,0,0,1000.0,0,0,0,0,2.42,39.1,-1.0,0,39.1,0.0,39.1,0.0,0.0,0.0,318.53,-0.01
12/20/2024,17:22:54,0.0,0.0,404.0,39.1,0.0,0.0,0.0,0.0,-0.01,0,1.21,2.42,0,0.0,0,318.56,0,0,0,0,0,0,0,0,0,1000.0,0,0,0,0,2.42,39.1,-1.0,0,39.1,0.0,39.1,0.0,0.0,0.0,318.56,-0.01
12/20/2024,17:22:55,0.0,0.0,404.0,39.1,0.0,0.0,0.0,0.0,-0.01,0,1.21,2.42,0,0.0,0,318.6,0,0,0,0,0,0,0,0,0,1000.0,0,0,0,0,2.42,39.1,-1.0,0,39.1,0.0,39.1,0.0,0.0,0.0,318.6,-0.01
12/20/2024,17:22:56,0.0,0.0,404.0,39.1,0.0,0.0,0.0,0.0,-0.01,0,1.21,2.42,0,0.0,0,318.64,0,0,0,0,0,0,0,0,0,1000.0,0,0,0,0,2.42,39.1,-1.0,0,39.1,0.0,39.1,0.0,0.0,0.0,318.64,-0.01
12/20/2024,17:22:57,0.0,0.0,404.0,39.1,0.0,0.0,0.0,0.0,-0.01,0,1.21,2.42,0,0.0,0,318.68,0,0,0,0,0,0,0,0,0,1000.0,0,0,0,0,2.42,39.1,-1.0,0,39.1,0.0,39.1,0.0,0.0,0.0,318.68,-0.01
12/20/2024,17:22:58,0.0,0.0,404.0,39.1,0.0,0.0,0.0,0.0,-0.01,0,1.21,2.42,0,0.0,0,318.72,0,0,0,0,0,0,0,0,0,1000.0,0,0,0,0,2.42,39.1,-1.0,0,39.1,0.0,39.1,0.0,0.0,0.0,318.72,-0.01
12/20/2024,17:22:59,0.0,0.0,404.0,39.1,0.0,0.0,0.0,0.0,-0.01,0,1.21,2.42,0,0.0,0,318.76,0,0,0,0,0,0,0,0,0,1000.0,0,0,0,0,2.42,39.1,-1.0,0,39.1,0.0,39.1,0.0,0.0,0.0,318.76,-0.01
12/20/2024,17:23:0,0.0,0.0,404.0,39.1,0.0,0.0,0.0,0.0,-0.01,0,1.21,2.42,0,0.0,0,318.84,0,0,0,0,0,0,0,0,0,1000.0,0,0,0,0,2.42,39.1,-1.0,0,39.1,0.0,39.1,0.0,0.0,0.0,318.84,-0.01
12/20/2024,17:23:1,0.0,0.0,404.0,39.1,0.0,0.0,0.0,0.0,-0.01,0,1.21,2.42,0,0.0,0,318.88,0,0,0,0,0,0,0,0,0,1000.0,0,0,0,0,2.42,39.1,-1.0,0,39.1,0.0,39.1,0.0,0.0,0.0,318.88,-0.01
12/20/2024,17:23:2,0.0,0.0,404.0,39.1,0.0,0.0,0.0,0.0,-0.01,0,1.21,2.42,0,0.0,0,318.92,0,0,0,0,0,0,0,0,0,1000.0,0,0,0,0,2.42,39.1,-1.0,0,39.1,0.0,39.1,0.0,0.0,0.0,318.92,-0.01
12/20/2024,17:23:3,0.0,0.0,404.0,39.1,0.0,0.0,0.0,0.0,-0.01,0,1.21,2.42,0,0.0,0,318.96,0,0,0,0,0,0,0,0,0,1000.0,0,0,0,0,2.42,39.1,-1.0,0,39.1,0.0,39.1,0.0,0.0,0.0,318.96,-0.01
12/20/2024,17:23:4,0.0,0.0,404.0,39.1,0.0,0.0,0.0,0.0,-0.01,0,1.21,2.42,0,0.0,0,318.99,0,0,0,0,0,0,0,0,0,1000.0,0,0,0,0,2.42,39.1,-1.0,0,39.1,0.0,39.1,0.0,0.0,0.0,318.99,-0.01
12/20/2024,17:23:5,0.0,0.0,404.0,39.1,0.0,0.0,0.0,0.0,-0.01,0,1.21,2.42,0,0.0,0,319.03,0,0,0,0,0,0,0,0,0,1000.0,0,0,0,0,2.42,39.1,-1.0,0,39.1,0.0,39.1,0.0,0.0,0.0,319.03,-0.01
12/20/2024,17:23:6,0.0,0.0,404.0,39.1,0.0,0.0,0.0,0.0,-0.01,0,1.21,2.42,0,0.0,0,319.07,0,0,0,0,0,0,0,0,0,1000.0,0,0,0,0,2.42,39.1,-1.0,0,39.1,0.0,39.1,0.0,0.0,0.0,319.07,-0.01
12/20/2024,17:23:7,0.0,0.0,404.0,39.1,0.0,0.0,0.0,0.0,-0.01,0,1.21,2.42,0,0.0,0,319.11,0,0,0,0,0,0,0,0,0,1000.0,0,0,0,0,2.42,39.1,-1.0,0,39.1,0.0,39.1,0.0,0.0,0.0,319.11,-0.01
12/20/2024,17:23:8,0.0,0.0,404.0,39.1,0.0,0.0,0.0,0.0,-0.01,0,1.21,2.42,0,0.0,0,319.15,0,0,0,0,0,0,0,0,0,1000.0,0,0,0,0,2.42,39.1,-1.0,0,39.1,0.0,39.1,0.0,0.0,0.0,319.15,-0.01
12/20/2024,17:23:9,0.0,0.0,404.0,39.1,0.0,0.0,0.0,0.0,-0.01,0,1.21,2.42,0,0.0,0,319.19,0,0,0,0,0,0,0,0,0,1000.0,0,0,0,0,2.42,39.1,-1.0,0,39.1,0.0,39.1,0.0,0.0,0.0,319.19,-0.01
12/20/2024,17:23:10,0.0,0.0,404.0,39.1,0.0,0.0,0.0,0.0,-0.01,0,1.21,2.42,0,0.0,0,319.23,0,0,0,0,0,0,0,0,0,1000.0,0,0,0,0,2.42,39.1,-1.0,0,39.1,0.0,39.1,0.0,0.0,0.0,319.23,-0.01
12/20/2024,17:23:11,0.0,0.0,404.0,39.1,0.0,0.0,0.0,0.0,-0.01,0,1.21,2.42,0,0.0,0,319.27,0,0,0,0,0,0,0,0,0,1000.0,0,0,0,0,2.42,39.1,-1.0,0,39.1,0.0,39.1,0.0,0.0,0.0,319.27,-0.01
12/20/2024,17:23:12,0.0,0.0,404.0,39.1,0.0,0.0,0.0,0.0,-0.01,0,1.21,2.42,0,0.0,0,319.31,0,0,0,0,0,0,0,0,0,1000.0,0,0,0,0,2.42,39.1,-1.0,0,39.1,0.0,39.1,0.0,0.0,0.0,319.31,-0.01
12/20/2024,17:23:13,0.0,0.0,404.0,39.1,0.0,0.0,0.0,0.0,-0.01,0,1.21,2.42,0,0.0,0,319.35,0,0,0,0,0,0,0,0,0,1000.0,0,0,0,0,2.42,39.1,-1.0,0,39.1,0.0,39.1,0.0,0.0,0.0,319.35,-0.01
12/20/2024,17:23:14,0.0,0.0,404.0,39.1,0.0,0.0,0.0,0.0,-0.01,0,1.21,2.42,0,0.0,0,319.39,0,0,0,0,0,0,0,0,0,1000.0,0,0,0,0,2.42,39.1,-1.0,0,39.1,0.0,39.1,0.0,0.0,0.0,319.39,-0.01
12/20/2024,17:23:15,0.0,0.0,404.0,39.1,0.0,0.0,0.0,0.0,-0.01,0,1.21,2.42,0,0.0,0,319.42,0,0,0,0,0,0,0,0,0,1000.0,0,0,0,0,2.42,39.1,-1.0,0,39.1,0.0,39.1,0.0,0.0,0.0,319.42,-0.01
12/20/2024,17:23:16,0.0,0.0,404.0,39.1,0.0,0.0,0.0,0.0,-0.01,0,1.21,2.42,0,0.0,0,319.46,0,0,0,0,0,0,0,0,0,1000.0,0,0,0,0,2.42,39.1,-1.0,0,39.1,0.0,39.1,0.0,0.0,0.0,319.46,-0.01
12/20/2024,17:23:17,0.0,0.0,404.0,39.1,0.0,0.0,0.0,0.0,-0.01,0,1.21,2.42,0,0.0,0,319.5,0,0,0,0,0,0,0,0,0,1000.0,0,0,0,0,2.42,39.1,-1.0,0,39.1,0.0,39.1,0.0,0.0,0.0,319.5,-0.01
12/20/2024,17:23:18,0.0,0.0,404.0,39.1,0.0,0.0,0.0,0.0,-0.01,0,1.21,2.42,0,0.0,0,319.54,0,0,0,0,0,0,0,0,0,1000.0,0,0,0,0,2.42,39.1,-1.0,0,39.1,0.0,39.1,0.0,0.0,0.0,319.54,-0.01
12/20/2024,17:23:19,0.0,0.0,404.0,39.1,0.0,0.0,0.0,0.0,-0.01,0,1.21,2.42,0,0.0,0,319.58,0,0,0,0,0,0,0,0,0,1000.0,0,0,0,0,2.42,39.1,-1.0,0,39.1,0.0,39.1,0.0,0.0,0.0,319.58,-0.01
12/20/2024,17:23:20,0.0,0.0,404.0,39.1,0.0,0.0,0.0,0.0,-0.01,0,1.21,2.42,0,0.0,0,319.62,0,0,0,0,0,0,0,0,0,1000.0,0,0,0,0,2.42,39.1,-1.0,0,39.1,0.0,39.1,0.0,0.0,0.0,319.62,-0.01
12/20/2024,17:23:21,0.0,0.0,404.0,39.1,0.0,0.0,0.0,0.0,-0.01,0,1.21,2.42,0,0.0,0,319.66,0,0,0,0,0,0,0,0,0,1000.0,0,0,0,0,2.42,39.1,-1.0,0,39.1,0.0,39.1,0.0,0.0,0.0,319.66,-0.01
12/20/2024,17:23:22,0.0,0.0,404.0,39.1,0.0,0.0,0.0,0.0,-0.01,0,1.21,2.42,0,0.0,0,319.7,0,0,0,0,0,0,0,0,0,1000.0,0,0,0,0,2.42,39.1,-1.0,0,39.1,0.0,39.1,0.0,0.0,0.0,319.7,-0.01
12/20/2024,17:23:23,0.0,0.0,404.0,39.1,0.0,0.0,0.0,0.0,-0.01,0,1.21,2.42,0,0.0,0,319.74,0,0,0,0,0,0,0,0,0,1000.0,0,0,0,0,2.42,39.1,-1.0,0,39.1,0.0,39.1,0.0,0.0,0.0,319.74,-0.01
12/20/2024,17:23:24,0.0,0.0,404.0,39.1,0.0,0.0,0.0,0.0,-0.01,0,1.21,2.42,0,0.0,0,319.74,0,0,0,0,0,0,0,0,0,1000.0,0,0,0,0,2.42,39.1,-1.0,0,39.1,0.0,39.1,0.0,0.0,0.0,319.74,-0.01
12/20/2024,17:23:25,0.0,0.0,404.0,39.1,0.0,0.0,0.0,0.0,-0.01,0,1.21,2.42,0,0.0,0,319.82,0,0,0,0,0,0,0,0,0,1000.0,0,0,0,0,2.42,39.1,-1.0,0,39.1,0.0,39.1,0.0,0.0,0.0,319.82,-0.01
12/20/2024,17:23:26,0.0,0.0,404.0,39.1,0.0,0.0,0.0,0.0,-0.01,0,1.21,2.42,0,0.0,0,319.82,0,0,0,0,0,0,0,0,0,1000.0,0,0,0,0,2.42,39.1,-1.0,0,39.1,0.0,39.1,0.0,0.0,0.0,319.82,-0.01
12/20/2024,17:23:27,0.0,0.0,404.0,39.1,0.0,0.0,0.0,0.0,-0.01,0,1.21,2.42,0,0.0,0,319.89,0,0,0,0,0,0,0,0,0,1000.0,0,0,0,0,2.42,39.1,-1.0,0,39.1,0.0,39.1,0.0,0.0,0.0,319.89,-0.01
12/20/2024,17:23:28,0.0,0.0,404.0,39.1,0.0,0.0,0.0,0.0,-0.01,0,1.21,2.42,0,0.0,0,319.89,0,0,0,0,0,0,0,0,0,1000.0,0,0,0,0,2.42,39.1,-1.0,0,39.1,0.0,39.1,0.0,0.0,0.0,319.89,-0.01
12/20/2024,17:23:29,0.0,0.0,404.0,39.1,0.0,0.0,0.0,0.0,-0.01,0,1.21,2.42,0,0.0,0,319.97,0,0,0,0,0,0,0,0,0,1000.0,0,0,0,0,2.42,39.1,-1.0,0,39.1,0.0,39.1,0.0,0.0,0.0,319.97,-0.01
12/20/2024,17:23:30,0.0,0.0,404.0,39.1,0.0,0.0,0.0,0.0,-0.01,0,1.21,2.42,0,0.0,0,319.97,0,0,0,0,0,0,0,0,0,1000.0,0,0,0,0,2.42,39.1,-1.0,0,39.1,0.0,39.1,0.0,0.0,0.0,319.97,-0.01
12/20/2024,17:23:31,0.0,0.0,404.0,39.1,0.0,0.0,0.0,0.0,-0.01,0,1.21,2.42,0,0.0,0,320.01,0,0,0,0,0,0,0,0,0,1000.0,0,0,0,0,2.42,39.1,-1.0,0,39.1,0.0,39.1,0.0,0.0,0.0,320.01,-0.01
12/20/2024,17:23:32,0.0,0.0,404.0,39.1,0.0,0.0,0.0,0.0,-0.01,0,1.21,2.42,0,0.0,0,320.09,0,0,0,0,0,0,0,0,0,1000.0,0,0,0,0,2.42,39.1,-1.0,0,39.1,0.0,39.1,0.0,0.0,0.0,320.09,-0.01
12/20/2024,17:23:33,0.0,0.0,404.0,39.1,0.0,0.0,0.0,0.0,-0.01,0,1.21,2.42,0,0.0,0,320.09,0,0,0,0,0,0,0,0,0,1000.0,0,0,0,0,2.42,39.1,-1.0,0,39.1,0.0,39.1,0.0,0.0,0.0,320.09,-0.01
12/20/2024,17:23:34,0.0,0.0,404.0,39.1,0.0,0.0,0.0,0.0,-0.01,0,1.21,2.42,0,0.0,0,320.17,0,0,0,0,0,0,0,0,0,1000.0,0,0,0,0,2.42,39.1,-1.0,0,39.1,0.0,39.1,0.0,0.0,0.0,320.17,-0.01
12/20/2024,17:23:35,0.0,0.0,404.0,39.1,0.0,0.0,0.0,0.0,-0.01,0,1.21,2.42,0,0.0,0,320.17,0,0,0,0,0,0,0,0,0,1000.0,0,0,0,0,2.42,39.1,-1.0,0,39.1,0.0,39.1,0.0,0.0,0.0,320.17,-0.01
12/20/2024,17:23:36,0.0,0.0,404.0,39.1,0.0,0.0,0.0,0.0,-0.01,0,1.21,2.42,0,0.0,0,320.25,0,0,0,0,0,0,0,0,0,1000.0,0,0,0,0,2.42,39.1,-1.0,0,39.1,0.0,39.1,0.0,0.0,0.0,320.25,-0.01
12/20/2024,17:23:37,0.0,0.0,404.0,39.1,0.0,0.0,0.0,0.0,-0.01,0,1.21,2.42,0,0.0,0,320.25,0,0,0,0,0,0,0,0,0,1000.0,0,0,0,0,2.42,39.1,-1.0,0,39.1,0.0,39.1,0.0,0.0,0.0,320.25,-0.01
12/20/2024,17:23:38,0.0,0.0,404.0,39.1,0.0,0.0,0.0,0.0,-0.01,0,1.21,2.42,0,0.0,0,320.28,0,0,0,0,0,0,0,0,0,1000.0,0,0,0,0,2.42,39.1,-1.0,0,39.1,0.0,39.1,0.0,0.0,0.0,320.28,-0.01
12/20/2024,17:23:39,0.0,0.0,404.0,39.1,0.0,0.0,0.0,0.0,-0.01,0,1.21,2.42,0,0.0,0,320.32,0,0,0,0,0,0,0,0,0,1000.0,0,0,0,0,2.42,39.1,-1.0,0,39.1,0.0,39.1,0.0,0.0,0.0,320.32,-0.01
12/20/2024,17:23:40,0.0,0.0,404.0,39.1,0.0,0.0,0.0,0.0,-0.01,0,1.21,2.42,0,0.0,0,320.36,0,0,0,0,0,0,0,0,0,1000.0,0,0,0,0,2.42,39.1,-1.0,0,39.1,0.0,39.1,0.0,0.0,0.0,320.36,-0.01
12/20/2024,17:23:41,0.0,0.0,404.0,39.1,0.0,0.0,0.0,0.0,-0.01,0,1.21,2.42,0,0.0,0,320.4,0,0,0,0,0,0,0,0,0,1000.0,0,0,0,0,2.42,39.1,-1.0,0,39.1,0.0,39.1,0.0,0.0,0.0,320.4,-0.01
12/20/2024,17:23:42,0.0,0.0,404.0,39.1,0.0,0.0,0.0,0.0,-0.01,0,1.21,2.42,0,0.0,0,320.44,0,0,0,0,0,0,0,0,0,1000.0,0,0,0,0,2.42,39.1,-1.0,0,39.1,0.0,39.1,0.0,0.0,0.0,320.44,-0.01
12/20/2024,17:23:43,0.0,0.0,404.0,39.1,0.0,0.0,0.0,0.0,-0.01,0,1.21,2.42,0,0.0,0,320.48,0,0,0,0,0,0,0,0,0,1000.0,0,0,0,0,2.42,39.1,-1.0,0,39.1,0.0,39.1,0.0,0.0,0.0,320.48,-0.01
12/20/2024,17:23:44,0.0,0.0,404.0,39.1,0.0,0.0,0.0,0.0,-0.01,0,1.21,2.42,0,0.0,0,320.52,0,0,0,0,0,0,0,0,0,1000.0,0,0,0,0,2.42,39.1,-1.0,0,39.1,0.0,39.1,0.0,0.0,0.0,320.52,-0.01
12/20/2024,17:23:45,0.0,0.0,404.0,39.1,0.0,0.0,0.0,0.0,-0.01,0,1.21,2.42,0,0.0,0,320.56,0,0,0,0,0,0,0,0,0,1000.0,0,0,0,0,2.42,39.1,-1.0,0,39.1,0.0,39.1,0.0,0.0,0.0,320.56,-0.01
12/20/2024,17:23:46,0.0,0.0,404.0,39.1,0.0,0.0,0.0,0.0,-0.01,0,1.21,2.42,0,0.0,0,320.64,0,0,0,0,0,0,0,0,0,1000.0,0,0,0,0,2.42,39.1,-1.0,0,39.1,0.0,39.1,0.0,0.0,0.0,320.64,-0.01
12/20/2024,17:23:47,0.0,0.0,404.0,39.1,0.0,0.0,0.0,0.0,-0.01,0,1.21,2.42,0,0.0,0,320.68,0,0,0,0,0,0,0,0,0,1000.0,0,0,0,0,2.42,39.1,-1.0,0,39.1,0.0,39.1,0.0,0.0,0.0,320.68,-0.01
12/20/2024,17:23:48,0.0,0.0,404.0,39.1,0.0,0.0,0.0,0.0,-0.01,0,1.21,2.42,0,0.0,0,320.71,0,0,0,0,0,0,0,0,0,1000.0,0,0,0,0,2.42,39.1,-1.0,0,39.1,0.0,39.1,0.0,0.0,0.0,320.71,-0.01
12/20/2024,17:23:49,0.0,0.0,404.0,39.1,0.0,0.0,0.0,0.0,-0.01,0,1.21,2.42,0,0.0,0,320.75,0,0,0,0,0,0,0,0,0,1000.0,0,0,0,0,2.42,39.1,-1.0,0,39.1,0.0,39.1,0.0,0.0,0.0,320.75,-0.01
12/20/2024,17:23:50,0.0,0.0,404.0,39.1,0.0,0.0,0.0,0.0,-0.01,0,1.21,2.42,0,0.0,0,320.79,0,0,0,0,0,0,0,0,0,1000.0,0,0,0,0,2.42,39.1,-1.0,0,39.1,0.0,39.1,0.0,0.0,0.0,320.79,-0.01
12/20/2024,17:23:51,0.0,0.0,404.0,39.1,0.0,0.0,0.0,0.0,-0.01,0,1.21,2.42,0,0.0,0,320.83,0,0,0,0,0,0,0,0,0,1000.0,0,0,0,0,2.42,39.1,-1.0,0,39.1,0.0,39.1,0.0,0.0,0.0,320.83,-0.01
12/20/2024,17:23:52,0.0,0.0,404.0,39.1,0.0,0.0,0.0,0.0,-0.01,0,1.21,2.42,0,0.0,0,320.87,0,0,0,0,0,0,0,0,0,1000.0,0,0,0,0,2.42,39.1,-1.0,0,39.1,0.0,39.1,0.0,0.0,0.0,320.87,-0.01
12/20/2024,17:23:53,0.0,0.0,404.0,39.1,0.0,0.0,0.0,0.0,-0.01,0,1.21,2.42,0,0.0,0,320.91,0,0,0,0,0,0,0,0,0,1000.0,0,0,0,0,2.42,39.1,-1.0,0,39.1,0.0,39.1,0.0,0.0,0.0,320.91,-0.01
12/20/2024,17:23:54,0.0,0.0,404.0,39.1,0.0,0.0,0.0,0.0,-0.01,0,1.21,2.42,0,0.0,0,320.95,0,0,0,0,0,0,0,0,0,1000.0,0,0,0,0,2.42,39.1,-1.0,0,39.1,0.0,39.1,0.0,0.0,0.0,320.95,-0.01
12/20/2024,17:23:55,0.0,0.0,404.0,39.1,0.0,0.0,0.0,0.0,-0.01,0,1.21,2.42,0,0.0,0,320.99,0,0,0,0,0,0,0,0,0,1000.0,0,0,0,0,2.42,39.1,-1.0,0,39.1,0.0,39.1,0.0,0.0,0.0,320.99,-0.01
12/20/2024,17:23:56,0.0,0.0,404.0,39.1,0.0,0.0,0.0,0.0,-0.01,0,1.21,2.42,0,0.0,0,321.03,0,0,0,0,0,0,0,0,0,1000.0,0,0,0,0,2.42,39.1,-1.0,0,39.1,0.0,39.1,0.0,0.0,0.0,321.03,-0.01
12/20/2024,17:23:57,0.0,0.0,404.0,39.1,0.0,0.0,0.0,0.0,-0.01,0,1.21,2.42,0,0.0,0,321.07,0,0,0,0,0,0,0,0,0,1000.0,0,0,0,0,2.42,39.1,-1.0,0,39.1,0.0,39.1,0.0,0.0,0.0,321.07,-0.01
12/20/2024,17:23:58,0.0,0.0,404.0,39.1,0.0,0.0,0.0,0.0,-0.01,0,1.21,2.42,0,0.0,0,321.11,0,0,0,0,0,0,0,0,0,1000.0,0,0,0,0,2.42,39.1,-1.0,0,39.1,0.0,39.1,0.0,0.0,0.0,321.11,-0.01
12/20/2024,17:23:59,0.0,0.0,404.0,39.1,0.0,0.0,0.0,0.0,-0.01,0,1.21,2.42,0,0.0,0,321.14,0,0,0,0,0,0,0,0,0,1000.0,0,0,0,0,2.42,39.1,-1.0,0,39.1,0.0,39.1,0.0,0.0,0.0,321.14,-0.01
12/20/2024,17:24:0,0.0,0.0,404.0,39.1,0.0,0.0,0.0,0.0,-0.01,0,1.21,2.42,0,0.0,0,321.18,0,0,0,0,0,0,0,0,0,1000.0,0,0,0,0,2.42,39.1,-1.0,0,39.1,0.0,39.1,0.0,0.0,0.0,321.18,-0.01
12/20/2024,17:24:1,0.0,0.0,404.0,39.1,0.0,0.0,0.0,0.0,-0.01,0,1.21,2.42,0,0.0,0,321.22,0,0,0,0,0,0,0,0,0,1000.0,0,0,0,0,2.42,39.1,-1.0,0,39.1,0.0,39.1,0.0,0.0,0.0,321.22,-0.01
12/20/2024,17:24:2,0.0,0.0,404.0,39.1,0.0,0.0,0.0,0.0,-0.01,0,1.21,2.42,0,0.0,0,321.26,0,0,0,0,0,0,0,0,0,1000.0,0,0,0,0,2.42,39.1,-1.0,0,39.1,0.0,39.1,0.0,0.0,0.0,321.26,-0.01
12/20/2024,17:24:3,0.0,0.0,404.0,39.1,0.0,0.0,0.0,0.0,-0.01,0,1.21,2.42,0,0.0,0,321.3,0,0,0,0,0,0,0,0,0,1000.0,0,0,0,0,2.42,39.1,-1.0,0,39.1,0.0,39.1,0.0,0.0,0.0,321.3,-0.01
12/20/2024,17:24:4,0.0,0.0,404.0,39.1,0.0,0.0,0.0,0.0,-0.01,0,1.21,2.42,0,0.0,0,321.34,0,0,0,0,0,0,0,0,0,1000.0,0,0,0,0,2.42,39.1,-1.0,0,39.1,0.0,39.1,0.0,0.0,0.0,321.34,-0.01
12/20/2024,17:24:5,0.0,0.0,404.0,39.1,0.0,0.0,0.0,0.0,-0.01,0,1.21,2.42,0,0.0,0,321.38,0,0,0,0,0,0,0,0,0,1000.0,0,0,0,0,2.42,39.1,-1.0,0,39.1,0.0,39.1,0.0,0.0,0.0,321.38,-0.01
12/20/2024,17:24:6,0.0,0.0,404.0,39.1,0.0,0.0,0.0,0.0,-0.01,0,1.21,2.42,0,0.0,0,321.42,0,0,0,0,0,0,0,0,0,1000.0,0,0,0,0,2.42,39.1,-1.0,0,39.1,0.0,39.1,0.0,0.0,0.0,321.42,-0.01
12/20/2024,17:24:7,0.0,0.0,404.0,39.1,0.0,0.0,0.0,0.0,-0.01,0,1.21,2.42,0,0.0,0,321.46,0,0,0,0,0,0,0,0,0,1000.0,0,0,0,0,2.42,39.1,-1.0,0,39.1,0.0,39.1,0.0,0.0,0.0,321.46,-0.01
12/20/2024,17:24:8,0.0,0.0,404.0,39.1,0.0,0.0,0.0,0.0,-0.01,0,1.21,2.42,0,0.0,0,321.5,0,0,0,0,0,0,0,0,0,1000.0,0,0,0,0,2.42,39.1,-1.0,0,39.1,0.0,39.1,0.0,0.0,0.0,321.5,-0.01
12/20/2024,17:24:9,0.0,0.0,404.0,39.1,0.0,0.0,0.0,0.0,-0.01,0,1.21,2.42,0,0.0,0,321.54,0,0,0,0,0,0,0,0,0,1000.0,0,0,0,0,2.42,39.1,-1.0,0,39.1,0.0,39.1,0.0,0.0,0.0,321.54,-0.01
12/20/2024,17:24:10,0.0,0.0,404.0,39.1,0.0,0.0,0.0,0.0,-0.01,0,1.21,2.42,0,0.0,0,321.57,0,0,0,0,0,0,0,0,0,1000.0,0,0,0,0,2.42,39.1,-1.0,0,39.1,0.0,39.1,0.0,0.0,0.0,321.57,-0.01
12/20/2024,17:24:11,0.0,0.0,404.0,39.1,0.0,0.0,0.0,0.0,-0.01,0,1.21,2.42,0,0.0,0,321.61,0,0,0,0,0,0,0,0,0,1000.0,0,0,0,0,2.42,39.1,-1.0,0,39.1,0.0,39.1,0.0,0.0,0.0,321.61,-0.01
12/20/2024,17:24:12,0.0,0.0,404.0,39.1,0.0,0.0,0.0,0.0,-0.01,0,1.21,2.42,0,0.0,0,321.65,0,0,0,0,0,0,0,0,0,1000.0,0,0,0,0,2.42,39.1,-1.0,0,39.1,0.0,39.1,0.0,0.0,0.0,321.65,-0.01
12/20/2024,17:24:13,0.0,0.0,404.0,39.1,0.0,0.0,0.0,0.0,-0.01,0,1.21,2.42,0,0.0,0,321.69,0,0,0,0,0,0,0,0,0,1000.0,0,0,0,0,2.42,39.1,-1.0,0,39.1,0.0,39.1,0.0,0.0,0.0,321.69,-0.01
12/20/2024,17:24:14,0.0,0.0,404.0,39.1,0.0,0.0,0.0,0.0,-0.01,0,1.21,2.42,0,0.0,0,321.73,0,0,0,0,0,0,0,0,0,1000.0,0,0,0,0,2.42,39.1,-1.0,0,39.1,0.0,39.1,0.0,0.0,0.0,321.73,-0.01
12/20/2024,17:24:15,0.0,0.0,404.0,39.1,0.0,0.0,0.0,0.0,-0.01,0,1.21,2.42,0,0.0,0,321.77,0,0,0,0,0,0,0,0,0,1000.0,0,0,0,0,2.42,39.1,-1.0,0,39.1,0.0,39.1,0.0,0.0,0.0,321.77,-0.01
12/20/2024,17:24:16,0.0,0.0,404.0,39.1,0.0,0.0,0.0,0.0,-0.01,0,1.21,2.42,0,0.0,0,321.77,0,0,0,0,0,0,0,0,0,1000.0,0,0,0,0,2.42,39.1,-1.0,0,39.1,0.0,39.1,0.0,0.0,0.0,321.77,-0.01
12/20/2024,17:24:17,0.0,0.0,404.0,39.1,0.0,0.0,0.0,0.0,-0.01,0,1.21,2.42,0,0.0,0,321.85,0,0,0,0,0,0,0,0,0,1000.0,0,0,0,0,2.42,39.1,-1.0,0,39.1,0.0,39.1,0.0,0.0,0.0,321.85,-0.01
12/20/2024,17:24:18,0.0,0.0,404.0,39.1,0.0,0.0,0.0,0.0,-0.01,0,1.21,2.42,0,0.0,0,321.85,0,0,0,0,0,0,0,0,0,1000.0,0,0,0,0,2.42,39.1,-1.0,0,39.1,0.0,39.1,0.0,0.0,0.0,321.85,-0.01
12/20/2024,17:24:19,0.0,0.0,404.0,39.1,0.0,0.0,0.0,0.0,-0.01,0,1.21,2.42,0,0.0,0,321.93,0,0,0,0,0,0,0,0,0,1000.0,0,0,0,0,2.42,39.1,-1.0,0,39.1,0.0,39.1,0.0,0.0,0.0,321.93,-0.01
12/20/2024,17:24:20,0.0,0.0,404.0,39.1,0.0,0.0,0.0,0.0,-0.01,0,1.21,2.42,0,0.0,0,321.93,0,0,0,0,0,0,0,0,0,1000.0,0,0,0,0,2.42,39.1,-1.0,0,39.1,0.0,39.1,0.0,0.0,0.0,321.93,-0.01
12/20/2024,17:24:21,0.0,0.0,404.0,39.1,0.0,0.0,0.0,0.0,-0.01,0,1.21,2.42,0,0.0,0,322.0,0,0,0,0,0,0,0,0,0,1000.0,0,0,0,0,2.42,39.1,-1.0,0,39.1,0.0,39.1,0.0,0.0,0.0,322.0,-0.01
12/20/2024,17:24:22,0.0,0.0,404.0,39.1,0.0,0.0,0.0,0.0,-0.01,0,1.21,2.42,0,0.0,0,322.0,0,0,0,0,0,0,0,0,0,1000.0,0,0,0,0,2.42,39.1,-1.0,0,39.1,0.0,39.1,0.0,0.0,0.0,322.0,-0.01
12/20/2024,17:24:23,0.0,0.0,404.0,39.1,0.0,0.0,0.0,0.0,-0.01,0,1.21,2.42,0,0.0,0,322.08,0,0,0,0,0,0,0,0,0,1000.0,0,0,0,0,2.42,39.1,-1.0,0,39.1,0.0,39.1,0.0,0.0,0.0,322.08,-0.01
12/20/2024,17:24:24,0.0,0.0,404.0,39.1,0.0,0.0,0.0,0.0,-0.01,0,1.21,2.42,0,0.0,0,322.08,0,0,0,0,0,0,0,0,0,1000.0,0,0,0,0,2.42,39.1,-1.0,0,39.1,0.0,39.1,0.0,0.0,0.0,322.08,-0.01
12/20/2024,17:24:25,0.0,0.0,404.0,39.1,0.0,0.0,0.0,0.0,-0.01,0,1.21,2.42,0,0.0,0,322.16,0,0,0,0,0,0,0,0,0,1000.0,0,0,0,0,2.42,39.1,-1.0,0,39.1,0.0,39.1,0.0,0.0,0.0,322.16,-0.01
12/20/2024,17:24:26,0.0,0.0,404.0,39.1,0.0,0.0,0.0,0.0,-0.01,0,1.21,2.42,0,0.0,0,322.16,0,0,0,0,0,0,0,0,0,1000.0,0,0,0,0,2.42,39.1,-1.0,0,39.1,0.0,39.1,0.0,0.0,0.0,322.16,-0.01
12/20/2024,17:24:27,0.0,0.0,404.0,39.1,0.0,0.0,0.0,0.0,-0.01,0,1.21,2.42,0,0.0,0,322.24,0,0,0,0,0,0,0,0,0,1000.0,0,0,0,0,2.42,39.1,-1.0,0,39.1,0.0,39.1,0.0,0.0,0.0,322.24,-0.01
12/20/2024,17:24:28,0.0,0.0,404.0,39.1,0.0,0.0,0.0,0.0,-0.01,0,1.21,2.42,0,0.0,0,322.24,0,0,0,0,0,0,0,0,0,1000.0,0,0,0,0,2.42,39.1,-1.0,0,39.1,0.0,39.1,0.0,0.0,0.0,322.24,-0.01
12/20/2024,17:24:29,0.0,0.0,404.0,39.1,0.0,0.0,0.0,0.0,-0.01,0,1.21,2.42,0,0.0,0,322.32,0,0,0,0,0,0,0,0,0,1000.0,0,0,0,0,2.42,39.1,-1.0,0,39.1,0.0,39.1,0.0,0.0,0.0,322.32,-0.01
12/20/2024,17:24:30,0.0,0.0,404.0,39.1,0.0,0.0,0.0,0.0,-0.01,0,1.21,2.42,0,0.0,0,322.32,0,0,0,0,0,0,0,0,0,1000.0,0,0,0,0,2.42,39.1,-1.0,0,39.1,0.0,39.1,0.0,0.0,0.0,322.32,-0.01
12/20/2024,17:24:31,0.0,0.0,404.0,39.1,0.0,0.0,0.0,0.0,-0.01,0,1.21,2.42,0,0.0,0,322.4,0,0,0,0,0,0,0,0,0,1000.0,0,0,0,0,2.42,39.1,-1.0,0,39.1,0.0,39.1,0.0,0.0,0.0,322.4,-0.01
12/20/2024,17:24:32,0.0,0.0,404.0,39.1,0.0,0.0,0.0,0.0,-0.01,0,1.21,2.42,0,0.0,0,322.4,0,0,0,0,0,0,0,0,0,1000.0,0,0,0,0,2.42,39.1,-1.0,0,39.1,0.0,39.1,0.0,0.0,0.0,322.4,-0.01
12/20/2024,17:24:33,0.0,0.0,404.0,39.1,0.0,0.0,0.0,0.0,-0.01,0,1.21,2.42,0,0.0,0,322.43,0,0,0,0,0,0,0,0,0,1000.0,0,0,0,0,2.42,39.1,-1.0,0,39.1,0.0,39.1,0.0,0.0,0.0,322.43,-0.01
12/20/2024,17:24:34,0.0,0.0,404.0,39.1,0.0,0.0,0.0,0.0,-0.01,0,1.21,2.42,0,0.0,0,322.47,0,0,0,0,0,0,0,0,0,1000.0,0,0,0,0,2.42,39.1,-1.0,0,39.1,0.0,39.1,0.0,0.0,0.0,322.47,-0.01
12/20/2024,17:24:35,0.0,0.0,404.0,39.1,0.0,0.0,0.0,0.0,-0.01,0,1.21,2.42,0,0.0,0,322.51,0,0,0,0,0,0,0,0,0,1000.0,0,0,0,0,2.42,39.1,-1.0,0,39.1,0.0,39.1,0.0,0.0,0.0,322.51,-0.01
12/20/2024,17:24:36,0.0,0.0,404.0,39.1,0.0,0.0,0.0,0.0,-0.01,0,1.21,2.42,0,0.0,0,322.59,0,0,0,0,0,0,0,0,0,1000.0,0,0,0,0,2.42,39.1,-1.0,0,39.1,0.0,39.1,0.0,0.0,0.0,322.59,-0.01
12/20/2024,17:24:37,0.0,0.0,404.0,39.1,0.0,0.0,0.0,0.0,-0.01,0,1.21,2.42,0,0.0,0,322.63,0,0,0,0,0,0,0,0,0,1000.0,0,0,0,0,2.42,39.1,-1.0,0,39.1,0.0,39.1,0.0,0.0,0.0,322.63,-0.01
12/20/2024,17:24:38,0.0,0.0,404.0,39.1,0.0,0.0,0.0,0.0,-0.01,0,1.21,2.42,0,0.0,0,322.67,0,0,0,0,0,0,0,0,0,1000.0,0,0,0,0,2.42,39.1,-1.0,0,39.1,0.0,39.1,0.0,0.0,0.0,322.67,-0.01
12/20/2024,17:24:39,0.0,0.0,404.0,39.1,0.0,0.0,0.0,0.0,-0.01,0,1.21,2.42,0,0.0,0,322.71,0,0,0,0,0,0,0,0,0,1000.0,0,0,0,0,2.42,39.1,-1.0,0,39.1,0.0,39.1,0.0,0.0,0.0,322.71,-0.01
12/20/2024,17:24:40,0.0,0.0,404.0,39.1,0.0,0.0,0.0,0.0,-0.01,0,1.21,2.42,0,0.0,0,322.75,0,0,0,0,0,0,0,0,0,1000.0,0,0,0,0,2.42,39.1,-1.0,0,39.1,0.0,39.1,0.0,0.0,0.0,322.75,-0.01
12/20/2024,17:24:41,0.0,0.0,404.0,39.1,0.0,0.0,0.0,0.0,-0.01,0,1.21,2.42,0,0.0,0,322.79,0,0,0,0,0,0,0,0,0,1000.0,0,0,0,0,2.42,39.1,-1.0,0,39.1,0.0,39.1,0.0,0.0,0.0,322.79,-0.01
12/20/2024,17:24:42,0.0,0.0,404.0,39.1,0.0,0.0,0.0,0.0,-0.01,0,1.21,2.42,0,0.0,0,322.83,0,0,0,0,0,0,0,0,0,1000.0,0,0,0,0,2.42,39.1,-1.0,0,39.1,0.0,39.1,0.0,0.0,0.0,322.83,-0.01
12/20/2024,17:24:43,0.0,0.0,404.0,39.1,0.0,0.0,0.0,0.0,-0.01,0,1.21,2.42,0,0.0,0,322.86,0,0,0,0,0,0,0,0,0,1000.0,0,0,0,0,2.42,39.1,-1.0,0,39.1,0.0,39.1,0.0,0.0,0.0,322.86,-0.01
12/20/2024,17:24:44,0.0,0.0,404.0,39.1,0.0,0.0,0.0,0.0,-0.01,0,1.21,2.42,0,0.0,0,322.9,0,0,0,0,0,0,0,0,0,1000.0,0,0,0,0,2.42,39.1,-1.0,0,39.1,0.0,39.1,0.0,0.0,0.0,322.9,-0.01
12/20/2024,17:24:45,0.0,0.0,404.0,39.1,0.0,0.0,0.0,0.0,-0.01,0,1.21,2.42,0,0.0,0,322.94,0,0,0,0,0,0,0,0,0,1000.0,0,0,0,0,2.42,39.1,-1.0,0,39.1,0.0,39.1,0.0,0.0,0.0,322.94,-0.01
12/20/2024,17:24:46,0.0,0.0,404.0,39.1,0.0,0.0,0.0,0.0,-0.01,0,1.21,2.42,0,0.0,0,322.98,0,0,0,0,0,0,0,0,0,1000.0,0,0,0,0,2.42,39.1,-1.0,0,39.1,0.0,39.1,0.0,0.0,0.0,322.98,-0.01
12/20/2024,17:24:47,0.0,0.0,404.0,39.1,0.0,0.0,0.0,0.0,-0.01,0,1.21,2.42,0,0.0,0,323.02,0,0,0,0,0,0,0,0,0,1000.0,0,0,0,0,2.42,39.1,-1.0,0,39.1,0.0,39.1,0.0,0.0,0.0,323.02,-0.01
12/20/2024,17:24:48,0.0,0.0,404.0,39.1,0.0,0.0,0.0,0.0,-0.01,0,1.21,2.42,0,0.0,0,323.06,0,0,0,0,0,0,0,0,0,1000.0,0,0,0,0,2.42,39.1,-1.0,0,39.1,0.0,39.1,0.0,0.0,0.0,323.06,-0.01
12/20/2024,17:24:49,0.0,0.0,404.0,39.1,0.0,0.0,0.0,0.0,-0.01,0,1.21,2.42,0,0.0,0,323.1,0,0,0,0,0,0,0,0,0,1000.0,0,0,0,0,2.42,39.1,-1.0,0,39.1,0.0,39.1,0.0,0.0,0.0,323.1,-0.01
12/20/2024,17:24:50,0.0,0.0,404.0,39.1,0.0,0.0,0.0,0.0,-0.01,0,1.21,2.42,0,0.0,0,323.14,0,0,0,0,0,0,0,0,0,1000.0,0,0,0,0,2.42,39.1,-1.0,0,39.1,0.0,39.1,0.0,0.0,0.0,323.14,-0.01
12/20/2024,17:24:51,0.0,0.0,404.0,39.1,0.0,0.0,0.0,0.0,-0.01,0,1.21,2.42,0,0.0,0,323.18,0,0,0,0,0,0,0,0,0,1000.0,0,0,0,0,2.42,39.1,-1.0,0,39.1,0.0,39.1,0.0,0.0,0.0,323.18,-0.01
12/20/2024,17:24:52,0.0,0.0,404.0,39.1,0.0,0.0,0.0,0.0,-0.01,0,1.21,2.42,0,0.0,0,323.22,0,0,0,0,0,0,0,0,0,1000.0,0,0,0,0,2.42,39.1,-1.0,0,39.1,0.0,39.1,0.0,0.0,0.0,323.22,-0.01
12/20/2024,17:24:53,0.0,0.0,404.0,39.1,0.0,0.0,0.0,0.0,-0.01,0,1.21,2.42,0,0.0,0,323.26,0,0,0,0,0,0,0,0,0,1000.0,0,0,0,0,2.42,39.1,-1.0,0,39.1,0.0,39.1,0.0,0.0,0.0,323.26,-0.01
12/20/2024,17:24:54,0.0,0.0,404.0,39.1,0.0,0.0,0.0,0.0,-0.01,0,1.21,2.42,0,0.0,0,323.3,0,0,0,0,0,0,0,0,0,1000.0,0,0,0,0,2.42,39.1,-1.0,0,39.1,0.0,39.1,0.0,0.0,0.0,323.3,-0.01
12/20/2024,17:24:55,0.0,0.0,404.0,39.1,0.0,0.0,0.0,0.0,-0.01,0,1.21,2.42,0,0.0,0,323.33,0,0,0,0,0,0,0,0,0,1000.0,0,0,0,0,2.42,39.1,-1.0,0,39.1,0.0,39.1,0.0,0.0,0.0,323.33,-0.01
12/20/2024,17:24:56,0.0,0.0,404.0,39.1,0.0,0.0,0.0,0.0,-0.01,0,1.21,2.42,0,0.0,0,323.37,0,0,0,0,0,0,0,0,0,1000.0,0,0,0,0,2.42,39.1,-1.0,0,39.1,0.0,39.1,0.0,0.0,0.0,323.37,-0.01
12/20/2024,17:24:57,0.0,0.0,404.0,39.1,0.0,0.0,0.0,0.0,-0.01,0,1.21,2.42,0,0.0,0,323.41,0,0,0,0,0,0,0,0,0,1000.0,0,0,0,0,2.42,39.1,-1.0,0,39.1,0.0,39.1,0.0,0.0,0.0,323.41,-0.01
12/20/2024,17:24:58,0.0,0.0,404.0,39.1,0.0,0.0,0.0,0.0,-0.01,0,1.21,2.42,0,0.0,0,323.45,0,0,0,0,0,0,0,0,0,1000.0,0,0,0,0,2.42,39.1,-1.0,0,39.1,0.0,39.1,0.0,0.0,0.0,323.45,-0.01
12/20/2024,17:24:59,0.0,0.0,404.0,39.1,0.0,0.0,0.0,0.0,-0.01,0,1.21,2.42,0,0.0,0,323.49,0,0,0,0,0,0,0,0,0,1000.0,0,0,0,0,2.42,39.1,-1.0,0,39.1,0.0,39.1,0.0,0.0,0.0,323.49,-0.01
12/20/2024,17:25:0,0.0,0.0,404.0,39.1,0.0,0.0,0.0,0.0,-0.01,0,1.21,2.42,0,0.0,0,323.53,0,0,0,0,0,0,0,0,0,1000.0,0,0,0,0,2.42,39.1,-1.0,0,39.1,0.0,39.1,0.0,0.0,0.0,323.53,-0.01
12/20/2024,17:25:1,0.0,0.0,404.0,39.1,0.0,0.0,0.0,0.0,-0.01,0,1.21,2.42,0,0.0,0,323.57,0,0,0,0,0,0,0,0,0,1000.0,0,0,0,0,2.42,39.1,-1.0,0,39.1,0.0,39.1,0.0,0.0,0.0,323.57,-0.01
12/20/2024,17:25:2,0.0,0.0,404.0,39.1,0.0,0.0,0.0,0.0,-0.01,0,1.21,2.42,0,0.0,0,323.61,0,0,0,0,0,0,0,0,0,1000.0,0,0,0,0,2.42,39.1,-1.0,0,39.1,0.0,39.1,0.0,0.0,0.0,323.61,-0.01
12/20/2024,17:25:3,0.0,0.0,404.0,39.1,0.0,0.0,0.0,0.0,-0.01,0,1.21,2.42,0,0.0,0,323.65,0,0,0,0,0,0,0,0,0,1000.0,0,0,0,0,2.42,39.1,-1.0,0,39.1,0.0,39.1,0.0,0.0,0.0,323.65,-0.01
12/20/2024,17:25:4,0.0,0.0,404.0,39.1,0.0,0.0,0.0,0.0,-0.01,0,1.21,2.42,0,0.0,0,323.69,0,0,0,0,0,0,0,0,0,1000.0,0,0,0,0,2.42,39.1,-1.0,0,39.1,0.0,39.1,0.0,0.0,0.0,323.69,-0.01
12/20/2024,17:25:5,0.0,0.0,404.0,39.1,0.0,0.0,0.0,0.0,-0.01,0,1.21,2.42,0,0.0,0,323.73,0,0,0,0,0,0,0,0,0,1000.0,0,0,0,0,2.42,39.1,-1.0,0,39.1,0.0,39.1,0.0,0.0,0.0,323.73,-0.01
12/20/2024,17:25:6,0.0,0.0,404.0,39.1,0.0,0.0,0.0,0.0,-0.01,0,1.21,2.42,0,0.0,0,323.73,0,0,0,0,0,0,0,0,0,1000.0,0,0,0,0,2.42,39.1,-1.0,0,39.1,0.0,39.1,0.0,0.0,0.0,323.73,-0.01
12/20/2024,17:25:7,0.0,0.0,404.0,39.1,0.0,0.0,0.0,0.0,-0.01,0,1.21,2.42,0,0.0,0,323.8,0,0,0,0,0,0,0,0,0,1000.0,0,0,0,0,2.42,39.1,-1.0,0,39.1,0.0,39.1,0.0,0.0,0.0,323.8,-0.01
12/20/2024,17:25:8,0.0,0.0,404.0,39.1,0.0,0.0,0.0,0.0,-0.01,0,1.21,2.42,0,0.0,0,323.8,0,0,0,0,0,0,0,0,0,1000.0,0,0,0,0,2.42,39.1,-1.0,0,39.1,0.0,39.1,0.0,0.0,0.0,323.8,-0.01
12/20/2024,17:25:9,0.0,0.0,404.0,39.1,0.0,0.0,0.0,0.0,-0.01,0,1.21,2.42,0,0.0,0,323.88,0,0,0,0,0,0,0,0,0,1000.0,0,0,0,0,2.42,39.1,-1.0,0,39.1,0.0,39.1,0.0,0.0,0.0,323.88,-0.01
12/20/2024,17:25:10,0.0,0.0,404.0,39.1,0.0,0.0,0.0,0.0,-0.01,0,1.21,2.42,0,0.0,0,323.88,0,0,0,0,0,0,0,0,0,1000.0,0,0,0,0,2.42,39.1,-1.0,0,39.1,0.0,39.1,0.0,0.0,0.0,323.88,-0.01
12/20/2024,17:25:11,0.0,0.0,404.0,39.1,0.0,0.0,0.0,0.0,-0.01,0,1.21,2.42,0,0.0,0,323.96,0,0,0,0,0,0,0,0,0,1000.0,0,0,0,0,2.42,39.1,-1.0,0,39.1,0.0,39.1,0.0,0.0,0.0,323.96,-0.01
12/20/2024,17:25:12,0.0,0.0,404.0,39.1,0.0,0.0,0.0,0.0,-0.01,0,1.21,2.42,0,0.0,0,323.96,0,0,0,0,0,0,0,0,0,1000.0,0,0,0,0,2.42,39.1,-1.0,0,39.1,0.0,39.1,0.0,0.0,0.0,323.96,-0.01
12/20/2024,17:25:13,0.0,0.0,404.0,39.1,0.0,0.0,0.0,0.0,-0.01,0,1.21,2.42,0,0.0,0,324.04,0,0,0,0,0,0,0,0,0,1000.0,0,0,0,0,2.42,39.1,-1.0,0,39.1,0.0,39.1,0.0,0.0,0.0,324.04,-0.01
12/20/2024,17:25:14,0.0,0.0,404.0,39.1,0.0,0.0,0.0,0.0,-0.01,0,1.21,2.42,0,0.0,0,324.04,0,0,0,0,0,0,0,0,0,1000.0,0,0,0,0,2.42,39.1,-1.0,0,39.1,0.0,39.1,0.0,0.0,0.0,324.04,-0.01
12/20/2024,17:25:15,0.0,0.0,404.0,39.1,0.0,0.0,0.0,0.0,-0.01,0,1.21,2.42,0,0.0,0,324.08,0,0,0,0,0,0,0,0,0,1000.0,0,0,0,0,2.42,39.1,-1.0,0,39.1,0.0,39.1,0.0,0.0,0.0,324.08,-0.01
12/20/2024,17:25:16,0.0,0.0,404.0,39.1,0.0,0.0,0.0,0.0,-0.01,0,1.21,2.42,0,0.0,0,324.12,0,0,0,0,0,0,0,0,0,1000.0,0,0,0,0,2.42,39.1,-1.0,0,39.1,0.0,39.1,0.0,0.0,0.0,324.12,-0.01
12/20/2024,17:25:17,0.0,0.0,404.0,39.1,0.0,0.0,0.0,0.0,-0.01,0,1.21,2.42,0,0.0,0,324.16,0,0,0,0,0,0,0,0,0,1000.0,0,0,0,0,2.42,39.1,-1.0,0,39.1,0.0,39.1,0.0,0.0,0.0,324.16,-0.01
12/20/2024,17:25:18,0.0,0.0,404.0,39.1,0.0,0.0,0.0,0.0,-0.01,0,1.21,2.42,0,0.0,0,324.19,0,0,0,0,0,0,0,0,0,1000.0,0,0,0,0,2.42,39.1,-1.0,0,39.1,0.0,39.1,0.0,0.0,0.0,324.19,-0.01
12/20/2024,17:25:19,0.0,0.0,404.0,39.1,0.0,0.0,0.0,0.0,-0.01,0,1.21,2.42,0,0.0,0,324.23,0,0,0,0,0,0,0,0,0,1000.0,0,0,0,0,2.42,39.1,-1.0,0,39.1,0.0,39.1,0.0,0.0,0.0,324.23,-0.01
12/20/2024,17:25:20,0.0,0.0,404.0,39.1,0.0,0.0,0.0,0.0,-0.01,0,1.21,2.42,0,0.0,0,324.27,0,0,0,0,0,0,0,0,0,1000.0,0,0,0,0,2.42,39.1,-1.0,0,39.1,0.0,39.1,0.0,0.0,0.0,324.27,-0.01
12/20/2024,17:25:21,0.0,0.0,404.0,39.1,0.0,0.0,0.0,0.0,-0.01,0,1.21,2.42,0,0.0,0,324.31,0,0,0,0,0,0,0,0,0,1000.0,0,0,0,0,2.42,39.1,-1.0,0,39.1,0.0,39.1,0.0,0.0,0.0,324.31,-0.01
12/20/2024,17:25:22,0.0,0.0,404.0,39.1,0.0,0.0,0.0,0.0,-0.01,0,1.21,2.42,0,0.0,0,324.35,0,0,0,0,0,0,0,0,0,1000.0,0,0,0,0,2.42,39.1,-1.0,0,39.1,0.0,39.1,0.0,0.0,0.0,324.35,-0.01
12/20/2024,17:25:23,0.0,0.0,404.0,39.1,0.0,0.0,0.0,0.0,-0.01,0,1.21,2.42,0,0.0,0,324.43,0,0,0,0,0,0,0,0,0,1000.0,0,0,0,0,2.42,39.1,-1.0,0,39.1,0.0,39.1,0.0,0.0,0.0,324.43,-0.01
12/20/2024,17:25:24,0.0,0.0,404.0,39.1,0.0,0.0,0.0,0.0,-0.01,0,1.21,2.42,0,0.0,0,324.43,0,0,0,0,0,0,0,0,0,1000.0,0,0,0,0,2.42,39.1,-1.0,0,39.1,0.0,39.1,0.0,0.0,0.0,324.43,-0.01
12/20/2024,17:25:25,0.0,0.0,404.0,39.1,0.0,0.0,0.0,0.0,-0.01,0,1.21,2.42,0,0.0,0,324.51,0,0,0,0,0,0,0,0,0,1000.0,0,0,0,0,2.42,39.1,-1.0,0,39.1,0.0,39.1,0.0,0.0,0.0,324.51,-0.01
12/20/2024,17:25:26,0.0,0.0,404.0,39.1,0.0,0.0,0.0,0.0,-0.01,0,1.21,2.42,0,0.0,0,324.55,0,0,0,0,0,0,0,0,0,1000.0,0,0,0,0,2.42,39.1,-1.0,0,39.1,0.0,39.1,0.0,0.0,0.0,324.55,-0.01
12/20/2024,17:25:27,0.0,0.0,404.0,39.1,0.0,0.0,0.0,0.0,-0.01,0,1.21,2.42,0,0.0,0,324.59,0,0,0,0,0,0,0,0,0,1000.0,0,0,0,0,2.42,39.1,-1.0,0,39.1,0.0,39.1,0.0,0.0,0.0,324.59,-0.01
12/20/2024,17:25:28,0.0,0.0,404.0,39.1,0.0,0.0,0.0,0.0,-0.01,0,1.21,2.42,0,0.0,0,324.62,0,0,0,0,0,0,0,0,0,1000.0,0,0,0,0,2.42,39.1,-1.0,0,39.1,0.0,39.1,0.0,0.0,0.0,324.62,-0.01
12/20/2024,17:25:29,0.0,0.0,404.0,39.1,0.0,0.0,0.0,0.0,-0.01,0,1.21,2.42,0,0.0,0,324.66,0,0,0,0,0,0,0,0,0,1000.0,0,0,0,0,2.42,39.1,-1.0,0,39.1,0.0,39.1,0.0,0.0,0.0,324.66,-0.01
12/20/2024,17:25:30,0.0,0.0,404.0,39.1,0.0,0.0,0.0,0.0,-0.01,0,1.21,2.42,0,0.0,0,324.7,0,0,0,0,0,0,0,0,0,1000.0,0,0,0,0,2.42,39.1,-1.0,0,39.1,0.0,39.1,0.0,0.0,0.0,324.7,-0.01
12/20/2024,17:25:31,0.0,0.0,404.0,39.2,0.0,0.0,0.0,0.0,-0.01,0,1.21,2.42,0,0.0,0,324.74,0,0,0,0,0,0,0,0,0,1000.0,0,0,0,0,2.42,39.2,-1.0,0,39.2,0.0,39.2,0.0,0.0,0.0,324.74,-0.01
12/20/2024,17:25:32,0.0,0.0,404.0,39.1,0.0,0.0,0.0,0.0,-0.01,0,1.21,2.42,0,0.0,0,324.78,0,0,0,0,0,0,0,0,0,1000.0,0,0,0,0,2.42,39.1,-1.0,0,39.1,0.0,39.1,0.0,0.0,0.0,324.78,-0.01
12/20/2024,17:25:33,0.0,0.0,404.0,39.1,0.0,0.0,0.0,0.0,-0.01,0,1.21,2.42,0,0.0,0,324.82,0,0,0,0,0,0,0,0,0,1000.0,0,0,0,0,2.42,39.1,-1.0,0,39.1,0.0,39.1,0.0,0.0,0.0,324.82,-0.01
12/20/2024,17:25:34,0.0,0.0,404.0,39.1,0.0,0.0,0.0,0.0,-0.01,0,1.21,2.42,0,0.0,0,324.86,0,0,0,0,0,0,0,0,0,1000.0,0,0,0,0,2.42,39.1,-1.0,0,39.1,0.0,39.1,0.0,0.0,0.0,324.86,-0.01
12/20/2024,17:25:35,0.0,0.0,404.0,39.1,0.0,0.0,0.0,0.0,-0.01,0,1.21,2.42,0,0.0,0,324.86,0,0,0,0,0,0,0,0,0,1000.0,0,0,0,0,2.42,39.1,-1.0,0,39.1,0.0,39.1,0.0,0.0,0.0,324.86,-0.01
12/20/2024,17:25:36,0.0,0.0,404.0,39.1,0.0,0.0,0.0,0.0,-0.01,0,1.21,2.42,0,0.0,0,324.94,0,0,0,0,0,0,0,0,0,1000.0,0,0,0,0,2.42,39.1,-1.0,0,39.1,0.0,39.1,0.0,0.0,0.0,324.94,-0.01
12/20/2024,17:25:37,0.0,0.0,404.0,39.1,0.0,0.0,0.0,0.0,-0.01,0,1.21,2.42,0,0.0,0,324.98,0,0,0,0,0,0,0,0,0,1000.0,0,0,0,0,2.42,39.1,-1.0,0,39.1,0.0,39.1,0.0,0.0,0.0,324.98,-0.01
12/20/2024,17:25:38,0.0,0.0,404.0,39.1,0.0,0.0,0.0,0.0,-0.01,0,1.21,2.42,0,0.0,0,325.02,0,0,0,0,0,0,0,0,0,1000.0,0,0,0,0,2.42,39.1,-1.0,0,39.1,0.0,39.1,0.0,0.0,0.0,325.02,-0.01
12/20/2024,17:25:39,0.0,0.0,404.0,39.1,0.0,0.0,0.0,0.0,-0.01,0,1.21,2.42,0,0.0,0,325.05,0,0,0,0,0,0,0,0,0,1000.0,0,0,0,0,2.42,39.1,-1.0,0,39.1,0.0,39.1,0.0,0.0,0.0,325.05,-0.01
12/20/2024,17:25:40,0.0,0.0,404.0,39.1,0.0,0.0,0.0,0.0,-0.01,0,1.21,2.42,0,0.0,0,325.09,0,0,0,0,0,0,0,0,0,1000.0,0,0,0,0,2.42,39.1,-1.0,0,39.1,0.0,39.1,0.0,0.0,0.0,325.09,-0.01
12/20/2024,17:25:41,0.0,0.0,404.0,39.1,0.0,0.0,0.0,0.0,-0.01,0,1.21,2.42,0,0.0,0,325.13,0,0,0,0,0,0,0,0,0,1000.0,0,0,0,0,2.42,39.1,-1.0,0,39.1,0.0,39.1,0.0,0.0,0.0,325.13,-0.01
12/20/2024,17:25:42,0.0,0.0,404.0,39.1,0.0,0.0,0.0,0.0,-0.01,0,1.21,2.42,0,0.0,0,325.17,0,0,0,0,0,0,0,0,0,1000.0,0,0,0,0,2.42,39.1,-1.0,0,39.1,0.0,39.1,0.0,0.0,0.0,325.17,-0.01
12/20/2024,17:25:43,0.0,0.0,404.0,39.1,0.0,0.0,0.0,0.0,-0.01,0,1.21,2.42,0,0.0,0,325.21,0,0,0,0,0,0,0,0,0,1000.0,0,0,0,0,2.42,39.1,-1.0,0,39.1,0.0,39.1,0.0,0.0,0.0,325.21,-0.01
12/20/2024,17:25:44,0.0,0.0,404.0,39.1,0.0,0.0,0.0,0.0,-0.01,0,1.21,2.42,0,0.0,0,325.25,0,0,0,0,0,0,0,0,0,1000.0,0,0,0,0,2.42,39.1,-1.0,0,39.1,0.0,39.1,0.0,0.0,0.0,325.25,-0.01
12/20/2024,17:25:45,0.0,0.0,404.0,39.1,0.0,0.0,0.0,0.0,-0.01,0,1.21,2.42,0,0.0,0,325.29,0,0,0,0,0,0,0,0,0,1000.0,0,0,0,0,2.42,39.1,-1.0,0,39.1,0.0,39.1,0.0,0.0,0.0,325.29,-0.01
12/20/2024,17:25:46,0.0,0.0,404.0,39.1,0.0,0.0,0.0,0.0,-0.01,0,1.21,2.42,0,0.0,0,325.29,0,0,0,0,0,0,0,0,0,1000.0,0,0,0,0,2.42,39.1,-1.0,0,39.1,0.0,39.1,0.0,0.0,0.0,325.29,-0.01
12/20/2024,17:25:47,0.0,0.0,404.0,39.1,0.0,0.0,0.0,0.0,-0.01,0,1.21,2.42,0,0.0,0,325.37,0,0,0,0,0,0,0,0,0,1000.0,0,0,0,0,2.42,39.1,-1.0,0,39.1,0.0,39.1,0.0,0.0,0.0,325.37,-0.01
12/20/2024,17:25:48,0.0,0.0,404.0,39.1,0.0,0.0,0.0,0.0,-0.01,0,1.21,2.42,0,0.0,0,325.37,0,0,0,0,0,0,0,0,0,1000.0,0,0,0,0,2.42,39.1,-1.0,0,39.1,0.0,39.1,0.0,0.0,0.0,325.37,-0.01
12/20/2024,17:25:49,0.0,0.0,404.0,39.1,0.0,0.0,0.0,0.0,-0.01,0,1.21,2.42,0,0.0,0,325.45,0,0,0,0,0,0,0,0,0,1000.0,0,0,0,0,2.42,39.1,-1.0,0,39.1,0.0,39.1,0.0,0.0,0.0,325.45,-0.01
12/20/2024,17:25:50,0.0,0.0,404.0,39.1,0.0,0.0,0.0,0.0,-0.01,0,1.21,2.42,0,0.0,0,325.45,0,0,0,0,0,0,0,0,0,1000.0,0,0,0,0,2.42,39.1,-1.0,0,39.1,0.0,39.1,0.0,0.0,0.0,325.45,-0.01
12/20/2024,17:25:51,0.0,0.0,404.0,39.1,0.0,0.0,0.0,0.0,-0.01,0,1.21,2.42,0,0.0,0,325.52,0,0,0,0,0,0,0,0,0,1000.0,0,0,0,0,2.42,39.1,-1.0,0,39.1,0.0,39.1,0.0,0.0,0.0,325.52,-0.01
12/20/2024,17:25:52,0.0,0.0,404.0,39.1,0.0,0.0,0.0,0.0,-0.01,0,1.21,2.42,0,0.0,0,325.52,0,0,0,0,0,0,0,0,0,1000.0,0,0,0,0,2.42,39.1,-1.0,0,39.1,0.0,39.1,0.0,0.0,0.0,325.52,-0.01
12/20/2024,17:25:53,0.0,0.0,404.0,39.1,0.0,0.0,0.0,0.0,-0.01,0,1.21,2.42,0,0.0,0,325.6,0,0,0,0,0,0,0,0,0,1000.0,0,0,0,0,2.42,39.1,-1.0,0,39.1,0.0,39.1,0.0,0.0,0.0,325.6,-0.01
12/20/2024,17:25:54,0.0,0.0,404.0,39.1,0.0,0.0,0.0,0.0,-0.01,0,1.21,2.42,0,0.0,0,325.6,0,0,0,0,0,0,0,0,0,1000.0,0,0,0,0,2.42,39.1,-1.0,0,39.1,0.0,39.1,0.0,0.0,0.0,325.6,-0.01
12/20/2024,17:25:55,0.0,0.0,404.0,39.1,0.0,0.0,0.0,0.0,-0.01,0,1.21,2.42,0,0.0,0,325.68,0,0,0,0,0,0,0,0,0,1000.0,0,0,0,0,2.42,39.1,-1.0,0,39.1,0.0,39.1,0.0,0.0,0.0,325.68,-0.01
12/20/2024,17:25:56,0.0,0.0,404.0,39.1,0.0,0.0,0.0,0.0,-0.01,0,1.21,2.42,0,0.0,0,325.68,0,0,0,0,0,0,0,0,0,1000.0,0,0,0,0,2.42,39.1,-1.0,0,39.1,0.0,39.1,0.0,0.0,0.0,325.68,-0.01
12/20/2024,17:25:57,0.0,0.0,404.0,39.1,0.0,0.0,0.0,0.0,-0.01,0,1.21,2.42,0,0.0,0,325.76,0,0,0,0,0,0,0,0,0,1000.0,0,0,0,0,2.42,39.1,-1.0,0,39.1,0.0,39.1,0.0,0.0,0.0,325.76,-0.01
12/20/2024,17:25:58,0.0,0.0,404.0,39.1,0.0,0.0,0.0,0.0,-0.01,0,1.21,2.42,0,0.0,0,325.76,0,0,0,0,0,0,0,0,0,1000.0,0,0,0,0,2.42,39.1,-1.0,0,39.1,0.0,39.1,0.0,0.0,0.0,325.76,-0.01
12/20/2024,17:25:59,0.0,0.0,404.0,39.1,0.0,0.0,0.0,0.0,-0.01,0,1.21,2.42,0,0.0,0,325.84,0,0,0,0,0,0,0,0,0,1000.0,0,0,0,0,2.42,39.1,-1.0,0,39.1,0.0,39.1,0.0,0.0,0.0,325.84,-0.01
12/20/2024,17:26:0,0.0,0.0,404.0,39.1,0.0,0.0,0.0,0.0,-0.01,0,1.21,2.42,0,0.0,0,325.84,0,0,0,0,0,0,0,0,0,1000.0,0,0,0,0,2.42,39.1,-1.0,0,39.1,0.0,39.1,0.0,0.0,0.0,325.84,-0.01
12/20/2024,17:26:1,0.0,0.0,404.0,39.1,0.0,0.0,0.0,0.0,-0.01,0,1.21,2.42,0,0.0,0,325.91,0,0,0,0,0,0,0,0,0,1000.0,0,0,0,0,2.42,39.1,-1.0,0,39.1,0.0,39.1,0.0,0.0,0.0,325.91,-0.01
12/20/2024,17:26:2,0.0,0.0,404.0,39.1,0.0,0.0,0.0,0.0,-0.01,0,1.21,2.42,0,0.0,0,325.91,0,0,0,0,0,0,0,0,0,1000.0,0,0,0,0,2.42,39.1,-1.0,0,39.1,0.0,39.1,0.0,0.0,0.0,325.91,-0.01
12/20/2024,17:26:3,0.0,0.0,404.0,39.1,0.0,0.0,0.0,0.0,-0.01,0,1.21,2.42,0,0.0,0,325.99,0,0,0,0,0,0,0,0,0,1000.0,0,0,0,0,2.42,39.1,-1.0,0,39.1,0.0,39.1,0.0,0.0,0.0,325.99,-0.01
12/20/2024,17:26:4,0.0,0.0,404.0,39.1,0.0,0.0,0.0,0.0,-0.01,0,1.21,2.42,0,0.0,0,325.99,0,0,0,0,0,0,0,0,0,1000.0,0,0,0,0,2.42,39.1,-1.0,0,39.1,0.0,39.1,0.0,0.0,0.0,325.99,-0.01
12/20/2024,17:26:5,0.0,0.0,404.0,39.1,0.0,0.0,0.0,0.0,-0.01,0,1.21,2.42,0,0.0,0,326.03,0,0,0,0,0,0,0,0,0,1000.0,0,0,0,0,2.42,39.1,-1.0,0,39.1,0.0,39.1,0.0,0.0,0.0,326.03,-0.01
12/20/2024,17:26:6,0.0,0.0,404.0,39.1,0.0,0.0,0.0,0.0,-0.01,0,1.21,2.42,0,0.0,0,326.07,0,0,0,0,0,0,0,0,0,1000.0,0,0,0,0,2.42,39.1,-1.0,0,39.1,0.0,39.1,0.0,0.0,0.0,326.07,-0.01
12/20/2024,17:27:11,0.0,0.0,404.0,39.1,0.0,0.0,0.0,0.0,-0.01,0,1.21,2.42,0,0.0,0,328.61,0,0,0,0,0,0,0,0,0,1000.0,0,0,0,0,2.42,39.1,-1.0,0,39.1,0.0,39.1,0.0,0.0,0.0,328.61,-0.01
12/20/2024,17:27:12,0.0,0.0,404.0,39.1,0.0,0.0,0.0,0.0,-0.01,0,1.21,2.42,0,0.0,0,328.65,0,0,0,0,0,0,0,0,0,1000.0,0,0,0,0,2.42,39.1,-1.0,0,39.1,0.0,39.1,0.0,0.0,0.0,328.65,-0.01
12/20/2024,17:27:13,0.0,0.0,404.0,39.1,0.0,0.0,0.0,0.0,-0.01,0,1.21,2.42,0,0.0,0,328.73,0,0,0,0,0,0,0,0,0,1000.0,0,0,0,0,2.42,39.1,-1.0,0,39.1,0.0,39.1,0.0,0.0,0.0,328.73,-0.01
12/20/2024,17:27:14,0.0,0.0,404.0,39.1,0.0,0.0,0.0,0.0,-0.01,0,1.21,2.42,0,0.0,0,328.73,0,0,0,0,0,0,0,0,0,1000.0,0,0,0,0,2.42,39.1,-1.0,0,39.1,0.0,39.1,0.0,0.0,0.0,328.73,-0.01
12/20/2024,17:27:15,0.0,0.0,404.0,39.1,0.0,0.0,0.0,0.0,-0.01,0,1.21,2.42,0,0.0,0,328.77,0,0,0,0,0,0,0,0,0,1000.0,0,0,0,0,2.42,39.1,-1.0,0,39.1,0.0,39.1,0.0,0.0,0.0,328.77,-0.01
12/20/2024,17:27:16,0.0,0.0,404.0,39.1,0.0,0.0,0.0,0.0,-0.01,0,1.21,2.42,0,0.0,0,328.81,0,0,0,0,0,0,0,0,0,1000.0,0,0,0,0,2.42,39.1,-1.0,0,39.1,0.0,39.1,0.0,0.0,0.0,328.81,-0.01
12/20/2024,17:27:17,0.0,0.0,404.0,39.1,0.0,0.0,0.0,0.0,-0.01,0,1.21,2.42,0,0.0,0,328.89,0,0,0,0,0,0,0,0,0,1000.0,0,0,0,0,2.42,39.1,-1.0,0,39.1,0.0,39.1,0.0,0.0,0.0,328.89,-0.01
12/20/2024,17:27:18,0.0,0.0,404.0,39.1,0.0,0.0,0.0,0.0,-0.01,0,1.21,2.42,0,0.0,0,328.92,0,0,0,0,0,0,0,0,0,1000.0,0,0,0,0,2.42,39.1,-1.0,0,39.1,0.0,39.1,0.0,0.0,0.0,328.92,-0.01
12/20/2024,17:27:19,0.0,0.0,404.0,39.1,0.0,0.0,0.0,0.0,-0.01,0,1.21,2.42,0,0.0,0,328.96,0,0,0,0,0,0,0,0,0,1000.0,0,0,0,0,2.42,39.1,-1.0,0,39.1,0.0,39.1,0.0,0.0,0.0,328.96,-0.01
12/20/2024,17:27:20,0.0,0.0,404.0,39.1,0.0,0.0,0.0,0.0,-0.01,0,1.21,2.42,0,0.0,0,329.0,0,0,0,0,0,0,0,0,0,1000.0,0,0,0,0,2.42,39.1,-1.0,0,39.1,0.0,39.1,0.0,0.0,0.0,329.0,-0.01
12/20/2024,17:27:21,0.0,0.0,404.0,39.1,0.0,0.0,0.0,0.0,-0.01,0,1.21,2.42,0,0.0,0,329.04,0,0,0,0,0,0,0,0,0,1000.0,0,0,0,0,2.42,39.1,-1.0,0,39.1,0.0,39.1,0.0,0.0,0.0,329.04,-0.01
12/20/2024,17:27:22,0.0,0.0,404.0,39.1,0.0,0.0,0.0,0.0,-0.01,0,1.21,2.42,0,0.0,0,329.08,0,0,0,0,0,0,0,0,0,1000.0,0,0,0,0,2.42,39.1,-1.0,0,39.1,0.0,39.1,0.0,0.0,0.0,329.08,-0.01
12/20/2024,17:27:23,0.0,0.0,404.0,39.1,0.0,0.0,0.0,0.0,-0.01,0,1.21,2.42,0,0.0,0,329.12,0,0,0,0,0,0,0,0,0,1000.0,0,0,0,0,2.42,39.1,-1.0,0,39.1,0.0,39.1,0.0,0.0,0.0,329.12,-0.01
12/20/2024,17:27:24,0.0,0.0,404.0,39.1,0.0,0.0,0.0,0.0,-0.01,0,1.21,2.42,0,0.0,0,329.16,0,0,0,0,0,0,0,0,0,1000.0,0,0,0,0,2.42,39.1,-1.0,0,39.1,0.0,39.1,0.0,0.0,0.0,329.16,-0.01
12/20/2024,17:27:25,0.0,0.0,404.0,39.1,0.0,0.0,0.0,0.0,-0.01,0,1.21,2.42,0,0.0,0,329.2,0,0,0,0,0,0,0,0,0,1000.0,0,0,0,0,2.42,39.1,-1.0,0,39.1,0.0,39.1,0.0,0.0,0.0,329.2,-0.01
12/20/2024,17:27:26,0.0,0.0,404.0,39.1,0.0,0.0,0.0,0.0,-0.01,0,1.21,2.42,0,0.0,0,329.24,0,0,0,0,0,0,0,0,0,1000.0,0,0,0,0,2.42,39.1,-1.0,0,39.1,0.0,39.1,0.0,0.0,0.0,329.24,-0.01
12/20/2024,17:27:27,0.0,0.0,404.0,39.1,0.0,0.0,0.0,0.0,-0.01,0,1.21,2.42,0,0.0,0,329.28,0,0,0,0,0,0,0,0,0,1000.0,0,0,0,0,2.42,39.1,-1.0,0,39.1,0.0,39.1,0.0,0.0,0.0,329.28,-0.01
12/20/2024,17:27:28,0.0,0.0,404.0,39.1,0.0,0.0,0.0,0.0,-0.01,0,1.21,2.42,0,0.0,0,329.32,0,0,0,0,0,0,0,0,0,1000.0,0,0,0,0,2.42,39.1,-1.0,0,39.1,0.0,39.1,0.0,0.0,0.0,329.32,-0.01
12/20/2024,17:27:29,0.0,0.0,404.0,39.1,0.0,0.0,0.0,0.0,-0.01,0,1.21,2.42,0,0.0,0,329.35,0,0,0,0,0,0,0,0,0,1000.0,0,0,0,0,2.42,39.1,-1.0,0,39.1,0.0,39.1,0.0,0.0,0.0,329.35,-0.01
12/20/2024,17:27:30,0.0,0.0,404.0,39.1,0.0,0.0,0.0,0.0,-0.01,0,1.21,2.42,0,0.0,0,329.39,0,0,0,0,0,0,0,0,0,1000.0,0,0,0,0,2.42,39.1,-1.0,0,39.1,0.0,39.1,0.0,0.0,0.0,329.39,-0.01
12/20/2024,17:27:31,0.0,0.0,404.0,39.1,0.0,0.0,0.0,0.0,-0.01,0,1.21,2.42,0,0.0,0,329.43,0,0,0,0,0,0,0,0,0,1000.0,0,0,0,0,2.42,39.1,-1.0,0,39.1,0.0,39.1,0.0,0.0,0.0,329.43,-0.01
12/20/2024,17:27:32,0.0,0.0,404.0,39.1,0.0,0.0,0.0,0.0,-0.01,0,1.21,2.42,0,0.0,0,329.47,0,0,0,0,0,0,0,0,0,1000.0,0,0,0,0,2.42,39.1,-1.0,0,39.1,0.0,39.1,0.0,0.0,0.0,329.47,-0.01
12/20/2024,17:27:33,0.0,0.0,404.0,39.1,0.0,0.0,0.0,0.0,-0.01,0,1.21,2.42,0,0.0,0,329.51,0,0,0,0,0,0,0,0,0,1000.0,0,0,0,0,2.42,39.1,-1.0,0,39.1,0.0,39.1,0.0,0.0,0.0,329.51,-0.01
12/20/2024,17:27:34,0.0,0.0,404.0,39.1,0.0,0.0,0.0,0.0,-0.01,0,1.21,2.42,0,0.0,0,329.55,0,0,0,0,0,0,0,0,0,1000.0,0,0,0,0,2.42,39.1,-1.0,0,39.1,0.0,39.1,0.0,0.0,0.0,329.55,-0.01
