Client,Bush,Well,Work,Data,Time,ПлотРец,ОбъемВых,РасВыход,ДавВыход
Злые буратины,100,200,Кондуктор 300 мм,22.11.2024,18:30:00,0.99,0,00.0,-0007.5
,,,,,18:30:01,0.99,0,00.0,-0007.5
,,,,,18:30:02,1.00,0,00.0,-0007.5
,,,,,18:30:03,0.99,0,00.0,-0007.5
,,,,,18:30:04,0.99,0,00.0,-0007.5
,,,,,18:30:05,0.99,0,00.4,-0007.4
,,,,,18:30:06,1.00,0,03.7,-0007.3
,,,,,18:30:07,0.99,4,03.9,-0007.2
,,,,,18:30:08,0.99,8,03.9,-0007.1
,,,,,18:30:09,0.99,12,03.8,-0007.0
,,,,,18:30:10,0.99,16,03.9,-0006.9
,,,,,18:30:11,1.00,20,03.8,-0006.8
,,,,,18:30:12,1.00,24,03.8,-0006.7
,,,,,18:30:13,0.99,27,03.8,-0006.5
,,,,,18:30:14,0.99,31,03.9,-0006.3
,,,,,18:30:15,0.99,35,03.8,-0006.1
,,,,,18:30:16,0.99,39,03.8,-0005.9
,,,,,18:30:17,0.99,43,03.8,-0005.8
,,,,,18:30:18,0.99,47,03.8,-0005.6
,,,,,18:30:19,0.99,50,03.7,-0005.4
,,,,,18:30:20,0.99,54,03.8,-0005.0
,,,,,18:30:21,0.99,58,03.8,-0004.8
,,,,,18:30:22,0.99,62,03.8,-0004.7
,,,,,18:30:23,0.99,65,03.8,-0004.4
,,,,,18:30:24,0.99,69,03.8,-0003.9
,,,,,18:30:25,0.99,73,03.7,-0003.8
,,,,,18:30:26,0.99,77,03.8,-0003.4
,,,,,18:30:27,0.99,81,03.8,-0002.6
,,,,,18:30:28,1.00,84,03.7,-0001.5
,,,,,18:30:29,1.00,88,03.7,-0000.6
,,,,,18:30:30,0.99,92,03.7,-0000.1
,,,,,18:30:31,0.99,95,03.7,0000.8
,,,,,18:30:32,0.99,99,03.7,0001.5
,,,,,18:30:33,0.99,103,03.5,0002.2
,,,,,18:30:34,0.99,106,03.7,0002.8
,,,,,18:30:35,0.99,110,03.5,0003.4
,,,,,18:30:36,0.99,113,03.7,0004.1
,,,,,18:30:37,0.99,117,03.5,0004.6
,,,,,18:30:38,0.99,121,03.5,0005.2
,,,,,18:30:39,0.99,124,03.5,0005.8
,,,,,18:30:40,0.99,128,03.5,0006.3
,,,,,18:30:41,0.99,131,03.5,0006.8
,,,,,18:30:42,0.99,135,03.5,0007.4
,,,,,18:30:43,0.99,138,03.5,0007.8
,,,,,18:30:44,0.99,142,03.5,0008.4
,,,,,18:30:45,0.99,145,03.4,0008.9
,,,,,18:30:46,0.99,149,03.5,0009.3
,,,,,18:30:47,0.99,152,03.5,0009.5
,,,,,18:30:48,0.99,156,03.4,0009.9
,,,,,18:30:49,0.99,159,03.5,0010.0
,,,,,18:30:50,0.99,163,03.4,0009.8
,,,,,18:30:51,0.99,166,03.5,0009.7
,,,,,18:30:52,0.99,169,03.5,0009.4
,,,,,18:30:53,0.99,173,03.5,0009.5
,,,,,18:30:54,0.99,177,03.5,0009.2
,,,,,18:30:55,0.99,180,03.5,0009.0
,,,,,18:30:56,0.99,184,03.5,0008.7
,,,,,18:30:57,0.99,187,03.5,0008.6
,,,,,18:30:58,0.99,191,03.5,0008.6
,,,,,18:30:59,0.99,194,03.5,0008.5
,,,,,18:31:00,0.99,198,03.5,0008.5
,,,,,18:31:01,0.99,201,03.9,0008.6
,,,,,18:31:02,0.99,205,04.4,0008.6
,,,,,18:31:03,0.99,210,04.2,0008.8
,,,,,18:31:04,0.99,214,04.2,0008.9
,,,,,18:31:05,0.99,218,04.2,0008.9
,,,,,18:31:06,0.99,222,04.5,0009.2
,,,,,18:31:07,1.00,227,04.4,0009.6
,,,,,18:31:08,0.99,231,04.5,0009.4
,,,,,18:31:09,0.99,236,04.8,0010.0
,,,,,18:31:10,0.99,240,04.7,0010.0
,,,,,18:31:11,0.99,245,04.8,0009.9
,,,,,18:31:12,0.99,250,04.7,0010.0
,,,,,18:31:13,0.99,255,04.7,0010.6
,,,,,18:31:14,0.99,259,04.8,0010.2
,,,,,18:31:15,0.99,264,04.7,0010.7
,,,,,18:31:16,0.99,269,04.7,0010.3
,,,,,18:31:17,0.99,273,04.8,0011.0
,,,,,18:31:18,0.99,278,04.7,0010.4
,,,,,18:31:19,0.99,283,04.7,0010.7
,,,,,18:31:20,0.99,287,04.7,0010.7
,,,,,18:31:21,1.00,292,04.7,0010.9
,,,,,18:31:22,1.00,297,04.8,0010.7
,,,,,18:31:23,0.99,301,04.7,0011.0
,,,,,18:31:24,0.99,306,04.7,0010.9
,,,,,18:31:25,0.99,311,04.7,0011.4
,,,,,18:31:26,0.99,315,04.7,0011.2
,,,,,18:31:27,0.99,320,04.7,0011.6
,,,,,18:31:28,0.99,325,04.8,0011.1
,,,,,18:31:29,0.99,330,04.7,0011.2
,,,,,18:31:30,0.99,334,04.7,0011.8
,,,,,18:31:31,0.99,339,04.7,0011.4
,,,,,18:31:32,1.00,343,04.7,0011.8
,,,,,18:31:33,1.00,348,04.7,0012.1
,,,,,18:31:34,0.99,353,04.8,0012.3
,,,,,18:31:35,0.99,358,04.8,0012.2
,,,,,18:31:36,0.99,362,04.8,0012.6
,,,,,18:31:37,0.99,367,04.9,0012.6
,,,,,18:31:38,0.99,372,05.1,0012.6
,,,,,18:31:39,0.99,377,04.9,0013.2
,,,,,18:31:40,0.99,382,05.1,0013.1
,,,,,18:31:41,0.99,387,04.9,0012.9
,,,,,18:31:42,0.99,392,04.9,0013.2
,,,,,18:31:43,0.99,397,05.1,0013.2
,,,,,18:31:44,0.99,402,04.9,0013.1
,,,,,18:31:45,0.99,407,05.1,0012.9
,,,,,18:31:46,0.99,412,04.9,0013.2
,,,,,18:31:47,0.99,417,05.1,0013.0
,,,,,18:31:48,0.99,422,04.9,0013.1
,,,,,18:31:49,0.99,427,05.1,0012.8
,,,,,18:31:50,0.99,432,04.9,0012.5
,,,,,18:31:51,0.99,437,05.1,0012.6
,,,,,18:31:52,0.99,442,04.9,0012.4
,,,,,18:31:53,0.99,447,05.1,0012.1
,,,,,18:31:54,0.99,452,04.9,0011.9
,,,,,18:31:55,0.99,457,05.1,0011.9
,,,,,18:31:56,0.99,462,05.1,0011.7
,,,,,18:31:57,0.99,467,04.9,0011.4
,,,,,18:31:58,0.99,472,05.1,0011.5
,,,,,18:31:59,0.99,477,05.1,0011.2
,,,,,18:32:00,0.99,482,04.9,0011.1
,,,,,18:32:01,0.99,487,05.1,0010.9
,,,,,18:32:02,0.99,492,05.1,0010.7
,,,,,18:32:03,0.99,497,04.9,0010.5
,,,,,18:32:04,0.99,502,04.1,0009.2
,,,,,18:32:05,0.99,506,03.5,0008.6
,,,,,18:32:06,0.99,510,03.5,0008.3
,,,,,18:32:07,0.99,514,02.3,0006.7
,,,,,18:32:08,0.99,516,00.0,0005.1
,,,,,18:32:09,0.99,516,00.0,0004.6
,,,,,18:32:10,0.99,516,00.0,0003.8
,,,,,18:32:11,0.99,516,00.0,0003.3
,,,,,18:32:12,0.99,516,00.0,0002.9
,,,,,18:32:13,0.99,516,00.0,0002.5
,,,,,18:32:14,0.99,516,00.0,0002.2
,,,,,18:32:15,0.99,516,00.0,0001.9
,,,,,18:32:16,0.99,516,00.0,0001.7
,,,,,18:32:17,0.99,516,00.0,0001.4
,,,,,18:32:18,0.99,516,00.0,0001.2
,,,,,18:32:19,0.99,516,00.0,0001.0
,,,,,18:32:20,0.99,516,00.0,0000.8
,,,,,18:32:21,1.00,516,00.0,0000.6
,,,,,18:32:22,0.99,516,00.0,0000.5
,,,,,18:32:23,0.99,516,00.0,0000.3
,,,,,18:32:24,0.99,516,00.0,0000.2
,,,,,18:32:25,0.99,516,00.0,0000.1
,,,,,18:32:26,0.99,0,00.0,-0000.1
,,,,,18:32:27,0.99,0,00.0,-0000.2
,,,,,18:32:28,0.99,0,00.0,-0000.3
,,,,,18:32:29,0.99,0,00.0,-0000.4
,,,,,18:32:30,0.99,0,00.0,-0000.5
,,,,,18:32:31,0.99,0,00.0,-0000.6
,,,,,18:32:32,0.99,0,00.0,-0000.6
,,,,,18:32:33,0.99,0,00.0,-0000.6
,,,,,18:32:34,0.99,0,00.0,-0000.7
,,,,,18:32:35,0.99,0,00.0,-0000.7
,,,,,18:32:36,0.99,0,00.0,-0000.6
,,,,,18:32:37,0.99,0,00.0,-0000.6
,,,,,18:32:38,0.99,0,00.0,-0000.6
,,,,,18:32:39,0.99,0,00.0,-0000.6
,,,,,18:32:40,0.99,0,00.0,-0000.6
,,,,,18:32:41,0.99,0,00.0,-0000.5
,,,,,18:32:42,0.99,0,00.0,-0000.5
,,,,,18:32:43,0.99,0,00.0,-0000.5
,,,,,18:32:44,0.99,0,00.0,-0000.5
,,,,,18:32:45,0.99,0,00.0,-0000.5
,,,,,18:32:46,0.99,0,00.0,-0000.5
,,,,,18:32:47,0.99,0,00.0,-0000.5
,,,,,18:32:48,0.99,0,00.0,-0000.5
,,,,,18:32:49,0.99,0,00.0,-0000.5
,,,,,18:32:50,0.99,0,00.0,-0000.5
,,,,,18:32:51,0.99,0,00.0,-0000.5
,,,,,18:32:52,1.00,0,00.0,-0000.4
,,,,,18:32:53,1.00,0,00.0,-0000.2
,,,,,18:32:54,0.99,0,00.0,-0000.2
,,,,,18:32:55,0.99,0,00.0,-0000.4
,,,,,18:32:56,0.99,0,00.0,-0000.5
,,,,,18:32:57,0.99,0,00.0,-0000.5
,,,,,18:32:58,0.99,0,00.0,-0000.5
,,,,,18:32:59,0.99,0,00.0,-0000.5
,,,,,18:33:00,0.99,0,00.0,-0000.6
,,,,,18:33:01,0.99,0,00.0,-0000.6
,,,,,18:33:02,0.99,0,00.0,-0000.6
,,,,,18:33:03,0.99,0,00.0,-0000.6
,,,,,18:33:04,0.99,0,00.0,-0000.6
,,,,,18:33:05,0.99,0,00.0,-0000.6
,,,,,18:33:06,0.99,0,00.0,-0000.3
,,,,,18:33:07,0.99,0,00.0,-0000.1
,,,,,18:33:08,0.99,0,00.0,-0000.2
,,,,,18:33:09,0.99,0,00.0,-0000.5
,,,,,18:33:10,0.99,0,00.0,-0000.5
,,,,,18:33:11,1.00,0,00.0,-0000.5
,,,,,18:33:12,0.99,0,00.0,-0000.5
,,,,,18:33:13,0.99,0,00.0,-0000.5
,,,,,18:33:14,0.99,0,00.0,-0000.5
,,,,,18:33:15,0.99,0,00.0,-0000.5
,,,,,18:33:16,0.99,0,00.0,-0000.5
,,,,,18:33:17,0.99,0,00.0,-0000.5
,,,,,18:33:18,0.99,0,00.8,0033.4
,,,,,18:33:19,0.99,1,00.0,0108.0
,,,,,18:33:20,0.99,1,00.0,0107.3
,,,,,18:33:21,0.99,1,00.0,0105.8
,,,,,18:33:22,0.99,1,00.0,0104.8
,,,,,18:33:23,0.99,1,00.0,0104.2
,,,,,18:33:24,0.99,1,00.0,0103.5
,,,,,18:33:25,0.99,1,00.0,0103.0
,,,,,18:33:26,0.99,1,00.0,0102.6
,,,,,18:33:27,0.99,1,00.0,0102.3
,,,,,18:33:28,0.99,1,00.0,0102.2
,,,,,18:33:29,0.99,1,00.0,0102.0
,,,,,18:33:30,0.99,1,00.0,0101.8
,,,,,18:33:31,0.99,1,00.0,0101.6
,,,,,18:33:32,0.99,1,00.0,0101.4
,,,,,18:33:33,0.99,1,00.0,0101.3
,,,,,18:33:34,0.99,1,00.0,0101.1
,,,,,18:33:35,0.99,1,00.0,0101.1
,,,,,18:33:36,0.99,1,00.0,0101.5
,,,,,18:33:37,0.99,1,00.0,0101.5
,,,,,18:33:38,0.99,1,00.0,0101.4
,,,,,18:33:39,0.99,1,00.0,0101.3
,,,,,18:33:40,0.99,1,00.0,0101.2
,,,,,18:33:41,0.99,1,00.0,0101.1
,,,,,18:33:42,0.99,1,00.0,0101.0
,,,,,18:33:43,1.00,1,00.0,0100.9
,,,,,18:33:44,1.00,1,00.0,0100.8
,,,,,18:33:45,0.99,1,00.0,0100.6
,,,,,18:33:46,0.99,1,00.0,0100.5
,,,,,18:33:47,0.99,1,00.0,0100.3
,,,,,18:33:48,0.99,1,00.0,0100.0
,,,,,18:33:49,0.99,1,00.0,0099.6
,,,,,18:33:50,0.99,1,00.0,0099.2
,,,,,18:33:51,0.99,1,00.0,0099.1
,,,,,18:33:52,0.99,1,00.0,0099.0
,,,,,18:33:53,0.99,1,00.0,0098.9
,,,,,18:33:54,0.99,1,00.0,0098.8
,,,,,18:33:55,0.99,1,00.0,0098.8
,,,,,18:33:56,0.99,1,00.0,0098.6
,,,,,18:33:57,0.99,1,00.0,0098.6
,,,,,18:33:58,0.99,1,00.0,0098.5
,,,,,18:33:59,0.99,1,00.0,0098.4
,,,,,18:34:00,0.99,1,00.0,0098.4
,,,,,18:34:01,0.99,1,00.0,0098.3
,,,,,18:34:02,0.99,1,00.0,0098.2
,,,,,18:34:03,0.99,1,00.0,0099.6
,,,,,18:34:04,0.99,1,00.0,0100.1
,,,,,18:34:05,0.99,1,00.0,0100.0
,,,,,18:34:06,0.99,1,00.0,0100.0
,,,,,18:34:07,0.99,1,00.0,0099.9
,,,,,18:34:08,0.99,1,00.0,0099.8
,,,,,18:34:09,0.99,1,00.0,0104.8
,,,,,18:34:10,0.99,1,00.0,0177.7
,,,,,18:34:11,0.99,1,00.0,0207.7
,,,,,18:34:12,0.99,1,00.0,0207.9
,,,,,18:34:13,0.99,1,00.0,0207.4
,,,,,18:34:14,0.99,1,00.0,0206.9
,,,,,18:34:15,0.99,1,00.0,0206.5
,,,,,18:34:16,0.99,1,00.0,0206.2
,,,,,18:34:17,0.99,1,00.0,0206.0
,,,,,18:34:18,0.99,1,00.0,0205.6
,,,,,18:34:19,0.99,1,00.0,0205.5
,,,,,18:34:20,0.99,1,00.0,0205.2
,,,,,18:34:21,0.99,1,00.0,0205.0
,,,,,18:34:22,0.99,1,00.0,0204.8
,,,,,18:34:23,0.99,1,00.0,0204.6
,,,,,18:34:24,0.99,1,00.0,0204.3
,,,,,18:34:25,0.99,1,00.0,0204.2
,,,,,18:34:26,0.99,1,00.0,0204.0
,,,,,18:34:27,0.99,1,00.0,0203.9
,,,,,18:34:28,0.99,1,00.0,0203.7
,,,,,18:34:29,0.99,1,00.0,0203.5
,,,,,18:34:30,0.99,1,00.0,0203.4
,,,,,18:34:31,0.99,1,00.0,0203.3
,,,,,18:34:32,0.99,1,00.0,0203.1
,,,,,18:34:33,1.00,1,00.0,0203.0
,,,,,18:34:34,1.00,1,00.0,0202.8
,,,,,18:34:35,0.99,1,00.0,0202.7
,,,,,18:34:36,0.99,1,00.0,0202.6
,,,,,18:34:37,0.99,1,00.0,0202.5
,,,,,18:34:38,0.99,1,00.0,0202.3
,,,,,18:34:39,0.99,1,00.0,0202.1
,,,,,18:34:40,0.99,1,00.0,0202.0
,,,,,18:34:41,0.99,1,00.0,0201.8
,,,,,18:34:42,0.99,1,00.0,0201.7
,,,,,18:34:43,0.99,1,00.0,0201.6
,,,,,18:34:44,0.99,1,00.0,0201.5
,,,,,18:34:45,0.99,1,00.0,0201.4
,,,,,18:34:46,0.99,1,00.0,0201.3
,,,,,18:34:47,0.99,1,00.0,0201.2
,,,,,18:34:48,0.99,1,00.0,0201.1
,,,,,18:34:49,0.99,1,00.0,0201.0
,,,,,18:34:50,0.99,1,00.0,0200.8
,,,,,18:34:51,0.99,1,00.0,0200.8
,,,,,18:34:52,1.00,1,00.0,0200.6
,,,,,18:34:53,1.00,1,00.0,0200.5
,,,,,18:34:54,0.99,1,00.0,0200.4
,,,,,18:34:55,0.99,1,00.0,0200.3
,,,,,18:34:56,0.99,1,00.0,0200.1
,,,,,18:34:57,0.99,1,00.0,0200.0
,,,,,18:34:58,0.99,1,00.0,0200.0
,,,,,18:34:59,1.00,1,00.0,0199.8
,,,,,18:35:00,1.00,1,00.0,0199.7
,,,,,18:35:01,0.99,1,00.0,0199.6
,,,,,18:35:02,0.99,1,00.0,0199.5
,,,,,18:35:03,0.99,1,00.0,0199.4
,,,,,18:35:04,0.99,1,00.0,0199.3
,,,,,18:35:05,0.99,1,00.0,0199.2
,,,,,18:35:06,0.99,1,00.0,0199.1
,,,,,18:35:07,0.99,1,00.0,0199.0
,,,,,18:35:08,1.00,1,00.0,0198.9
,,,,,18:35:09,0.99,1,00.0,0198.8
,,,,,18:35:10,0.99,1,00.0,0198.7
,,,,,18:35:11,0.99,1,00.0,0198.6
,,,,,18:35:12,0.99,1,00.0,0198.6
,,,,,18:35:13,0.99,1,00.0,0198.4
,,,,,18:35:14,0.99,1,00.0,0198.3
,,,,,18:35:15,0.99,1,00.0,0198.3
,,,,,18:35:16,0.99,1,00.0,0198.2
,,,,,18:35:17,0.99,1,00.0,0198.1
,,,,,18:35:18,0.99,1,00.0,0197.9
,,,,,18:35:19,0.99,1,00.0,0197.8
,,,,,18:35:20,0.99,1,00.0,0197.7
,,,,,18:35:21,0.99,1,00.0,0197.6
,,,,,18:35:22,0.99,1,00.0,0197.6
,,,,,18:35:23,0.99,1,00.0,0197.5
,,,,,18:35:24,0.99,1,00.0,0197.4
,,,,,18:35:25,0.99,1,00.0,0197.4
,,,,,18:35:26,0.99,1,00.0,0197.3
,,,,,18:35:27,0.99,1,00.0,0197.2
,,,,,18:35:28,0.99,1,00.0,0197.1
,,,,,18:35:29,1.00,1,00.0,0197.0
,,,,,18:35:30,1.00,1,00.0,0196.9
,,,,,18:35:31,0.99,1,00.0,0196.8
,,,,,18:35:32,0.99,1,00.0,0196.8
,,,,,18:35:33,0.99,1,00.0,0196.7
,,,,,18:35:34,1.00,1,00.0,0196.6
,,,,,18:35:35,0.99,1,00.0,0196.5
,,,,,18:35:36,0.99,1,00.0,0196.5
,,,,,18:35:37,0.99,1,00.0,0196.4
,,,,,18:35:38,0.99,1,00.0,0196.3
,,,,,18:35:39,0.99,1,00.0,0196.2
,,,,,18:35:40,0.99,1,00.0,0196.1
,,,,,18:35:41,0.99,1,00.0,0196.1
,,,,,18:35:42,0.99,1,00.0,0196.0
,,,,,18:35:43,0.99,1,00.0,0195.9
,,,,,18:35:44,0.99,1,00.0,0195.8
,,,,,18:35:45,0.99,1,00.0,0195.7
,,,,,18:35:46,0.99,1,00.0,0195.7
,,,,,18:35:47,1.00,1,00.0,0195.6
,,,,,18:35:48,1.00,1,00.0,0195.6
,,,,,18:35:49,0.99,1,00.0,0195.5
,,,,,18:35:50,0.99,1,00.0,0195.4
,,,,,18:35:51,0.99,1,00.0,0195.3
,,,,,18:35:52,0.99,1,00.0,0195.3
,,,,,18:35:53,0.99,1,00.0,0195.1
,,,,,18:35:54,0.99,1,00.0,0195.1
,,,,,18:35:55,0.99,1,00.0,0195.0
,,,,,18:35:56,0.99,1,00.0,0194.9
,,,,,18:35:57,0.99,1,00.0,0194.8
,,,,,18:35:58,0.99,1,00.0,0194.8
,,,,,18:35:59,0.99,1,00.0,0194.7
,,,,,18:36:00,0.99,1,00.0,0194.6
,,,,,18:36:01,0.99,1,00.0,0194.5
,,,,,18:36:02,0.99,1,00.0,0194.5
,,,,,18:36:03,0.99,1,00.0,0194.4
,,,,,18:36:04,0.99,1,00.0,0194.3
,,,,,18:36:05,0.99,1,00.0,0194.3
,,,,,18:36:06,0.99,1,00.0,0194.2
,,,,,18:36:07,0.99,1,00.0,0194.1
,,,,,18:36:08,0.99,1,00.0,0194.1
,,,,,18:36:09,0.99,1,00.0,0194.0
,,,,,18:36:10,0.99,1,00.0,0194.0
,,,,,18:36:11,0.99,1,00.0,0193.9
,,,,,18:36:12,0.99,1,00.0,0193.8
,,,,,18:36:13,0.99,1,00.0,0193.8
,,,,,18:36:14,0.99,1,00.0,0193.7
,,,,,18:36:15,0.99,1,00.0,0193.6
,,,,,18:36:16,0.99,1,00.0,0193.5
,,,,,18:36:17,0.99,1,00.0,0193.5
,,,,,18:36:18,0.99,1,00.0,0193.4
,,,,,18:36:19,0.99,1,00.0,0193.2
,,,,,18:36:20,0.99,1,00.0,0188.8
,,,,,18:36:21,1.00,1,00.0,0051.8
,,,,,18:36:22,1.00,1,00.0,-0007.4
,,,,,18:36:23,0.99,1,00.0,-0007.6
,,,,,18:36:24,0.99,1,00.0,-0007.6
,,,,,18:36:25,0.99,1,00.0,-0007.6
,,,,,18:36:26,0.99,1,00.0,-0007.5
,,,,,18:36:27,0.99,1,00.0,-0007.5
,,,,,18:36:28,0.99,1,00.0,-0007.5
,,,,,18:36:29,0.99,1,00.0,-0007.5
,,,,,18:36:30,0.99,1,00.0,-0007.5
,,,,,18:36:31,0.99,1,00.0,-0007.5
,,,,,18:36:32,0.99,1,00.0,-0007.5
,,,,,18:36:33,0.99,1,00.0,-0007.5
,,,,,18:36:34,0.99,1,00.0,-0007.5
,,,,,18:36:35,0.99,1,00.0,-0007.5
,,,,,18:36:36,0.99,1,00.0,-0007.5
,,,,,18:36:37,0.99,1,00.0,-0007.5
,,,,,18:36:38,0.99,1,00.0,-0007.2
,,,,,18:36:39,0.99,1,00.0,-0005.5
,,,,,18:36:40,0.99,1,00.0,-0004.5
,,,,,18:36:41,0.99,1,00.0,-0003.5
,,,,,18:36:42,0.99,0,00.0,-0003.6
,,,,,18:36:43,0.99,0,00.0,-0003.6
,,,,,18:36:44,0.99,0,00.0,-0003.4
,,,,,18:36:45,1.00,0,00.0,-0003.3
,,,,,18:36:46,1.00,0,00.0,-0003.3
,,,,,18:36:47,1.00,0,00.0,-0003.3
,,,,,18:36:48,0.99,0,00.0,-0003.3
,,,,,18:36:49,0.99,0,00.0,-0003.3
,,,,,18:36:50,0.99,0,00.0,-0003.3
,,,,,18:36:51,0.99,0,00.0,-0003.3
,,,,,18:36:52,0.99,0,00.0,-0003.3
,,,,,18:36:53,0.99,0,00.0,-0003.2
,,,,,18:36:54,0.99,0,00.0,-0003.2
,,,,,18:36:55,0.99,0,00.0,-0003.2
,,,,,18:36:56,0.99,0,00.0,-0003.2
,,,,,18:36:57,0.99,0,00.0,-0003.2
,,,,,18:36:58,0.99,0,00.0,-0003.2
,,,,,18:36:59,0.99,0,00.0,-0003.2
,,,,,18:37:00,0.99,0,00.0,-0003.2
,,,,,18:37:01,0.99,0,00.0,-0003.2
,,,,,18:37:02,0.99,0,00.0,-0003.2
,,,,,18:37:03,0.99,0,00.0,-0003.2
,,,,,18:37:04,0.99,0,00.0,-0003.2
,,,,,18:37:05,1.00,0,00.0,-0003.2
,,,,,18:37:06,0.99,0,00.0,-0003.2
,,,,,18:37:07,0.99,0,00.0,-0003.2
,,,,,18:37:08,0.99,0,00.0,-0003.2
,,,,,18:37:09,0.99,0,00.0,-0003.2
,,,,,18:37:10,1.00,0,00.0,-0003.2
,,,,,18:37:11,0.99,0,00.0,-0003.2
,,,,,18:37:12,0.99,0,00.0,-0003.2
,,,,,18:37:13,0.99,0,00.0,-0003.2
,,,,,18:37:14,0.99,0,00.0,-0003.2
,,,,,18:37:15,0.99,0,00.0,-0003.2
,,,,,18:37:16,0.99,0,00.0,-0003.2
,,,,,18:37:17,0.99,0,00.0,-0003.2
,,,,,18:37:18,0.99,0,00.0,-0003.2
,,,,,18:37:19,0.99,0,00.0,-0003.2
,,,,,18:37:20,0.99,0,00.0,-0003.2
,,,,,18:37:21,0.99,0,00.0,-0003.2
,,,,,18:37:22,0.99,0,00.0,-0003.2
,,,,,18:37:23,1.00,0,00.0,-0003.2
,,,,,18:37:24,0.99,0,00.0,-0003.2
,,,,,18:37:25,0.99,0,00.3,-0002.7
,,,,,18:37:26,0.99,0,03.8,-0001.8
,,,,,18:37:27,0.99,4,03.8,-0001.1
,,,,,18:37:28,0.99,8,03.8,-0000.1
,,,,,18:37:29,0.99,12,03.8,0001.0
,,,,,18:37:30,0.99,16,03.8,0002.0
,,,,,18:37:31,0.99,19,03.7,0002.5
,,,,,18:37:32,0.99,23,03.7,0002.9
,,,,,18:37:33,0.99,27,03.5,0003.6
,,,,,18:37:34,0.99,30,03.7,0004.2
,,,,,18:37:35,0.99,34,03.7,0004.8
,,,,,18:37:36,0.99,38,03.5,0005.3
,,,,,18:37:37,0.99,41,03.5,0005.7
,,,,,18:37:38,0.99,45,03.7,0005.7
,,,,,18:37:39,0.99,48,03.5,0005.9
,,,,,18:37:40,0.99,52,03.7,0006.2
,,,,,18:37:41,0.99,55,03.5,0006.3
,,,,,18:37:42,0.99,59,03.7,0006.5
,,,,,18:37:43,0.99,63,03.5,0006.7
,,,,,18:37:44,1.00,66,03.7,0006.7
,,,,,18:37:45,0.99,70,03.5,0006.8
,,,,,18:37:46,0.99,73,03.5,0006.8
,,,,,18:37:47,0.99,77,03.7,0006.8
,,,,,18:37:48,0.99,81,03.5,0006.9
,,,,,18:37:49,0.99,84,03.7,0006.8
,,,,,18:37:50,0.99,88,03.5,0006.8
,,,,,18:37:51,0.99,91,03.7,0006.9
,,,,,18:37:52,0.99,95,03.5,0007.0
,,,,,18:37:53,0.99,98,03.7,0007.1
,,,,,18:37:54,1.00,102,03.5,0007.2
,,,,,18:37:55,1.00,106,03.7,0007.3
,,,,,18:37:56,1.00,109,03.5,0007.4
,,,,,18:37:57,0.99,113,03.5,0007.5
,,,,,18:37:58,0.99,116,03.7,0007.4
,,,,,18:37:59,0.99,120,03.5,0007.5
,,,,,18:38:00,0.99,124,03.7,0007.6
,,,,,18:38:01,0.99,127,03.5,0007.7
,,,,,18:38:02,0.99,131,03.5,0007.8
,,,,,18:38:03,0.99,134,03.5,0007.8
,,,,,18:38:04,0.99,138,03.7,0007.9
,,,,,18:38:05,0.99,141,03.5,0007.9
,,,,,18:38:06,0.99,145,03.5,0007.9
,,,,,18:38:07,0.99,148,03.7,0007.9
,,,,,18:38:08,0.99,152,03.5,0008.0
,,,,,18:38:09,0.99,156,03.5,0008.0
,,,,,18:38:10,0.99,159,03.5,0008.0
,,,,,18:38:11,0.99,163,03.7,0008.1
,,,,,18:38:12,0.99,166,03.5,0008.0
,,,,,18:38:13,0.99,170,03.5,0007.9
,,,,,18:38:14,0.99,173,03.7,0007.8
,,,,,18:38:15,0.99,177,03.5,0007.7
,,,,,18:38:16,0.99,181,03.5,0007.8
,,,,,18:38:17,0.99,184,03.7,0007.6
,,,,,18:38:18,0.99,188,03.5,0007.5
,,,,,18:38:19,0.99,191,03.5,0007.6
,,,,,18:38:20,0.99,195,03.7,0007.5
,,,,,18:38:21,0.99,199,03.5,0007.5
,,,,,18:38:22,0.99,202,03.7,0007.3
,,,,,18:38:23,0.99,206,03.5,0007.4
,,,,,18:38:24,0.99,209,03.7,0007.3
,,,,,18:38:25,0.99,213,03.7,0007.3
,,,,,18:38:26,0.99,217,03.8,0007.2
,,,,,18:38:27,0.99,220,03.9,0007.3
,,,,,18:38:28,0.99,224,04.1,0007.3
,,,,,18:38:29,1.00,228,04.2,0007.3
,,,,,18:38:30,1.00,233,04.2,0007.4
,,,,,18:38:31,0.99,237,04.2,0007.4
,,,,,18:38:32,0.99,241,04.4,0007.6
,,,,,18:38:33,0.99,245,04.2,0007.4
,,,,,18:38:34,0.99,250,04.4,0007.4
,,,,,18:38:35,0.99,254,04.4,0007.4
,,,,,18:38:36,0.99,258,04.5,0007.5
,,,,,18:38:37,0.99,263,04.5,0007.5
,,,,,18:38:38,0.99,267,04.5,0007.3
,,,,,18:38:39,0.99,272,04.7,0007.4
,,,,,18:38:40,0.99,277,04.7,0007.6
,,,,,18:38:41,0.99,281,04.8,0007.6
,,,,,18:38:42,0.99,286,04.8,0007.4
,,,,,18:38:43,0.99,291,04.8,0007.6
,,,,,18:38:44,0.99,296,04.8,0007.6
,,,,,18:38:45,0.99,300,04.8,0007.2
,,,,,18:38:46,0.99,305,04.9,0007.7
,,,,,18:38:47,0.99,310,04.9,0007.2
,,,,,18:38:48,0.99,315,04.9,0007.5
,,,,,18:38:49,0.99,320,04.9,0007.5
,,,,,18:38:50,0.99,325,04.9,0007.3
,,,,,18:38:51,0.99,330,05.1,0007.6
,,,,,18:38:52,0.99,335,05.1,0007.6
,,,,,18:38:53,0.99,340,04.9,0007.5
,,,,,18:38:54,0.99,345,05.1,0007.7
,,,,,18:38:55,0.99,350,04.9,0007.2
,,,,,18:38:56,0.99,355,04.9,0007.5
,,,,,18:38:57,0.99,360,04.9,0007.6
,,,,,18:38:58,0.99,365,04.9,0007.2
,,,,,18:38:59,0.99,370,05.1,0007.5
,,,,,18:39:00,0.99,375,04.9,0007.1
,,,,,18:39:01,0.99,380,04.9,0007.1
,,,,,18:39:02,0.99,385,04.9,0007.3
,,,,,18:39:03,0.99,390,05.1,0007.0
,,,,,18:39:04,0.99,395,04.9,0007.2
,,,,,18:39:05,0.99,400,04.9,0007.3
,,,,,18:39:06,0.99,405,04.9,0007.0
,,,,,18:39:07,0.99,410,05.1,0007.3
,,,,,18:39:08,0.99,415,04.9,0007.3
,,,,,18:39:09,0.99,420,04.9,0007.0
,,,,,18:39:10,0.99,425,04.9,0007.2
,,,,,18:39:11,0.99,429,05.1,0007.0
,,,,,18:39:12,0.99,435,04.9,0007.1
,,,,,18:39:13,0.99,439,04.9,0007.1
,,,,,18:39:14,0.99,444,04.9,0006.8
,,,,,18:39:15,0.99,449,04.9,0006.9
,,,,,18:39:16,0.99,454,05.1,0007.1
,,,,,18:39:17,0.99,459,04.9,0006.7
,,,,,18:39:18,0.99,464,04.9,0007.1
,,,,,18:39:19,0.99,469,05.1,0007.1
,,,,,18:39:20,0.99,474,04.9,0006.7
,,,,,18:39:21,0.99,479,04.9,0007.1
,,,,,18:39:22,0.99,484,04.9,0007.0
,,,,,18:39:23,0.99,489,05.1,0006.7
,,,,,18:39:24,0.99,494,04.9,0007.0
,,,,,18:39:25,0.99,499,04.9,0006.7
,,,,,18:39:26,0.99,504,04.9,0007.0
,,,,,18:39:27,0.99,509,05.1,0007.0
,,,,,18:39:28,0.99,514,04.9,0006.6
,,,,,18:39:29,0.99,519,04.9,0007.0
,,,,,18:39:30,0.99,524,04.9,0006.8
,,,,,18:39:31,0.99,529,05.1,0006.6
,,,,,18:39:32,0.99,534,04.9,0006.9
,,,,,18:39:33,0.99,539,04.9,0006.7
,,,,,18:39:34,1.00,544,05.1,0006.5
,,,,,18:39:35,1.00,549,04.9,0006.8
,,,,,18:39:36,0.99,554,04.9,0006.6
,,,,,18:39:37,0.99,559,04.9,0006.5
,,,,,18:39:38,0.99,564,05.1,0006.8
,,,,,18:39:39,0.99,569,04.9,0006.8
,,,,,18:39:40,0.99,574,05.2,0006.9
,,,,,18:39:41,0.99,579,05.2,0006.9
,,,,,18:39:42,0.99,584,05.2,0007.1
,,,,,18:39:43,0.99,589,05.2,0007.2
,,,,,18:39:44,0.99,595,05.4,0007.1
,,,,,18:39:45,1.00,600,05.2,0007.3
,,,,,18:39:46,1.00,605,05.4,0007.3
,,,,,18:39:47,0.99,611,05.2,0007.2
,,,,,18:39:48,0.99,616,05.4,0007.2
,,,,,18:39:49,0.99,621,05.4,0007.3
,,,,,18:39:50,0.99,626,05.5,0007.5
,,,,,18:39:51,0.99,632,05.5,0007.6
,,,,,18:39:52,0.99,637,05.5,0007.8
,,,,,18:39:53,0.99,643,05.5,0007.9
,,,,,18:39:54,0.99,648,05.6,0008.0
,,,,,18:39:55,0.99,654,05.6,0007.9
,,,,,18:39:56,0.99,660,05.8,0008.0
,,,,,18:39:57,0.99,666,05.8,0008.2
,,,,,18:39:58,0.99,671,05.8,0008.2
,,,,,18:39:59,0.99,677,05.8,0008.5
,,,,,18:40:00,0.99,683,05.9,0008.5
,,,,,18:40:01,1.00,689,05.9,0008.4
,,,,,18:40:02,1.00,695,05.9,0008.5
,,,,,18:40:03,0.99,701,06.1,0008.4
,,,,,18:40:04,0.99,707,06.1,0008.6
,,,,,18:40:05,0.99,713,06.1,0009.0
,,,,,18:40:06,0.99,719,06.2,0009.2
,,,,,18:40:07,1.00,725,06.2,0008.9
,,,,,18:40:08,1.00,731,06.3,0008.9
,,,,,18:40:09,0.99,738,06.3,0008.9
,,,,,18:40:10,0.99,744,06.5,0009.3
,,,,,18:40:11,0.99,750,06.5,0009.2
,,,,,18:40:12,0.99,757,06.6,0009.7
,,,,,18:40:13,0.99,764,06.8,0009.3
,,,,,18:40:14,0.99,770,06.8,0009.7
,,,,,18:40:15,0.99,777,06.8,0009.7
,,,,,18:40:16,0.99,784,06.8,0009.8
,,,,,18:40:17,0.99,791,06.9,0010.1
,,,,,18:40:18,0.99,797,06.9,0010.1
,,,,,18:40:19,0.99,804,07.1,0010.1
,,,,,18:40:20,0.99,811,06.9,0010.2
,,,,,18:40:21,0.99,818,06.9,0010.0
,,,,,18:40:22,0.99,825,07.1,0009.9
,,,,,18:40:23,0.99,832,06.8,0009.8
,,,,,18:40:24,0.99,839,06.9,0009.7
,,,,,18:40:25,0.99,846,06.9,0009.8
,,,,,18:40:26,0.99,853,06.9,0009.8
,,,,,18:40:27,0.99,860,06.9,0010.0
,,,,,18:40:28,0.99,867,06.9,0009.7
,,,,,18:40:29,0.99,874,06.9,0009.6
,,,,,18:40:30,0.99,881,06.9,0010.0
,,,,,18:40:31,0.99,887,06.9,0009.9
,,,,,18:40:32,0.99,894,06.9,0009.7
,,,,,18:40:33,0.99,901,06.8,0009.7
,,,,,18:40:34,0.99,908,06.9,0009.7
,,,,,18:40:35,0.99,915,06.9,0009.8
,,,,,18:40:36,0.99,922,06.9,0009.6
,,,,,18:40:37,0.99,929,06.9,0009.7
,,,,,18:40:38,0.99,936,06.9,0009.4
,,,,,18:40:39,0.99,943,06.9,0009.9
,,,,,18:40:40,0.99,949,06.9,0009.7
,,,,,18:40:41,0.99,956,06.9,0009.5
,,,,,18:40:42,0.99,963,06.9,0009.3
,,,,,18:40:43,0.99,970,06.9,0009.8
,,,,,18:40:44,0.99,977,06.9,0009.6
,,,,,18:40:45,0.99,984,06.9,0009.4
,,,,,18:40:46,0.99,991,06.8,0009.5
,,,,,18:40:47,0.99,998,06.9,0009.4
,,,,,18:40:48,0.99,1005,06.9,0009.7
,,,,,18:40:49,1.00,1012,06.9,0009.4
,,,,,18:40:50,0.99,1018,06.9,0009.2
,,,,,18:40:51,0.99,1025,06.9,0009.5
,,,,,18:40:52,0.99,1032,06.9,0009.4
,,,,,18:40:53,0.99,1039,06.9,0009.3
,,,,,18:40:54,0.99,1046,06.9,0009.2
,,,,,18:40:55,0.99,1053,06.9,0009.5
,,,,,18:40:56,0.99,1060,06.9,0009.3
,,,,,18:40:57,0.99,1067,06.8,0009.8
,,,,,18:40:58,0.99,1074,08.4,0011.2
,,,,,18:40:59,0.99,1082,09.1,0011.2
,,,,,18:41:00,0.99,1091,08.9,0011.4
,,,,,18:41:01,0.99,1100,08.8,0011.3
,,,,,18:41:02,0.99,1109,08.6,0011.1
,,,,,18:41:03,0.99,1117,08.5,0011.1
,,,,,18:41:04,0.99,1126,08.5,0011.1
,,,,,18:41:05,1.00,1134,08.5,0011.1
,,,,,18:41:06,1.00,1143,08.5,0011.2
,,,,,18:41:07,0.99,1151,08.6,0010.9
,,,,,18:41:08,0.99,1160,08.5,0010.8
,,,,,18:41:09,0.99,1169,08.5,0011.1
,,,,,18:41:10,0.99,1177,08.6,0010.8
,,,,,18:41:11,0.99,1186,08.5,0010.4
,,,,,18:41:12,0.99,1194,08.5,0010.4
,,,,,18:41:13,0.99,1203,08.6,0010.7
,,,,,18:41:14,0.99,1211,08.5,0010.6
,,,,,18:41:15,0.99,1220,08.5,0010.7
,,,,,18:41:16,0.99,1228,08.6,0010.9
,,,,,18:41:17,0.99,1237,08.5,0010.5
,,,,,18:41:18,0.99,1245,08.5,0010.1
,,,,,18:41:19,0.99,1254,08.6,0010.9
,,,,,18:41:20,0.99,1263,08.6,0010.9
,,,,,18:41:21,0.99,1271,08.5,0010.8
,,,,,18:41:22,0.99,1280,08.6,0010.7
,,,,,18:41:23,0.99,1288,08.5,0011.1
,,,,,18:41:24,0.99,1297,08.5,0011.1
,,,,,18:41:25,0.99,1305,08.6,0010.9
,,,,,18:41:26,0.99,1314,08.5,0010.9
,,,,,18:41:27,1.00,1322,08.5,0011.1
,,,,,18:41:28,0.99,1331,08.6,0010.5
,,,,,18:41:29,0.99,1340,08.5,0010.7
,,,,,18:41:30,0.99,1348,08.5,0010.5
,,,,,18:41:31,0.99,1357,08.6,0010.7
,,,,,18:41:32,0.99,1365,08.5,0010.6
,,,,,18:41:33,0.99,1374,08.5,0010.7
,,,,,18:41:34,0.99,1382,08.6,0010.9
,,,,,18:41:35,0.99,1391,08.5,0010.7
,,,,,18:41:36,0.99,1399,08.5,0010.6
,,,,,18:41:37,0.99,1408,08.6,0010.9
,,,,,18:41:38,0.99,1416,08.5,0011.1
,,,,,18:41:39,0.99,1425,08.5,0010.8
,,,,,18:41:40,1.00,1433,08.6,0010.7
,,,,,18:41:41,1.00,1442,08.5,0010.5
,,,,,18:41:42,1.00,1451,08.5,0010.6
,,,,,18:41:43,0.99,1459,08.8,0010.4
,,,,,18:41:44,0.99,1468,08.5,0010.7
,,,,,18:41:45,0.99,1476,08.5,0010.9
,,,,,18:41:46,0.99,1485,08.6,0010.7
,,,,,18:41:47,0.99,1493,08.5,0010.8
,,,,,18:41:48,0.99,1502,08.5,0010.8
,,,,,18:41:49,0.99,1511,08.6,0010.7
,,,,,18:41:50,1.00,1519,08.5,0010.9
,,,,,18:41:51,0.99,1528,08.6,0010.5
,,,,,18:41:52,0.99,1536,08.5,0010.4
,,,,,18:41:53,0.99,1545,08.5,0010.3
,,,,,18:41:54,0.99,1553,08.6,0010.4
,,,,,18:41:55,0.99,1562,08.5,0010.1
,,,,,18:41:56,0.99,1570,08.6,0010.1
,,,,,18:41:57,0.99,1579,08.5,0010.4
,,,,,18:41:58,0.99,1587,08.5,0010.5
,,,,,18:41:59,0.99,1596,09.1,0010.9
,,,,,18:42:00,0.99,1605,09.2,0011.6
,,,,,18:42:01,0.99,1614,09.0,0011.7
,,,,,18:42:02,0.99,1623,09.2,0011.4
,,,,,18:42:03,0.99,1632,09.1,0011.2
,,,,,18:42:04,0.99,1642,09.2,0011.6
,,,,,18:42:05,0.99,1651,09.2,0011.7
,,,,,18:42:06,0.99,1660,09.2,0011.6
,,,,,18:42:07,0.99,1669,09.3,0011.2
,,,,,18:42:08,0.99,1678,09.1,0011.5
,,,,,18:42:09,0.99,1687,09.4,0011.5
,,,,,18:42:10,0.99,1697,09.3,0011.7
,,,,,18:42:11,0.99,1706,09.3,0012.0
,,,,,18:42:12,0.99,1715,09.3,0012.0
,,,,,18:42:13,0.99,1725,09.3,0011.9
,,,,,18:42:14,0.99,1734,09.4,0011.9
,,,,,18:42:15,0.99,1743,09.3,0012.0
,,,,,18:42:16,0.99,1752,09.3,0011.4
,,,,,18:42:17,0.99,1762,09.2,0011.9
,,,,,18:42:18,0.99,1771,09.3,0011.7
,,,,,18:42:19,0.99,1780,09.3,0011.8
,,,,,18:42:20,0.99,1789,09.2,0011.4
,,,,,18:42:21,1.00,1799,09.3,0011.6
,,,,,18:42:22,0.99,1808,09.3,0011.2
,,,,,18:42:23,0.99,1817,09.3,0011.0
,,,,,18:42:24,0.99,1826,09.2,0011.2
,,,,,18:42:25,0.99,1836,09.2,0011.2
,,,,,18:42:26,0.99,1845,09.3,0011.4
,,,,,18:42:27,0.99,1854,09.2,0011.4
,,,,,18:42:28,1.00,1863,09.3,0011.3
,,,,,18:42:29,0.99,1872,09.2,0011.5
,,,,,18:42:30,0.99,1882,09.3,0011.5
,,,,,18:42:31,0.99,1891,09.3,0011.6
,,,,,18:42:32,0.99,1900,09.2,0011.2
,,,,,18:42:33,1.00,1909,09.3,0011.2
,,,,,18:42:34,1.00,1918,09.2,0010.9
,,,,,18:42:35,0.99,1928,09.4,0011.4
,,,,,18:42:36,0.99,1937,09.7,0011.6
,,,,,18:42:37,0.99,1947,09.6,0011.6
,,,,,18:42:38,0.99,1956,09.7,0011.8
,,,,,18:42:39,0.99,1966,09.8,0012.4
,,,,,18:42:40,0.99,1976,09.9,0012.1
,,,,,18:42:41,0.99,1986,10.0,0012.5
,,,,,18:42:42,0.99,1996,10.1,0012.8
,,,,,18:42:43,0.99,2006,10.1,0012.6
,,,,,18:42:44,0.99,2016,10.1,0013.0
,,,,,18:42:45,0.99,2026,10.2,0012.5
,,,,,18:42:46,0.99,2036,10.1,0012.2
,,,,,18:42:47,0.99,2046,10.2,0013.1
,,,,,18:42:48,0.99,2057,10.2,0012.7
,,,,,18:42:49,0.99,2067,10.5,0012.9
,,,,,18:42:50,0.99,2077,10.6,0013.0
,,,,,18:42:51,0.99,2088,10.6,0013.3
,,,,,18:42:52,0.99,2099,10.4,0013.6
,,,,,18:42:53,0.99,2109,10.7,0012.9
,,,,,18:42:54,0.99,2120,10.7,0013.1
,,,,,18:42:55,0.99,2130,10.7,0013.4
,,,,,18:42:56,0.99,2141,10.8,0013.9
,,,,,18:42:57,0.99,2152,10.5,0013.4
,,,,,18:42:58,0.99,2162,10.8,0013.7
,,,,,18:42:59,0.99,2173,10.8,0013.7
,,,,,18:43:00,0.99,2184,10.9,0013.8
,,,,,18:43:01,0.99,2195,10.9,0014.3
,,,,,18:43:02,0.99,2206,10.9,0014.0
,,,,,18:43:03,0.99,2217,11.0,0013.7
,,,,,18:43:04,0.99,2228,11.1,0014.2
,,,,,18:43:05,1.00,2239,11.2,0014.6
,,,,,18:43:06,1.00,2250,11.2,0014.4
,,,,,18:43:07,0.99,2261,11.4,0014.3
,,,,,18:43:08,0.99,2273,11.4,0014.9
,,,,,18:43:09,0.99,2284,11.2,0014.6
,,,,,18:43:10,0.99,2295,11.4,0014.5
,,,,,18:43:11,0.99,2306,11.4,0014.4
,,,,,18:43:12,1.00,2318,11.5,0014.7
,,,,,18:43:13,1.00,2329,11.2,0014.9
,,,,,18:43:14,1.00,2341,11.5,0015.0
,,,,,18:43:15,0.99,2352,11.7,0014.4
,,,,,18:43:16,0.99,2364,11.6,0015.2
,,,,,18:43:17,0.99,2375,11.8,0015.5
,,,,,18:43:18,0.99,2387,11.8,0015.4
,,,,,18:43:19,0.99,2399,11.9,0015.5
,,,,,18:43:20,0.99,2411,12.0,0015.5
,,,,,18:43:21,0.99,2423,12.2,0016.1
,,,,,18:43:22,0.99,2435,11.9,0015.7
,,,,,18:43:23,0.99,2447,12.2,0015.6
,,,,,18:43:24,0.99,2459,12.2,0015.9
,,,,,18:43:25,0.99,2471,12.2,0016.1
,,,,,18:43:26,0.99,2484,12.2,0015.8
,,,,,18:43:27,0.99,2496,12.2,0015.8
,,,,,18:43:28,0.99,2508,12.2,0016.1
,,,,,18:43:29,1.00,2520,12.2,0015.7
,,,,,18:43:30,1.00,2532,12.2,0015.8
,,,,,18:43:31,1.00,2545,12.2,0015.6
,,,,,18:43:32,0.99,2557,12.2,0016.0
,,,,,18:43:33,0.99,2569,12.2,0015.9
,,,,,18:43:34,0.99,2581,12.2,0016.2
,,,,,18:43:35,0.99,2593,12.2,0015.6
,,,,,18:43:36,0.99,2606,12.2,0015.8
,,,,,18:43:37,0.99,2618,12.2,0015.9
,,,,,18:43:38,0.99,2630,12.2,0016.1
,,,,,18:43:39,0.99,2642,12.2,0016.1
,,,,,18:43:40,0.99,2654,12.2,0016.2
,,,,,18:43:41,0.99,2667,12.2,0016.0
,,,,,18:43:42,0.99,2679,12.3,0016.2
,,,,,18:43:43,0.99,2691,12.2,0015.9
,,,,,18:43:44,0.99,2703,12.2,0016.2
,,,,,18:43:45,0.99,2716,12.1,0016.0
,,,,,18:43:46,1.00,2728,12.2,0015.9
,,,,,18:43:47,0.99,2740,12.2,0016.2
,,,,,18:43:48,0.99,2752,12.3,0016.0
,,,,,18:43:49,0.99,2764,12.2,0015.9
,,,,,18:43:50,0.99,2777,12.2,0015.6
,,,,,18:43:51,0.99,2789,12.2,0015.8
,,,,,18:43:52,0.99,2801,12.2,0015.8
,,,,,18:43:53,0.99,2813,12.2,0016.0
,,,,,18:43:54,0.99,2825,12.3,0015.6
,,,,,18:43:55,0.99,2838,12.2,0015.6
,,,,,18:43:56,0.99,2850,12.1,0015.9
,,,,,18:43:57,0.99,2862,12.2,0015.9
,,,,,18:43:58,0.99,2874,12.2,0015.6
,,,,,18:43:59,0.99,2886,12.3,0015.6
,,,,,18:44:00,0.99,2899,12.2,0015.8
,,,,,18:44:01,0.99,2911,12.2,0015.9
,,,,,18:44:02,1.00,2923,12.2,0015.7
,,,,,18:44:03,0.99,2935,12.2,0015.5
,,,,,18:44:04,0.99,2947,12.2,0015.6
,,,,,18:44:05,0.99,2960,12.3,0015.5
,,,,,18:44:06,0.99,2972,12.2,0015.7
,,,,,18:44:07,0.99,2984,12.2,0015.6
,,,,,18:44:08,1.00,2996,12.2,0015.7
,,,,,18:44:09,0.99,3009,12.2,0015.8
,,,,,18:44:10,0.99,3021,12.3,0015.6
,,,,,18:44:11,0.99,3033,12.4,0016.1
,,,,,18:44:12,0.99,3046,12.4,0016.6
,,,,,18:44:13,0.99,3058,12.6,0016.8
,,,,,18:44:14,1.00,3071,12.7,0016.8
,,,,,18:44:15,1.00,3083,12.7,0016.5
,,,,,18:44:16,1.00,3096,12.7,0016.7
,,,,,18:44:17,1.00,3109,12.7,0016.6
,,,,,18:44:18,1.00,3121,12.8,0016.5
,,,,,18:44:19,0.99,3134,12.9,0016.8
,,,,,18:44:20,0.99,3147,12.8,0016.6
,,,,,18:44:21,0.99,3160,12.9,0016.6
,,,,,18:44:22,0.99,3173,12.9,0016.6
,,,,,18:44:23,0.99,3186,13.1,0016.7
,,,,,18:44:24,0.99,3199,13.1,0017.0
,,,,,18:44:25,0.99,3212,12.9,0017.4
,,,,,18:44:26,1.00,3225,13.1,0017.2
,,,,,18:44:27,0.99,3238,12.9,0016.9
,,,,,18:44:28,0.99,3251,13.2,0016.6
,,,,,18:44:29,0.99,3264,12.9,0016.7
,,,,,18:44:30,0.99,3277,13.2,0017.0
,,,,,18:44:31,0.99,3290,12.9,0016.8
,,,,,18:44:32,0.99,3303,13.2,0016.5
,,,,,18:44:33,0.99,3316,12.9,0016.6
,,,,,18:44:34,0.99,3329,13.2,0016.8
,,,,,18:44:35,0.99,3342,12.9,0016.8
,,,,,18:44:36,1.00,3355,13.2,0017.1
,,,,,18:44:37,0.99,3368,12.9,0017.1
,,,,,18:44:38,0.99,3381,13.1,0016.7
,,,,,18:44:39,0.99,3394,13.0,0016.7
,,,,,18:44:40,0.99,3407,13.1,0016.9
,,,,,18:44:41,0.99,3420,13.2,0017.2
,,,,,18:44:42,0.99,3433,12.9,0017.1
,,,,,18:44:43,0.99,3446,13.2,0016.4
,,,,,18:44:44,1.00,3459,12.9,0016.5
,,,,,18:44:45,0.99,3472,13.2,0016.6
,,,,,18:44:46,0.99,3485,12.9,0016.9
,,,,,18:44:47,0.99,3498,13.2,0016.7
,,,,,18:44:48,0.99,3512,12.9,0016.2
,,,,,18:44:49,0.99,3524,13.2,0016.2
,,,,,18:44:50,0.99,3538,12.9,0016.1
,,,,,18:44:51,0.99,3551,13.1,0016.6
,,,,,18:44:52,0.99,3564,13.2,0016.4
,,,,,18:44:53,0.99,3577,12.9,0016.4
,,,,,18:44:54,0.99,3590,13.2,0016.3
,,,,,18:44:55,0.99,3603,12.9,0016.4
,,,,,18:44:56,0.99,3616,13.2,0017.1
,,,,,18:44:57,0.99,3629,13.0,0017.0
,,,,,18:44:58,0.99,3642,13.1,0017.1
,,,,,18:44:59,0.99,3655,13.0,0016.5
,,,,,18:45:00,0.99,3668,13.1,0016.5
,,,,,18:45:01,0.99,3681,13.0,0016.8
,,,,,18:45:02,0.99,3694,13.1,0016.9
,,,,,18:45:03,0.99,3707,13.2,0017.0
,,,,,18:45:04,0.99,3720,12.9,0016.5
,,,,,18:45:05,0.99,3733,13.2,0016.2
,,,,,18:45:06,0.99,3746,12.9,0016.3
,,,,,18:45:07,0.99,3759,13.2,0016.9
,,,,,18:45:08,0.99,3772,12.9,0016.5
,,,,,18:45:09,0.99,3785,13.2,0016.5
,,,,,18:45:10,0.99,3798,12.9,0016.6
,,,,,18:45:11,0.99,3811,13.2,0016.6
,,,,,18:45:12,0.99,3825,12.9,0016.7
,,,,,18:45:13,0.99,3837,13.2,0016.7
,,,,,18:45:14,0.99,3851,12.9,0016.7
,,,,,18:45:15,0.99,3864,13.2,0016.5
,,,,,18:45:16,0.99,3877,13.1,0015.8
,,,,,18:45:17,0.99,3890,13.0,0015.9
,,,,,18:45:18,1.00,3903,13.1,0016.1
,,,,,18:45:19,1.00,3916,13.0,0016.3
,,,,,18:45:20,1.00,3929,13.2,0016.7
,,,,,18:45:21,1.00,3942,13.1,0016.8
,,,,,18:45:22,0.99,3955,13.3,0016.8
,,,,,18:45:23,0.99,3968,13.2,0016.5
,,,,,18:45:24,0.99,3982,13.4,0016.9
,,,,,18:45:25,0.99,3995,13.4,0017.0
,,,,,18:45:26,0.99,4008,13.4,0016.9
,,,,,18:45:27,0.99,4022,13.6,0017.2
,,,,,18:45:28,0.99,4035,13.5,0017.9
,,,,,18:45:29,0.99,4049,13.5,0017.2
,,,,,18:45:30,0.99,4062,13.6,0016.9
,,,,,18:45:31,0.99,4076,13.8,0017.7
,,,,,18:45:32,0.99,4090,13.5,0017.3
,,,,,18:45:33,0.99,4103,13.8,0016.8
,,,,,18:45:34,0.99,4117,13.6,0016.6
,,,,,18:45:35,1.00,4131,13.9,0017.0
,,,,,18:45:36,1.00,4145,13.9,0017.3
,,,,,18:45:37,0.99,4158,13.9,0017.5
,,,,,18:45:38,0.99,4172,14.0,0017.2
,,,,,18:45:39,1.00,4186,14.0,0017.3
,,,,,18:45:40,1.00,4200,14.0,0018.0
,,,,,18:45:41,0.99,4214,14.0,0018.4
,,,,,18:45:42,0.99,4228,13.9,0018.6
,,,,,18:45:43,0.99,4242,14.0,0018.9
,,,,,18:45:44,0.99,4256,14.0,0017.7
,,,,,18:45:45,0.99,4270,14.0,0017.0
,,,,,18:45:46,0.99,4284,13.9,0017.5
,,,,,18:45:47,0.99,4298,14.1,0017.2
,,,,,18:45:48,1.00,4312,13.9,0017.8
,,,,,18:45:49,1.00,4326,14.1,0018.1
,,,,,18:45:50,1.00,4340,13.9,0018.1
,,,,,18:45:51,1.00,4354,13.9,0018.7
,,,,,18:45:52,0.99,4368,14.1,0018.7
,,,,,18:45:53,0.99,4382,13.9,0017.6
,,,,,18:45:54,0.99,4396,14.0,0016.8
,,,,,18:45:55,0.99,4410,14.0,0017.1
,,,,,18:45:56,0.99,4424,14.0,0017.3
,,,,,18:45:57,0.99,4438,14.0,0017.8
,,,,,18:45:58,0.99,4452,13.9,0018.3
,,,,,18:45:59,0.99,4466,14.0,0018.3
,,,,,18:46:00,0.99,4480,14.0,0018.5
,,,,,18:46:01,0.99,4494,14.0,0018.1
,,,,,18:46:02,1.00,4508,14.0,0017.5
,,,,,18:46:03,0.99,4522,14.0,0017.3
,,,,,18:46:04,0.99,4536,14.0,0017.1
,,,,,18:46:05,0.99,4550,13.9,0017.1
,,,,,18:46:06,0.99,4564,14.0,0017.9
,,,,,18:46:07,0.99,4578,14.0,0018.5
,,,,,18:46:08,0.99,4592,14.0,0018.4
,,,,,18:46:09,0.99,4606,14.0,0017.9
,,,,,18:46:10,0.99,4620,14.0,0017.0
,,,,,18:46:11,0.99,4634,14.0,0016.9
,,,,,18:46:12,0.99,4648,13.9,0017.0
,,,,,18:46:13,0.99,4662,14.1,0017.8
,,,,,18:46:14,0.99,4676,13.9,0018.6
,,,,,18:46:15,0.99,4690,14.1,0018.5
,,,,,18:46:16,0.99,4704,13.9,0017.5
,,,,,18:46:17,0.99,4718,14.0,0017.2
,,,,,18:46:18,1.00,4732,14.0,0017.0
,,,,,18:46:19,0.99,4746,14.0,0017.1
,,,,,18:46:20,0.99,4760,14.0,0018.0
,,,,,18:46:21,0.99,4774,14.0,0018.4
,,,,,18:46:22,0.99,4788,13.9,0018.1
,,,,,18:46:23,0.99,4802,14.1,0017.8
,,,,,18:46:24,0.99,4816,13.9,0016.7
,,,,,18:46:25,0.99,4830,14.1,0016.9
,,,,,18:46:26,0.99,4844,14.0,0018.4
,,,,,18:46:27,0.99,4858,14.4,0018.0
,,,,,18:46:28,0.99,4872,14.2,0017.9
,,,,,18:46:29,0.99,4886,14.4,0018.3
,,,,,18:46:30,0.99,4901,14.3,0017.7
,,,,,18:46:31,0.99,4915,14.4,0018.1
,,,,,18:46:32,0.99,4929,14.3,0018.3
,,,,,18:46:33,0.99,4944,14.5,0018.8
,,,,,18:46:34,0.99,4958,14.6,0018.9
,,,,,18:46:35,0.99,4973,14.5,0018.8
,,,,,18:46:36,0.99,4987,14.6,0018.5
,,,,,18:46:37,0.99,5002,14.5,0018.5
,,,,,18:46:38,0.99,5016,14.6,0019.1
,,,,,18:46:39,0.99,5031,14.7,0019.0
,,,,,18:46:40,0.99,5046,14.7,0018.4
,,,,,18:46:41,0.99,5060,14.6,0018.8
,,,,,18:46:42,0.99,5075,14.7,0018.7
,,,,,18:46:43,0.99,5090,14.8,0018.8
,,,,,18:46:44,0.99,5105,14.6,0018.8
,,,,,18:46:45,0.99,5119,14.8,0018.9
,,,,,18:46:46,0.99,5134,14.8,0019.0
,,,,,18:46:47,0.99,5149,15.0,0019.4
,,,,,18:46:48,0.99,5164,14.7,0019.1
,,,,,18:46:49,0.99,5178,14.8,0019.6
,,,,,18:46:50,1.00,5193,15.0,0019.1
,,,,,18:46:51,1.00,5208,15.0,0019.2
,,,,,18:46:52,0.99,5223,15.0,0020.2
,,,,,18:46:53,0.99,5238,15.2,0019.7
,,,,,18:46:54,0.99,5253,15.0,0019.3
,,,,,18:46:55,0.99,5268,15.1,0019.9
,,,,,18:46:56,0.99,5283,15.0,0019.6
,,,,,18:46:57,0.99,5298,15.1,0019.1
,,,,,18:46:58,0.99,5313,15.0,0019.1
,,,,,18:46:59,0.99,5328,15.0,0020.0
,,,,,18:47:00,0.99,5343,15.1,0019.4
,,,,,18:47:01,0.99,5358,15.0,0018.8
,,,,,18:47:02,0.99,5373,15.2,0019.3
,,,,,18:47:03,0.99,5389,15.0,0019.8
,,,,,18:47:04,0.99,5404,15.1,0018.7
,,,,,18:47:05,1.00,5419,15.0,0019.4
,,,,,18:47:06,0.99,5434,15.1,0019.3
,,,,,18:47:07,0.99,5449,15.0,0019.3
,,,,,18:47:08,0.99,5464,15.1,0019.0
,,,,,18:47:09,0.99,5479,15.0,0019.4
,,,,,18:47:10,0.99,5494,15.1,0019.7
,,,,,18:47:11,0.99,5509,15.0,0019.7
,,,,,18:47:12,0.99,5524,15.2,0019.3
,,,,,18:47:13,0.99,5539,15.0,0019.9
,,,,,18:47:14,0.99,5554,15.1,0019.5
,,,,,18:47:15,0.99,5569,15.0,0018.9
,,,,,18:47:16,0.99,5584,15.1,0019.2
,,,,,18:47:17,0.99,5599,15.0,0020.1
,,,,,18:47:18,0.99,5614,15.1,0019.6
,,,,,18:47:19,0.99,5629,15.0,0018.9
,,,,,18:47:20,0.99,5644,15.1,0019.6
,,,,,18:47:21,0.99,5659,15.1,0019.8
,,,,,18:47:22,0.99,5674,15.1,0019.4
,,,,,18:47:23,0.99,5689,15.0,0019.4
,,,,,18:47:24,0.99,5704,15.1,0019.8
,,,,,18:47:25,0.99,5719,15.0,0019.2
,,,,,18:47:26,0.99,5734,15.1,0018.8
,,,,,18:47:27,0.99,5749,15.0,0019.6
,,,,,18:47:28,0.99,5764,15.1,0020.3
,,,,,18:47:29,0.99,5779,15.0,0019.3
,,,,,18:47:30,0.99,5794,15.2,0018.9
,,,,,18:47:31,0.99,5809,15.0,0019.4
,,,,,18:47:32,0.99,5824,15.1,0020.0
,,,,,18:47:33,0.99,5839,15.0,0019.5
,,,,,18:47:34,0.99,5854,15.1,0018.7
,,,,,18:47:35,0.99,5869,15.0,0019.4
,,,,,18:47:36,0.99,5884,15.1,0019.6
,,,,,18:47:37,0.99,5899,15.1,0018.9
,,,,,18:47:38,0.99,5914,15.1,0019.0
,,,,,18:47:39,0.99,5929,15.0,0019.7
,,,,,18:47:40,0.99,5944,15.1,0019.0
,,,,,18:47:41,0.99,5960,15.0,0018.8
,,,,,18:47:42,0.99,5974,15.1,0019.7
,,,,,18:47:43,0.99,5990,15.1,0019.8
,,,,,18:47:44,0.99,6005,15.0,0019.2
,,,,,18:47:45,0.99,6020,15.1,0018.6
,,,,,18:47:46,0.99,6035,15.1,0019.6
,,,,,18:47:47,0.99,6050,15.1,0019.9
,,,,,18:47:48,1.00,6065,15.0,0019.3
,,,,,18:47:49,1.00,6080,15.1,0018.9
,,,,,18:47:50,1.00,6095,15.0,0019.8
,,,,,18:47:51,0.99,6110,15.1,0019.7
,,,,,18:47:52,0.99,6125,15.0,0018.7
,,,,,18:47:53,0.99,6140,15.1,0019.6
,,,,,18:47:54,0.99,6155,15.1,0019.5
,,,,,18:47:55,0.99,6170,15.1,0019.1
,,,,,18:47:56,0.99,6185,15.0,0018.9
,,,,,18:47:57,0.99,6200,15.1,0019.7
,,,,,18:47:58,0.99,6215,15.1,0020.0
,,,,,18:47:59,0.99,6230,15.0,0018.8
,,,,,18:48:00,0.99,6245,15.1,0019.3
,,,,,18:48:01,0.99,6260,15.0,0019.5
,,,,,18:48:02,0.99,6275,15.2,0019.6
,,,,,18:48:03,0.99,6290,15.0,0019.2
,,,,,18:48:04,0.99,6305,15.1,0019.1
,,,,,18:48:05,0.99,6320,15.0,0019.7
,,,,,18:48:06,0.99,6335,15.1,0019.7
,,,,,18:48:07,0.99,6350,15.1,0018.9
,,,,,18:48:08,0.99,6365,15.0,0019.3
,,,,,18:48:09,0.99,6380,15.1,0019.8
,,,,,18:48:10,0.99,6395,15.0,0018.6
,,,,,18:48:11,0.99,6410,15.2,0018.8
,,,,,18:48:12,0.99,6426,15.0,0019.2
,,,,,18:48:13,0.99,6441,15.1,0019.5
,,,,,18:48:14,0.99,6456,15.0,0018.8
,,,,,18:48:15,1.00,6471,15.1,0018.8
,,,,,18:48:16,0.99,6486,15.0,0020.1
,,,,,18:48:17,0.99,6501,15.1,0019.7
,,,,,18:48:18,0.99,6516,15.1,0019.1
,,,,,18:48:19,0.99,6531,15.1,0019.4
,,,,,18:48:20,0.99,6546,15.1,0019.8
,,,,,18:48:21,0.99,6561,15.0,0019.3
,,,,,18:48:22,0.99,6576,15.1,0019.0
,,,,,18:48:23,0.99,6591,15.1,0019.1
,,,,,18:48:24,0.99,6606,15.0,0019.5
,,,,,18:48:25,0.99,6621,15.1,0018.7
,,,,,18:48:26,0.99,6636,15.0,0018.6
,,,,,18:48:27,0.99,6651,15.1,0019.6
,,,,,18:48:28,0.99,6666,15.2,0019.2
,,,,,18:48:29,0.99,6681,15.0,0018.9
,,,,,18:48:30,0.99,6696,14.9,0018.7
,,,,,18:48:31,0.99,6711,15.8,0022.5
,,,,,18:48:32,0.99,6727,17.9,0023.3
,,,,,18:48:33,0.99,6745,18.5,0024.3
,,,,,18:48:34,0.99,6763,17.9,0024.5
,,,,,18:48:35,0.99,6781,17.6,0023.2
,,,,,18:48:36,0.99,6799,17.2,0022.4
,,,,,18:48:37,0.99,6816,16.6,0021.6
,,,,,18:48:38,0.99,6833,16.2,0022.0
,,,,,18:48:39,0.99,6849,16.2,0022.2
,,,,,18:48:40,0.99,6865,16.1,0022.0
,,,,,18:48:41,0.99,6881,16.1,0021.6
,,,,,18:48:42,0.99,6897,16.1,0022.0
,,,,,18:48:43,0.99,6913,16.1,0020.7
,,,,,18:48:44,1.00,6930,16.2,0020.8
,,,,,18:48:45,1.00,6946,16.1,0020.6
,,,,,18:48:46,0.99,6962,16.1,0020.6
,,,,,18:48:47,0.99,6978,16.0,0020.6
,,,,,18:48:48,0.99,6994,16.5,0021.7
,,,,,18:48:49,0.99,7010,16.4,0021.3
,,,,,18:48:50,0.99,7027,15.5,0019.2
,,,,,18:48:51,0.99,7042,15.1,0018.9
,,,,,18:48:52,0.99,7057,15.5,0019.0
,,,,,18:48:53,0.99,7073,15.2,0018.5
,,,,,18:48:54,0.99,7088,15.5,0018.2
,,,,,18:48:55,0.99,7104,15.5,0018.9
,,,,,18:48:56,0.99,7119,15.5,0018.4
,,,,,18:48:57,0.99,7135,15.6,0018.1
,,,,,18:48:58,0.99,7150,15.7,0018.7
,,,,,18:48:59,0.99,7166,15.7,0019.3
,,,,,18:49:00,0.99,7182,16.1,0020.0
,,,,,18:49:01,0.99,7198,16.0,0021.3
,,,,,18:49:02,0.99,7214,16.4,0021.7
,,,,,18:49:03,0.99,7230,17.3,0022.9
,,,,,18:49:04,0.99,7248,17.5,0023.6
,,,,,18:49:05,0.99,7265,17.6,0023.7
,,,,,18:49:06,0.99,7283,17.3,0022.3
,,,,,18:49:07,0.99,7300,16.9,0021.6
,,,,,18:49:08,0.99,7317,17.1,0022.0
,,,,,18:49:09,0.99,7334,17.1,0024.0
,,,,,18:49:10,0.99,7351,17.0,0023.8
,,,,,18:49:11,0.99,7368,17.0,0023.8
,,,,,18:49:12,0.99,7385,17.1,0023.7
,,,,,18:49:13,0.99,7402,17.0,0023.0
,,,,,18:49:14,0.99,7419,17.1,0022.2
,,,,,18:49:15,0.99,7436,17.1,0021.8
,,,,,18:49:16,0.99,7454,17.1,0023.5
,,,,,18:49:17,0.99,7471,17.1,0024.3
,,,,,18:49:18,0.99,7488,17.0,0023.9
,,,,,18:49:19,0.99,7505,17.1,0022.9
,,,,,18:49:20,0.99,7522,17.1,0022.2
,,,,,18:49:21,0.99,7539,17.0,0022.6
,,,,,18:49:22,1.00,7556,17.3,0023.4
,,,,,18:49:23,0.99,7574,17.1,0023.6
,,,,,18:49:24,0.99,7591,17.1,0023.2
,,,,,18:49:25,1.00,7608,17.0,0023.0
,,,,,18:49:26,0.99,7625,17.1,0022.6
,,,,,18:49:27,0.99,7642,17.3,0023.0
,,,,,18:49:28,0.99,7659,17.1,0023.0
,,,,,18:49:29,0.99,7676,17.1,0022.9
,,,,,18:49:30,0.99,7694,17.1,0022.1
,,,,,18:49:31,0.99,7711,17.1,0022.5
,,,,,18:49:32,0.99,7728,17.1,0023.9
,,,,,18:49:33,0.99,7745,17.3,0023.0
,,,,,18:49:34,0.99,7762,17.1,0022.9
,,,,,18:49:35,0.99,7779,17.1,0022.0
,,,,,18:49:36,0.99,7796,17.3,0022.3
,,,,,18:49:37,1.00,7814,17.1,0024.1
,,,,,18:49:38,1.00,7831,17.1,0022.6
,,,,,18:49:39,1.00,7848,17.1,0021.9
,,,,,18:49:40,0.99,7865,17.3,0023.4
,,,,,18:49:41,0.99,7882,17.1,0023.5
,,,,,18:49:42,0.99,7900,17.3,0023.1
,,,,,18:49:43,0.99,7917,17.1,0022.2
,,,,,18:49:44,1.00,7934,17.3,0022.9
,,,,,18:49:45,0.99,7951,17.3,0023.0
,,,,,18:49:46,0.99,7969,17.3,0022.5
,,,,,18:49:47,0.99,7986,17.3,0021.7
,,,,,18:49:48,0.99,8003,17.1,0022.3
,,,,,18:49:49,0.99,8020,17.3,0023.3
,,,,,18:49:50,0.99,8037,17.1,0022.3
,,,,,18:49:51,0.99,8055,17.3,0022.8
,,,,,18:49:52,0.99,8072,17.3,0023.6
,,,,,18:49:53,0.99,8089,17.1,0022.6
,,,,,18:49:54,0.99,8106,17.3,0022.8
,,,,,18:49:55,0.99,8124,17.1,0023.1
,,,,,18:49:56,0.99,8141,17.3,0023.7
,,,,,18:49:57,1.00,8158,17.3,0022.3
,,,,,18:49:58,1.00,8175,17.1,0021.7
,,,,,18:49:59,0.99,8192,17.3,0023.5
,,,,,18:50:00,0.99,8210,17.3,0023.0
,,,,,18:50:01,0.99,8227,17.3,0021.6
,,,,,18:50:02,0.99,8244,17.3,0022.6
,,,,,18:50:03,1.00,8261,17.3,0022.5
,,,,,18:50:04,1.00,8279,17.5,0021.5
,,,,,18:50:05,1.00,8296,17.5,0022.3
,,,,,18:50:06,1.00,8314,17.4,0022.8
,,,,,18:50:07,0.99,8331,17.5,0022.4
,,,,,18:50:08,0.99,8349,17.3,0022.0
,,,,,18:50:09,0.99,8366,17.5,0021.7
,,,,,18:50:10,0.99,8383,17.5,0022.8
,,,,,18:50:11,0.99,8401,17.3,0023.0
,,,,,18:50:12,0.99,8418,17.5,0022.2
,,,,,18:50:13,0.99,8436,17.3,0022.5
,,,,,18:50:14,0.99,8453,17.5,0021.9
,,,,,18:50:15,0.99,8470,17.4,0022.9
,,,,,18:50:16,0.99,8488,17.4,0021.7
,,,,,18:50:17,1.00,8505,17.5,0021.1
,,,,,18:50:18,0.99,8523,17.3,0021.7
,,,,,18:50:19,0.99,8540,17.5,0022.3
,,,,,18:50:20,0.99,8557,17.5,0021.8
,,,,,18:50:21,0.99,8575,17.4,0021.2
,,,,,18:50:22,1.00,8592,17.4,0021.8
,,,,,18:50:23,0.99,8610,17.5,0021.4
,,,,,18:50:24,1.00,8627,17.5,0021.3
,,,,,18:50:25,1.00,8645,17.4,0022.3
,,,,,18:50:26,1.00,8662,17.4,0021.5
,,,,,18:50:27,0.99,8679,17.5,0022.1
,,,,,18:50:28,0.99,8697,17.5,0021.3
,,,,,18:50:29,0.99,8714,17.3,0023.3
,,,,,18:50:30,0.99,8732,17.5,0022.7
,,,,,18:50:31,0.99,8749,17.4,0022.3
,,,,,18:50:32,0.99,8767,17.4,0022.6
,,,,,18:50:33,0.99,8784,17.5,0023.5
,,,,,18:50:34,0.99,8801,17.4,0023.0
,,,,,18:50:35,0.99,8819,17.4,0021.5
,,,,,18:50:36,0.99,8836,17.5,0022.3
,,,,,18:50:37,0.99,8854,17.4,0022.1
,,,,,18:50:38,0.99,8871,17.5,0022.1
,,,,,18:50:39,0.99,8889,17.3,0021.4
,,,,,18:50:40,0.99,8906,17.4,0023.0
,,,,,18:50:41,0.99,8923,17.3,0022.3
,,,,,18:50:42,0.99,8941,17.4,0022.8
,,,,,18:50:43,0.99,8958,17.4,0022.9
,,,,,18:50:44,0.99,8975,17.3,0022.3
,,,,,18:50:45,0.99,8993,17.3,0022.5
,,,,,18:50:46,0.99,9010,17.3,0022.4
,,,,,18:50:47,0.99,9027,17.4,0022.0
,,,,,18:50:48,0.99,9044,17.3,0022.6
,,,,,18:50:49,0.99,9062,17.3,0022.5
,,,,,18:50:50,0.99,9079,17.4,0022.5
,,,,,18:50:51,1.00,9096,17.3,0022.9
,,,,,18:50:52,0.99,9114,17.3,0022.8
,,,,,18:50:53,0.99,9131,17.3,0021.7
,,,,,18:50:54,0.99,9148,17.3,0022.6
,,,,,18:50:55,0.99,9165,17.3,0022.9
,,,,,18:50:56,0.99,9183,17.3,0022.8
,,,,,18:50:57,0.99,9200,17.1,0022.8
,,,,,18:50:58,0.99,9217,17.4,0023.4
,,,,,18:50:59,0.99,9234,17.4,0023.6
,,,,,18:51:00,0.99,9252,17.5,0022.7
,,,,,18:51:01,0.99,9269,17.4,0023.2
,,,,,18:51:02,0.99,9287,17.6,0022.7
,,,,,18:51:03,0.99,9304,17.8,0022.8
,,,,,18:51:04,1.00,9322,17.6,0024.1
,,,,,18:51:05,1.00,9340,17.9,0024.2
,,,,,18:51:06,0.99,9358,17.6,0023.0
,,,,,18:51:07,0.99,9375,17.8,0023.5
,,,,,18:51:08,0.99,9393,17.9,0023.7
,,,,,18:51:09,0.99,9411,17.8,0024.5
,,,,,18:51:10,0.99,9429,17.9,0024.2
,,,,,18:51:11,0.99,9447,17.9,0022.8
,,,,,18:51:12,0.99,9465,17.8,0024.1
,,,,,18:51:13,0.99,9482,17.8,0024.2
,,,,,18:51:14,0.99,9500,17.9,0024.9
,,,,,18:51:15,0.99,9518,17.9,0023.5
,,,,,18:51:16,0.99,9536,17.9,0023.6
,,,,,18:51:17,0.99,9554,17.8,0025.0
,,,,,18:51:18,0.99,9572,17.9,0024.7
,,,,,18:51:19,0.99,9590,17.9,0024.0
,,,,,18:51:20,0.99,9607,17.9,0023.2
,,,,,18:51:21,0.99,9625,18.2,0023.2
,,,,,18:51:22,0.99,9644,17.8,0024.5
,,,,,18:51:23,0.99,9661,18.2,0025.2
,,,,,18:51:24,0.99,9680,17.9,0024.9
,,,,,18:51:25,0.99,9697,18.1,0023.5
,,,,,18:51:26,0.99,9716,18.0,0024.4
,,,,,18:51:27,0.99,9734,18.1,0024.3
,,,,,18:51:28,0.99,9752,18.1,0024.0
,,,,,18:51:29,0.99,9770,18.2,0024.7
,,,,,18:51:30,0.99,9788,18.2,0024.5
,,,,,18:51:31,0.99,9806,18.0,0024.0
,,,,,18:51:32,0.99,9824,18.2,0024.2
,,,,,18:51:33,0.99,9842,18.2,0024.7
,,,,,18:51:34,0.99,9861,18.1,0025.3
,,,,,18:51:35,0.99,9879,18.3,0024.5
,,,,,18:51:36,0.99,9897,18.1,0024.3
,,,,,18:51:37,0.99,9915,18.2,0024.9
,,,,,18:51:38,0.99,9933,18.0,0025.1
,,,,,18:51:39,0.99,9951,18.2,0024.8
,,,,,18:51:40,0.99,9969,18.2,0024.8
,,,,,18:51:41,0.99,9988,18.2,0024.5
,,,,,18:51:42,0.99,10006,18.2,0024.9
,,,,,18:51:43,0.99,10024,18.2,0024.7
,,,,,18:51:44,0.99,10042,18.1,0024.7
,,,,,18:51:45,1.00,10060,18.2,0024.6
,,,,,18:51:46,1.00,10078,18.2,0024.9
,,,,,18:51:47,1.00,10097,18.2,0024.6
,,,,,18:51:48,0.99,10115,18.2,0023.9
,,,,,18:51:49,0.99,10133,18.0,0025.1
,,,,,18:51:50,0.99,10151,18.1,0024.6
,,,,,18:51:51,0.99,10169,17.9,0023.5
,,,,,18:51:52,0.99,10187,17.9,0023.8
,,,,,18:51:53,0.99,10205,18.0,0024.8
,,,,,18:51:54,0.99,10223,17.9,0025.1
,,,,,18:51:55,0.99,10241,17.9,0024.7
,,,,,18:51:56,0.99,10259,18.1,0024.0
,,,,,18:51:57,0.99,10277,17.9,0023.9
,,,,,18:51:58,0.99,10295,17.9,0024.2
,,,,,18:51:59,0.99,10313,18.0,0024.5
,,,,,18:52:00,0.99,10331,18.1,0025.2
,,,,,18:52:01,0.99,10349,17.9,0024.2
,,,,,18:52:02,0.99,10367,17.9,0024.6
,,,,,18:52:03,0.99,10385,18.0,0023.5
,,,,,18:52:04,0.99,10403,18.1,0023.7
,,,,,18:52:05,0.99,10421,17.9,0023.5
,,,,,18:52:06,0.99,10439,17.9,0025.0
,,,,,18:52:07,0.99,10457,17.9,0024.5
,,,,,18:52:08,0.99,10475,18.2,0023.8
,,,,,18:52:09,0.99,10493,17.9,0024.0
,,,,,18:52:10,0.99,10511,18.0,0024.0
,,,,,18:52:11,1.00,10529,17.9,0024.3
,,,,,18:52:12,0.99,10547,18.1,0024.2
,,,,,18:52:13,0.99,10565,17.9,0024.2
,,,,,18:52:14,0.99,10583,18.0,0024.3
,,,,,18:52:15,0.99,10601,17.9,0024.4
,,,,,18:52:16,0.99,10619,18.1,0023.8
,,,,,18:52:17,0.99,10637,17.9,0024.2
,,,,,18:52:18,0.99,10655,17.9,0025.2
,,,,,18:52:19,0.99,10673,18.2,0023.6
,,,,,18:52:20,0.99,10691,17.9,0023.3
,,,,,18:52:21,0.99,10709,17.9,0024.2
,,,,,18:52:22,0.99,10727,17.9,0024.0
,,,,,18:52:23,0.99,10745,18.2,0024.9
,,,,,18:52:24,0.99,10763,17.9,0023.8
,,,,,18:52:25,0.99,10781,17.9,0024.7
,,,,,18:52:26,0.99,10799,18.2,0024.5
,,,,,18:52:27,0.99,10817,17.9,0023.9
,,,,,18:52:28,0.99,10835,17.9,0023.9
,,,,,18:52:29,0.99,10853,18.2,0023.5
,,,,,18:52:30,0.99,10871,17.9,0025.0
,,,,,18:52:31,0.99,10889,17.9,0023.8
,,,,,18:52:32,0.99,10907,17.9,0024.0
,,,,,18:52:33,0.99,10925,18.0,0023.2
,,,,,18:52:34,0.99,10943,18.1,0023.6
,,,,,18:52:35,0.99,10961,18.0,0024.8
,,,,,18:52:36,0.99,10979,17.9,0024.4
,,,,,18:52:37,0.99,10997,17.9,0024.0
,,,,,18:52:38,0.99,11015,18.1,0024.3
,,,,,18:52:39,0.99,11033,18.0,0025.4
,,,,,18:52:40,0.99,11051,17.9,0024.8
,,,,,18:52:41,0.99,11069,18.1,0024.2
,,,,,18:52:42,0.99,11087,18.0,0024.5
,,,,,18:52:43,0.99,11105,17.9,0024.6
,,,,,18:52:44,0.99,11123,17.9,0024.9
,,,,,18:52:45,0.99,11141,18.2,0024.6
,,,,,18:52:46,0.99,11159,17.9,0024.4
,,,,,18:52:47,0.99,11177,17.9,0023.9
,,,,,18:52:48,0.99,11195,18.2,0023.7
,,,,,18:52:49,0.99,11213,17.9,0023.8
,,,,,18:52:50,0.99,11231,17.9,0023.6
,,,,,18:52:51,0.99,11249,18.0,0024.3
,,,,,18:52:52,0.99,11267,18.1,0024.4
,,,,,18:52:53,0.99,11285,17.9,0023.7
,,,,,18:52:54,0.99,11303,17.9,0024.2
,,,,,18:52:55,0.99,11321,17.9,0024.8
,,,,,18:52:56,0.99,11339,18.1,0024.2
,,,,,18:52:57,0.99,11357,18.0,0024.4
,,,,,18:52:58,0.99,11375,17.9,0024.2
,,,,,18:52:59,0.99,11393,17.9,0024.5
,,,,,18:53:00,0.99,11411,18.2,0023.8
,,,,,18:53:01,0.99,11429,17.9,0023.3
,,,,,18:53:02,0.99,11447,17.9,0023.8
,,,,,18:53:03,0.99,11465,18.2,0024.4
,,,,,18:53:04,0.99,11483,17.9,0024.5
,,,,,18:53:05,0.99,11501,17.9,0024.5
,,,,,18:53:06,0.99,11519,18.0,0024.2
,,,,,18:53:07,0.99,11537,18.1,0024.8
,,,,,18:53:08,0.99,11555,17.9,0024.0
,,,,,18:53:09,0.99,11573,18.0,0024.0
,,,,,18:53:10,0.99,11591,18.1,0023.8
,,,,,18:53:11,0.99,11609,17.9,0024.5
,,,,,18:53:12,0.99,11627,17.9,0023.4
,,,,,18:53:13,0.99,11645,17.9,0024.0
,,,,,18:53:14,1.00,11663,18.2,0024.1
,,,,,18:53:15,1.00,11681,17.9,0024.1
,,,,,18:53:16,1.00,11699,18.0,0024.2
,,,,,18:53:17,0.99,11717,18.1,0024.6
,,,,,18:53:18,0.99,11735,18.0,0023.4
,,,,,18:53:19,0.99,11753,17.9,0022.7
,,,,,18:53:20,0.99,11771,18.2,0023.5
,,,,,18:53:21,0.99,11789,17.9,0024.8
,,,,,18:53:22,0.99,11807,17.9,0024.7
,,,,,18:53:23,0.99,11825,17.9,0024.3
,,,,,18:53:24,0.99,11843,18.2,0023.2
,,,,,18:53:25,0.99,11861,17.9,0023.9
,,,,,18:53:26,0.99,11879,17.9,0024.2
,,,,,18:53:27,0.99,11897,18.1,0025.0
,,,,,18:53:28,0.99,11915,18.0,0024.6
,,,,,18:53:29,0.99,11933,17.9,0024.5
,,,,,18:53:30,0.99,11951,18.0,0024.0
,,,,,18:53:31,0.99,11969,17.9,0023.7
,,,,,18:53:32,0.99,11987,18.1,0023.9
,,,,,18:53:33,0.99,12005,17.9,0024.7
,,,,,18:53:34,0.99,12023,18.0,0024.5
,,,,,18:53:35,0.99,12041,18.1,0024.9
,,,,,18:53:36,0.99,12059,18.0,0024.4
,,,,,18:53:37,0.99,12077,17.9,0024.3
,,,,,18:53:38,0.99,12095,18.1,0024.4
,,,,,18:53:39,0.99,12113,17.9,0024.9
,,,,,18:53:40,0.99,12131,18.0,0024.0
,,,,,18:53:41,0.99,12149,18.1,0024.2
,,,,,18:53:42,0.99,12167,18.0,0024.9
,,,,,18:53:43,1.00,12185,17.9,0024.5
,,,,,18:53:44,0.99,12203,18.1,0024.5
,,,,,18:53:45,0.99,12221,18.0,0024.5
,,,,,18:53:46,0.99,12239,17.9,0024.5
,,,,,18:53:47,0.99,12257,18.0,0023.8
,,,,,18:53:48,0.99,12275,18.1,0024.3
,,,,,18:53:49,0.99,12293,17.9,0024.3
,,,,,18:53:50,0.99,12311,18.2,0024.5
,,,,,18:53:51,0.99,12329,17.9,0024.1
,,,,,18:53:52,0.99,12347,17.9,0025.2
,,,,,18:53:53,0.99,12365,18.2,0024.0
,,,,,18:53:54,0.99,12383,18.0,0024.6
,,,,,18:53:55,0.99,12401,17.9,0024.5
,,,,,18:53:56,0.99,12419,18.1,0025.1
,,,,,18:53:57,0.99,12437,18.0,0024.4
,,,,,18:53:58,0.99,12455,17.9,0024.5
,,,,,18:53:59,0.99,12473,18.2,0024.2
,,,,,18:54:00,0.99,12491,17.9,0025.0
,,,,,18:54:01,0.99,12509,18.0,0023.7
,,,,,18:54:02,0.99,12527,18.1,0024.8
,,,,,18:54:03,0.99,12545,18.0,0023.8
,,,,,18:54:04,0.99,12563,17.9,0024.4
,,,,,18:54:05,0.99,12581,18.1,0024.2
,,,,,18:54:06,0.99,12599,18.0,0024.0
,,,,,18:54:07,0.99,12618,18.1,0023.7
,,,,,18:54:08,0.99,12636,18.0,0024.1
,,,,,18:54:09,0.99,12654,17.9,0024.0
,,,,,18:54:10,0.99,12672,18.2,0023.9
,,,,,18:54:11,0.99,12690,17.9,0024.3
,,,,,18:54:12,0.99,12708,18.0,0024.2
,,,,,18:54:13,0.99,12726,18.1,0024.5
,,,,,18:54:14,0.99,12744,18.0,0024.9
,,,,,18:54:15,0.99,12762,17.9,0023.5
,,,,,18:54:16,0.99,12780,18.2,0023.1
,,,,,18:54:17,0.99,12798,17.9,0024.2
,,,,,18:54:18,0.99,12816,18.1,0024.9
,,,,,18:54:19,0.99,12834,18.0,0024.4
,,,,,18:54:20,0.99,12852,18.2,0023.7
,,,,,18:54:21,0.99,12870,17.9,0024.2
,,,,,18:54:22,0.99,12888,18.0,0024.8
,,,,,18:54:23,0.99,12906,18.1,0024.5
,,,,,18:54:24,0.99,12924,17.9,0024.2
,,,,,18:54:25,0.99,12942,18.0,0024.9
,,,,,18:54:26,0.99,12960,18.2,0024.4
,,,,,18:54:27,1.00,12978,17.9,0024.7
,,,,,18:54:28,1.00,12996,17.9,0024.1
,,,,,18:54:29,1.00,13014,18.2,0024.4
,,,,,18:54:30,0.99,13032,17.9,0024.3
,,,,,18:54:31,0.99,13050,17.9,0024.2
,,,,,18:54:32,0.99,13068,18.2,0024.3
,,,,,18:54:33,0.99,13086,17.9,0023.9
,,,,,18:54:34,0.99,13104,18.2,0024.0
,,,,,18:54:35,0.99,13123,17.9,0023.6
,,,,,18:54:36,0.99,13140,18.2,0024.7
,,,,,18:54:37,0.99,13159,17.9,0023.9
,,,,,18:54:38,0.99,13177,18.0,0024.5
,,,,,18:54:39,0.99,13195,18.1,0024.2
,,,,,18:54:40,0.99,13213,17.9,0024.4
,,,,,18:54:41,0.99,13231,18.0,0024.8
,,,,,18:54:42,0.99,13249,18.2,0024.2
,,,,,18:54:43,0.99,13267,17.9,0023.8
,,,,,18:54:44,0.99,13285,17.9,0024.5
,,,,,18:54:45,0.99,13303,18.2,0024.7
,,,,,18:54:46,0.99,13321,18.0,0023.6
,,,,,18:54:47,0.99,13339,18.1,0024.8
,,,,,18:54:48,0.99,13357,18.0,0023.9
,,,,,18:54:49,0.99,13375,18.1,0023.9
,,,,,18:54:50,0.99,13393,18.0,0025.2
,,,,,18:54:51,0.99,13411,17.9,0024.7
,,,,,18:54:52,0.99,13429,18.2,0024.6
,,,,,18:54:53,0.99,13447,18.0,0024.6
,,,,,18:54:54,0.99,13465,17.9,0024.4
,,,,,18:54:55,0.99,13483,18.2,0023.5
,,,,,18:54:56,0.99,13501,17.9,0023.5
,,,,,18:54:57,0.99,13519,18.2,0023.4
,,,,,18:54:58,0.99,13538,17.9,0024.1
,,,,,18:54:59,0.99,13555,18.2,0024.5
,,,,,18:55:00,0.99,13574,18.0,0023.7
,,,,,18:55:01,0.99,13592,17.9,0024.5
,,,,,18:55:02,0.99,13610,18.2,0024.5
,,,,,18:55:03,0.99,13628,17.9,0024.3
,,,,,18:55:04,0.99,13646,18.2,0023.6
,,,,,18:55:05,0.99,13664,17.9,0023.8
,,,,,18:55:06,0.99,13682,18.0,0024.2
,,,,,18:55:07,0.99,13700,18.1,0024.2
,,,,,18:55:08,0.99,13718,18.0,0024.1
,,,,,18:55:09,0.99,13736,18.1,0024.6
,,,,,18:55:10,0.99,13754,18.0,0024.0
,,,,,18:55:11,0.99,13772,18.2,0024.5
,,,,,18:55:12,0.99,13790,17.9,0024.3
,,,,,18:55:13,0.99,13808,18.2,0023.7
,,,,,18:55:14,0.99,13826,17.9,0024.5
,,,,,18:55:15,0.99,13844,18.0,0024.3
,,,,,18:55:16,0.99,13862,18.1,0023.8
,,,,,18:55:17,0.99,13880,18.0,0024.4
,,,,,18:55:18,0.99,13898,18.1,0024.6
,,,,,18:55:19,0.99,13917,18.0,0024.2
,,,,,18:55:20,0.99,13935,18.1,0024.7
,,,,,18:55:21,1.00,13953,18.0,0024.2
,,,,,18:55:22,1.00,13971,18.1,0023.8
,,,,,18:55:23,1.00,13989,18.0,0024.7
,,,,,18:55:24,0.99,14007,18.0,0024.6
,,,,,18:55:25,0.99,14025,18.1,0024.6
,,,,,18:55:26,0.99,14043,18.0,0023.7
,,,,,18:55:27,0.99,14061,18.1,0025.1
,,,,,18:55:28,0.99,14079,18.0,0024.4
,,,,,18:55:29,0.99,14097,18.2,0024.7
,,,,,18:55:30,0.99,14115,18.1,0024.2
,,,,,18:55:31,0.99,14133,18.0,0024.8
,,,,,18:55:32,0.99,14151,18.0,0023.7
,,,,,18:55:33,0.99,14169,18.1,0024.2
,,,,,18:55:34,1.00,14187,18.0,0023.9
,,,,,18:55:35,1.00,14205,18.1,0024.0
,,,,,18:55:36,0.99,14224,18.0,0023.9
,,,,,18:55:37,0.99,14242,18.2,0023.8
,,,,,18:55:38,0.99,14260,17.9,0024.7
,,,,,18:55:39,0.99,14278,18.2,0024.5
,,,,,18:55:40,0.99,14296,18.0,0024.5
,,,,,18:55:41,0.99,14314,18.1,0023.8
,,,,,18:55:42,0.99,14332,18.0,0023.8
,,,,,18:55:43,0.99,14350,18.2,0023.8
,,,,,18:55:44,0.99,14368,17.9,0023.6
,,,,,18:55:45,0.99,14386,18.0,0024.9
,,,,,18:55:46,0.99,14404,18.1,0024.3
,,,,,18:55:47,0.99,14422,18.2,0023.3
,,,,,18:55:48,0.99,14440,17.9,0023.8
,,,,,18:55:49,0.99,14458,18.2,0023.9
,,,,,18:55:50,0.99,14477,18.0,0024.6
,,,,,18:55:51,0.99,14495,18.1,0024.4
,,,,,18:55:52,0.99,14513,18.0,0024.1
,,,,,18:55:53,0.99,14531,18.2,0023.5
,,,,,18:55:54,0.99,14549,18.0,0023.5
,,,,,18:55:55,0.99,14567,18.1,0023.9
,,,,,18:55:56,0.99,14585,18.0,0024.8
,,,,,18:55:57,0.99,14603,18.2,0024.0
,,,,,18:55:58,0.99,14621,17.9,0024.8
,,,,,18:55:59,0.99,14639,18.2,0024.4
,,,,,18:56:00,0.99,14657,18.0,0024.1
,,,,,18:56:01,0.99,14675,18.1,0023.6
,,,,,18:56:02,0.99,14693,18.0,0024.2
,,,,,18:56:03,0.99,14711,18.2,0024.2
,,,,,18:56:04,0.99,14730,17.9,0023.7
,,,,,18:56:05,1.00,14748,18.2,0024.5
,,,,,18:56:06,1.00,14766,17.9,0024.6
,,,,,18:56:07,1.00,14784,18.2,0023.8
,,,,,18:56:08,0.99,14802,18.0,0024.7
,,,,,18:56:09,0.99,14820,18.2,0024.2
,,,,,18:56:10,0.99,14838,18.0,0024.1
,,,,,18:56:11,0.99,14856,18.1,0024.2
,,,,,18:56:12,0.99,14874,18.0,0024.2
,,,,,18:56:13,0.99,14892,18.2,0024.0
,,,,,18:56:14,0.99,14910,18.1,0023.9
,,,,,18:56:15,0.99,14928,18.0,0023.8
,,,,,18:56:16,0.99,14946,18.0,0024.2
,,,,,18:56:17,0.99,14965,18.2,0024.7
,,,,,18:56:18,0.99,14983,17.9,0024.5
,,,,,18:56:19,0.99,15001,18.2,0023.1
,,,,,18:56:20,0.99,15019,18.2,0023.7
,,,,,18:56:21,0.99,15037,17.9,0024.1
,,,,,18:56:22,0.99,15055,18.0,0024.5
,,,,,18:56:23,0.99,15073,18.2,0023.5
,,,,,18:56:24,0.99,15091,18.2,0024.2
,,,,,18:56:25,0.99,15109,17.9,0023.5
,,,,,18:56:26,0.99,15127,18.2,0024.6
,,,,,18:56:27,0.99,15145,18.0,0024.0
,,,,,18:56:28,0.99,15163,18.2,0023.6
,,,,,18:56:29,0.99,15182,17.9,0023.5
,,,,,18:56:30,0.99,15200,18.2,0024.4
,,,,,18:56:31,0.99,15218,18.0,0024.4
,,,,,18:56:32,0.99,15236,18.2,0024.4
,,,,,18:56:33,0.99,15254,18.1,0023.4
,,,,,18:56:34,0.99,15272,18.0,0024.2
,,,,,18:56:35,0.99,15290,18.2,0023.6
,,,,,18:56:36,0.99,15308,18.0,0024.3
,,,,,18:56:37,0.99,15326,18.2,0023.8
,,,,,18:56:38,0.99,15344,18.2,0023.0
,,,,,18:56:39,0.99,15363,17.9,0024.2
,,,,,18:56:40,0.99,15381,18.0,0024.8
,,,,,18:56:41,0.99,15399,18.2,0023.6
,,,,,18:56:42,0.99,15417,18.1,0023.6
,,,,,18:56:43,0.99,15435,18.0,0023.5
,,,,,18:56:44,0.99,15453,18.2,0023.2
,,,,,18:56:45,0.99,15471,18.0,0024.0
,,,,,18:56:46,0.99,15489,18.2,0023.2
,,,,,18:56:47,0.99,15507,18.1,0023.7
,,,,,18:56:48,0.99,15525,18.0,0024.7
,,,,,18:56:49,0.99,15543,18.2,0023.6
,,,,,18:56:50,0.99,15562,18.0,0023.6
,,,,,18:56:51,0.99,15580,18.2,0023.6
,,,,,18:56:52,0.99,15598,17.9,0023.4
,,,,,18:56:53,0.99,15616,18.2,0024.3
,,,,,18:56:54,1.00,15634,18.0,0024.7
,,,,,18:56:55,1.00,15652,18.2,0024.0
,,,,,18:56:56,0.99,15670,18.0,0024.1
,,,,,18:56:57,0.99,15688,18.1,0023.0
,,,,,18:56:58,0.99,15706,18.2,0024.1
,,,,,18:56:59,0.99,15724,18.0,0023.8
,,,,,18:57:00,0.99,15742,18.2,0024.6
,,,,,18:57:01,0.99,15761,18.0,0023.8
,,,,,18:57:02,0.99,15779,18.2,0023.0
,,,,,18:57:03,0.99,15797,18.2,0023.3
,,,,,18:57:04,0.99,15815,18.0,0024.1
,,,,,18:57:05,0.99,15833,18.2,0024.0
,,,,,18:57:06,0.99,15851,18.2,0024.0
,,,,,18:57:07,0.99,15869,18.0,0023.4
,,,,,18:57:08,0.99,15888,18.2,0024.2
,,,,,18:57:09,0.99,15906,18.0,0023.7
,,,,,18:57:10,0.99,15924,18.2,0023.7
,,,,,18:57:11,0.99,15942,18.0,0023.8
,,,,,18:57:12,0.99,15960,18.1,0023.6
,,,,,18:57:13,0.99,15978,18.2,0024.3
,,,,,18:57:14,0.99,15996,18.0,0023.4
,,,,,18:57:15,0.99,16014,18.2,0023.8
,,,,,18:57:16,0.99,16032,18.0,0024.0
,,,,,18:57:17,0.99,16050,18.2,0024.6
,,,,,18:57:18,0.99,16069,17.9,0024.9
,,,,,18:57:19,0.99,16087,18.3,0024.5
,,,,,18:57:20,0.99,16105,18.1,0024.9
,,,,,18:57:21,0.99,16123,18.0,0024.1
,,,,,18:57:22,0.99,16141,18.2,0023.5
,,,,,18:57:23,0.99,16159,18.2,0023.3
,,,,,18:57:24,0.99,16177,18.0,0024.9
,,,,,18:57:25,0.99,16195,18.2,0024.7
,,,,,18:57:26,0.99,16214,18.0,0024.1
,,,,,18:57:27,0.99,16232,18.2,0023.2
,,,,,18:57:28,0.99,16250,18.1,0023.8
,,,,,18:57:29,0.99,16268,18.0,0023.7
,,,,,18:57:30,0.99,16286,18.2,0024.7
,,,,,18:57:31,0.99,16304,18.2,0023.4
,,,,,18:57:32,0.99,16322,17.9,0023.6
,,,,,18:57:33,0.99,16340,18.2,0024.4
,,,,,18:57:34,0.99,16358,18.0,0024.2
,,,,,18:57:35,0.99,16376,18.2,0024.4
,,,,,18:57:36,0.99,16395,18.0,0024.3
,,,,,18:57:37,0.99,16413,18.2,0023.4
,,,,,18:57:38,0.99,16431,18.2,0024.3
,,,,,18:57:39,0.99,16449,18.0,0023.8
,,,,,18:57:40,0.99,16467,18.1,0023.6
,,,,,18:57:41,0.99,16485,18.2,0024.1
,,,,,18:57:42,0.99,16503,18.2,0024.3
,,,,,18:57:43,0.99,16521,18.0,0024.2
,,,,,18:57:44,0.99,16539,18.2,0023.2
,,,,,18:57:45,0.99,16558,18.2,0023.8
,,,,,18:57:46,0.99,16576,18.0,0024.0
,,,,,18:57:47,0.99,16594,18.2,0023.8
,,,,,18:57:48,0.99,16612,18.0,0024.0
,,,,,18:57:49,0.99,16630,18.2,0024.6
,,,,,18:57:50,0.99,16648,18.0,0024.2
,,,,,18:57:51,0.99,16666,18.2,0023.6
,,,,,18:57:52,0.99,16684,18.2,0023.5
,,,,,18:57:53,0.99,16703,17.9,0024.5
,,,,,18:57:54,0.99,16721,18.2,0024.2
,,,,,18:57:55,1.00,16739,18.2,0023.6
,,,,,18:57:56,1.00,16757,18.0,0023.8
,,,,,18:57:57,1.00,16775,18.2,0024.7
,,,,,18:57:58,0.99,16793,18.2,0024.4
,,,,,18:57:59,0.99,16811,18.2,0024.5
,,,,,18:58:00,0.99,16830,18.0,0024.4
,,,,,18:58:01,0.99,16848,18.2,0024.9
,,,,,18:58:02,0.99,16866,18.2,0024.7
,,,,,18:58:03,0.99,16884,18.0,0024.4
,,,,,18:58:04,0.99,16902,18.2,0024.5
,,,,,18:58:05,0.99,16920,18.2,0024.0
,,,,,18:58:06,1.00,16938,18.0,0024.8
,,,,,18:58:07,1.00,16956,18.1,0024.5
,,,,,18:58:08,0.99,16974,18.2,0024.6
,,,,,18:58:09,0.99,16993,18.0,0024.0
,,,,,18:58:10,0.99,17011,18.2,0023.9
,,,,,18:58:11,0.99,17029,18.0,0024.4
,,,,,18:58:12,0.99,17047,18.2,0024.0
,,,,,18:58:13,0.99,17065,18.2,0023.8
,,,,,18:58:14,0.99,17083,17.9,0023.9
,,,,,18:58:15,0.99,17101,18.3,0024.8
,,,,,18:58:16,0.99,17119,18.1,0023.8
,,,,,18:58:17,0.99,17138,18.0,0023.3
,,,,,18:58:18,0.99,17156,18.2,0024.4
,,,,,18:58:19,0.99,17174,18.0,0024.1
,,,,,18:58:20,1.00,17192,18.2,0023.1
,,,,,18:58:21,0.99,17210,18.0,0023.9
,,,,,18:58:22,0.99,17228,18.2,0024.0
,,,,,18:58:23,0.99,17246,18.2,0023.1
,,,,,18:58:24,0.99,17264,18.0,0023.3
,,,,,18:58:25,0.99,17282,18.2,0024.2
,,,,,18:58:26,0.99,17301,18.2,0024.2
,,,,,18:58:27,0.99,17319,18.0,0024.3
,,,,,18:58:28,0.99,17337,18.2,0023.8
,,,,,18:58:29,0.99,17355,18.2,0023.6
,,,,,18:58:30,0.99,17373,18.0,0023.9
,,,,,18:58:31,0.99,17391,18.2,0024.9
,,,,,18:58:32,0.99,17409,18.0,0024.9
,,,,,18:58:33,0.99,17427,18.2,0024.2
,,,,,18:58:34,0.99,17446,18.0,0023.5
,,,,,18:58:35,0.99,17464,18.2,0024.0
,,,,,18:58:36,0.99,17482,18.2,0024.3
,,,,,18:58:37,0.99,17500,18.0,0023.7
,,,,,18:58:38,0.99,17518,18.2,0024.2
,,,,,18:58:39,0.99,17536,18.0,0024.2
,,,,,18:58:40,0.99,17554,18.2,0023.6
,,,,,18:58:41,0.99,17572,18.2,0023.3
,,,,,18:58:42,0.99,17591,18.0,0024.3
,,,,,18:58:43,0.99,17609,18.2,0024.9
,,,,,18:58:44,0.99,17627,18.1,0024.2
,,,,,18:58:45,0.99,17645,18.1,0023.3
,,,,,18:58:46,0.99,17663,18.2,0023.9
,,,,,18:58:47,1.00,17681,18.0,0023.9
,,,,,18:58:48,1.00,17699,18.3,0023.8
,,,,,18:58:49,1.00,17718,18.1,0024.0
,,,,,18:58:50,1.00,17736,18.0,0024.2
,,,,,18:58:51,0.99,17754,18.2,0023.4
,,,,,18:58:52,0.99,17772,18.2,0023.1
,,,,,18:58:53,0.99,17790,18.0,0023.3
,,,,,18:58:54,1.00,17808,18.2,0024.3
,,,,,18:58:55,1.00,17826,18.0,0024.5
,,,,,18:58:56,0.99,17844,18.2,0023.7
,,,,,18:58:57,0.99,17862,18.2,0023.1
,,,,,18:58:58,0.99,17881,18.0,0023.0
,,,,,18:58:59,0.99,17899,18.2,0023.1
,,,,,18:59:00,0.99,17917,18.2,0024.4
,,,,,18:59:01,0.99,17935,18.0,0023.4
,,,,,18:59:02,0.99,17953,18.2,0023.8
,,,,,18:59:03,0.99,17971,18.3,0023.1
,,,,,18:59:04,0.99,17990,18.2,0023.8
,,,,,18:59:05,0.99,18008,18.0,0023.4
,,,,,18:59:06,0.99,18026,18.2,0023.6
,,,,,18:59:07,1.00,18044,18.2,0023.9
,,,,,18:59:08,0.99,18062,18.3,0023.9
,,,,,18:59:09,0.99,18080,18.3,0023.4
,,,,,18:59:10,0.99,18099,18.2,0024.2
,,,,,18:59:11,0.99,18117,18.3,0023.2
,,,,,18:59:12,0.99,18135,18.3,0022.9
,,,,,18:59:13,0.99,18153,18.4,0023.5
,,,,,18:59:14,0.99,18172,18.3,0023.0
,,,,,18:59:15,0.99,18190,18.3,0023.3
,,,,,18:59:16,0.99,18208,18.4,0023.4
,,,,,18:59:17,0.99,18227,18.3,0022.6
,,,,,18:59:18,0.99,18245,18.3,0024.0
,,,,,18:59:19,0.99,18263,18.3,0022.7
,,,,,18:59:20,0.99,18282,18.3,0023.6
,,,,,18:59:21,0.99,18300,18.3,0022.4
,,,,,18:59:22,0.99,18318,18.3,0023.4
,,,,,18:59:23,0.99,18337,18.3,0023.7
,,,,,18:59:24,0.99,18355,18.3,0022.7
,,,,,18:59:25,0.99,18373,18.3,0023.4
,,,,,18:59:26,0.99,18391,18.4,0024.2
,,,,,18:59:27,0.99,18410,18.3,0023.6
,,,,,18:59:28,0.99,18428,18.3,0022.9
,,,,,18:59:29,0.99,18446,18.3,0023.5
,,,,,18:59:30,0.99,18465,18.3,0024.4
,,,,,18:59:31,0.99,18483,18.3,0023.6
,,,,,18:59:32,0.99,18501,18.3,0023.2
,,,,,18:59:33,0.99,18520,18.3,0023.4
,,,,,18:59:34,0.99,18538,18.3,0024.4
,,,,,18:59:35,0.99,18556,18.3,0023.9
,,,,,18:59:36,0.99,18574,18.3,0023.0
,,,,,18:59:37,0.99,18593,18.3,0022.8
,,,,,18:59:38,1.00,18611,18.3,0023.8
,,,,,18:59:39,0.99,18629,18.3,0023.3
,,,,,18:59:40,0.99,18648,18.3,0023.6
,,,,,18:59:41,0.99,18666,18.3,0022.9
,,,,,18:59:42,0.99,18684,18.3,0023.5
,,,,,18:59:43,0.99,18703,18.3,0024.3
,,,,,18:59:44,0.99,18721,18.4,0022.8
,,,,,18:59:45,0.99,18739,18.3,0023.4
,,,,,18:59:46,0.99,18758,18.4,0023.8
,,,,,18:59:47,0.99,18776,18.2,0022.7
,,,,,18:59:48,0.99,18794,18.4,0023.1
,,,,,18:59:49,0.99,18813,18.3,0023.0
,,,,,18:59:50,0.99,18831,18.3,0023.5
,,,,,18:59:51,0.99,18849,18.2,0023.7
,,,,,18:59:52,0.99,18867,18.3,0023.2
,,,,,18:59:53,0.99,18886,18.4,0023.2
,,,,,18:59:54,0.99,18904,18.3,0024.0
,,,,,18:59:55,0.99,18922,18.3,0022.8
,,,,,18:59:56,0.99,18941,18.3,0024.1
,,,,,18:59:57,0.99,18959,18.3,0024.4
,,,,,18:59:58,0.99,18977,18.3,0023.7
,,,,,18:59:59,0.99,18995,18.3,0023.7
,,,,,19:00:00,0.99,19014,18.3,0023.5
,,,,,19:00:01,0.99,19032,18.4,0024.0
,,,,,19:00:02,0.99,19050,18.3,0023.3
,,,,,19:00:03,0.99,19069,18.3,0023.6
,,,,,19:00:04,0.99,19087,18.3,0023.5
,,,,,19:00:05,0.99,19105,18.3,0022.9
,,,,,19:00:06,0.99,19124,18.4,0023.2
,,,,,19:00:07,0.99,19142,18.3,0024.1
,,,,,19:00:08,0.99,19160,18.4,0022.4
,,,,,19:00:09,0.99,19179,18.3,0023.2
,,,,,19:00:10,0.99,19197,18.4,0023.3
,,,,,19:00:11,0.99,19215,18.3,0022.8
,,,,,19:00:12,0.99,19234,18.3,0024.5
,,,,,19:00:13,0.99,19252,18.3,0023.4
,,,,,19:00:14,0.99,19270,18.4,0024.2
,,,,,19:00:15,0.99,19289,18.3,0024.0
,,,,,19:00:16,0.99,19307,18.3,0022.7
,,,,,19:00:17,0.99,19325,18.3,0023.5
,,,,,19:00:18,0.99,19344,18.4,0024.2
,,,,,19:00:19,0.99,19362,18.3,0022.7
,,,,,19:00:20,0.99,19380,18.3,0023.8
,,,,,19:00:21,0.99,19399,18.3,0024.5
,,,,,19:00:22,0.99,19417,18.3,0024.3
,,,,,19:00:23,0.99,19435,18.3,0023.4
,,,,,19:00:24,0.99,19453,18.4,0022.9
,,,,,19:00:25,0.99,19472,18.3,0023.3
,,,,,19:00:26,0.99,19490,18.3,0023.0
,,,,,19:00:27,0.99,19509,18.3,0023.1
,,,,,19:00:28,0.99,19527,18.3,0023.7
,,,,,19:00:29,0.99,19545,18.3,0022.7
,,,,,19:00:30,0.99,19563,18.3,0023.5
,,,,,19:00:31,1.00,19582,18.4,0023.4
,,,,,19:00:32,0.99,19600,18.3,0022.8
,,,,,19:00:33,0.99,19618,18.3,0024.1
,,,,,19:00:34,0.99,19637,18.3,0023.2
,,,,,19:00:35,0.99,19655,18.4,0023.0
,,,,,19:00:36,0.99,19673,18.3,0023.8
,,,,,19:00:37,0.99,19692,18.3,0022.6
,,,,,19:00:38,0.99,19710,18.3,0023.8
,,,,,19:00:39,0.99,19728,18.4,0023.7
,,,,,19:00:40,0.99,19747,18.3,0022.5
,,,,,19:00:41,0.99,19765,18.3,0023.5
,,,,,19:00:42,0.99,19783,18.4,0023.3
,,,,,19:00:43,0.99,19802,18.4,0023.1
,,,,,19:00:44,0.99,19820,18.3,0024.2
,,,,,19:00:45,0.99,19838,18.3,0024.0
,,,,,19:00:46,0.99,19857,18.3,0023.8
,,,,,19:00:47,0.99,19875,18.2,0024.3
,,,,,19:00:48,0.99,19893,18.4,0023.9
,,,,,19:00:49,0.99,19912,18.4,0023.4
,,,,,19:00:50,0.99,19930,18.3,0022.8
,,,,,19:00:51,0.99,19948,18.3,0023.3
,,,,,19:00:52,0.99,19967,18.2,0023.8
,,,,,19:00:53,1.00,19985,18.5,0023.1
,,,,,19:00:54,1.00,20003,18.2,0023.7
,,,,,19:00:55,0.99,20021,18.3,0023.2
,,,,,19:00:56,0.99,20040,18.3,0022.3
,,,,,19:00:57,0.99,20058,18.3,0023.8
,,,,,19:00:58,0.99,20076,18.3,0023.4
,,,,,19:00:59,0.99,20095,18.3,0022.8
,,,,,19:01:00,0.99,20113,18.4,0024.5
,,,,,19:01:01,0.99,20131,18.3,0022.8
,,,,,19:01:02,0.99,20150,18.3,0022.8
,,,,,19:01:03,0.99,20168,18.4,0023.3
,,,,,19:01:04,0.99,20186,18.3,0023.3
,,,,,19:01:05,0.99,20205,18.3,0023.7
,,,,,19:01:06,1.00,20223,18.3,0022.8
,,,,,19:01:07,1.00,20241,18.4,0023.3
,,,,,19:01:08,1.00,20260,18.3,0024.0
,,,,,19:01:09,1.00,20278,18.3,0023.2
,,,,,19:01:10,0.99,20296,18.3,0023.7
,,,,,19:01:11,0.99,20314,18.3,0023.5
,,,,,19:01:12,0.99,20333,18.4,0023.7
,,,,,19:01:13,0.99,20351,18.3,0023.5
,,,,,19:01:14,0.99,20369,18.3,0022.7
,,,,,19:01:15,0.99,20388,18.3,0023.5
,,,,,19:01:16,0.99,20406,18.3,0023.7
,,,,,19:01:17,0.99,20424,18.4,0023.5
,,,,,19:01:18,0.99,20443,18.3,0023.1
,,,,,19:01:19,0.99,20461,18.3,0023.8
,,,,,19:01:20,0.99,20479,18.3,0022.7
,,,,,19:01:21,0.99,20498,18.4,0024.0
,,,,,19:01:22,0.99,20516,18.3,0023.2
,,,,,19:01:23,0.99,20534,18.3,0022.5
,,,,,19:01:24,0.99,20553,18.3,0023.7
,,,,,19:01:25,0.99,20571,18.4,0023.6
,,,,,19:01:26,0.99,20589,18.3,0023.4
,,,,,19:01:27,0.99,20608,18.2,0024.3
,,,,,19:01:28,0.99,20626,18.3,0023.0
,,,,,19:01:29,0.99,20644,18.4,0023.5
,,,,,19:01:30,0.99,20663,18.4,0023.3
,,,,,19:01:31,0.99,20681,18.3,0023.3
,,,,,19:01:32,0.99,20699,18.3,0025.0
,,,,,19:01:33,0.99,20718,18.4,0023.3
,,,,,19:01:34,0.99,20736,18.3,0023.5
,,,,,19:01:35,0.99,20754,18.3,0023.6
,,,,,19:01:36,0.99,20773,18.3,0023.6
,,,,,19:01:37,0.99,20791,18.4,0023.4
,,,,,19:01:38,0.99,20809,18.3,0023.2
,,,,,19:01:39,0.99,20828,18.3,0022.7
,,,,,19:01:40,0.99,20846,18.3,0023.3
,,,,,19:01:41,0.99,20864,18.3,0022.7
,,,,,19:01:42,0.99,20882,18.4,0023.7
,,,,,19:01:43,0.99,20901,18.3,0024.4
,,,,,19:01:44,0.99,20919,18.3,0022.5
,,,,,19:01:45,0.99,20937,18.3,0023.8
,,,,,19:01:46,0.99,20956,18.4,0024.2
,,,,,19:01:47,0.99,20974,18.3,0023.3
,,,,,19:01:48,0.99,20992,18.3,0024.0
,,,,,19:01:49,0.99,21011,18.3,0022.8
,,,,,19:01:50,0.99,21029,18.4,0022.7
,,,,,19:01:51,0.99,21047,18.3,0023.8
,,,,,19:01:52,0.99,21066,18.3,0023.2
,,,,,19:01:53,0.99,21084,18.3,0023.3
,,,,,19:01:54,0.99,21102,18.3,0023.7
,,,,,19:01:55,0.99,21121,18.5,0022.7
,,,,,19:01:56,1.00,21139,18.3,0023.2
,,,,,19:01:57,1.00,21157,18.3,0023.7
,,,,,19:01:58,1.00,21176,18.4,0023.1
,,,,,19:01:59,1.00,21194,18.4,0023.7
,,,,,19:02:00,0.99,21213,18.4,0022.7
,,,,,19:02:01,0.99,21231,18.3,0022.5
,,,,,19:02:02,0.99,21249,18.3,0023.7
,,,,,19:02:03,0.99,21268,18.4,0023.5
,,,,,19:02:04,0.99,21286,18.3,0023.7
,,,,,19:02:05,0.99,21304,18.3,0025.1
,,,,,19:02:06,0.99,21323,18.4,0023.5
,,,,,19:02:07,1.00,21341,18.3,0023.6
,,,,,19:02:08,1.00,21359,18.3,0024.3
,,,,,19:02:09,1.00,21378,18.3,0024.0
,,,,,19:02:10,1.00,21396,18.3,0024.0
,,,,,19:02:11,0.99,21414,18.4,0023.7
,,,,,19:02:12,0.99,21433,18.3,0023.4
,,,,,19:02:13,0.99,21451,18.3,0024.7
,,,,,19:02:14,0.99,21469,18.4,0022.9
,,,,,19:02:15,0.99,21488,18.4,0023.0
,,,,,19:02:16,0.99,21506,18.3,0024.7
,,,,,19:02:17,0.99,21524,18.4,0023.2
,,,,,19:02:18,0.99,21543,18.3,0023.1
,,,,,19:02:19,0.99,21561,18.3,0023.5
,,,,,19:02:20,0.99,21579,18.5,0023.0
,,,,,19:02:21,0.99,21598,18.3,0023.3
,,,,,19:02:22,0.99,21616,18.3,0023.3
,,,,,19:02:23,0.99,21634,18.4,0022.3
,,,,,19:02:24,0.99,21653,18.3,0023.8
,,,,,19:02:25,0.99,21671,18.3,0024.2
,,,,,19:02:26,0.99,21689,18.4,0022.3
,,,,,19:02:27,1.00,21708,18.3,0024.2
,,,,,19:02:28,0.99,21726,18.3,0023.4
,,,,,19:02:29,0.99,21744,18.3,0022.9
,,,,,19:02:30,0.99,21763,18.4,0024.0
,,,,,19:02:31,0.99,21781,18.3,0023.6
,,,,,19:02:32,0.99,21799,18.3,0024.7
,,,,,19:02:33,0.99,21818,18.3,0023.5
,,,,,19:02:34,1.00,21836,18.4,0022.8
,,,,,19:02:35,0.99,21854,18.3,0024.6
,,,,,19:02:36,0.99,21873,18.3,0024.1
,,,,,19:02:37,0.99,21891,18.3,0023.3
,,,,,19:02:38,1.00,21909,18.4,0023.4
,,,,,19:02:39,1.00,21928,18.3,0022.5
,,,,,19:02:40,1.00,21946,18.3,0022.5
,,,,,19:02:41,0.99,21964,18.4,0024.4
,,,,,19:02:42,0.99,21983,18.3,0022.4
,,,,,19:02:43,0.99,22001,18.4,0022.1
,,,,,19:02:44,0.99,22019,18.3,0024.4
,,,,,19:02:45,0.99,22038,18.5,0023.1
,,,,,19:02:46,0.99,22056,18.3,0022.4
,,,,,19:02:47,1.00,22075,18.4,0023.2
,,,,,19:02:48,1.00,22093,18.3,0023.5
,,,,,19:02:49,0.99,22111,18.3,0023.1
,,,,,19:02:50,0.99,22130,18.5,0023.7
,,,,,19:02:51,0.99,22148,18.3,0022.8
,,,,,19:02:52,0.99,22166,18.5,0022.9
,,,,,19:02:53,0.99,22185,18.3,0024.5
,,,,,19:02:54,0.99,22203,18.5,0023.5
,,,,,19:02:55,0.99,22222,18.3,0022.7
,,,,,19:02:56,0.99,22240,18.6,0022.8
,,,,,19:02:57,0.99,22259,18.4,0024.5
,,,,,19:02:58,0.99,22277,18.4,0023.4
,,,,,19:02:59,0.99,22296,18.5,0021.9
,,,,,19:03:00,0.99,22314,18.5,0021.3
,,,,,19:03:01,0.99,22333,18.4,0023.8
,,,,,19:03:02,0.99,22351,18.4,0022.9
,,,,,19:03:03,0.99,22369,18.4,0021.8
,,,,,19:03:04,0.99,22388,18.4,0023.5
,,,,,19:03:05,0.99,22406,18.6,0023.7
,,,,,19:03:06,0.99,22425,18.4,0022.2
,,,,,19:03:07,0.99,22443,18.4,0021.4
,,,,,19:03:08,0.99,22462,18.5,0021.3
,,,,,19:03:09,0.99,22480,18.5,0024.2
,,,,,19:03:10,0.99,22499,18.4,0023.3
,,,,,19:03:11,0.99,22517,18.5,0022.7
,,,,,19:03:12,0.99,22536,18.5,0021.3
,,,,,19:03:13,0.99,22554,18.3,0023.7
,,,,,19:03:14,0.99,22573,18.6,0023.8
,,,,,19:03:15,0.99,22591,18.5,0021.8
,,,,,19:03:16,0.99,22610,18.5,0020.8
,,,,,19:03:17,0.99,22628,18.4,0022.2
,,,,,19:03:18,0.99,22647,18.4,0023.3
,,,,,19:03:19,0.99,22665,18.5,0023.2
,,,,,19:03:20,0.99,22684,18.5,0022.2
,,,,,19:03:21,0.99,22702,18.5,0021.9
,,,,,19:03:22,0.99,22721,18.5,0023.5
,,,,,19:03:23,0.99,22739,18.5,0024.1
,,,,,19:03:24,0.99,22758,18.5,0023.3
,,,,,19:03:25,0.99,22776,18.4,0022.2
,,,,,19:03:26,0.99,22795,18.5,0022.4
,,,,,19:03:27,0.99,22813,18.6,0022.9
,,,,,19:03:28,0.99,22832,18.4,0023.4
,,,,,19:03:29,0.99,22850,18.5,0022.0
,,,,,19:03:30,0.99,22869,18.5,0022.6
,,,,,19:03:31,0.99,22887,18.5,0023.4
,,,,,19:03:32,0.99,22906,18.4,0023.6
,,,,,19:03:33,0.99,22924,18.5,0022.7
,,,,,19:03:34,0.99,22943,18.5,0022.7
,,,,,19:03:35,0.99,22961,18.4,0023.6
,,,,,19:03:36,1.00,22980,18.5,0023.8
,,,,,19:03:37,1.00,22998,18.5,0023.2
,,,,,19:03:38,1.00,23017,18.3,0022.9
,,,,,19:03:39,0.99,23035,18.5,0022.7
,,,,,19:03:40,0.99,23054,18.4,0023.9
,,,,,19:03:41,0.99,23072,18.4,0022.2
,,,,,19:03:42,0.99,23091,18.3,0022.8
,,,,,19:03:43,0.99,23109,18.4,0023.3
,,,,,19:03:44,0.99,23127,18.4,0023.3
,,,,,19:03:45,0.99,23146,18.3,0022.8
,,,,,19:03:46,0.99,23164,18.3,0024.5
,,,,,19:03:47,0.99,23182,18.4,0023.3
,,,,,19:03:48,0.99,23201,18.3,0022.8
,,,,,19:03:49,1.00,23219,18.3,0023.6
,,,,,19:03:50,1.00,23237,18.3,0022.7
,,,,,19:03:51,0.99,23256,18.3,0024.0
,,,,,19:03:52,0.99,23274,18.4,0023.7
,,,,,19:03:53,0.99,23292,18.3,0022.9
,,,,,19:03:54,1.00,23311,18.3,0023.4
,,,,,19:03:55,1.00,23329,18.3,0024.1
,,,,,19:03:56,0.99,23347,18.3,0023.9
,,,,,19:03:57,0.99,23365,18.2,0024.2
,,,,,19:03:58,0.99,23384,18.3,0023.1
,,,,,19:03:59,0.99,23402,18.3,0024.4
,,,,,19:04:00,0.99,23420,18.3,0023.6
,,,,,19:04:01,0.99,23438,18.3,0024.7
,,,,,19:04:02,1.00,23457,18.2,0023.8
,,,,,19:04:03,1.00,23475,18.3,0024.2
,,,,,19:04:04,1.00,23493,18.3,0023.6
,,,,,19:04:05,0.99,23512,18.3,0023.4
,,,,,19:04:06,0.99,23530,18.3,0024.8
,,,,,19:04:07,0.99,23548,18.3,0023.4
,,,,,19:04:08,0.99,23566,18.2,0024.7
,,,,,19:04:09,0.99,23585,18.3,0023.8
,,,,,19:04:10,0.99,23603,18.3,0023.4
,,,,,19:04:11,0.99,23621,18.3,0024.0
,,,,,19:04:12,0.99,23639,18.3,0023.8
,,,,,19:04:13,0.99,23658,18.3,0024.4
,,,,,19:04:14,0.99,23676,18.3,0024.1
,,,,,19:04:15,0.99,23694,18.2,0022.7
,,,,,19:04:16,0.99,23712,18.4,0024.6
,,,,,19:04:17,0.99,23731,18.3,0023.5
,,,,,19:04:18,0.99,23749,18.3,0023.6
,,,,,19:04:19,0.99,23768,18.2,0024.4
,,,,,19:04:20,0.99,23786,18.3,0023.5
,,,,,19:04:21,0.99,23804,18.3,0025.1
,,,,,19:04:22,0.99,23822,18.3,0023.8
,,,,,19:04:23,0.99,23841,18.3,0024.5
,,,,,19:04:24,1.00,23859,18.3,0023.0
,,,,,19:04:25,0.99,23877,18.3,0024.4
,,,,,19:04:26,0.99,23895,18.2,0023.8
,,,,,19:04:27,0.99,23914,18.2,0023.7
,,,,,19:04:28,0.99,23932,18.1,0022.3
,,,,,19:04:29,0.99,23950,18.0,0022.1
,,,,,19:04:30,0.99,23968,18.0,0022.5
,,,,,19:04:31,0.99,23986,17.8,0021.4
,,,,,19:04:32,0.99,24004,17.5,0022.4
,,,,,19:04:33,0.99,24021,17.7,0023.3
,,,,,19:04:34,0.99,24039,17.7,0023.6
,,,,,19:04:35,0.99,24056,17.5,0021.9
,,,,,19:04:36,0.99,24074,17.6,0021.9
,,,,,19:04:37,0.99,24092,17.3,0022.4
,,,,,19:04:38,0.99,24109,17.3,0021.3
,,,,,19:04:39,0.99,24126,17.3,0020.5
,,,,,19:04:40,0.99,24144,15.7,0020.1
,,,,,19:04:41,0.99,24159,16.0,0020.4
,,,,,19:04:42,0.99,24175,16.0,0020.3
,,,,,19:04:43,0.99,24191,16.0,0018.8
,,,,,19:04:44,0.99,24207,16.0,0020.9
,,,,,19:04:45,0.99,24223,16.1,0019.9
,,,,,19:04:46,0.99,24239,15.8,0019.9
,,,,,19:04:47,0.99,24255,15.7,0019.8
,,,,,19:04:48,0.99,24271,15.7,0020.1
,,,,,19:04:49,1.00,24287,15.6,0019.5
,,,,,19:04:50,1.00,24302,15.9,0019.2
,,,,,19:04:51,0.99,24318,15.6,0020.2
,,,,,19:04:52,0.99,24334,15.6,0019.6
,,,,,19:04:53,0.99,24349,15.5,0019.7
,,,,,19:04:54,0.99,24365,15.5,0019.7
,,,,,19:04:55,1.00,24380,15.6,0018.9
,,,,,19:04:56,1.00,24396,15.3,0019.1
,,,,,19:04:57,1.00,24411,15.2,0019.1
,,,,,19:04:58,0.99,24426,15.3,0018.6
,,,,,19:04:59,0.99,24442,13.0,0015.6
,,,,,19:05:00,0.99,24455,13.0,0015.2
,,,,,19:05:01,0.99,24468,12.8,0014.8
,,,,,19:05:02,1.00,24480,13.1,0015.5
,,,,,19:05:03,1.00,24494,13.0,0015.0
,,,,,19:05:04,1.00,24507,12.8,0015.0
,,,,,19:05:05,1.00,24519,13.0,0014.9
,,,,,19:05:06,0.99,24532,12.9,0014.6
,,,,,19:05:07,0.99,24545,12.7,0014.8
,,,,,19:05:08,0.99,24558,12.9,0014.6
,,,,,19:05:09,0.99,24571,12.7,0012.6
,,,,,19:05:10,0.99,24583,10.1,0011.4
,,,,,19:05:11,0.99,24594,09.9,0010.4
,,,,,19:05:12,0.99,24603,09.7,0010.1
,,,,,19:05:13,0.99,24613,09.7,0009.7
,,,,,19:05:14,0.99,24623,09.9,0009.7
,,,,,19:05:15,0.99,24633,09.7,0009.9
,,,,,19:05:16,0.99,24642,09.9,0009.7
,,,,,19:05:17,0.99,24652,09.7,0009.6
,,,,,19:05:18,0.99,24662,09.9,0009.6
,,,,,19:05:19,0.99,24672,09.9,0009.5
,,,,,19:05:20,0.99,24682,09.7,0009.3
,,,,,19:05:21,0.99,24692,09.9,0009.3
,,,,,19:05:22,1.00,24701,09.9,0009.5
,,,,,19:05:23,0.99,24711,09.7,0009.5
,,,,,19:05:24,0.99,24721,09.9,0009.7
,,,,,19:05:25,0.99,24731,09.7,0009.7
,,,,,19:05:26,0.99,24741,09.9,0009.7
,,,,,19:05:27,0.99,24750,09.7,0009.8
,,,,,19:05:28,0.99,24760,09.7,0010.0
,,,,,19:05:29,0.99,24770,09.9,0009.9
,,,,,19:05:30,0.99,24780,09.7,0010.1
,,,,,19:05:31,1.00,24790,09.9,0010.0
,,,,,19:05:32,0.99,24799,09.7,0009.8
,,,,,19:05:33,0.99,24809,09.9,0009.8
,,,,,19:05:34,0.99,24819,09.7,0010.4
,,,,,19:05:35,0.99,24829,09.7,0010.2
,,,,,19:05:36,0.99,24838,09.9,0009.9
,,,,,19:05:37,0.99,24848,09.7,0009.7
,,,,,19:05:38,0.99,24858,09.9,0010.1
,,,,,19:05:39,0.99,24868,09.7,0010.5
,,,,,19:05:40,0.99,24878,09.7,0010.2
,,,,,19:05:41,0.99,24887,09.9,0010.1
,,,,,19:05:42,0.99,24897,09.7,0010.0
,,,,,19:05:43,0.99,24907,09.7,0010.1
,,,,,19:05:44,0.99,24917,09.9,0010.2
,,,,,19:05:45,1.00,24927,09.7,0010.1
,,,,,19:05:46,0.99,24936,09.7,0009.9
,,,,,19:05:47,0.99,24946,09.9,0010.3
,,,,,19:05:48,0.99,24956,09.7,0010.3
,,,,,19:05:49,0.99,24966,09.9,0010.2
,,,,,19:05:50,0.99,24976,09.7,0010.1
,,,,,19:05:51,0.99,24985,09.7,0010.1
,,,,,19:05:52,1.00,24995,09.9,0010.7
,,,,,19:05:53,0.99,25005,09.7,0010.6
,,,,,19:05:54,0.99,25015,09.7,0010.4
,,,,,19:05:55,0.99,25024,09.7,0010.0
,,,,,19:05:56,0.99,25034,09.9,0010.3
,,,,,19:05:57,1.00,25044,09.7,0010.4
,,,,,19:05:58,0.99,25054,09.9,0010.7
,,,,,19:05:59,0.99,25063,09.7,0010.3
,,,,,19:06:00,0.99,25073,09.7,0010.3
,,,,,19:06:01,1.00,25083,09.9,0010.5
,,,,,19:06:02,0.99,25093,09.7,0010.5
,,,,,19:06:03,0.99,25103,09.7,0009.9
,,,,,19:06:04,0.99,25112,09.9,0010.4
,,,,,19:06:05,0.99,25122,09.7,0010.8
,,,,,19:06:06,0.99,25132,09.7,0010.6
,,,,,19:06:07,0.99,25142,09.7,0010.4
,,,,,19:06:08,0.99,25151,09.9,0010.1
,,,,,19:06:09,0.99,25161,09.7,0010.4
,,,,,19:06:10,0.99,25171,09.7,0010.8
,,,,,19:06:11,0.99,25181,09.9,0010.9
,,,,,19:06:12,0.99,25191,09.7,0010.5
,,,,,19:06:13,0.99,25200,09.7,0010.5
,,,,,19:06:14,0.99,25210,09.9,0010.7
,,,,,19:06:15,0.99,25220,09.7,0010.9
,,,,,19:06:16,0.99,25230,09.7,0010.4
,,,,,19:06:17,0.99,25239,09.7,0010.5
,,,,,19:06:18,0.99,25249,09.9,0010.5
,,,,,19:06:19,0.99,25259,09.7,0010.6
,,,,,19:06:20,1.00,25269,09.7,0010.9
,,,,,19:06:21,1.00,25278,09.9,0010.9
,,,,,19:06:22,0.99,25288,09.7,0010.5
,,,,,19:06:23,1.00,25298,09.7,0010.1
,,,,,19:06:24,1.00,25308,09.9,0010.6
,,,,,19:06:25,0.99,25318,09.7,0011.0
,,,,,19:06:26,0.99,25327,09.7,0010.9
,,,,,19:06:27,0.99,25337,09.7,0010.4
,,,,,19:06:28,0.99,25347,09.9,0010.6
,,,,,19:06:29,0.99,25357,09.7,0010.6
,,,,,19:06:30,0.99,25366,09.7,0010.6
,,,,,19:06:31,0.99,25376,09.9,0010.4
,,,,,19:06:32,0.99,25386,09.7,0010.5
,,,,,19:06:33,0.99,25396,09.7,0010.4
,,,,,19:06:34,0.99,25405,09.7,0010.7
,,,,,19:06:35,0.99,25415,09.9,0010.6
,,,,,19:06:36,0.99,25425,09.7,0010.4
,,,,,19:06:37,0.99,25435,09.7,0010.6
,,,,,19:06:38,1.00,25444,09.7,0010.5
,,,,,19:06:39,1.00,25454,09.9,0010.9
,,,,,19:06:40,0.99,25464,09.7,0010.8
,,,,,19:06:41,0.99,25474,09.7,0010.9
,,,,,19:06:42,0.99,25483,09.7,0011.0
,,,,,19:06:43,0.99,25493,09.9,0011.2
,,,,,19:06:44,0.99,25503,09.7,0011.2
,,,,,19:06:45,0.99,25513,09.7,0010.6
,,,,,19:06:46,0.99,25523,09.9,0010.4
,,,,,19:06:47,0.99,25532,09.7,0010.6
,,,,,19:06:48,0.99,25542,09.7,0011.1
,,,,,19:06:49,0.99,25552,09.7,0011.1
,,,,,19:06:50,0.99,25562,09.9,0010.6
,,,,,19:06:51,0.99,25571,09.7,0010.9
,,,,,19:06:52,0.99,25581,09.7,0011.0
,,,,,19:06:53,0.99,25591,09.7,0011.1
,,,,,19:06:54,0.99,25601,09.9,0010.4
,,,,,19:06:55,0.99,25611,09.6,0010.4
,,,,,19:06:56,0.99,25620,09.4,0010.3
,,,,,19:06:57,0.99,25630,09.4,0010.3
,,,,,19:06:58,0.99,25639,09.3,0010.2
,,,,,19:06:59,0.99,25648,09.4,0010.2
,,,,,19:07:00,0.99,25658,09.3,0010.3
,,,,,19:07:01,0.99,25667,09.3,0010.1
,,,,,19:07:02,0.99,25676,09.3,0010.2
,,,,,19:07:03,0.99,25686,09.3,0010.2
,,,,,19:07:04,0.99,25695,09.4,0010.2
,,,,,19:07:05,1.00,25704,09.3,0009.9
,,,,,19:07:06,1.00,25714,09.4,0010.3
,,,,,19:07:07,1.00,25723,09.3,0010.4
,,,,,19:07:08,0.99,25733,09.3,0010.1
,,,,,19:07:09,0.99,25742,09.4,0010.4
,,,,,19:07:10,0.99,25751,09.3,0010.1
,,,,,19:07:11,0.99,25761,09.3,0010.1
,,,,,19:07:12,0.99,25770,09.4,0010.4
,,,,,19:07:13,0.99,25779,09.3,0010.0
,,,,,19:07:14,0.99,25789,09.4,0010.3
,,,,,19:07:15,0.99,25798,09.3,0010.0
,,,,,19:07:16,0.99,25807,09.3,0010.1
,,,,,19:07:17,0.99,25817,09.4,0010.3
,,,,,19:07:18,0.99,25826,09.3,0010.2
,,,,,19:07:19,0.99,25835,09.3,0010.1
,,,,,19:07:20,0.99,25845,09.4,0010.3
,,,,,19:07:21,0.99,25854,09.2,0009.7
,,,,,19:07:22,0.99,25863,09.0,0009.8
,,,,,19:07:23,0.99,25872,09.0,0009.7
,,,,,19:07:24,0.99,25881,08.9,0009.4
,,,,,19:07:25,0.99,25890,08.9,0009.2
,,,,,19:07:26,0.99,25899,08.7,0009.4
,,,,,19:07:27,0.99,25908,08.6,0009.2
,,,,,19:07:28,0.99,25917,08.6,0008.9
,,,,,19:07:29,0.99,25925,08.5,0009.4
,,,,,19:07:30,0.99,25934,08.5,0009.3
,,,,,19:07:31,1.00,25942,08.3,0008.8
,,,,,19:07:32,0.99,25950,08.2,0008.7
,,,,,19:07:33,0.99,25959,08.2,0008.4
,,,,,19:07:34,0.99,25967,08.2,0008.4
,,,,,19:07:35,0.99,25975,08.0,0008.6
,,,,,19:07:36,0.99,25983,08.0,0008.6
,,,,,19:07:37,0.99,25991,08.0,0008.7
,,,,,19:07:38,0.99,25999,08.0,0008.6
,,,,,19:07:39,0.99,26007,08.0,0008.7
,,,,,19:07:40,0.99,26015,08.0,0008.7
,,,,,19:07:41,0.99,26023,08.0,0008.6
,,,,,19:07:42,0.99,26031,08.0,0008.5
,,,,,19:07:43,0.99,26039,08.0,0008.5
,,,,,19:07:44,0.99,26047,08.0,0008.6
,,,,,19:07:45,0.99,26055,08.0,0008.4
,,,,,19:07:46,1.00,26063,08.0,0008.6
,,,,,19:07:47,1.00,26071,08.0,0008.6
,,,,,19:07:48,0.99,26079,08.0,0008.5
,,,,,19:07:49,0.99,26087,08.0,0008.4
,,,,,19:07:50,1.00,26095,08.2,0008.5
,,,,,19:07:51,0.99,26104,07.9,0008.5
,,,,,19:07:52,0.99,26112,08.0,0008.7
,,,,,19:07:53,0.99,26120,08.2,0008.6
,,,,,19:07:54,0.99,26128,08.0,0008.5
,,,,,19:07:55,0.99,26136,08.0,0008.5
,,,,,19:07:56,0.99,26144,07.9,0008.4
,,,,,19:07:57,0.99,26152,08.2,0008.3
,,,,,19:07:58,0.99,26160,08.0,0008.5
,,,,,19:07:59,0.99,26168,08.0,0008.4
,,,,,19:08:00,0.99,26176,08.0,0008.5
,,,,,19:08:01,1.00,26184,08.0,0008.5
,,,,,19:08:02,1.00,26192,08.0,0008.4
,,,,,19:08:03,1.00,26200,08.0,0008.7
,,,,,19:08:04,0.99,26208,08.0,0008.3
,,,,,19:08:05,0.99,26216,08.0,0008.6
,,,,,19:08:06,0.99,26224,08.0,0008.5
,,,,,19:08:07,0.99,26232,08.0,0008.6
,,,,,19:08:08,0.99,26240,08.0,0008.3
,,,,,19:08:09,0.99,26248,08.0,0008.5
,,,,,19:08:10,0.99,26256,07.9,0008.6
,,,,,19:08:11,0.99,26264,08.2,0008.7
,,,,,19:08:12,0.99,26272,08.0,0008.5
,,,,,19:08:13,0.99,26280,08.0,0008.7
,,,,,19:08:14,0.99,26288,07.9,0008.4
,,,,,19:08:15,0.99,26296,08.0,0008.7
,,,,,19:08:16,0.99,26304,08.0,0008.7
,,,,,19:08:17,0.99,26312,08.0,0008.4
,,,,,19:08:18,0.99,26320,08.0,0008.5
,,,,,19:08:19,0.99,26329,08.0,0008.7
,,,,,19:08:20,1.00,26337,08.0,0008.5
,,,,,19:08:21,1.00,26345,07.8,0007.6
,,,,,19:08:22,1.00,26352,04.2,0004.7
,,,,,19:08:23,1.00,26357,05.1,0005.0
,,,,,19:08:24,0.99,26362,05.5,0005.0
,,,,,19:08:25,0.99,26367,05.5,0005.0
,,,,,19:08:26,0.99,26373,05.5,0004.8
,,,,,19:08:27,0.99,26378,05.5,0004.9
,,,,,19:08:28,0.99,26384,05.5,0005.0
,,,,,19:08:29,0.99,26389,05.5,0005.0
,,,,,19:08:30,0.99,26395,05.5,0004.9
,,,,,19:08:31,0.99,26400,05.5,0004.8
,,,,,19:08:32,0.99,26406,05.5,0004.9
,,,,,19:08:33,0.99,26411,05.5,0004.8
,,,,,19:08:34,0.99,26417,05.5,0004.9
,,,,,19:08:35,0.99,26422,05.5,0005.0
,,,,,19:08:36,0.99,26428,05.5,0005.0
,,,,,19:08:37,0.99,26433,05.5,0005.0
,,,,,19:08:38,0.99,26439,05.5,0005.1
,,,,,19:08:39,0.99,26444,05.5,0005.3
,,,,,19:08:40,0.99,26450,05.5,0005.5
,,,,,19:08:41,0.99,26455,05.5,0005.4
,,,,,19:08:42,0.99,26461,05.5,0005.4
,,,,,19:08:43,0.99,26466,05.5,0005.4
,,,,,19:08:44,0.99,26472,05.5,0005.4
,,,,,19:08:45,0.99,26477,05.5,0005.5
,,,,,19:08:46,0.99,26483,05.5,0005.5
,,,,,19:08:47,0.99,26488,05.5,0005.5
,,,,,19:08:48,0.99,26494,05.5,0005.5
,,,,,19:08:49,0.99,26499,05.5,0005.5
,,,,,19:08:50,0.99,26505,05.5,0005.4
,,,,,19:08:51,0.99,26510,05.5,0005.2
,,,,,19:08:52,0.99,26516,05.5,0005.3
,,,,,19:08:53,0.99,26521,05.5,0005.2
,,,,,19:08:54,0.99,26527,05.5,0005.1
,,,,,19:08:55,0.99,26532,05.5,0005.1
,,,,,19:08:56,0.99,26538,05.5,0005.1
,,,,,19:08:57,1.00,26543,05.5,0005.2
,,,,,19:08:58,0.99,26549,05.5,0005.2
,,,,,19:08:59,0.99,26554,05.5,0005.4
,,,,,19:09:00,0.99,26560,05.5,0005.4
,,,,,19:09:01,0.99,26565,05.5,0005.6
,,,,,19:09:02,1.00,26571,05.5,0005.5
,,,,,19:09:03,1.00,26576,05.5,0005.6
,,,,,19:09:04,0.99,26582,05.4,0005.5
,,,,,19:09:05,0.99,26587,05.5,0005.3
,,,,,19:09:06,0.99,26592,05.5,0005.1
,,,,,19:09:07,0.99,26598,05.5,0005.2
,,,,,19:09:08,0.99,26603,05.5,0005.2
,,,,,19:09:09,0.99,26609,05.5,0005.3
,,,,,19:09:10,0.99,26614,05.6,0005.5
,,,,,19:09:11,0.99,26620,05.4,0005.6
,,,,,19:09:12,0.99,26625,05.5,0005.7
,,,,,19:09:13,0.99,26631,05.5,0005.7
,,,,,19:09:14,0.99,26636,05.5,0005.6
,,,,,19:09:15,1.00,26642,05.5,0005.5
,,,,,19:09:16,1.00,26647,05.5,0005.7
,,,,,19:09:17,0.99,26653,05.5,0005.4
,,,,,19:09:18,0.99,26658,05.5,0005.3
,,,,,19:09:19,0.99,26664,05.5,0005.2
,,,,,19:09:20,0.99,26669,05.5,0005.5
,,,,,19:09:21,0.99,26675,05.5,0005.2
,,,,,19:09:22,0.99,26680,05.1,0004.5
,,,,,19:09:23,0.99,26685,04.7,0004.2
,,,,,19:09:24,0.99,26690,04.2,0003.4
,,,,,19:09:25,0.99,26694,03.8,0003.5
,,,,,19:09:26,0.99,26698,03.7,0003.2
,,,,,19:09:27,0.99,26702,03.7,0003.2
,,,,,19:09:28,0.99,26706,03.7,0003.3
,,,,,19:09:29,0.99,26709,03.7,0003.2
,,,,,19:09:30,0.99,26713,03.7,0003.0
,,,,,19:09:31,1.00,26717,03.8,0002.9
,,,,,19:09:32,1.00,26720,03.7,0003.0
,,,,,19:09:33,0.99,26724,03.7,0003.2
,,,,,19:09:34,0.99,26728,03.8,0002.8
,,,,,19:09:35,0.99,26731,03.7,0003.0
,,,,,19:09:36,0.99,26735,03.7,0002.9
,,,,,19:09:37,0.99,26739,03.8,0002.9
,,,,,19:09:38,0.99,26743,03.7,0003.1
,,,,,19:09:39,0.99,26746,03.8,0003.0
,,,,,19:09:40,0.99,26750,03.7,0003.1
,,,,,19:09:41,0.99,26754,03.8,0003.2
,,,,,19:09:42,0.99,26758,03.7,0003.2
,,,,,19:09:43,0.99,26761,03.8,0002.9
,,,,,19:09:44,0.99,26765,03.7,0003.3
,,,,,19:09:45,0.99,26769,03.7,0002.9
,,,,,19:09:46,0.99,26772,03.7,0003.0
,,,,,19:09:47,0.99,26776,03.7,0003.0
,,,,,19:09:48,0.99,26780,03.7,0003.0
,,,,,19:09:49,0.99,26783,03.7,0002.9
,,,,,19:09:50,0.99,26787,01.4,0001.5
,,,,,19:09:51,0.99,26788,00.0,0001.0
,,,,,19:09:52,0.99,26788,00.0,0000.6
,,,,,19:09:53,0.99,26788,00.0,0000.3
,,,,,19:09:54,0.99,26788,00.0,0000.2
,,,,,19:09:55,0.99,26788,00.0,0000.0
,,,,,19:09:56,0.99,26788,00.0,-0000.1
,,,,,19:09:57,0.99,26788,00.0,-0000.1
,,,,,19:09:58,0.99,26788,00.0,-0000.2
,,,,,19:09:59,0.99,26788,00.0,-0000.2
,,,,,19:10:00,0.99,26788,00.0,-0000.4
,,,,,19:10:01,0.99,26788,00.0,-0000.4
,,,,,19:10:02,0.99,26788,00.0,-0000.5
,,,,,19:10:03,0.99,26788,00.0,-0000.6
,,,,,19:10:04,0.99,26788,00.0,-0000.6
,,,,,19:10:05,0.99,26788,00.0,-0000.7
,,,,,19:10:06,0.99,26788,00.0,-0000.7
,,,,,19:10:07,0.99,26788,00.0,-0000.8
,,,,,19:10:08,0.99,26788,00.0,-0000.8
,,,,,19:10:09,1.00,26788,00.0,-0000.9
,,,,,19:10:10,0.99,26788,00.0,-0000.9
,,,,,19:10:11,0.99,26788,00.0,-0000.9
,,,,,19:10:12,0.99,26788,00.0,-0001.0
,,,,,19:10:13,0.99,26788,00.0,-0001.0
,,,,,19:10:14,0.99,26788,00.0,-0001.0
,,,,,19:10:15,0.99,26788,00.0,-0001.0
,,,,,19:10:16,0.99,26788,00.0,-0001.0
,,,,,19:10:17,0.99,26788,00.0,-0001.1
,,,,,19:10:18,0.99,26788,00.0,-0001.1
,,,,,19:10:19,0.99,26788,00.0,-0001.1
,,,,,19:10:20,0.99,26788,00.0,-0001.1
,,,,,19:10:21,1.00,26788,00.0,-0001.2
,,,,,19:10:22,1.00,26788,00.0,-0001.2
,,,,,19:10:23,0.99,26788,00.0,-0001.2
,,,,,19:10:24,0.99,26788,00.0,-0001.2
,,,,,19:10:25,0.99,26788,00.0,-0001.2
,,,,,19:10:26,0.99,26788,00.0,-0001.2
,,,,,19:10:27,0.99,26788,00.0,-0001.2
,,,,,19:10:28,0.99,26788,00.0,-0001.2
,,,,,19:10:29,0.99,26788,00.0,-0001.2
,,,,,19:10:30,0.99,26788,00.0,-0001.2
,,,,,19:10:31,0.99,26788,00.0,-0001.2
,,,,,19:10:32,0.99,26788,00.0,-0001.2
,,,,,19:10:33,0.99,26788,00.0,-0001.2
,,,,,19:10:34,1.00,26788,00.0,-0001.2
,,,,,19:10:35,1.00,26788,00.0,-0001.3
,,,,,19:10:36,0.99,26788,00.0,-0001.3
,,,,,19:10:37,0.99,26788,00.0,-0001.3
,,,,,19:10:38,0.99,26788,00.0,-0001.3
,,,,,19:10:39,0.99,26788,00.0,-0001.3
,,,,,19:10:40,0.99,26788,00.0,-0001.3
,,,,,19:10:41,0.99,26788,00.0,-0001.3
,,,,,19:10:42,0.99,26788,00.0,-0001.3
,,,,,19:10:43,0.99,26788,00.0,-0001.3
,,,,,19:10:44,0.99,26788,00.0,-0001.3
,,,,,19:10:45,0.99,26788,00.0,-0001.3
,,,,,19:10:46,0.99,26788,00.0,-0001.3
,,,,,19:10:47,0.99,26788,00.0,-0001.3
,,,,,19:10:48,0.99,26788,00.0,-0001.4
,,,,,19:10:49,0.99,26788,00.0,-0001.4
,,,,,19:10:50,0.99,26788,00.0,-0001.4
,,,,,19:10:51,0.99,26788,00.0,-0001.4
,,,,,19:10:52,0.99,26788,00.0,-0001.4
,,,,,19:10:53,0.99,26788,00.0,-0001.4
,,,,,19:10:54,0.99,26788,00.0,-0001.4
,,,,,19:10:55,0.99,26788,00.0,-0001.4
,,,,,19:10:56,0.99,26788,00.0,-0001.4
,,,,,19:10:57,0.99,26788,00.0,-0001.4
,,,,,19:10:58,0.99,26788,00.0,-0001.4
,,,,,19:10:59,0.99,26788,00.0,-0001.4
,,,,,19:11:00,0.99,26788,00.0,-0001.4
,,,,,19:11:01,0.99,26788,00.0,-0001.4
,,,,,19:11:02,0.99,26788,00.0,-0001.4
,,,,,19:11:03,1.00,26788,00.0,-0001.4
,,,,,19:11:04,1.00,26788,00.0,-0001.4
,,,,,19:11:05,1.00,26788,00.0,-0001.4
,,,,,19:11:06,0.99,26788,00.0,-0001.4
,,,,,19:11:07,0.99,26788,00.0,-0001.4
,,,,,19:11:08,0.99,26788,00.0,-0001.4
,,,,,19:11:09,0.99,26788,00.0,-0001.4
,,,,,19:11:10,0.99,26788,00.0,-0001.4
,,,,,19:11:11,0.99,26788,00.0,-0001.4
,,,,,19:11:12,0.99,26788,00.0,-0001.4
,,,,,19:11:13,0.99,26788,00.0,-0001.4
,,,,,19:11:14,0.99,26788,00.0,-0001.4
,,,,,19:11:15,0.99,26788,00.0,-0001.4
,,,,,19:11:16,0.99,26788,00.0,-0001.4
,,,,,19:11:17,0.99,26788,00.0,-0001.4
,,,,,19:11:18,0.99,26788,00.0,-0001.4
,,,,,19:11:19,0.99,26788,00.0,-0001.4
,,,,,19:11:20,0.99,26788,00.0,-0001.4
,,,,,19:11:21,0.99,26788,00.0,-0001.4
,,,,,19:11:22,0.99,26788,00.0,-0001.4
,,,,,19:11:23,0.99,26788,00.0,-0001.4
,,,,,19:11:24,0.99,26788,00.0,-0001.4
,,,,,19:11:25,0.99,26788,00.0,-0001.4
,,,,,19:11:26,0.99,26788,00.0,-0001.4
,,,,,19:11:27,0.99,26788,00.0,-0001.4
,,,,,19:11:28,0.99,26788,00.0,-0001.4
,,,,,19:11:29,0.99,26788,00.0,-0001.4
,,,,,19:11:30,0.99,26788,00.0,-0001.4
,,,,,19:11:31,0.99,26788,00.0,-0001.4
,,,,,19:11:32,0.99,26788,00.0,-0001.4
,,,,,19:11:33,0.99,26788,00.0,-0001.4
,,,,,19:11:34,0.99,26788,00.0,-0001.4
,,,,,19:11:35,0.99,26788,00.0,-0001.4
,,,,,19:11:36,0.99,26788,00.0,-0001.4
,,,,,19:11:37,0.99,26788,00.0,-0001.4
,,,,,19:11:38,0.99,26788,00.0,-0001.4
,,,,,19:11:39,0.99,26788,00.0,-0001.4
,,,,,19:11:40,0.99,26788,00.0,-0001.4
,,,,,19:11:41,0.99,26788,00.0,-0001.4
,,,,,19:11:42,0.99,26788,00.0,-0001.4
,,,,,19:11:43,0.99,26788,00.7,-0000.9
,,,,,19:11:44,0.99,26789,03.8,0000.3
,,,,,19:11:45,0.99,26793,03.8,0000.6
,,,,,19:11:46,0.99,26797,03.5,0001.5
,,,,,19:11:47,0.99,26800,03.7,0002.0
,,,,,19:11:48,0.99,26804,03.5,0002.8
,,,,,19:11:49,1.00,26807,03.7,0003.3
,,,,,19:11:50,1.00,26811,03.7,0003.7
,,,,,19:11:51,0.99,26815,03.5,0004.0
,,,,,19:11:52,0.99,26818,03.7,0004.2
,,,,,19:11:53,0.99,26822,03.7,0004.4
,,,,,19:11:54,0.99,26826,03.7,0004.4
,,,,,19:11:55,0.99,26829,03.7,0004.5
,,,,,19:11:56,0.99,26833,03.5,0004.6
,,,,,19:11:57,0.99,26836,03.7,0004.7
,,,,,19:11:58,0.99,26840,03.7,0004.8
,,,,,19:11:59,0.99,26844,03.7,0004.9
,,,,,19:12:00,0.99,26847,03.7,0004.9
,,,,,19:12:01,0.99,26851,03.5,0005.1
,,,,,19:12:02,0.99,26855,03.7,0005.0
,,,,,19:12:03,0.99,26858,03.7,0005.2
,,,,,19:12:04,0.99,26862,03.7,0005.3
,,,,,19:12:05,0.99,26866,03.5,0005.3
,,,,,19:12:06,0.99,26869,03.7,0005.4
,,,,,19:12:07,0.99,26873,03.7,0005.6
,,,,,19:12:08,0.99,26877,03.5,0005.7
,,,,,19:12:09,0.99,26880,03.7,0005.7
,,,,,19:12:10,0.99,26884,03.7,0005.5
,,,,,19:12:11,0.99,26887,03.7,0005.5
,,,,,19:12:12,0.99,26891,03.5,0005.5
,,,,,19:12:13,0.99,26895,03.7,0005.5
,,,,,19:12:14,0.99,26898,03.7,0005.5
,,,,,19:12:15,0.99,26902,03.7,0005.4
,,,,,19:12:16,1.00,26906,03.5,0005.4
,,,,,19:12:17,0.99,26909,03.7,0005.2
,,,,,19:12:18,0.99,26913,02.8,0004.0
,,,,,19:12:19,0.99,26916,00.0,0002.6
,,,,,19:12:20,0.99,26916,00.0,0002.4
,,,,,19:12:21,0.99,26916,00.0,0001.9
,,,,,19:12:22,0.99,26916,00.0,0001.6
,,,,,19:12:23,0.99,26916,00.0,0001.4
,,,,,19:12:24,0.99,26916,00.0,0001.2
,,,,,19:12:25,1.00,26916,00.0,0001.0
,,,,,19:12:26,0.99,26916,00.0,0000.9
,,,,,19:12:27,0.99,26916,00.0,0000.7
,,,,,19:12:28,0.99,26916,00.0,0000.6
,,,,,19:12:29,0.99,26916,00.0,0000.5
,,,,,19:12:30,0.99,26916,00.0,0000.4
,,,,,19:12:31,0.99,26916,00.0,0000.3
,,,,,19:12:32,0.99,26916,00.0,0000.2
,,,,,19:12:33,0.99,26916,00.1,0000.5
,,,,,19:12:34,0.99,26916,03.5,0002.2
,,,,,19:12:35,0.99,26919,03.8,0002.2
,,,,,19:12:36,0.99,26923,03.5,0003.0
,,,,,19:12:37,0.99,26927,03.7,0003.2
,,,,,19:12:38,0.99,26930,03.5,0003.2
,,,,,19:12:39,0.99,26934,03.7,0003.4
,,,,,19:12:40,0.99,26937,03.7,0003.5
,,,,,19:12:41,0.99,26941,03.7,0003.5
,,,,,19:12:42,0.99,26945,03.7,0003.7
,,,,,19:12:43,0.99,26948,03.7,0003.9
,,,,,19:12:44,0.99,26952,03.5,0004.1
,,,,,19:12:45,0.99,26956,03.7,0004.1
,,,,,19:12:46,0.99,26959,03.7,0004.2
,,,,,19:12:47,0.99,26963,03.7,0004.2
,,,,,19:12:48,0.99,26967,03.7,0004.2
,,,,,19:12:49,0.99,26970,03.7,0004.4
,,,,,19:12:50,0.99,26974,03.7,0004.4
,,,,,19:12:51,0.99,26978,03.7,0004.4
,,,,,19:12:52,0.99,26981,03.7,0004.4
,,,,,19:12:53,0.99,26985,03.5,0004.6
,,,,,19:12:54,0.99,26988,03.7,0004.6
,,,,,19:12:55,0.99,26992,03.7,0004.6
,,,,,19:12:56,0.99,26996,03.7,0004.6
,,,,,19:12:57,0.99,26999,03.7,0004.6
,,,,,19:12:58,1.00,27003,03.7,0004.7
,,,,,19:12:59,0.99,27007,03.7,0004.7
,,,,,19:13:00,0.99,27010,03.7,0004.7
,,,,,19:13:01,0.99,27014,03.7,0004.6
,,,,,19:13:02,0.99,27018,03.7,0004.5
,,,,,19:13:03,0.99,27021,03.5,0004.6
,,,,,19:13:04,0.99,27025,03.7,0004.6
,,,,,19:13:05,0.99,27029,03.7,0004.6
,,,,,19:13:06,0.99,27032,03.7,0004.7
,,,,,19:13:07,0.99,27036,03.7,0004.6
,,,,,19:13:08,0.99,27040,03.7,0004.6
,,,,,19:13:09,0.99,27043,03.7,0004.6
,,,,,19:13:10,0.99,27047,03.7,0004.6
,,,,,19:13:11,0.99,27051,03.7,0004.6
,,,,,19:13:12,0.99,27054,03.7,0004.7
,,,,,19:13:13,0.99,27058,03.7,0004.5
,,,,,19:13:14,0.99,27062,03.5,0004.6
,,,,,19:13:15,1.00,27065,03.8,0004.9
,,,,,19:13:16,0.99,27069,04.5,0004.8
,,,,,19:13:17,0.99,27074,04.8,0005.0
,,,,,19:13:18,0.99,27078,04.5,0004.7
,,,,,19:13:19,0.99,27083,04.5,0004.9
,,,,,19:13:20,0.99,27087,04.4,0004.9
,,,,,19:13:21,0.99,27092,04.5,0005.4
,,,,,19:13:22,0.99,27096,04.5,0004.8
,,,,,19:13:23,0.99,27101,04.5,0005.2
,,,,,19:13:24,0.99,27105,04.5,0005.2
,,,,,19:13:25,0.99,27110,04.4,0004.7
,,,,,19:13:26,0.99,27114,04.5,0005.2
,,,,,19:13:27,0.99,27119,04.5,0004.7
,,,,,19:13:28,0.99,27123,04.5,0005.0
,,,,,19:13:29,0.99,27128,04.5,0005.1
,,,,,19:13:30,0.99,27132,04.5,0004.6
,,,,,19:13:31,0.99,27137,04.5,0005.1
,,,,,19:13:32,0.99,27141,04.5,0004.6
,,,,,19:13:33,0.99,27146,04.5,0004.7
,,,,,19:13:34,0.99,27150,04.5,0005.1
,,,,,19:13:35,0.99,27155,04.5,0004.5
,,,,,19:13:36,0.99,27159,04.4,0005.0
,,,,,19:13:37,0.99,27164,04.5,0004.7
,,,,,19:13:38,0.99,27168,04.5,0004.6
,,,,,19:13:39,0.99,27173,04.5,0005.0
,,,,,19:13:40,0.99,27177,04.5,0004.5
,,,,,19:13:41,0.99,27182,04.5,0005.1
,,,,,19:13:42,1.00,27186,04.5,0004.4
,,,,,19:13:43,0.99,27191,04.5,0004.7
,,,,,19:13:44,0.99,27195,04.5,0004.4
,,,,,19:13:45,0.99,27200,04.5,0004.5
,,,,,19:13:46,0.99,27204,04.5,0004.7
,,,,,19:13:47,0.99,27209,04.5,0004.3
,,,,,19:13:48,0.99,27213,04.5,0004.9
,,,,,19:13:49,0.99,27218,04.5,0004.6
,,,,,19:13:50,0.99,27222,04.5,0004.4
,,,,,19:13:51,0.99,27227,04.5,0004.8
,,,,,19:13:52,0.99,27231,04.5,0004.2
,,,,,19:13:53,0.99,27236,04.5,0004.7
,,,,,19:13:54,0.99,27240,04.5,0004.3
,,,,,19:13:55,0.99,27245,04.4,0004.4
,,,,,19:13:56,0.99,27249,04.5,0004.2
,,,,,19:13:57,0.99,27254,04.5,0004.2
,,,,,19:13:58,0.99,27258,04.5,0004.4
,,,,,19:13:59,0.99,27263,04.5,0004.3
,,,,,19:14:00,0.99,27267,04.5,0004.6
,,,,,19:14:01,0.99,27272,04.5,0004.2
,,,,,19:14:02,0.99,27276,04.5,0004.6
,,,,,19:14:03,0.99,27281,04.5,0004.3
,,,,,19:14:04,0.99,27285,04.5,0004.1
,,,,,19:14:05,0.99,27290,04.5,0004.5
,,,,,19:14:06,1.00,27294,04.5,0004.2
,,,,,19:14:07,0.99,27299,04.5,0004.3
,,,,,19:14:08,0.99,27303,04.5,0004.2
,,,,,19:14:09,0.99,27308,04.5,0004.1
,,,,,19:14:10,0.99,27312,04.5,0004.6
,,,,,19:14:11,0.99,27317,04.5,0004.1
,,,,,19:14:12,0.99,27321,04.5,0004.3
,,,,,19:14:13,0.99,27326,04.5,0004.3
,,,,,19:14:14,0.99,27330,04.5,0004.2
,,,,,19:14:15,0.99,27335,04.5,0004.6
,,,,,19:14:16,0.99,27339,04.5,0004.1
,,,,,19:14:17,0.99,27344,04.5,0004.6
,,,,,19:14:18,0.99,27348,04.5,0004.1
,,,,,19:14:19,0.99,27353,04.5,0004.5
,,,,,19:14:20,0.99,27357,04.5,0004.1
,,,,,19:14:21,0.99,27362,04.5,0004.5
,,,,,19:14:22,0.99,27366,04.4,0004.0
,,,,,19:14:23,0.99,27371,04.7,0004.3
,,,,,19:14:24,0.99,27376,04.4,0004.6
,,,,,19:14:25,0.99,27380,04.5,0004.1
,,,,,19:14:26,0.99,27384,04.5,0004.3
,,,,,19:14:27,0.99,27389,04.5,0004.2
,,,,,19:14:28,0.99,27393,04.5,0004.2
,,,,,19:14:29,0.99,27398,04.5,0004.5
,,,,,19:14:30,0.99,27402,04.5,0004.1
,,,,,19:14:31,0.99,27407,04.5,0004.5
,,,,,19:14:32,0.99,27411,04.5,0004.1
,,,,,19:14:33,0.99,27416,04.5,0004.2
,,,,,19:14:34,0.99,27420,04.5,0004.5
,,,,,19:14:35,0.99,27425,04.5,0004.1
,,,,,19:14:36,0.99,27430,04.5,0004.5
,,,,,19:14:37,0.99,27434,04.5,0004.2
,,,,,19:14:38,0.99,27439,04.5,0004.4
,,,,,19:14:39,0.99,27443,04.5,0004.1
,,,,,19:14:40,0.99,27448,04.5,0004.6
,,,,,19:14:41,0.99,27452,04.5,0004.2
,,,,,19:14:42,0.99,27457,04.5,0004.2
,,,,,19:14:43,0.99,27461,04.5,0004.6
,,,,,19:14:44,0.99,27466,04.5,0004.1
,,,,,19:14:45,0.99,27470,04.5,0004.6
,,,,,19:14:46,1.00,27475,04.5,0004.0
,,,,,19:14:47,1.00,27479,04.5,0004.3
,,,,,19:14:48,0.99,27484,04.5,0004.3
,,,,,19:14:49,0.99,27488,04.5,0004.0
,,,,,19:14:50,0.99,27493,04.5,0004.3
,,,,,19:14:51,0.99,27497,04.5,0003.9
,,,,,19:14:52,0.99,27502,04.5,0004.1
,,,,,19:14:53,0.99,27506,04.5,0004.3
,,,,,19:14:54,0.99,27511,04.4,0004.0
,,,,,19:14:55,0.99,27515,04.5,0004.5
,,,,,19:14:56,0.99,27520,04.5,0004.0
,,,,,19:14:57,0.99,27524,04.5,0004.2
,,,,,19:14:58,0.99,27529,04.5,0004.3
,,,,,19:14:59,0.99,27533,04.5,0004.0
,,,,,19:15:00,0.99,27538,04.5,0004.2
,,,,,19:15:01,0.99,27542,04.5,0004.3
,,,,,19:15:02,0.99,27547,04.5,0004.2
,,,,,19:15:03,0.99,27551,04.5,0004.6
,,,,,19:15:04,0.99,27556,04.5,0004.0
,,,,,19:15:05,0.99,27560,04.5,0004.5
,,,,,19:15:06,0.99,27565,04.5,0004.3
,,,,,19:15:07,0.99,27569,04.5,0004.3
,,,,,19:15:08,0.99,27574,04.5,0004.4
,,,,,19:15:09,0.99,27578,04.5,0004.2
,,,,,19:15:10,0.99,27583,04.5,0004.4
,,,,,19:15:11,0.99,27587,04.2,0003.9
,,,,,19:15:12,0.99,27592,03.5,0003.3
,,,,,19:15:13,0.99,27595,00.3,0001.9
,,,,,19:15:14,0.99,27595,00.0,0001.6
,,,,,19:15:15,0.99,27595,00.0,0001.1
,,,,,19:15:16,0.99,27595,00.0,0000.7
,,,,,19:15:17,0.99,27595,00.0,0000.5
,,,,,19:15:18,0.99,27595,00.0,0000.3
,,,,,19:15:19,0.99,27595,00.0,0000.2
,,,,,19:15:20,0.99,0,00.0,0000.1
,,,,,19:15:21,0.99,0,00.0,-0000.0
,,,,,19:15:22,0.99,0,00.0,-0000.1
,,,,,19:15:23,0.99,0,00.0,-0000.2
,,,,,19:15:24,0.99,0,00.0,-0000.3
,,,,,19:15:25,0.99,0,00.0,-0000.4
,,,,,19:15:26,0.99,0,00.0,-0000.5
,,,,,19:15:27,0.99,0,00.0,-0000.6
,,,,,19:15:28,0.99,0,00.0,-0000.6
,,,,,19:15:29,0.99,0,00.0,-0000.7
,,,,,19:15:30,0.99,0,00.0,-0000.7
,,,,,19:15:31,0.99,0,00.0,-0000.8
,,,,,19:15:32,0.99,0,00.0,-0000.8
,,,,,19:15:33,0.99,0,00.0,-0000.9
,,,,,19:15:34,0.99,0,00.0,-0000.9
,,,,,19:15:35,0.99,0,00.0,-0000.9
,,,,,19:15:36,0.99,0,00.0,-0001.0
,,,,,19:15:37,0.99,0,00.0,-0001.0
,,,,,19:15:38,0.99,0,00.0,-0001.0
,,,,,19:15:39,0.99,0,00.0,-0001.1
,,,,,19:15:40,0.99,0,00.0,-0001.1
,,,,,19:15:41,0.99,0,00.0,-0001.1
,,,,,19:15:42,0.99,0,00.0,-0001.2
,,,,,19:15:43,0.99,0,00.0,-0001.2
,,,,,19:15:44,0.98,0,00.0,-0001.2
,,,,,19:15:45,0.99,0,00.0,-0001.2
,,,,,19:15:46,0.99,0,00.0,-0001.2
,,,,,19:15:47,0.99,0,00.0,-0001.2
,,,,,19:15:48,0.99,0,00.0,-0001.2
,,,,,19:15:49,0.99,0,00.0,-0001.2
,,,,,19:15:50,0.99,0,00.0,-0001.2
,,,,,19:15:51,0.99,0,00.0,-0001.2
,,,,,19:15:52,0.98,0,00.0,-0001.2
,,,,,19:15:53,0.98,0,00.0,-0001.3
,,,,,19:15:54,0.98,0,00.0,-0001.3
,,,,,19:15:55,0.98,0,00.0,-0001.3
,,,,,19:15:56,0.98,0,00.0,-0001.3
,,,,,19:15:57,0.98,0,00.0,-0001.3
,,,,,19:15:58,0.98,0,00.0,-0001.4
,,,,,19:15:59,0.98,0,00.0,-0001.4
,,,,,19:16:00,0.98,0,00.0,-0001.4
,,,,,19:16:01,0.98,0,00.0,-0001.3
,,,,,19:16:02,0.98,0,00.0,-0001.3
,,,,,19:16:03,0.98,0,00.0,-0001.3
,,,,,19:16:04,0.98,0,00.0,-0001.3
,,,,,19:16:05,0.98,0,00.0,-0001.2
,,,,,19:16:06,0.98,0,00.0,-0001.2
,,,,,19:16:07,0.98,0,00.0,-0001.3
,,,,,19:16:08,0.98,0,00.0,-0001.3
,,,,,19:16:09,0.98,0,00.0,-0001.3
,,,,,19:16:10,0.99,0,00.0,-0001.3
,,,,,19:16:11,0.99,0,00.0,-0001.4
,,,,,19:16:12,0.98,0,00.0,-0001.4
,,,,,19:16:13,0.98,0,00.0,-0001.4
,,,,,19:16:14,0.99,0,00.0,-0001.4
,,,,,19:16:15,0.99,0,00.0,-0001.4
,,,,,19:16:16,0.99,0,00.0,-0001.4
,,,,,19:16:17,0.99,0,00.0,-0001.4
,,,,,19:16:18,0.99,0,00.0,-0001.4
,,,,,19:16:19,0.98,0,00.0,-0001.4
,,,,,19:16:20,0.98,0,00.0,-0001.4
,,,,,19:16:21,0.98,0,00.0,-0001.4
,,,,,19:16:22,0.99,0,00.0,-0001.4
,,,,,19:16:23,0.99,0,00.0,-0001.4
,,,,,19:16:24,0.99,0,00.0,-0001.4
,,,,,19:16:25,0.99,0,00.0,-0001.4
,,,,,19:16:26,0.99,0,00.0,-0001.4
,,,,,19:16:27,0.99,0,00.0,-0001.4
,,,,,19:16:28,0.99,0,00.0,-0001.4
,,,,,19:16:29,0.99,0,00.0,-0001.4
,,,,,19:16:30,0.99,0,00.0,-0001.4
,,,,,19:16:31,0.99,0,00.0,-0001.4
,,,,,19:16:32,0.99,0,00.0,-0001.4
,,,,,19:16:33,0.99,0,00.0,-0001.4
,,,,,19:16:34,0.99,0,00.0,-0001.4
,,,,,19:16:35,0.99,0,00.0,-0001.4
,,,,,19:16:36,0.99,0,00.0,-0001.4
,,,,,19:16:37,0.99,0,00.0,-0001.4
,,,,,19:16:38,0.99,0,00.0,-0001.4
,,,,,19:16:39,0.99,0,00.0,-0001.4
,,,,,19:16:40,0.99,0,00.0,-0001.4
,,,,,19:16:41,0.99,0,00.0,-0001.4
,,,,,19:16:42,1.00,0,00.0,-0001.4
,,,,,19:16:43,1.01,0,00.0,-0001.4
,,,,,19:16:44,1.02,0,00.0,-0001.4
,,,,,19:16:45,1.02,0,00.0,-0001.4
,,,,,19:16:46,1.03,0,00.0,-0001.4
,,,,,19:16:47,1.04,0,00.0,-0001.4
,,,,,19:16:48,1.05,0,00.0,-0001.4
,,,,,19:16:49,1.05,0,00.0,-0001.4
,,,,,19:16:50,1.06,0,00.0,-0001.4
,,,,,19:16:51,1.07,0,00.0,-0001.5
,,,,,19:16:52,1.08,0,00.0,-0001.5
,,,,,19:16:53,1.09,0,00.0,-0001.5
,,,,,19:16:54,1.10,0,00.0,-0001.5
,,,,,19:16:55,1.10,0,00.0,-0001.5
,,,,,19:16:56,1.11,0,00.0,-0001.5
,,,,,19:16:57,1.13,0,00.0,-0001.5
,,,,,19:16:58,1.14,0,00.0,-0001.5
,,,,,19:16:59,1.15,0,00.0,-0001.5
,,,,,19:17:00,1.16,0,00.0,-0001.5
,,,,,19:17:01,1.17,0,00.0,-0001.5
,,,,,19:17:02,1.18,0,00.0,-0001.5
,,,,,19:17:03,1.19,0,00.0,-0001.5
,,,,,19:17:04,1.20,0,00.0,-0001.5
,,,,,19:17:05,1.21,0,00.0,-0001.5
,,,,,19:17:06,1.22,0,00.0,-0001.5
,,,,,19:17:07,1.23,0,00.0,-0001.6
,,,,,19:17:08,1.24,0,00.0,-0001.6
,,,,,19:17:09,1.25,0,00.0,-0001.6
,,,,,19:17:10,1.26,0,00.0,-0001.6
,,,,,19:17:11,1.28,0,00.0,-0001.6
,,,,,19:17:12,1.29,0,00.0,-0001.6
,,,,,19:17:13,1.29,0,00.0,-0001.6
,,,,,19:17:14,1.30,0,00.0,-0001.5
,,,,,19:17:15,1.32,0,00.0,-0001.5
,,,,,19:17:16,1.33,0,00.0,-0001.5
,,,,,19:17:17,1.34,0,00.0,-0001.5
,,,,,19:17:18,1.34,0,00.0,-0001.5
,,,,,19:17:19,1.34,0,00.0,-0001.6
,,,,,19:17:20,1.34,0,00.0,-0001.5
,,,,,19:17:21,1.34,0,00.0,-0001.5
,,,,,19:17:22,1.34,0,00.0,-0001.5
,,,,,19:17:23,1.34,0,00.0,-0001.5
,,,,,19:17:24,1.34,0,00.0,-0001.5
,,,,,19:17:25,1.34,0,00.0,-0001.5
,,,,,19:17:26,1.34,0,00.0,-0001.5
,,,,,19:17:27,1.34,0,00.0,-0001.5
,,,,,19:17:28,1.33,0,00.0,-0001.5
,,,,,19:17:29,1.33,0,00.0,-0001.5
,,,,,19:17:30,1.33,0,00.0,-0001.5
,,,,,19:17:31,1.33,0,00.0,-0001.5
,,,,,19:17:32,1.33,0,00.0,-0001.5
,,,,,19:17:33,1.33,0,00.0,-0001.5
,,,,,19:17:34,1.33,0,00.0,-0001.5
,,,,,19:17:35,1.33,0,00.0,-0001.5
,,,,,19:17:36,1.33,0,00.0,-0001.5
,,,,,19:17:37,1.33,0,00.0,-0001.5
,,,,,19:17:38,1.33,0,00.0,-0001.6
,,,,,19:17:39,1.33,0,00.0,-0001.5
,,,,,19:17:40,1.33,0,00.0,-0001.5
,,,,,19:17:41,1.33,0,00.0,-0001.5
,,,,,19:17:42,1.33,0,00.0,-0001.5
,,,,,19:17:43,1.33,0,00.0,-0001.5
,,,,,19:17:44,1.33,0,00.0,-0001.6
,,,,,19:17:45,1.33,0,00.0,-0001.6
,,,,,19:17:46,1.33,0,00.0,-0001.5
,,,,,19:17:47,1.34,0,00.0,-0001.5
,,,,,19:17:48,1.34,0,00.0,-0001.5
,,,,,19:17:49,1.34,0,00.0,-0001.5
,,,,,19:17:50,1.34,0,00.0,-0001.5
,,,,,19:17:51,1.34,0,00.0,-0001.5
,,,,,19:17:52,1.34,0,00.0,-0001.5
,,,,,19:17:53,1.34,0,00.0,-0001.5
,,,,,19:17:54,1.35,0,00.0,-0001.5
,,,,,19:17:55,1.35,0,00.0,-0001.5
,,,,,19:17:56,1.35,0,00.0,-0001.5
,,,,,19:17:57,1.34,0,00.0,-0001.5
,,,,,19:17:58,1.34,0,00.0,-0001.5
,,,,,19:17:59,1.34,0,00.0,-0001.5
,,,,,19:18:00,1.35,0,00.0,-0001.5
,,,,,19:18:01,1.35,0,00.0,-0001.5
,,,,,19:18:02,1.35,0,00.0,-0001.5
,,,,,19:18:03,1.35,0,00.0,-0001.5
,,,,,19:18:04,1.35,0,00.0,-0001.5
,,,,,19:18:05,1.35,0,00.0,-0001.5
,,,,,19:18:06,1.36,0,00.0,-0001.5
,,,,,19:18:07,1.36,0,00.0,-0001.5
,,,,,19:18:08,1.36,0,00.0,-0001.5
,,,,,19:18:09,1.36,0,00.0,-0001.5
,,,,,19:18:10,1.36,0,00.0,-0001.5
,,,,,19:18:11,1.37,0,00.0,-0001.5
,,,,,19:18:12,1.37,0,00.0,-0001.5
,,,,,19:18:13,1.37,0,00.0,-0001.5
,,,,,19:18:14,1.37,0,00.0,-0001.5
,,,,,19:18:15,1.37,0,00.0,-0001.5
,,,,,19:18:16,1.37,0,00.0,-0001.5
,,,,,19:18:17,1.37,0,00.0,-0001.5
,,,,,19:18:18,1.37,0,00.0,-0001.5
,,,,,19:18:19,1.37,0,00.0,-0001.5
,,,,,19:18:20,1.37,0,00.0,-0001.5
,,,,,19:18:21,1.37,0,00.0,-0001.5
,,,,,19:18:22,1.36,0,00.0,-0001.5
,,,,,19:18:23,1.36,0,00.0,-0001.5
,,,,,19:18:24,1.36,0,00.0,-0001.5
,,,,,19:18:25,1.36,0,00.0,-0001.5
,,,,,19:18:26,1.36,0,00.0,-0001.5
,,,,,19:18:27,1.35,0,00.0,-0001.5
,,,,,19:18:28,1.35,0,00.0,-0001.5
,,,,,19:18:29,1.35,0,00.0,-0001.5
,,,,,19:18:30,1.36,0,00.0,-0001.5
,,,,,19:18:31,1.36,0,00.0,-0001.5
,,,,,19:18:32,1.36,0,00.0,-0001.5
,,,,,19:18:33,1.36,0,00.0,-0001.5
,,,,,19:18:34,1.36,0,00.0,-0001.5
,,,,,19:18:35,1.36,0,00.0,-0001.5
,,,,,19:18:36,1.36,0,00.0,-0001.5
,,,,,19:18:37,1.36,0,00.0,-0001.5
,,,,,19:18:38,1.36,0,00.0,-0001.5
,,,,,19:18:39,1.35,0,00.0,-0001.5
,,,,,19:18:40,1.35,0,00.0,-0001.5
,,,,,19:18:41,1.35,0,00.0,-0001.5
,,,,,19:18:42,1.35,0,00.0,-0001.5
,,,,,19:18:43,1.34,0,00.0,-0001.5
,,,,,19:18:44,1.34,0,00.0,-0001.5
,,,,,19:18:45,1.34,0,00.0,-0001.5
,,,,,19:18:46,1.34,0,00.0,-0001.5
,,,,,19:18:47,1.34,0,00.0,-0001.5
,,,,,19:18:48,1.33,0,00.0,-0001.5
,,,,,19:18:49,1.33,0,00.0,-0001.5
,,,,,19:18:50,1.33,0,00.0,-0001.5
,,,,,19:18:51,1.33,0,00.0,-0001.5
,,,,,19:18:52,1.32,0,00.0,-0001.5
,,,,,19:18:53,1.32,0,00.0,-0001.5
,,,,,19:18:54,1.32,0,00.0,-0001.5
,,,,,19:18:55,1.31,0,00.0,-0001.5
,,,,,19:18:56,1.31,0,00.0,-0001.5
,,,,,19:18:57,1.31,0,00.0,-0001.5
,,,,,19:18:58,1.31,0,00.0,-0001.5
,,,,,19:18:59,1.31,0,00.0,-0001.5
,,,,,19:19:00,1.31,0,00.0,-0001.5
,,,,,19:19:01,1.31,0,00.0,-0001.5
,,,,,19:19:02,1.31,0,00.0,-0001.5
,,,,,19:19:03,1.31,0,00.0,-0001.5
,,,,,19:19:04,1.31,0,00.0,-0001.5
,,,,,19:19:05,1.31,0,00.0,-0001.5
,,,,,19:19:06,1.31,0,00.0,-0001.5
,,,,,19:19:07,1.30,0,00.0,-0001.5
,,,,,19:19:08,1.30,0,00.0,-0001.5
,,,,,19:19:09,1.30,0,00.0,-0001.5
,,,,,19:19:10,1.30,0,00.0,-0001.5
,,,,,19:19:11,1.30,0,00.0,-0001.5
,,,,,19:19:12,1.30,0,00.0,-0001.5
,,,,,19:19:13,1.30,0,00.0,-0001.5
,,,,,19:19:14,1.30,0,00.0,-0001.5
,,,,,19:19:15,1.30,0,00.0,-0001.5
,,,,,19:19:16,1.30,0,00.0,-0001.5
,,,,,19:19:17,1.30,0,00.0,-0001.5
,,,,,19:19:18,1.30,0,00.0,-0001.5
,,,,,19:19:19,1.30,0,00.0,-0001.5
,,,,,19:19:20,1.30,0,00.0,-0001.5
,,,,,19:19:21,1.30,0,00.0,-0001.5
,,,,,19:19:22,1.30,0,00.0,-0001.5
,,,,,19:19:23,1.30,0,00.0,-0001.5
,,,,,19:19:24,1.30,0,00.0,-0001.5
,,,,,19:19:25,1.30,0,00.0,-0001.5
,,,,,19:19:26,1.30,0,00.0,-0001.5
,,,,,19:19:27,1.30,0,00.0,-0001.6
,,,,,19:19:28,1.30,0,00.0,-0001.6
,,,,,19:19:29,1.30,0,00.0,-0001.6
,,,,,19:19:30,1.30,0,00.0,-0001.6
,,,,,19:19:31,1.30,0,00.0,-0001.6
,,,,,19:19:32,1.30,0,00.0,-0001.6
,,,,,19:19:33,1.30,0,00.0,-0001.6
,,,,,19:19:34,1.30,0,00.0,-0001.6
,,,,,19:19:35,1.31,0,00.0,-0001.6
,,,,,19:19:36,1.31,0,00.0,-0001.6
,,,,,19:19:37,1.31,0,00.0,-0001.5
,,,,,19:19:38,1.31,0,00.0,-0001.6
,,,,,19:19:39,1.31,0,00.0,-0001.6
,,,,,19:19:40,1.31,0,00.0,-0001.5
,,,,,19:19:41,1.31,0,00.0,-0001.5
,,,,,19:19:42,1.31,0,00.0,-0001.4
,,,,,19:19:43,1.31,0,00.0,-0001.5
,,,,,19:19:44,1.31,0,00.0,-0001.6
,,,,,19:19:45,1.31,0,00.0,-0001.6
,,,,,19:19:46,1.31,0,00.0,-0001.6
,,,,,19:19:47,1.31,0,00.0,-0001.6
,,,,,19:19:48,1.31,0,00.0,-0001.6
,,,,,19:19:49,1.31,0,00.0,-0001.6
,,,,,19:19:50,1.31,0,00.0,-0001.6
,,,,,19:19:51,1.31,0,00.0,-0001.6
,,,,,19:19:52,1.31,0,00.0,-0001.6
,,,,,19:19:53,1.31,0,00.0,-0001.6
,,,,,19:19:54,1.31,0,00.0,-0001.6
,,,,,19:19:55,1.31,0,00.0,-0001.6
,,,,,19:19:56,1.31,0,00.0,-0001.6
,,,,,19:19:57,1.31,0,00.0,-0001.6
,,,,,19:19:58,1.31,0,00.0,-0001.6
,,,,,19:19:59,1.31,0,00.0,-0001.6
,,,,,19:20:00,1.31,0,00.0,-0001.6
,,,,,19:20:01,1.31,0,00.0,-0001.6
,,,,,19:20:02,1.31,0,00.0,-0001.6
,,,,,19:20:03,1.31,0,00.0,-0001.6
,,,,,19:20:04,1.31,0,00.0,-0001.6
,,,,,19:20:05,1.31,0,00.0,-0001.6
,,,,,19:20:06,1.31,0,00.0,-0001.6
,,,,,19:20:07,1.31,0,00.0,-0001.6
,,,,,19:20:08,1.31,0,00.0,-0001.6
,,,,,19:20:09,1.31,0,00.0,-0001.6
,,,,,19:20:10,1.31,0,00.0,-0001.6
,,,,,19:20:11,1.31,0,00.0,-0001.6
,,,,,19:20:12,1.31,0,00.0,-0001.6
,,,,,19:20:13,1.31,0,00.0,-0001.6
,,,,,19:20:14,1.31,0,00.0,-0001.6
,,,,,19:20:15,1.31,0,00.0,-0001.6
,,,,,19:20:16,1.31,0,00.0,-0001.6
,,,,,19:20:17,1.31,0,00.0,-0001.6
,,,,,19:20:18,1.31,0,00.0,-0001.6
,,,,,19:20:19,1.31,0,00.0,-0001.6
,,,,,19:20:20,1.31,0,00.0,-0001.6
,,,,,19:20:21,1.31,0,00.0,-0001.6
,,,,,19:20:22,1.31,0,00.0,-0001.6
,,,,,19:20:23,1.31,0,00.0,-0001.6
,,,,,19:20:24,1.31,0,00.0,-0001.6
,,,,,19:20:25,1.31,0,00.0,-0001.6
,,,,,19:20:26,1.31,0,00.0,-0001.6
,,,,,19:20:27,1.31,0,00.0,-0001.6
,,,,,19:20:28,1.31,0,00.0,-0001.6
,,,,,19:20:29,1.31,0,00.0,-0001.6
,,,,,19:20:30,1.31,0,00.0,-0001.6
,,,,,19:20:31,1.31,0,00.0,-0001.6
,,,,,19:20:32,1.31,0,00.0,-0001.6
,,,,,19:20:33,1.31,0,00.0,-0001.6
,,,,,19:20:34,1.31,0,00.0,-0001.6
,,,,,19:20:35,1.31,0,00.0,-0001.6
,,,,,19:20:36,1.31,0,00.0,-0001.6
,,,,,19:20:37,1.31,0,00.0,-0001.6
,,,,,19:20:38,1.31,0,00.0,-0001.6
,,,,,19:20:39,1.32,0,00.0,-0001.6
,,,,,19:20:40,1.32,0,00.0,-0001.6
,,,,,19:20:41,1.32,0,00.0,-0001.6
,,,,,19:20:42,1.32,0,00.0,-0001.6
,,,,,19:20:43,1.32,0,00.0,-0001.6
,,,,,19:20:44,1.32,0,00.0,-0001.6
,,,,,19:20:45,1.32,0,00.0,-0001.7
,,,,,19:20:46,1.32,0,00.0,-0001.7
,,,,,19:20:47,1.31,0,00.0,-0001.7
,,,,,19:20:48,1.31,0,00.0,-0001.7
,,,,,19:20:49,1.31,0,00.0,-0001.7
,,,,,19:20:50,1.31,0,00.0,-0001.7
,,,,,19:20:51,1.31,0,00.0,-0001.7
,,,,,19:20:52,1.31,0,00.0,-0001.7
,,,,,19:20:53,1.31,0,00.0,-0001.6
,,,,,19:20:54,1.31,0,00.0,-0001.6
,,,,,19:20:55,1.31,0,00.0,-0001.6
,,,,,19:20:56,1.31,0,00.0,-0001.6
,,,,,19:20:57,1.31,0,00.0,-0001.6
,,,,,19:20:58,1.31,0,00.0,-0001.6
,,,,,19:20:59,1.31,0,00.0,-0001.6
,,,,,19:21:00,1.31,0,00.0,-0001.6
,,,,,19:21:01,1.31,0,00.0,-0001.6
,,,,,19:21:02,1.31,0,00.0,-0001.6
,,,,,19:21:03,1.31,0,00.0,-0001.6
,,,,,19:21:04,1.31,0,00.0,-0001.6
,,,,,19:21:05,1.31,0,00.0,-0001.6
,,,,,19:21:06,1.31,0,00.0,-0001.6
,,,,,19:21:07,1.31,0,00.0,-0001.6
,,,,,19:21:08,1.31,0,00.0,-0001.6
,,,,,19:21:09,1.31,0,00.0,-0001.6
,,,,,19:21:10,1.31,0,00.0,-0001.6
,,,,,19:21:11,1.31,0,00.0,-0001.6
,,,,,19:21:12,1.31,0,00.0,-0001.6
,,,,,19:21:13,1.31,0,00.0,-0001.6
,,,,,19:21:14,1.31,0,00.0,-0001.6
,,,,,19:21:15,1.31,0,00.0,-0001.6
,,,,,19:21:16,1.31,0,00.0,-0001.6
,,,,,19:21:17,1.31,0,00.0,-0001.6
,,,,,19:21:18,1.31,0,00.0,-0001.6
,,,,,19:21:19,1.31,0,00.0,-0001.6
,,,,,19:21:20,1.31,0,00.0,-0001.6
,,,,,19:21:21,1.31,0,00.0,-0001.6
,,,,,19:21:22,1.31,0,00.0,-0001.6
,,,,,19:21:23,1.31,0,00.0,-0001.6
,,,,,19:21:24,1.31,0,00.0,-0001.6
,,,,,19:21:25,1.31,0,00.0,-0001.6
,,,,,19:21:26,1.31,0,00.0,-0001.5
,,,,,19:21:27,1.31,0,00.0,-0001.5
,,,,,19:21:28,1.31,0,00.0,-0001.6
,,,,,19:21:29,1.31,0,00.0,-0001.6
,,,,,19:21:30,1.31,0,00.0,-0001.6
,,,,,19:21:31,1.31,0,00.0,-0001.6
,,,,,19:21:32,1.31,0,00.0,-0001.6
,,,,,19:21:33,1.31,0,00.0,-0001.6
,,,,,19:21:34,1.31,0,00.0,-0001.6
,,,,,19:21:35,1.31,0,00.0,-0001.6
,,,,,19:21:36,1.31,0,00.0,-0001.5
,,,,,19:21:37,1.31,0,00.0,-0001.6
,,,,,19:21:38,1.31,0,00.0,-0001.6
,,,,,19:21:39,1.31,0,00.0,-0001.5
,,,,,19:21:40,1.31,0,00.0,-0001.6
,,,,,19:21:41,1.31,0,00.0,-0001.5
,,,,,19:21:42,1.31,0,00.0,-0001.6
,,,,,19:21:43,1.31,0,00.0,-0001.6
,,,,,19:21:44,1.31,0,00.0,-0001.6
,,,,,19:21:45,1.31,0,00.0,-0001.6
,,,,,19:21:46,1.31,0,00.0,-0001.5
,,,,,19:21:47,1.31,0,00.0,-0001.6
,,,,,19:21:48,1.31,0,00.0,-0001.6
,,,,,19:21:49,1.31,0,00.0,-0001.6
,,,,,19:21:50,1.31,0,00.0,-0001.6
,,,,,19:21:51,1.31,0,00.0,-0001.6
,,,,,19:21:52,1.31,0,00.0,-0001.6
,,,,,19:21:53,1.31,0,00.0,-0001.6
,,,,,19:21:54,1.31,0,00.0,-0001.6
,,,,,19:21:55,1.31,0,00.0,-0001.6
,,,,,19:21:56,1.31,0,00.0,-0001.6
,,,,,19:21:57,1.31,0,00.0,-0001.6
,,,,,19:21:58,1.31,0,00.0,-0001.6
,,,,,19:21:59,1.31,0,00.0,-0001.6
,,,,,19:22:00,1.31,0,00.0,-0001.6
,,,,,19:22:01,1.31,0,00.0,-0001.6
,,,,,19:22:02,1.31,0,01.0,-0001.0
,,,,,19:22:03,1.31,1,03.8,0000.3
,,,,,19:22:04,1.31,5,03.7,0000.9
,,,,,19:22:05,1.31,8,03.5,0002.1
,,,,,19:22:06,1.31,12,03.7,0003.0
,,,,,19:22:07,1.31,16,03.5,0003.6
,,,,,19:22:08,1.31,19,03.7,0004.2
,,,,,19:22:09,1.31,23,03.7,0004.7
,,,,,19:22:10,1.31,27,03.5,0005.1
,,,,,19:22:11,1.31,30,03.7,0005.4
,,,,,19:22:12,1.31,34,03.5,0005.6
,,,,,19:22:13,1.31,37,03.7,0005.8
,,,,,19:22:14,1.31,41,03.5,0006.0
,,,,,19:22:15,1.31,44,03.7,0006.0
,,,,,19:22:16,1.31,48,03.7,0006.0
,,,,,19:22:17,1.31,52,03.5,0006.1
,,,,,19:22:18,1.31,55,03.7,0005.9
,,,,,19:22:19,1.31,59,03.7,0006.0
,,,,,19:22:20,1.31,63,03.7,0006.2
,,,,,19:22:21,1.31,66,03.7,0006.3
,,,,,19:22:22,1.31,70,03.8,0006.5
,,,,,19:22:23,1.31,74,03.8,0006.4
,,,,,19:22:24,1.31,78,04.2,0006.8
,,,,,19:22:25,1.31,82,04.5,0007.2
,,,,,19:22:26,1.31,86,04.7,0007.2
,,,,,19:22:27,1.31,91,04.8,0007.7
,,,,,19:22:28,1.31,96,04.8,0007.4
,,,,,19:22:29,1.31,101,04.9,0007.8
,,,,,19:22:30,1.31,105,04.9,0008.2
,,,,,19:22:31,1.31,110,05.2,0008.2
,,,,,19:22:32,1.31,116,05.2,0008.6
,,,,,19:22:33,1.31,121,05.1,0008.9
,,,,,19:22:34,1.31,126,05.2,0009.1
,,,,,19:22:35,1.31,131,05.1,0009.4
,,,,,19:22:36,1.31,136,05.2,0009.5
,,,,,19:22:37,1.31,141,05.2,0009.5
,,,,,19:22:38,1.31,147,05.1,0009.6
,,,,,19:22:39,1.31,152,05.2,0009.6
,,,,,19:22:40,1.31,157,05.1,0009.5
,,,,,19:22:41,1.31,162,05.2,0009.4
,,,,,19:22:42,1.31,167,05.2,0009.4
,,,,,19:22:43,1.31,172,05.1,0009.4
,,,,,19:22:44,1.31,178,05.2,0009.3
,,,,,19:22:45,1.31,183,05.2,0009.2
,,,,,19:22:46,1.31,188,05.1,0008.9
,,,,,19:22:47,1.31,193,05.2,0008.8
,,,,,19:22:48,1.31,198,05.2,0008.4
,,,,,19:22:49,1.31,203,05.1,0008.2
,,,,,19:22:50,1.31,209,05.2,0007.9
,,,,,19:22:51,1.31,214,05.2,0007.7
,,,,,19:22:52,1.31,219,05.1,0007.8
,,,,,19:22:53,1.31,224,05.2,0007.7
,,,,,19:22:54,1.31,229,05.2,0007.5
,,,,,19:22:55,1.31,234,05.2,0007.2
,,,,,19:22:56,1.31,240,05.1,0007.1
,,,,,19:22:57,1.31,245,05.2,0006.9
,,,,,19:22:58,1.31,250,05.2,0006.8
,,,,,19:22:59,1.31,255,05.2,0006.9
,,,,,19:23:00,1.31,260,05.1,0006.7
,,,,,19:23:01,1.31,266,05.2,0006.6
,,,,,19:23:02,1.31,271,05.2,0006.6
,,,,,19:23:03,1.31,276,05.2,0006.4
,,,,,19:23:04,1.31,281,05.2,0006.3
,,,,,19:23:05,1.30,286,05.2,0006.5
,,,,,19:23:06,1.30,292,05.1,0006.4
,,,,,19:23:07,1.30,297,05.2,0006.5
,,,,,19:23:08,1.30,302,05.2,0006.3
,,,,,19:23:09,1.30,307,05.2,0006.2
,,,,,19:23:10,1.30,312,05.2,0006.3
,,,,,19:23:11,1.30,318,05.4,0006.7
,,,,,19:23:12,1.30,323,05.8,0007.7
,,,,,19:23:13,1.30,329,05.8,0007.8
,,,,,19:23:14,1.30,334,05.8,0008.1
,,,,,19:23:15,1.30,340,06.1,0008.5
,,,,,19:23:16,1.30,346,06.2,0008.8
,,,,,19:23:17,1.30,353,06.2,0008.9
,,,,,19:23:18,1.30,359,06.2,0008.9
,,,,,19:23:19,1.30,365,06.1,0008.9
,,,,,19:23:20,1.30,371,06.2,0008.9
,,,,,19:23:21,1.30,377,06.2,0008.9
,,,,,19:23:22,1.30,383,06.2,0008.8
,,,,,19:23:23,1.29,390,06.2,0008.8
,,,,,19:23:24,1.29,396,06.1,0008.7
,,,,,19:23:25,1.29,402,06.2,0008.4
,,,,,19:23:26,1.29,408,06.2,0008.3
,,,,,19:23:27,1.29,414,06.2,0008.2
,,,,,19:23:28,1.29,420,06.1,0008.1
,,,,,19:23:29,1.29,427,06.2,0008.1
,,,,,19:23:30,1.29,433,06.2,0008.1
,,,,,19:23:31,1.29,439,06.2,0008.2
,,,,,19:23:32,1.29,445,06.1,0008.2
,,,,,19:23:33,1.29,451,06.2,0008.3
,,,,,19:23:34,1.29,457,06.2,0008.4
,,,,,19:23:35,1.29,464,06.2,0008.4
,,,,,19:23:36,1.29,470,06.2,0008.4
,,,,,19:23:37,1.29,476,06.1,0008.4
,,,,,19:23:38,1.29,482,06.2,0008.2
,,,,,19:23:39,1.30,488,06.2,0008.0
,,,,,19:23:40,1.30,494,06.2,0008.0
,,,,,19:23:41,1.30,501,06.2,0008.0
,,,,,19:23:42,1.30,507,06.1,0008.0
,,,,,19:23:43,1.31,513,06.2,0008.2
,,,,,19:23:44,1.31,519,06.2,0008.3
,,,,,19:23:45,1.31,525,06.2,0008.4
,,,,,19:23:46,1.32,532,06.2,0008.5
,,,,,19:23:47,1.32,538,06.1,0008.5
,,,,,19:23:48,1.32,544,06.2,0008.6
,,,,,19:23:49,1.32,550,06.2,0008.6
,,,,,19:23:50,1.32,556,06.2,0008.5
,,,,,19:23:51,1.32,562,06.2,0008.5
,,,,,19:23:52,1.31,569,06.1,0008.3
,,,,,19:23:53,1.31,575,06.2,0008.2
,,,,,19:23:54,1.31,581,06.2,0008.0
,,,,,19:23:55,1.31,587,06.2,0007.9
,,,,,19:23:56,1.31,593,06.2,0007.8
,,,,,19:23:57,1.31,600,06.2,0007.9
,,,,,19:23:58,1.31,606,06.1,0007.9
,,,,,19:23:59,1.30,612,06.2,0008.1
,,,,,19:24:00,1.30,618,06.2,0008.1
,,,,,19:24:01,1.31,624,06.2,0008.2
,,,,,19:24:02,1.31,630,06.2,0008.0
,,,,,19:24:03,1.31,637,06.8,0008.6
,,,,,19:24:04,1.31,643,07.7,0008.6
,,,,,19:24:05,1.31,651,07.0,0008.1
,,,,,19:24:06,1.31,658,06.1,0008.4
,,,,,19:24:07,1.31,664,06.3,0008.2
,,,,,19:24:08,1.31,670,06.3,0008.5
,,,,,19:24:09,1.31,677,07.6,0009.3
,,,,,19:24:10,1.31,684,08.1,0010.2
,,,,,19:24:11,1.31,692,08.2,0009.9
,,,,,19:24:12,1.31,701,08.1,0010.2
,,,,,19:24:13,1.32,709,08.2,0010.3
,,,,,19:24:14,1.31,717,08.1,0010.7
,,,,,19:24:15,1.31,725,08.2,0010.2
,,,,,19:24:16,1.31,733,08.2,0010.1
,,,,,19:24:17,1.31,741,08.2,0010.2
,,,,,19:24:18,1.31,750,08.4,0010.4
,,,,,19:24:19,1.31,758,08.5,0010.9
,,,,,19:24:20,1.31,766,08.7,0010.9
,,,,,19:24:21,1.32,775,08.9,0011.4
,,,,,19:24:22,1.32,784,08.8,0011.6
,,,,,19:24:23,1.31,793,09.1,0012.2
,,,,,19:24:24,1.31,802,09.3,0011.7
,,,,,19:24:25,1.31,811,09.3,0011.7
,,,,,19:24:26,1.31,821,09.5,0012.0
,,,,,19:24:27,1.31,830,09.7,0012.4
,,,,,19:24:28,1.31,840,09.9,0012.6
,,,,,19:24:29,1.31,850,09.9,0012.8
,,,,,19:24:30,1.31,860,10.3,0013.7
,,,,,19:24:31,1.31,870,10.6,0014.2
,,,,,19:24:32,1.31,880,11.0,0014.8
,,,,,19:24:33,1.31,891,11.3,0015.3
,,,,,19:24:34,1.31,903,11.6,0015.3
,,,,,19:24:35,1.31,914,11.5,0016.1
,,,,,19:24:36,1.31,926,11.7,0015.7
,,,,,19:24:37,1.31,938,11.7,0015.5
,,,,,19:24:38,1.31,949,11.6,0015.7
,,,,,19:24:39,1.31,961,11.8,0015.4
,,,,,19:24:40,1.31,973,11.8,0016.8
,,,,,19:24:41,1.31,984,11.9,0016.7
,,,,,19:24:42,1.31,996,12.1,0016.3
,,,,,19:24:43,1.31,1008,12.2,0016.9
,,,,,19:24:44,1.31,1021,12.2,0017.1
,,,,,19:24:45,1.31,1033,12.2,0016.9
,,,,,19:24:46,1.31,1045,12.3,0016.7
,,,,,19:24:47,1.31,1057,12.3,0016.8
,,,,,19:24:48,1.31,1070,12.2,0016.8
,,,,,19:24:49,1.31,1082,12.3,0016.7
,,,,,19:24:50,1.31,1094,12.4,0016.8
,,,,,19:24:51,1.31,1106,12.2,0016.8
,,,,,19:24:52,1.31,1119,12.3,0016.5
,,,,,19:24:53,1.31,1131,12.2,0016.6
,,,,,19:24:54,1.31,1143,12.3,0016.6
,,,,,19:24:55,1.31,1155,12.2,0016.7
,,,,,19:24:56,1.31,1167,12.3,0016.9
,,,,,19:24:57,1.31,1180,12.3,0016.6
,,,,,19:24:58,1.31,1192,12.2,0016.6
,,,,,19:24:59,1.32,1204,12.3,0016.3
,,,,,19:25:00,1.32,1217,12.2,0016.3
,,,,,19:25:01,1.32,1229,12.3,0016.2
,,,,,19:25:02,1.32,1241,12.3,0016.2
,,,,,19:25:03,1.32,1253,12.2,0016.4
,,,,,19:25:04,1.32,1265,12.3,0016.1
,,,,,19:25:05,1.32,1278,12.2,0015.8
,,,,,19:25:06,1.32,1290,12.3,0016.4
,,,,,19:25:07,1.32,1302,12.4,0016.1
,,,,,19:25:08,1.32,1315,12.2,0016.1
,,,,,19:25:09,1.32,1327,12.3,0015.8
,,,,,19:25:10,1.32,1339,12.3,0016.1
,,,,,19:25:11,1.32,1351,12.3,0016.2
,,,,,19:25:12,1.31,1364,12.3,0015.8
,,,,,19:25:13,1.31,1376,12.3,0016.1
,,,,,19:25:14,1.31,1388,12.2,0016.1
,,,,,19:25:15,1.32,1400,12.3,0015.8
,,,,,19:25:16,1.32,1413,12.2,0015.9
,,,,,19:25:17,1.32,1425,12.3,0015.8
,,,,,19:25:18,1.32,1437,12.4,0015.9
,,,,,19:25:19,1.32,1450,12.2,0015.9
,,,,,19:25:20,1.32,1462,12.3,0015.6
,,,,,19:25:21,1.32,1474,12.3,0015.4
,,,,,19:25:22,1.32,1486,12.2,0015.9
,,,,,19:25:23,1.32,1499,12.4,0015.8
,,,,,19:25:24,1.32,1511,12.3,0015.5
,,,,,19:25:25,1.32,1523,12.2,0015.9
,,,,,19:25:26,1.32,1535,12.3,0016.2
,,,,,19:25:27,1.32,1548,12.4,0015.7
,,,,,19:25:28,1.32,1560,12.2,0015.8
,,,,,19:25:29,1.32,1572,12.3,0016.0
,,,,,19:25:30,1.32,1585,12.3,0016.1
,,,,,19:25:31,1.31,1597,12.3,0015.5
,,,,,19:25:32,1.31,1609,12.3,0015.3
,,,,,19:25:33,1.31,1621,12.3,0015.5
,,,,,19:25:34,1.31,1634,12.2,0015.7
,,,,,19:25:35,1.31,1646,12.4,0015.5
,,,,,19:25:36,1.31,1658,12.3,0015.6
,,,,,19:25:37,1.30,1671,12.2,0015.4
,,,,,19:25:38,1.30,1683,12.4,0015.5
,,,,,19:25:39,1.30,1695,12.3,0015.7
,,,,,19:25:40,1.30,1708,12.2,0015.6
,,,,,19:25:41,1.29,1720,12.3,0015.9
,,,,,19:25:42,1.29,1732,12.4,0015.5
,,,,,19:25:43,1.29,1744,12.2,0015.6
,,,,,19:25:44,1.29,1757,12.3,0015.6
,,,,,19:25:45,1.30,1769,12.3,0015.9
,,,,,19:25:46,1.30,1781,12.4,0015.9
,,,,,19:25:47,1.30,1794,12.2,0015.3
,,,,,19:25:48,1.30,1806,12.3,0015.2
,,,,,19:25:49,1.30,1818,12.4,0015.3
,,,,,19:25:50,1.30,1830,12.2,0015.4
,,,,,19:25:51,1.30,1843,12.3,0015.4
,,,,,19:25:52,1.30,1855,12.4,0015.3
,,,,,19:25:53,1.30,1867,12.2,0015.5
,,,,,19:25:54,1.30,1880,12.3,0015.3
,,,,,19:25:55,1.30,1892,12.3,0015.7
,,,,,19:25:56,1.30,1904,12.3,0015.6
,,,,,19:25:57,1.30,1916,12.3,0015.4
,,,,,19:25:58,1.30,1929,12.3,0015.3
,,,,,19:25:59,1.30,1941,12.3,0015.1
,,,,,19:26:00,1.31,1953,12.3,0015.3
,,,,,19:26:01,1.31,1966,12.3,0015.2
,,,,,19:26:02,1.31,1978,12.4,0015.6
,,,,,19:26:03,1.31,1990,12.2,0015.5
,,,,,19:26:04,1.31,2002,12.3,0015.3
,,,,,19:26:05,1.31,2015,12.4,0014.9
,,,,,19:26:06,1.31,2027,12.2,0015.0
,,,,,19:26:07,1.31,2039,12.3,0014.9
,,,,,19:26:08,1.31,2052,12.4,0015.6
,,,,,19:26:09,1.32,2064,12.2,0015.5
,,,,,19:26:10,1.32,2076,12.3,0015.4
,,,,,19:26:11,1.32,2088,12.4,0015.2
,,,,,19:26:12,1.32,2101,12.3,0015.0
,,,,,19:26:13,1.32,2113,12.2,0015.0
,,,,,19:26:14,1.32,2125,12.4,0015.1
,,,,,19:26:15,1.32,2138,12.3,0015.4
,,,,,19:26:16,1.32,2150,12.3,0015.5
,,,,,19:26:17,1.32,2162,12.3,0015.3
,,,,,19:26:18,1.32,2175,12.3,0015.1
,,,,,19:26:19,1.32,2187,12.4,0014.8
,,,,,19:26:20,1.31,2199,12.2,0014.7
,,,,,19:26:21,1.31,2212,12.3,0015.3
,,,,,19:26:22,1.31,2224,12.4,0015.2
,,,,,19:26:23,1.31,2236,12.2,0015.1
,,,,,19:26:24,1.31,2248,12.3,0014.8
,,,,,19:26:25,1.30,2261,12.4,0015.2
,,,,,19:26:26,1.30,2273,12.3,0014.8
,,,,,19:26:27,1.30,2285,12.3,0014.7
,,,,,19:26:28,1.30,2298,12.3,0014.6
,,,,,19:26:29,1.30,2310,12.3,0014.8
,,,,,19:26:30,1.30,2322,12.3,0015.1
,,,,,19:26:31,1.30,2335,12.3,0015.1
,,,,,19:26:32,1.30,2347,12.3,0015.4
,,,,,19:26:33,1.30,2359,12.4,0015.3
,,,,,19:26:34,1.30,2372,12.2,0015.1
,,,,,19:26:35,1.30,2384,12.4,0014.7
,,,,,19:26:36,1.31,2396,12.3,0014.9
,,,,,19:26:37,1.31,2408,12.3,0014.6
,,,,,19:26:38,1.31,2421,12.3,0014.9
,,,,,19:26:39,1.31,2433,12.4,0014.8
,,,,,19:26:40,1.31,2445,12.3,0015.0
,,,,,19:26:41,1.31,2458,12.3,0015.1
,,,,,19:26:42,1.31,2470,12.3,0015.1
,,,,,19:26:43,1.31,2482,12.3,0015.3
,,,,,19:26:44,1.31,2495,12.3,0015.1
,,,,,19:26:45,1.31,2507,12.3,0015.3
,,,,,19:26:46,1.32,2519,12.4,0015.3
,,,,,19:26:47,1.32,2532,12.3,0015.4
,,,,,19:26:48,1.32,2544,12.3,0014.9
,,,,,19:26:49,1.32,2556,12.3,0015.0
,,,,,19:26:50,1.32,2568,12.3,0014.9
,,,,,19:26:51,1.33,2581,12.4,0014.9
,,,,,19:26:52,1.33,2593,12.2,0014.9
,,,,,19:26:53,1.33,2605,12.3,0015.2
,,,,,19:26:54,1.33,2618,12.4,0015.3
,,,,,19:26:55,1.33,2630,12.2,0015.0
,,,,,19:26:56,1.33,2642,12.4,0015.0
,,,,,19:26:57,1.34,2655,12.3,0014.8
,,,,,19:26:58,1.34,2667,12.4,0014.8
,,,,,19:26:59,1.34,2679,12.2,0014.4
,,,,,19:27:00,1.34,2691,12.4,0014.6
,,,,,19:27:01,1.34,2704,12.3,0014.2
,,,,,19:27:02,1.35,2716,12.3,0014.4
,,,,,19:27:03,1.35,2728,12.3,0014.5
,,,,,19:27:04,1.35,2741,12.3,0014.5
,,,,,19:27:05,1.35,2753,12.4,0014.5
,,,,,19:27:06,1.35,2765,12.3,0014.8
,,,,,19:27:07,1.35,2778,12.3,0015.3
,,,,,19:27:08,1.35,2790,12.3,0015.1
,,,,,19:27:09,1.35,2802,12.4,0015.3
,,,,,19:27:10,1.35,2815,12.3,0014.8
,,,,,19:27:11,1.34,2827,12.3,0014.9
,,,,,19:27:12,1.34,2839,12.3,0014.8
,,,,,19:27:13,1.34,2852,12.4,0015.0
,,,,,19:27:14,1.33,2864,12.3,0014.8
,,,,,19:27:15,1.33,2876,12.3,0014.8
,,,,,19:27:16,1.33,2889,12.3,0014.6
,,,,,19:27:17,1.32,2901,12.4,0014.4
,,,,,19:27:18,1.32,2913,12.2,0014.5
,,,,,19:27:19,1.32,2925,12.4,0014.5
,,,,,19:27:20,1.32,2938,12.3,0014.5
,,,,,19:27:21,1.31,2950,12.3,0014.6
,,,,,19:27:22,1.31,2963,12.3,0014.8
,,,,,19:27:23,1.31,2975,12.3,0014.8
,,,,,19:27:24,1.30,2987,12.4,0014.7
,,,,,19:27:25,1.30,2999,12.3,0014.9
,,,,,19:27:26,1.30,3012,12.3,0014.6
,,,,,19:27:27,1.30,3024,12.3,0015.1
,,,,,19:27:28,1.30,3036,12.4,0015.1
,,,,,19:27:29,1.30,3049,12.3,0015.2
,,,,,19:27:30,1.30,3061,12.3,0014.9
,,,,,19:27:31,1.30,3073,12.3,0015.0
,,,,,19:27:32,1.30,3086,12.4,0014.8
,,,,,19:27:33,1.30,3098,12.3,0014.6
,,,,,19:27:34,1.30,3110,12.3,0014.8
,,,,,19:27:35,1.30,3123,12.3,0014.9
,,,,,19:27:36,1.30,3135,12.4,0014.9
,,,,,19:27:37,1.30,3147,12.3,0014.6
,,,,,19:27:38,1.30,3160,12.3,0014.7
,,,,,19:27:39,1.30,3172,12.3,0014.5
,,,,,19:27:40,1.30,3184,12.4,0014.6
,,,,,19:27:41,1.30,3197,12.3,0014.6
,,,,,19:27:42,1.30,3209,12.3,0014.4
,,,,,19:27:43,1.30,3221,12.3,0014.6
,,,,,19:27:44,1.30,3234,12.4,0014.4
,,,,,19:27:45,1.30,3246,12.3,0014.7
,,,,,19:27:46,1.31,3258,12.3,0014.5
,,,,,19:27:47,1.31,3270,12.3,0014.8
,,,,,19:27:48,1.31,3283,12.4,0014.5
,,,,,19:27:49,1.31,3295,12.2,0014.7
,,,,,19:27:50,1.31,3307,12.4,0014.7
,,,,,19:27:51,1.31,3320,12.3,0014.9
,,,,,19:27:52,1.31,3332,12.4,0014.9
,,,,,19:27:53,1.31,3344,12.3,0014.6
,,,,,19:27:54,1.31,3357,12.3,0014.9
,,,,,19:27:55,1.31,3369,12.4,0014.5
,,,,,19:27:56,1.31,3381,12.3,0014.7
,,,,,19:27:57,1.31,3394,12.4,0014.5
,,,,,19:27:58,1.31,3406,12.2,0014.6
,,,,,19:27:59,1.31,3418,12.4,0014.5
,,,,,19:28:00,1.31,3431,12.3,0014.5
,,,,,19:28:01,1.31,3443,12.4,0014.7
,,,,,19:28:02,1.31,3455,12.2,0014.6
,,,,,19:28:03,1.31,3468,12.4,0014.7
,,,,,19:28:04,1.31,3480,12.3,0014.5
,,,,,19:28:05,1.31,3492,12.4,0014.7
,,,,,19:28:06,1.31,3505,12.3,0014.6
,,,,,19:28:07,1.31,3517,12.3,0014.3
,,,,,19:28:08,1.31,3529,12.4,0014.3
,,,,,19:28:09,1.31,3542,12.3,0014.2
,,,,,19:28:10,1.31,3554,12.3,0014.4
,,,,,19:28:11,1.31,3566,12.4,0013.9
,,,,,19:28:12,1.31,3579,12.3,0014.1
,,,,,19:28:13,1.30,3591,12.4,0014.2
,,,,,19:28:14,1.30,3603,12.4,0014.4
,,,,,19:28:15,1.30,3616,12.2,0014.7
,,,,,19:28:16,1.30,3628,12.4,0014.5
,,,,,19:28:17,1.30,3640,12.3,0014.6
,,,,,19:28:18,1.31,3653,12.4,0014.5
,,,,,19:28:19,1.31,3665,12.2,0014.6
,,,,,19:28:20,1.31,3677,12.4,0014.5
,,,,,19:28:21,1.31,3690,12.3,0014.7
,,,,,19:28:22,1.32,3702,12.4,0014.6
,,,,,19:28:23,1.31,3714,12.3,0014.5
,,,,,19:28:24,1.31,3727,12.3,0014.8
,,,,,19:28:25,1.31,3739,12.4,0014.6
,,,,,19:28:26,1.31,3751,12.3,0014.7
,,,,,19:28:27,1.30,3764,12.4,0014.7
,,,,,19:28:28,1.30,3776,12.3,0014.6
,,,,,19:28:29,1.30,3788,12.3,0014.8
,,,,,19:28:30,1.30,3801,12.4,0014.5
,,,,,19:28:31,1.30,3813,12.3,0014.7
,,,,,19:28:32,1.30,3825,12.3,0014.3
,,,,,19:28:33,1.30,3838,12.3,0014.7
,,,,,19:28:34,1.30,3850,12.4,0014.6
,,,,,19:28:35,1.31,3862,12.4,0014.6
,,,,,19:28:36,1.31,3875,12.2,0014.4
,,,,,19:28:37,1.31,3887,12.4,0014.5
,,,,,19:28:38,1.31,3899,12.3,0014.6
,,,,,19:28:39,1.31,3912,12.4,0014.1
,,,,,19:28:40,1.31,3924,12.3,0014.5
,,,,,19:28:41,1.31,3936,12.3,0014.2
,,,,,19:28:42,1.31,3949,12.4,0014.2
,,,,,19:28:43,1.30,3961,12.3,0014.1
,,,,,19:28:44,1.30,3973,12.4,0013.9
,,,,,19:28:45,1.30,3986,12.2,0014.1
,,,,,19:28:46,1.30,3998,12.4,0014.1
,,,,,19:28:47,1.29,4010,12.4,0014.4
,,,,,19:28:48,1.29,4023,12.3,0014.1
,,,,,19:28:49,1.29,4035,12.4,0014.0
,,,,,19:28:50,1.30,4047,12.2,0014.3
,,,,,19:28:51,1.30,4060,12.4,0014.0
,,,,,19:28:52,1.30,4072,12.3,0014.5
,,,,,19:28:53,1.30,4084,12.4,0014.5
,,,,,19:28:54,1.30,4097,12.3,0014.8
,,,,,19:28:55,1.30,4109,12.3,0014.5
,,,,,19:28:56,1.31,4121,12.4,0014.4
,,,,,19:28:57,1.31,4134,12.4,0014.5
,,,,,19:28:58,1.31,4146,12.2,0014.1
,,,,,19:28:59,1.31,4158,12.4,0014.5
,,,,,19:29:00,1.31,4171,12.3,0014.1
,,,,,19:29:01,1.31,4183,12.4,0014.2
,,,,,19:29:02,1.31,4195,12.3,0014.2
,,,,,19:29:03,1.31,4208,12.3,0014.4
,,,,,19:29:04,1.30,4220,12.4,0014.2
,,,,,19:29:05,1.30,4232,12.3,0014.1
,,,,,19:29:06,1.30,4245,12.4,0014.1
,,,,,19:29:07,1.30,4257,12.2,0013.9
,,,,,19:29:08,1.30,4269,12.4,0013.9
,,,,,19:29:09,1.30,4282,12.4,0013.8
,,,,,19:29:10,1.30,4294,12.3,0013.8
,,,,,19:29:11,1.30,4306,12.4,0013.9
,,,,,19:29:12,1.31,4319,12.3,0014.2
,,,,,19:29:13,1.31,4331,12.3,0014.4
,,,,,19:29:14,1.31,4343,12.4,0014.4
,,,,,19:29:15,1.31,4356,12.4,0014.6
,,,,,19:29:16,1.31,4368,12.3,0014.5
,,,,,19:29:17,1.31,4381,12.3,0014.2
,,,,,19:29:18,1.30,4393,12.3,0014.5
,,,,,19:29:19,1.30,4405,12.4,0014.1
,,,,,19:29:20,1.30,4417,12.4,0014.3
,,,,,19:29:21,1.29,4430,12.2,0013.9
,,,,,19:29:22,1.29,4442,12.4,0014.3
,,,,,19:29:23,1.29,4454,12.4,0014.0
,,,,,19:29:24,1.29,4467,12.3,0014.0
,,,,,19:29:25,1.29,4479,12.4,0014.3
,,,,,19:29:26,1.30,4492,12.3,0014.1
,,,,,19:29:27,1.30,4504,12.3,0014.3
,,,,,19:29:28,1.30,4516,12.4,0014.0
,,,,,19:29:29,1.30,4529,12.3,0014.4
,,,,,19:29:30,1.30,4541,12.3,0014.6
,,,,,19:29:31,1.30,4553,12.4,0014.4
,,,,,19:29:32,1.30,4566,12.4,0014.2
,,,,,19:29:33,1.31,4578,12.3,0014.1
,,,,,19:29:34,1.31,4590,12.4,0014.3
,,,,,19:29:35,1.31,4603,12.2,0013.9
,,,,,19:29:36,1.31,4615,12.4,0014.1
,,,,,19:29:37,1.31,4627,12.4,0014.0
,,,,,19:29:38,1.32,4640,12.3,0013.7
,,,,,19:29:39,1.32,4652,12.4,0014.1
,,,,,19:29:40,1.31,4664,12.3,0014.0
,,,,,19:29:41,1.31,4677,12.3,0014.2
,,,,,19:29:42,1.31,4689,12.4,0014.1
,,,,,19:29:43,1.30,4701,12.4,0014.1
,,,,,19:29:44,1.30,4714,12.3,0014.2
,,,,,19:29:45,1.30,4726,12.3,0013.8
,,,,,19:29:46,1.30,4738,12.4,0014.4
,,,,,19:29:47,1.30,4751,12.3,0014.1
,,,,,19:29:48,1.30,4763,12.4,0013.9
,,,,,19:29:49,1.30,4775,12.3,0013.7
,,,,,19:29:50,1.30,4788,12.3,0013.7
,,,,,19:29:51,1.30,4800,12.4,0013.9
,,,,,19:29:52,1.30,4812,12.4,0013.9
,,,,,19:29:53,1.30,4825,12.3,0014.2
,,,,,19:29:54,1.30,4837,12.4,0014.2
,,,,,19:29:55,1.30,4850,12.3,0014.0
,,,,,19:29:56,1.30,4862,12.4,0014.1
,,,,,19:29:57,1.31,4874,12.3,0013.7
,,,,,19:29:58,1.31,4887,12.4,0014.1
,,,,,19:29:59,1.31,4899,12.2,0013.7
,,,,,19:30:00,1.31,4911,12.4,0014.1
,,,,,19:30:01,1.31,4924,12.4,0013.9
,,,,,19:30:02,1.31,4936,12.3,0014.1
,,,,,19:30:03,1.30,4948,12.4,0014.5
,,,,,19:30:04,1.30,4961,12.3,0013.9
,,,,,19:30:05,1.30,4973,12.3,0014.2
,,,,,19:30:06,1.30,4985,12.4,0013.9
,,,,,19:30:07,1.30,4998,12.4,0013.6
,,,,,19:30:08,1.29,5010,12.4,0014.0
,,,,,19:30:09,1.29,5022,12.2,0013.7
,,,,,19:30:10,1.29,5035,12.4,0014.1
,,,,,19:30:11,1.29,5047,12.4,0013.9
,,,,,19:30:12,1.29,5059,12.3,0014.0
,,,,,19:30:13,1.29,5072,12.4,0014.1
,,,,,19:30:14,1.30,5084,12.3,0013.7
,,,,,19:30:15,1.30,5096,12.3,0014.1
,,,,,19:30:16,1.30,5109,12.4,0013.9
,,,,,19:30:17,1.30,5121,12.4,0014.0
,,,,,19:30:18,1.30,5134,12.4,0013.9
,,,,,19:30:19,1.30,5146,12.2,0013.7
,,,,,19:30:20,1.30,5158,12.4,0014.2
,,,,,19:30:21,1.30,5171,12.4,0014.0
,,,,,19:30:22,1.30,5183,12.3,0014.1
,,,,,19:30:23,1.30,5195,12.4,0013.8
,,,,,19:30:24,1.30,5208,12.4,0014.0
,,,,,19:30:25,1.30,5220,12.3,0014.0
,,,,,19:30:26,1.30,5232,12.3,0013.9
,,,,,19:30:27,1.30,5245,12.4,0014.3
,,,,,19:30:28,1.30,5257,12.4,0014.2
,,,,,19:30:29,1.31,5269,12.3,0014.1
,,,,,19:30:30,1.31,5282,12.3,0013.9
,,,,,19:30:31,1.31,5294,12.4,0013.4
,,,,,19:30:32,1.31,5306,12.4,0014.0
,,,,,19:30:33,1.31,5319,12.3,0013.8
,,,,,19:30:34,1.31,5331,12.4,0014.3
,,,,,19:30:35,1.31,5344,12.3,0014.2
,,,,,19:30:36,1.31,5356,12.4,0013.9
,,,,,19:30:37,1.30,5368,12.3,0014.0
,,,,,19:30:38,1.30,5381,12.4,0013.4
,,,,,19:30:39,1.30,5393,12.4,0013.7
,,,,,19:30:40,1.29,5405,12.3,0013.6
,,,,,19:30:41,1.29,5418,12.3,0013.9
,,,,,19:30:42,1.29,5430,12.4,0014.4
,,,,,19:30:43,1.30,5442,12.4,0013.8
,,,,,19:30:44,1.30,5455,12.4,0013.7
,,,,,19:30:45,1.30,5467,12.2,0013.6
,,,,,19:30:46,1.30,5479,12.4,0013.6
,,,,,19:30:47,1.30,5492,12.4,0013.7
,,,,,19:30:48,1.30,5504,12.3,0013.7
,,,,,19:30:49,1.30,5516,12.4,0014.0
,,,,,19:30:50,1.30,5529,12.4,0013.8
,,,,,19:30:51,1.30,5541,12.3,0013.9
,,,,,19:30:52,1.31,5554,12.3,0013.8
,,,,,19:30:53,1.31,5566,12.4,0013.4
,,,,,19:30:54,1.31,5578,12.4,0013.8
,,,,,19:30:55,1.31,5591,12.3,0013.7
,,,,,19:30:56,1.31,5603,12.3,0013.9
,,,,,19:30:57,1.31,5615,12.4,0014.0
,,,,,19:30:58,1.30,5628,12.3,0013.7
,,,,,19:30:59,1.30,5640,12.4,0013.8
,,,,,19:31:00,1.30,5652,12.4,0013.5
,,,,,19:31:01,1.30,5665,12.3,0013.7
,,,,,19:31:02,1.30,5677,12.3,0013.7
,,,,,19:31:03,1.30,5689,12.4,0013.7
,,,,,19:31:04,1.30,5702,12.4,0014.0
,,,,,19:31:05,1.31,5714,12.4,0014.0
,,,,,19:31:06,1.31,5727,12.4,0014.0
,,,,,19:31:07,1.31,5739,12.2,0013.9
,,,,,19:31:08,1.31,5751,12.4,0013.7
,,,,,19:31:09,1.31,5764,12.4,0014.1
,,,,,19:31:10,1.31,5776,12.4,0014.0
,,,,,19:31:11,1.31,5788,12.3,0014.2
,,,,,19:31:12,1.31,5801,12.3,0014.0
,,,,,19:31:13,1.31,5813,12.4,0013.7
,,,,,19:31:14,1.31,5825,12.4,0013.7
,,,,,19:31:15,1.30,5838,12.3,0013.5
,,,,,19:31:16,1.30,5850,12.4,0014.1
,,,,,19:31:17,1.30,5863,12.4,0013.9
,,,,,19:31:18,1.30,5875,12.3,0013.9
,,,,,19:31:19,1.30,5887,12.4,0014.0
,,,,,19:31:20,1.30,5900,12.3,0013.6
,,,,,19:31:21,1.30,5912,12.4,0014.0
,,,,,19:31:22,1.30,5924,12.4,0014.0
,,,,,19:31:23,1.30,5937,12.3,0013.9
,,,,,19:31:24,1.30,5949,12.4,0014.2
,,,,,19:31:25,1.30,5961,12.4,0013.8
,,,,,19:31:26,1.31,5974,12.3,0014.1
,,,,,19:31:27,1.31,5986,12.4,0014.0
,,,,,19:31:28,1.31,5999,12.4,0013.9
,,,,,19:31:29,1.31,6011,12.3,0014.2
,,,,,19:31:30,1.31,6023,12.3,0013.5
,,,,,19:31:31,1.31,6036,12.4,0013.8
,,,,,19:31:32,1.31,6048,12.4,0013.6
,,,,,19:31:33,1.32,6060,12.4,0013.8
,,,,,19:31:34,1.32,6073,12.3,0014.4
,,,,,19:31:35,1.32,6085,12.3,0013.9
,,,,,19:31:36,1.32,6097,12.4,0013.7
,,,,,19:31:37,1.32,6110,12.3,0013.6
,,,,,19:31:38,1.32,6122,12.4,0013.9
,,,,,19:31:39,1.32,6134,12.4,0014.4
,,,,,19:31:40,1.32,6147,12.4,0014.0
,,,,,19:31:41,1.31,6159,12.3,0013.8
,,,,,19:31:42,1.31,6172,12.3,0013.7
,,,,,19:31:43,1.31,6184,12.4,0013.8
,,,,,19:31:44,1.30,6196,12.4,0014.2
,,,,,19:31:45,1.30,6209,12.4,0014.0
,,,,,19:31:46,1.30,6221,12.2,0014.0
,,,,,19:31:47,1.30,6233,12.4,0013.8
,,,,,19:31:48,1.30,6246,12.4,0013.5
,,,,,19:31:49,1.30,6258,12.4,0013.7
,,,,,19:31:50,1.30,6270,12.3,0013.7
,,,,,19:31:51,1.31,6283,12.4,0014.2
,,,,,19:31:52,1.31,6295,12.3,0014.0
,,,,,19:31:53,1.31,6307,12.3,0013.9
,,,,,19:31:54,1.31,6320,12.4,0014.0
,,,,,19:31:55,1.31,6332,12.4,0013.4
,,,,,19:31:56,1.31,6345,12.4,0013.4
,,,,,19:31:57,1.31,6357,12.3,0013.3
,,,,,19:31:58,1.32,6369,12.3,0013.6
,,,,,19:31:59,1.32,6382,12.4,0014.4
,,,,,19:32:00,1.32,6394,12.3,0013.7
,,,,,19:32:01,1.31,6406,12.4,0013.9
,,,,,19:32:02,1.31,6419,12.4,0013.6
,,,,,19:32:03,1.31,6431,12.4,0013.4
,,,,,19:32:04,1.31,6444,12.3,0013.6
,,,,,19:32:05,1.30,6456,12.3,0013.7
,,,,,19:32:06,1.30,6468,12.4,0013.9
,,,,,19:32:07,1.30,6480,12.4,0013.7
,,,,,19:32:08,1.30,6493,12.4,0013.5
,,,,,19:32:09,1.30,6505,12.4,0013.5
,,,,,19:32:10,1.30,6518,12.2,0013.5
,,,,,19:32:11,1.31,6530,12.4,0014.2
,,,,,19:32:12,1.31,6542,12.4,0013.7
,,,,,19:32:13,1.31,6555,12.4,0013.6
,,,,,19:32:14,1.31,6567,12.3,0013.5
,,,,,19:32:15,1.30,6579,12.4,0013.1
,,,,,19:32:16,1.30,6592,12.4,0013.7
,,,,,19:32:17,1.30,6604,12.3,0014.0
,,,,,19:32:18,1.30,6617,12.3,0013.7
,,,,,19:32:19,1.30,6629,12.4,0013.8
,,,,,19:32:20,1.30,6641,12.4,0013.5
,,,,,19:32:21,1.30,6654,12.4,0013.7
,,,,,19:32:22,1.30,6666,12.4,0014.3
,,,,,19:32:23,1.30,6678,12.3,0013.8
,,,,,19:32:24,1.31,6691,12.3,0013.6
,,,,,19:32:25,1.31,6703,12.4,0013.5
,,,,,19:32:26,1.31,6715,12.4,0014.0
,,,,,19:32:27,1.31,6728,12.4,0013.9
,,,,,19:32:28,1.31,6740,12.4,0013.4
,,,,,19:32:29,1.31,6753,12.4,0013.8
,,,,,19:32:30,1.30,6765,12.3,0013.9
,,,,,19:32:31,1.30,6777,12.4,0013.7
,,,,,19:32:32,1.30,6790,12.3,0013.8
,,,,,19:32:33,1.30,6802,12.4,0013.4
,,,,,19:32:34,1.30,6814,12.4,0013.6
,,,,,19:32:35,1.30,6827,12.3,0013.7
,,,,,19:32:36,1.30,6839,12.4,0013.5
,,,,,19:32:37,1.30,6852,12.3,0013.6
,,,,,19:32:38,1.30,6864,12.4,0013.6
,,,,,19:32:39,1.31,6876,12.4,0013.9
,,,,,19:32:40,1.31,6889,12.4,0013.9
,,,,,19:32:41,1.31,6901,12.3,0013.8
,,,,,19:32:42,1.31,6913,12.4,0013.7
,,,,,19:32:43,1.31,6926,12.4,0013.4
,,,,,19:32:44,1.31,6938,12.4,0013.9
,,,,,19:32:45,1.31,6951,12.4,0014.0
,,,,,19:32:46,1.31,6963,12.4,0013.6
,,,,,19:32:47,1.31,6975,12.3,0014.1
,,,,,19:32:48,1.30,6988,12.4,0013.5
,,,,,19:32:49,1.30,7000,12.3,0013.6
,,,,,19:32:50,1.30,7012,12.4,0014.2
,,,,,19:32:51,1.30,7025,12.4,0013.7
,,,,,19:32:52,1.30,7037,12.4,0013.6
,,,,,19:32:53,1.30,7050,12.3,0013.6
,,,,,19:32:54,1.30,7062,12.4,0013.9
,,,,,19:32:55,1.30,7074,12.4,0014.2
,,,,,19:32:56,1.30,7087,12.3,0013.5
,,,,,19:32:57,1.30,7099,12.4,0013.6
,,,,,19:32:58,1.30,7111,12.4,0013.9
,,,,,19:32:59,1.30,7124,12.3,0013.8
,,,,,19:33:00,1.30,7136,12.4,0014.0
,,,,,19:33:01,1.30,7149,12.4,0013.4
,,,,,19:33:02,1.30,7161,12.4,0013.7
,,,,,19:33:03,1.30,7173,12.4,0013.9
,,,,,19:33:04,1.30,7186,12.3,0013.3
,,,,,19:33:05,1.31,7198,12.4,0013.6
,,,,,19:33:06,1.31,7211,12.3,0013.9
,,,,,19:33:07,1.31,7223,12.4,0013.5
,,,,,19:33:08,1.31,7235,12.4,0013.9
,,,,,19:33:09,1.31,7248,12.4,0013.4
,,,,,19:33:10,1.31,7260,12.4,0013.8
,,,,,19:33:11,1.31,7272,12.4,0014.1
,,,,,19:33:12,1.31,7285,12.3,0013.5
,,,,,19:33:13,1.31,7297,12.4,0013.5
,,,,,19:33:14,1.31,7310,12.4,0013.6
,,,,,19:33:15,1.31,7322,12.3,0013.7
,,,,,19:33:16,1.31,7334,12.5,0013.7
,,,,,19:33:17,1.31,7347,12.4,0013.7
,,,,,19:33:18,1.31,7359,12.3,0013.8
,,,,,19:33:19,1.31,7371,12.3,0013.5
,,,,,19:33:20,1.31,7384,12.4,0013.8
,,,,,19:33:21,1.31,7396,12.4,0014.1
,,,,,19:33:22,1.31,7409,12.4,0013.6
,,,,,19:33:23,1.31,7421,12.4,0013.4
,,,,,19:33:24,1.31,7433,12.4,0014.0
,,,,,19:33:25,1.31,7446,12.3,0013.2
,,,,,19:33:26,1.32,7458,12.4,0013.6
,,,,,19:33:27,1.32,7470,12.4,0013.6
,,,,,19:33:28,1.31,7483,12.4,0013.6
,,,,,19:33:29,1.31,7495,12.3,0013.7
,,,,,19:33:30,1.31,7508,12.4,0013.2
,,,,,19:33:31,1.31,7520,12.4,0013.8
,,,,,19:33:32,1.30,7532,12.3,0013.9
,,,,,19:33:33,1.30,7545,12.4,0013.5
,,,,,19:33:34,1.30,7557,12.4,0013.8
,,,,,19:33:35,1.29,7570,12.4,0013.4
,,,,,19:33:36,1.30,7582,12.4,0013.8
,,,,,19:33:37,1.30,7594,12.4,0013.7
,,,,,19:33:38,1.30,7607,12.4,0013.4
,,,,,19:33:39,1.30,7619,12.3,0013.7
,,,,,19:33:40,1.30,7631,12.4,0013.6
,,,,,19:33:41,1.30,7644,12.4,0013.8
,,,,,19:33:42,1.30,7656,12.4,0013.8
,,,,,19:33:43,1.30,7669,12.4,0013.4
,,,,,19:33:44,1.30,7681,12.4,0013.7
,,,,,19:33:45,1.30,7693,12.3,0013.9
,,,,,19:33:46,1.30,7706,12.4,0013.3
,,,,,19:33:47,1.30,7718,12.4,0013.7
,,,,,19:33:48,1.30,7731,12.4,0013.7
,,,,,19:33:49,1.30,7743,12.4,0013.2
,,,,,19:33:50,1.30,7755,12.4,0013.9
,,,,,19:33:51,1.30,7768,12.4,0013.6
,,,,,19:33:52,1.30,7780,12.3,0013.6
,,,,,19:33:53,1.30,7792,12.4,0013.3
,,,,,19:33:54,1.30,7805,12.4,0013.6
,,,,,19:33:55,1.30,7817,12.4,0013.4
,,,,,19:33:56,1.30,7830,12.3,0013.4
,,,,,19:33:57,1.30,7842,12.4,0013.7
,,,,,19:33:58,1.30,7854,12.4,0013.4
,,,,,19:33:59,1.30,7867,12.3,0013.2
,,,,,19:34:00,1.30,7879,12.4,0013.8
,,,,,19:34:01,1.30,7892,12.4,0013.9
,,,,,19:34:02,1.30,7904,12.4,0013.6
,,,,,19:34:03,1.30,7916,12.4,0014.0
,,,,,19:34:04,1.30,7929,12.4,0013.5
,,,,,19:34:05,1.30,7941,12.4,0013.3
,,,,,19:34:06,1.30,7954,12.3,0013.9
,,,,,19:34:07,1.30,7966,12.4,0013.5
,,,,,19:34:08,1.30,7978,12.4,0013.6
,,,,,19:34:09,1.30,7991,12.4,0013.7
,,,,,19:34:10,1.30,8003,12.4,0013.2
,,,,,19:34:11,1.30,8015,12.4,0013.6
,,,,,19:34:12,1.30,8028,12.4,0013.7
,,,,,19:34:13,1.30,8040,12.3,0013.4
,,,,,19:34:14,1.30,8053,12.4,0013.4
,,,,,19:34:15,1.30,8065,12.4,0013.3
,,,,,19:34:16,1.30,8077,12.4,0013.5
,,,,,19:34:17,1.30,8090,12.4,0013.4
,,,,,19:34:18,1.30,8102,12.4,0013.4
,,,,,19:34:19,1.30,8115,12.4,0013.7
,,,,,19:34:20,1.30,8127,12.3,0013.3
,,,,,19:34:21,1.30,8139,12.4,0013.5
,,,,,19:34:22,1.30,8152,12.4,0013.5
,,,,,19:34:23,1.30,8164,12.5,0013.1
,,,,,19:34:24,1.31,8177,12.4,0013.5
,,,,,19:34:25,1.31,8189,12.3,0013.2
,,,,,19:34:26,1.31,8201,12.5,0013.3
,,,,,19:34:27,1.31,8214,12.4,0013.5
,,,,,19:34:28,1.31,8226,12.3,0013.0
,,,,,19:34:29,1.31,8239,12.3,0013.2
,,,,,19:34:30,1.31,8251,12.5,0013.4
,,,,,19:34:31,1.31,8263,12.4,0013.1
,,,,,19:34:32,1.31,8276,12.4,0013.4
,,,,,19:34:33,1.30,8288,12.4,0013.7
,,,,,19:34:34,1.30,8301,12.4,0013.2
,,,,,19:34:35,1.30,8313,12.3,0013.6
,,,,,19:34:36,1.30,8325,12.4,0013.2
,,,,,19:34:37,1.30,8338,12.4,0013.1
,,,,,19:34:38,1.30,8350,12.4,0013.4
,,,,,19:34:39,1.30,8363,12.4,0013.0
,,,,,19:34:40,1.30,8375,12.4,0013.5
,,,,,19:34:41,1.30,8387,12.4,0013.4
,,,,,19:34:42,1.30,8400,12.3,0012.9
,,,,,19:34:43,1.30,8412,12.4,0013.4
,,,,,19:34:44,1.30,8424,12.4,0013.3
,,,,,19:34:45,1.29,8437,12.4,0012.8
,,,,,19:34:46,1.29,8449,12.4,0013.5
,,,,,19:34:47,1.29,8462,12.4,0013.5
,,,,,19:34:48,1.29,8474,12.4,0013.3
,,,,,19:34:49,1.29,8487,12.4,0013.2
,,,,,19:34:50,1.29,8499,12.3,0013.0
,,,,,19:34:51,1.29,8511,12.5,0013.2
,,,,,19:34:52,1.29,8524,12.4,0013.2
,,,,,19:34:53,1.29,8536,12.4,0013.1
,,,,,19:34:54,1.29,8549,12.4,0013.3
,,,,,19:34:55,1.28,8561,12.4,0013.2
,,,,,19:34:56,1.28,8573,12.4,0013.1
,,,,,19:34:57,1.28,8586,12.4,0013.5
,,,,,19:34:58,1.28,8598,12.3,0013.1
,,,,,19:34:59,1.29,8610,12.4,0012.8
,,,,,19:35:00,1.29,8623,12.5,0013.3
,,,,,19:35:01,1.29,8635,12.4,0012.7
,,,,,19:35:02,1.29,8648,12.4,0013.1
,,,,,19:35:03,1.29,8660,12.4,0013.5
,,,,,19:35:04,1.29,8673,12.3,0012.9
,,,,,19:35:05,1.28,8685,12.4,0013.2
,,,,,19:35:06,1.28,8697,12.4,0013.3
,,,,,19:35:07,1.28,8710,12.5,0013.0
,,,,,19:35:08,1.28,8722,12.4,0013.2
,,,,,19:35:09,1.28,8735,12.4,0013.2
,,,,,19:35:10,1.28,8747,12.4,0013.2
,,,,,19:35:11,1.28,8759,12.4,0013.9
,,,,,19:35:12,1.28,8772,12.4,0013.2
,,,,,19:35:13,1.28,8784,12.4,0013.4
,,,,,19:35:14,1.27,8797,12.4,0013.0
,,,,,19:35:15,1.27,8809,12.4,0012.8
,,,,,19:35:16,1.27,8821,12.4,0013.0
,,,,,19:35:17,1.28,8834,12.4,0013.1
,,,,,19:35:18,1.28,8846,12.4,0013.0
,,,,,19:35:19,1.28,8859,12.5,0013.4
,,,,,19:35:20,1.28,8871,12.3,0013.6
,,,,,19:35:21,1.28,8884,12.4,0013.3
,,,,,19:35:22,1.28,8896,12.4,0013.6
,,,,,19:35:23,1.28,8908,12.4,0013.2
,,,,,19:35:24,1.28,8921,12.4,0013.0
,,,,,19:35:25,1.28,8933,12.5,0013.2
,,,,,19:35:26,1.28,8946,12.4,0013.3
,,,,,19:35:27,1.28,8958,12.3,0013.3
,,,,,19:35:28,1.28,8970,12.4,0013.0
,,,,,19:35:29,1.28,8983,12.4,0012.8
,,,,,19:35:30,1.28,8995,12.5,0013.3
,,,,,19:35:31,1.28,9008,12.4,0013.4
,,,,,19:35:32,1.28,9020,12.4,0013.4
,,,,,19:35:33,1.28,9033,12.4,0013.4
,,,,,19:35:34,1.28,9045,12.3,0013.1
,,,,,19:35:35,1.28,9057,12.4,0012.9
,,,,,19:35:36,1.28,9070,12.4,0013.4
,,,,,19:35:37,1.28,9082,12.5,0013.1
,,,,,19:35:38,1.28,9095,12.4,0012.8
,,,,,19:35:39,1.28,9107,12.4,0013.2
,,,,,19:35:40,1.28,9119,12.4,0012.9
,,,,,19:35:41,1.28,9132,12.4,0013.2
,,,,,19:35:42,1.28,9144,12.3,0013.4
,,,,,19:35:43,1.28,9156,12.4,0012.8
,,,,,19:35:44,1.28,9169,12.4,0013.4
,,,,,19:35:45,1.28,9181,12.4,0013.3
,,,,,19:35:46,1.28,9194,12.5,0013.2
,,,,,19:35:47,1.28,9206,12.4,0013.4
,,,,,19:35:48,1.28,9219,12.4,0013.2
,,,,,19:35:49,1.28,9231,12.3,0013.0
,,,,,19:35:50,1.28,9243,12.4,0013.5
,,,,,19:35:51,1.28,9256,12.4,0013.0
,,,,,19:35:52,1.28,9268,12.4,0013.2
,,,,,19:35:53,1.28,9281,12.4,0013.1
,,,,,19:35:54,1.28,9293,12.4,0012.9
,,,,,19:35:55,1.28,9305,12.4,0013.4
,,,,,19:35:56,1.28,9318,12.4,0013.4
,,,,,19:35:57,1.28,9330,12.4,0013.1
,,,,,19:35:58,1.28,9343,12.4,0013.5
,,,,,19:35:59,1.28,9355,12.4,0013.0
,,,,,19:36:00,1.28,9367,12.4,0013.1
,,,,,19:36:01,1.28,9380,12.4,0013.6
,,,,,19:36:02,1.28,9392,12.4,0013.1
,,,,,19:36:03,1.28,9405,12.3,0013.1
,,,,,19:36:04,1.28,9417,12.4,0013.3
,,,,,19:36:05,1.28,9429,12.5,0012.8
,,,,,19:36:06,1.28,9442,12.3,0013.3
,,,,,19:36:07,1.28,9454,12.5,0013.1
,,,,,19:36:08,1.28,9467,12.4,0012.9
,,,,,19:36:09,1.28,9479,12.4,0013.0
,,,,,19:36:10,1.28,9491,12.4,0012.7
,,,,,19:36:11,1.28,9504,12.3,0013.0
,,,,,19:36:12,1.28,9516,12.4,0013.2
,,,,,19:36:13,1.28,9529,12.4,0012.9
,,,,,19:36:14,1.28,9541,12.4,0013.0
,,,,,19:36:15,1.28,9553,12.4,0013.4
,,,,,19:36:16,1.28,9566,12.5,0012.6
,,,,,19:36:17,1.28,9578,12.3,0012.7
,,,,,19:36:18,1.28,9591,12.4,0012.8
,,,,,19:36:19,1.28,9603,12.4,0012.3
,,,,,19:36:20,1.28,9615,12.4,0013.1
,,,,,19:36:21,1.28,9628,12.4,0012.8
,,,,,19:36:22,1.28,9640,12.5,0012.6
,,,,,19:36:23,1.28,9653,12.4,0012.7
,,,,,19:36:24,1.28,9665,12.4,0012.5
,,,,,19:36:25,1.28,9678,12.4,0012.9
,,,,,19:36:26,1.28,9690,12.4,0013.1
,,,,,19:36:27,1.28,9702,12.5,0012.4
,,,,,19:36:28,1.28,9715,12.3,0012.6
,,,,,19:36:29,1.28,9727,12.4,0013.0
,,,,,19:36:30,1.28,9740,12.4,0012.2
,,,,,19:36:31,1.28,9752,12.5,0012.7
,,,,,19:36:32,1.28,9765,12.4,0012.8
,,,,,19:36:33,1.28,9777,12.4,0012.3
,,,,,19:36:34,1.28,9789,12.4,0012.8
,,,,,19:36:35,1.28,9802,12.5,0012.8
,,,,,19:36:36,1.28,9814,12.4,0012.5
,,,,,19:36:37,1.28,9827,12.4,0012.8
,,,,,19:36:38,1.28,9839,12.4,0013.0
,,,,,19:36:39,1.28,9851,12.5,0012.6
,,,,,19:36:40,1.28,9864,12.4,0012.6
,,,,,19:36:41,1.28,9876,12.3,0012.5
,,,,,19:36:42,1.28,9889,12.5,0012.4
,,,,,19:36:43,1.28,9901,12.4,0012.7
,,,,,19:36:44,1.28,9914,12.4,0012.4
,,,,,19:36:45,1.28,9926,12.5,0012.1
,,,,,19:36:46,1.28,9939,12.4,0012.3
,,,,,19:36:47,1.28,9951,12.4,0012.9
,,,,,19:36:48,1.28,9963,12.5,0012.5
,,,,,19:36:49,1.28,9976,12.4,0012.1
,,,,,19:36:50,1.28,9988,12.4,0012.3
,,,,,19:36:51,1.28,10001,12.5,0012.1
,,,,,19:36:52,1.28,10013,12.4,0012.3
,,,,,19:36:53,1.28,10026,12.4,0012.8
,,,,,19:36:54,1.28,10038,12.5,0012.4
,,,,,19:36:55,1.27,10051,12.4,0011.9
,,,,,19:36:56,1.27,10063,12.4,0012.6
,,,,,19:36:57,1.26,10075,12.5,0012.3
,,,,,19:36:58,1.26,10088,12.4,0012.5
,,,,,19:36:59,1.25,10100,12.4,0012.4
,,,,,19:37:00,1.25,10113,12.5,0012.4
,,,,,19:37:01,1.26,10125,12.4,0012.1
,,,,,19:37:02,1.26,10138,12.3,0012.7
,,,,,19:37:03,1.26,10150,12.5,0012.6
,,,,,19:37:04,1.26,10162,12.4,0011.9
,,,,,19:37:05,1.26,10175,12.5,0012.4
,,,,,19:37:06,1.26,10187,12.4,0012.3
,,,,,19:37:07,1.26,10200,12.4,0012.2
,,,,,19:37:08,1.26,10212,12.4,0012.6
,,,,,19:37:09,1.26,10225,12.5,0012.6
,,,,,19:37:10,1.26,10237,12.4,0012.2
,,,,,19:37:11,1.26,10250,12.4,0012.5
,,,,,19:37:12,1.26,10262,12.4,0013.0
,,,,,19:37:13,1.26,10274,12.5,0012.4
,,,,,19:37:14,1.26,10287,12.4,0012.4
,,,,,19:37:15,1.26,10299,12.4,0012.5
,,,,,19:37:16,1.26,10312,12.4,0012.3
,,,,,19:37:17,1.26,10324,12.5,0012.4
,,,,,19:37:18,1.27,10337,12.3,0012.7
,,,,,19:37:19,1.27,10349,12.4,0012.1
,,,,,19:37:20,1.27,10361,12.4,0012.6
,,,,,19:37:21,1.27,10374,12.5,0012.8
,,,,,19:37:22,1.28,10386,12.4,0012.7
,,,,,19:37:23,1.28,10399,12.4,0012.2
,,,,,19:37:24,1.28,10411,12.4,0012.7
,,,,,19:37:25,1.28,10423,12.4,0012.3
,,,,,19:37:26,1.28,10436,12.5,0012.8
,,,,,19:37:27,1.28,10448,12.4,0012.7
,,,,,19:37:28,1.28,10461,12.4,0012.3
,,,,,19:37:29,1.28,10473,12.4,0012.3
,,,,,19:37:30,1.28,10486,12.5,0012.5
,,,,,19:37:31,1.28,10498,12.3,0012.3
,,,,,19:37:32,1.28,10510,12.4,0012.1
,,,,,19:37:33,1.28,10523,12.5,0011.8
,,,,,19:37:34,1.28,10535,12.5,0011.5
,,,,,19:37:35,1.27,10548,12.4,0011.4
,,,,,19:37:36,1.26,10560,12.5,0011.6
,,,,,19:37:37,1.25,10573,12.4,0011.2
,,,,,19:37:38,1.23,10585,12.5,0011.2
,,,,,19:37:39,1.21,10598,12.5,0011.7
,,,,,19:37:40,1.20,10610,12.6,0011.5
,,,,,19:37:41,1.19,10623,12.5,0011.8
,,,,,19:37:42,1.17,10635,12.5,0011.6
,,,,,19:37:43,1.14,10648,12.5,0011.1
,,,,,19:37:44,1.16,10660,12.5,0011.6
,,,,,19:37:45,1.23,10673,12.5,0011.6
,,,,,19:37:46,1.27,10686,12.5,0011.8
,,,,,19:37:47,1.28,10698,12.5,0011.9
,,,,,19:37:48,1.28,10711,12.5,0011.6
,,,,,19:37:49,1.23,10723,12.4,0012.5
,,,,,19:37:50,1.13,10735,12.5,0011.9
,,,,,19:37:51,1.01,10748,12.5,0012.1
,,,,,19:37:52,0.94,10761,12.5,0012.1
,,,,,19:37:53,0.93,10773,12.5,0012.2
,,,,,19:37:54,0.92,10786,12.5,0012.3
,,,,,19:37:55,0.83,10798,12.5,0012.8
,,,,,19:37:56,0.76,10811,12.5,0012.5
,,,,,19:37:57,0.75,10823,12.5,0011.7
,,,,,19:37:58,0.76,10836,12.5,0012.4
,,,,,19:37:59,0.77,10848,12.5,0012.6
,,,,,19:38:00,0.84,10861,12.4,0012.2
,,,,,19:38:01,0.85,10873,12.5,0012.5
,,,,,19:38:02,0.88,10886,12.5,0012.7
,,,,,19:38:03,0.92,10898,12.5,0012.5
,,,,,19:38:04,0.94,10911,12.5,0012.1
,,,,,19:38:05,0.93,10923,12.4,0012.7
,,,,,19:38:06,0.91,10936,12.5,0012.6
,,,,,19:38:07,0.93,10948,12.5,0012.4
,,,,,19:38:08,0.95,10961,12.4,0012.6
,,,,,19:38:09,0.96,10973,12.4,0012.7
,,,,,19:38:10,0.97,10985,12.5,0012.5
,,,,,19:38:11,0.98,10998,12.5,0012.2
,,,,,19:38:12,0.99,11010,12.5,0012.8
,,,,,19:38:13,0.98,11023,12.4,0012.7
,,,,,19:38:14,0.97,11035,12.5,0012.0
,,,,,19:38:15,0.99,11048,12.5,0012.3
,,,,,19:38:16,1.00,11060,12.5,0012.7
,,,,,19:38:17,1.00,11073,12.4,0012.1
,,,,,19:38:18,1.00,11085,12.5,0012.5
,,,,,19:38:19,1.00,11098,12.5,0012.7
,,,,,19:38:20,0.99,11110,12.4,0012.5
,,,,,19:38:21,0.99,11123,12.4,0011.9
,,,,,19:38:22,0.99,11135,12.5,0012.4
,,,,,19:38:23,1.00,11148,12.5,0012.3
,,,,,19:38:24,1.00,11160,12.5,0012.1
,,,,,19:38:25,0.99,11173,12.5,0012.4
,,,,,19:38:26,0.99,11185,12.4,0012.2
,,,,,19:38:27,0.99,11198,12.5,0012.1
,,,,,19:38:28,1.00,11210,12.5,0012.3
,,,,,19:38:29,1.00,11223,12.5,0012.4
,,,,,19:38:30,1.00,11235,12.4,0012.4
,,,,,19:38:31,1.00,11248,12.5,0012.1
,,,,,19:38:32,1.00,11260,12.5,0012.4
,,,,,19:38:33,1.00,11273,12.5,0012.4
,,,,,19:38:34,1.00,11285,12.5,0012.1
,,,,,19:38:35,1.00,11298,12.4,0012.5
,,,,,19:38:36,1.00,11310,12.5,0012.8
,,,,,19:38:37,1.00,11323,12.5,0011.9
,,,,,19:38:38,1.00,11335,12.4,0012.3
,,,,,19:38:39,1.00,11348,12.4,0012.5
,,,,,19:38:40,1.00,11360,12.5,0012.5
,,,,,19:38:41,1.00,11372,12.5,0011.9
,,,,,19:38:42,1.00,11385,12.5,0011.8
,,,,,19:38:43,1.00,11398,12.5,0011.9
,,,,,19:38:44,1.00,11410,12.5,0012.3
,,,,,19:38:45,1.00,11423,12.5,0011.7
,,,,,19:38:46,1.00,11435,12.4,0011.7
,,,,,19:38:47,1.00,11447,12.5,0011.9
,,,,,19:38:48,1.00,11460,12.5,0011.7
,,,,,19:38:49,1.00,11473,12.5,0011.5
,,,,,19:38:50,1.00,11485,12.5,0011.8
,,,,,19:38:51,1.00,11498,12.5,0011.9
,,,,,19:38:52,1.00,11510,12.5,0011.8
,,,,,19:38:53,1.00,11523,12.5,0012.3
,,,,,19:38:54,1.00,11535,12.5,0011.7
,,,,,19:38:55,1.00,11548,12.5,0011.6
,,,,,19:38:56,1.00,11560,10.6,0005.6
,,,,,19:38:57,1.00,11571,03.5,0001.9
,,,,,19:38:58,1.00,11574,03.8,0001.9
,,,,,19:38:59,1.00,11578,02.3,-0001.1
,,,,,19:39:00,1.00,11580,00.0,-0001.7
,,,,,19:39:01,1.00,11580,00.0,-0001.8
,,,,,19:39:02,1.00,11580,00.0,-0002.1
,,,,,19:39:03,1.00,11580,00.0,-0002.2
,,,,,19:39:04,1.00,11580,00.0,-0002.4
,,,,,19:39:05,1.00,11580,00.0,-0002.5
,,,,,19:39:06,1.00,11580,00.0,-0002.7
,,,,,19:39:07,1.00,11580,00.0,-0002.8
,,,,,19:39:08,1.00,11580,00.0,-0002.8
,,,,,19:39:09,1.00,11580,00.0,-0002.8
,,,,,19:39:10,1.00,11580,00.0,-0002.9
,,,,,19:39:11,1.00,11580,00.0,-0002.9
,,,,,19:39:12,1.00,11580,00.0,-0002.9
,,,,,19:39:13,1.00,11580,00.0,-0002.9
,,,,,19:39:14,1.00,0,00.0,-0003.0
,,,,,19:39:15,1.00,0,00.0,-0003.0
,,,,,19:39:16,1.00,0,00.0,-0003.1
,,,,,19:39:17,1.00,0,00.0,-0003.1
,,,,,19:39:18,1.00,0,00.0,-0003.1
,,,,,19:39:19,1.00,0,00.0,-0003.1
,,,,,19:39:20,1.00,0,00.0,-0003.2
,,,,,19:39:21,1.00,0,00.0,-0003.2
,,,,,19:39:22,1.00,0,00.0,-0003.2
,,,,,19:39:23,1.00,0,00.0,-0003.2
,,,,,19:39:24,1.00,0,00.0,-0003.2
,,,,,19:39:25,1.00,0,00.0,-0003.2
,,,,,19:39:26,1.00,0,00.0,-0003.2
,,,,,19:39:27,1.00,0,00.0,-0003.2
,,,,,19:39:28,1.00,0,00.0,-0003.2
,,,,,19:39:29,1.00,0,00.0,-0003.2
,,,,,19:39:30,1.00,0,00.0,-0003.2
,,,,,19:39:31,1.00,0,00.0,-0003.1
,,,,,19:39:32,1.00,0,00.0,-0003.1
,,,,,19:39:33,1.00,0,00.0,-0003.1
,,,,,19:39:34,1.00,0,00.0,-0003.1
,,,,,19:39:35,1.00,0,00.0,-0003.2
,,,,,19:39:36,1.00,0,00.0,-0003.2
,,,,,19:39:37,1.00,0,00.0,-0003.1
,,,,,19:39:38,1.00,0,00.0,-0003.1
,,,,,19:39:39,1.00,0,00.0,-0003.2
,,,,,19:39:40,1.01,0,00.0,-0003.2
,,,,,19:39:41,1.01,0,00.0,-0003.2
,,,,,19:39:42,1.01,0,00.0,-0003.2
,,,,,19:39:43,1.00,0,00.0,-0003.2
,,,,,19:39:44,1.01,0,00.0,-0003.2
,,,,,19:39:45,1.01,0,00.0,-0003.2
,,,,,19:39:46,1.00,0,00.0,-0003.2
,,,,,19:39:47,1.00,0,00.0,-0003.2
,,,,,19:39:48,1.00,0,00.0,-0003.2
,,,,,19:39:49,1.00,0,00.0,-0003.2
,,,,,19:39:50,1.00,0,00.0,-0003.2
,,,,,19:39:51,1.01,0,00.0,-0003.2
,,,,,19:39:52,1.01,0,00.0,-0003.2
,,,,,19:39:53,1.02,0,00.0,-0003.2
,,,,,19:39:54,1.02,0,00.0,-0003.2
,,,,,19:39:55,1.03,0,00.0,-0003.2
,,,,,19:39:56,1.03,0,00.0,-0003.2
,,,,,19:39:57,1.04,0,00.0,-0003.2
,,,,,19:39:58,1.06,0,00.0,-0003.2
,,,,,19:39:59,1.07,0,00.0,-0003.2
,,,,,19:40:00,1.08,0,00.0,-0003.2
,,,,,19:40:01,1.09,0,00.0,-0003.2
,,,,,19:40:02,1.09,0,00.0,-0003.2
,,,,,19:40:03,1.10,0,00.0,-0003.2
,,,,,19:40:04,1.11,0,00.0,-0003.2
,,,,,19:40:05,1.13,0,00.0,-0003.2
,,,,,19:40:06,1.15,0,00.0,-0003.2
,,,,,19:40:07,1.17,0,00.0,-0003.2
,,,,,19:40:08,1.17,0,00.0,-0003.2
,,,,,19:40:09,1.17,0,00.0,-0003.2
,,,,,19:40:10,1.18,0,00.0,-0003.2
,,,,,19:40:11,1.20,0,00.0,-0003.2
,,,,,19:40:12,1.21,0,00.0,-0003.2
,,,,,19:40:13,1.22,0,00.0,-0003.2
,,,,,19:40:14,1.24,0,00.0,-0003.2
,,,,,19:40:15,1.25,0,00.0,-0003.2
,,,,,19:40:16,1.26,0,00.0,-0003.2
,,,,,19:40:17,1.27,0,00.0,-0003.2
,,,,,19:40:18,1.27,0,00.0,-0003.2
,,,,,19:40:19,1.28,0,00.0,-0003.2
,,,,,19:40:20,1.29,0,00.0,-0003.2
,,,,,19:40:21,1.30,0,00.0,-0003.2
,,,,,19:40:22,1.32,0,00.0,-0003.2
,,,,,19:40:23,1.34,0,00.0,-0003.2
,,,,,19:40:24,1.35,0,00.0,-0003.2
,,,,,19:40:25,1.36,0,00.0,-0003.2
,,,,,19:40:26,1.37,0,00.0,-0003.2
,,,,,19:40:27,1.38,0,00.0,-0003.2
,,,,,19:40:28,1.39,0,00.0,-0003.2
,,,,,19:40:29,1.40,0,00.0,-0003.2
,,,,,19:40:30,1.41,0,00.0,-0003.2
,,,,,19:40:31,1.42,0,00.0,-0003.2
,,,,,19:40:32,1.43,0,00.0,-0003.2
,,,,,19:40:33,1.43,0,00.0,-0003.3
,,,,,19:40:34,1.44,0,00.0,-0003.3
,,,,,19:40:35,1.44,0,00.0,-0003.3
,,,,,19:40:36,1.45,0,00.0,-0003.3
,,,,,19:40:37,1.45,0,00.0,-0003.2
,,,,,19:40:38,1.45,0,00.0,-0003.2
,,,,,19:40:39,1.45,0,00.0,-0003.2
,,,,,19:40:40,1.45,0,00.0,-0003.2
,,,,,19:40:41,1.45,0,00.0,-0003.2
,,,,,19:40:42,1.45,0,00.0,-0003.2
,,,,,19:40:43,1.45,0,00.0,-0003.2
,,,,,19:40:44,1.45,0,00.0,-0003.3
,,,,,19:40:45,1.45,0,00.0,-0003.3
,,,,,19:40:46,1.45,0,00.0,-0003.2
,,,,,19:40:47,1.45,0,00.0,-0003.3
,,,,,19:40:48,1.44,0,00.0,-0003.3
,,,,,19:40:49,1.44,0,00.0,-0003.2
,,,,,19:40:50,1.44,0,00.0,-0003.2
,,,,,19:40:51,1.43,0,00.0,-0003.3
,,,,,19:40:52,1.43,0,00.0,-0003.3
,,,,,19:40:53,1.43,0,00.0,-0003.3
,,,,,19:40:54,1.42,0,00.0,-0003.3
,,,,,19:40:55,1.42,0,00.0,-0003.3
,,,,,19:40:56,1.42,0,00.0,-0003.3
,,,,,19:40:57,1.42,0,00.0,-0003.3
,,,,,19:40:58,1.42,0,00.0,-0003.3
,,,,,19:40:59,1.42,0,00.0,-0003.3
,,,,,19:41:00,1.42,0,00.0,-0003.3
,,,,,19:41:01,1.42,0,00.0,-0003.3
,,,,,19:41:02,1.41,0,00.0,-0003.3
,,,,,19:41:03,1.41,0,00.0,-0003.3
,,,,,19:41:04,1.41,0,00.0,-0003.3
,,,,,19:41:05,1.41,0,00.0,-0003.3
,,,,,19:41:06,1.41,0,00.0,-0003.3
,,,,,19:41:07,1.41,0,00.0,-0003.3
,,,,,19:41:08,1.41,0,00.0,-0003.3
,,,,,19:41:09,1.41,0,00.0,-0003.3
,,,,,19:41:10,1.41,0,00.0,-0003.3
,,,,,19:41:11,1.41,0,00.0,-0003.3
,,,,,19:41:12,1.41,0,00.0,-0003.3
,,,,,19:41:13,1.42,0,00.0,-0003.3
,,,,,19:41:14,1.42,0,00.0,-0003.3
,,,,,19:41:15,1.42,0,00.0,-0003.3
,,,,,19:41:16,1.42,0,00.0,-0003.3
,,,,,19:41:17,1.42,0,00.0,-0003.3
,,,,,19:41:18,1.42,0,00.0,-0003.3
,,,,,19:41:19,1.43,0,00.0,-0003.3
,,,,,19:41:20,1.43,0,00.0,-0003.3
,,,,,19:41:21,1.43,0,00.0,-0003.3
,,,,,19:41:22,1.43,0,00.0,-0003.3
,,,,,19:41:23,1.43,0,00.0,-0003.3
,,,,,19:41:24,1.43,0,00.0,-0003.3
,,,,,19:41:25,1.42,0,00.0,-0003.3
,,,,,19:41:26,1.42,0,00.0,-0003.3
,,,,,19:41:27,1.42,0,00.0,-0003.3
,,,,,19:41:28,1.41,0,00.0,-0003.3
,,,,,19:41:29,1.42,0,00.0,-0003.3
,,,,,19:41:30,1.42,0,00.0,-0003.3
,,,,,19:41:31,1.42,0,00.0,-0003.3
,,,,,19:41:32,1.42,0,00.0,-0003.3
,,,,,19:41:33,1.42,0,00.0,-0003.3
,,,,,19:41:34,1.42,0,00.0,-0003.3
,,,,,19:41:35,1.42,0,00.0,-0003.3
,,,,,19:41:36,1.42,0,00.0,-0003.3
,,,,,19:41:37,1.42,0,00.0,-0003.3
,,,,,19:41:38,1.42,0,00.0,-0003.3
,,,,,19:41:39,1.42,0,00.0,-0003.3
,,,,,19:41:40,1.42,0,00.0,-0003.3
,,,,,19:41:41,1.42,0,00.0,-0003.3
,,,,,19:41:42,1.42,0,00.0,-0003.3
,,,,,19:41:43,1.42,0,00.0,-0003.3
,,,,,19:41:44,1.42,0,00.0,-0003.3
,,,,,19:41:45,1.43,0,00.0,-0003.3
,,,,,19:41:46,1.43,0,00.0,-0003.3
,,,,,19:41:47,1.43,0,00.0,-0003.3
,,,,,19:41:48,1.43,0,00.0,-0003.3
,,,,,19:41:49,1.43,0,00.0,-0003.3
,,,,,19:41:50,1.43,0,00.0,-0003.3
,,,,,19:41:51,1.44,0,00.0,-0003.3
,,,,,19:41:52,1.44,0,00.0,-0003.3
,,,,,19:41:53,1.44,0,00.0,-0003.3
,,,,,19:41:54,1.44,0,00.0,-0003.3
,,,,,19:41:55,1.44,0,00.0,-0003.3
,,,,,19:41:56,1.43,0,00.0,-0003.3
,,,,,19:41:57,1.43,0,00.0,-0003.3
,,,,,19:41:58,1.43,0,00.0,-0003.3
,,,,,19:41:59,1.43,0,00.0,-0003.3
,,,,,19:42:00,1.42,0,00.0,-0003.3
,,,,,19:42:01,1.42,0,00.0,-0003.3
,,,,,19:42:02,1.41,0,00.0,-0003.3
,,,,,19:42:03,1.41,0,00.0,-0003.3
,,,,,19:42:04,1.42,0,00.0,-0003.3
,,,,,19:42:05,1.42,0,00.0,-0003.3
,,,,,19:42:06,1.42,0,00.0,-0003.3
,,,,,19:42:07,1.42,0,00.0,-0003.4
,,,,,19:42:08,1.42,0,00.0,-0003.4
,,,,,19:42:09,1.43,0,00.0,-0003.4
,,,,,19:42:10,1.43,0,00.0,-0003.3
,,,,,19:42:11,1.43,0,00.0,-0003.4
,,,,,19:42:12,1.43,0,00.0,-0003.4
,,,,,19:42:13,1.43,0,00.0,-0003.4
,,,,,19:42:14,1.43,0,00.0,-0003.4
,,,,,19:42:15,1.42,0,00.0,-0003.4
,,,,,19:42:16,1.42,0,00.0,-0003.4
,,,,,19:42:17,1.42,0,00.0,-0003.4
,,,,,19:42:18,1.42,0,00.0,-0003.4
,,,,,19:42:19,1.42,0,00.0,-0003.4
,,,,,19:42:20,1.42,0,00.0,-0003.4
,,,,,19:42:21,1.42,0,00.0,-0003.4
,,,,,19:42:22,1.43,0,00.0,-0003.4
,,,,,19:42:23,1.43,0,00.0,-0003.4
,,,,,19:42:24,1.43,0,00.0,-0003.4
,,,,,19:42:25,1.43,0,00.0,-0003.3
,,,,,19:42:26,1.43,0,00.0,-0003.4
,,,,,19:42:27,1.43,0,00.0,-0003.4
,,,,,19:42:28,1.43,0,00.0,-0003.4
,,,,,19:42:29,1.43,0,00.0,-0003.4
,,,,,19:42:30,1.43,0,00.0,-0003.4
,,,,,19:42:31,1.43,0,00.0,-0003.4
,,,,,19:42:32,1.43,0,00.0,-0003.4
,,,,,19:42:33,1.43,0,00.0,-0003.3
,,,,,19:42:34,1.43,0,00.0,-0003.4
,,,,,19:42:35,1.43,0,00.0,-0003.4
,,,,,19:42:36,1.43,0,00.0,-0003.4
,,,,,19:42:37,1.43,0,00.0,-0003.4
,,,,,19:42:38,1.43,0,00.0,-0003.4
,,,,,19:42:39,1.43,0,00.0,-0003.4
,,,,,19:42:40,1.43,0,00.0,-0003.4
,,,,,19:42:41,1.43,0,00.0,-0003.4
,,,,,19:42:42,1.43,0,00.0,-0003.4
,,,,,19:42:43,1.43,0,00.0,-0003.4
,,,,,19:42:44,1.43,0,00.0,-0003.4
,,,,,19:42:45,1.43,0,00.0,-0003.4
,,,,,19:42:46,1.43,0,00.0,-0003.4
,,,,,19:42:47,1.43,0,00.0,-0003.4
,,,,,19:42:48,1.43,0,00.0,-0003.4
,,,,,19:42:49,1.43,0,00.0,-0003.4
,,,,,19:42:50,1.43,0,00.0,-0003.4
,,,,,19:42:51,1.42,0,00.0,-0003.4
,,,,,19:42:52,1.42,0,00.0,-0003.4
,,,,,19:42:53,1.42,0,00.0,-0003.4
,,,,,19:42:54,1.42,0,00.0,-0003.4
,,,,,19:42:55,1.42,0,00.0,-0003.4
,,,,,19:42:56,1.42,0,00.0,-0003.4
,,,,,19:42:57,1.42,0,00.0,-0003.4
,,,,,19:42:58,1.42,0,00.0,-0003.4
,,,,,19:42:59,1.42,0,00.0,-0003.4
,,,,,19:43:00,1.42,0,00.0,-0003.4
,,,,,19:43:01,1.42,0,00.0,-0003.4
,,,,,19:43:02,1.42,0,00.0,-0003.4
,,,,,19:43:03,1.42,0,00.0,-0003.4
,,,,,19:43:04,1.42,0,00.0,-0003.4
,,,,,19:43:05,1.42,0,00.0,-0003.4
,,,,,19:43:06,1.42,0,00.0,-0003.4
,,,,,19:43:07,1.42,0,00.0,-0003.5
,,,,,19:43:08,1.42,0,00.0,-0003.5
,,,,,19:43:09,1.42,0,00.0,-0003.5
,,,,,19:43:10,1.42,0,00.0,-0003.6
,,,,,19:43:11,1.42,0,00.0,-0003.5
,,,,,19:43:12,1.42,0,00.0,-0003.5
,,,,,19:43:13,1.42,0,00.0,-0003.5
,,,,,19:43:14,1.42,0,00.0,-0003.5
,,,,,19:43:15,1.42,0,00.0,-0003.5
,,,,,19:43:16,1.42,0,00.0,-0003.5
,,,,,19:43:17,1.42,0,00.0,-0003.6
,,,,,19:43:18,1.42,0,00.0,-0003.6
,,,,,19:43:19,1.42,0,00.0,-0003.5
,,,,,19:43:20,1.42,0,00.0,-0003.5
,,,,,19:43:21,1.42,0,00.0,-0003.5
,,,,,19:43:22,1.42,0,00.0,-0003.5
,,,,,19:43:23,1.42,0,00.0,-0003.6
,,,,,19:43:24,1.42,0,00.6,-0003.1
,,,,,19:43:25,1.42,1,03.8,-0001.7
,,,,,19:43:26,1.42,4,03.8,-0001.0
,,,,,19:43:27,1.42,8,03.8,-0000.3
,,,,,19:43:28,1.42,12,04.5,0001.0
,,,,,19:43:29,1.42,16,06.6,0003.4
,,,,,19:43:30,1.42,23,06.4,0004.0
,,,,,19:43:31,1.42,29,06.4,0005.0
,,,,,19:43:32,1.42,36,06.4,0005.4
,,,,,19:43:33,1.42,42,06.5,0005.4
,,,,,19:43:34,1.42,49,06.4,0005.7
,,,,,19:43:35,1.42,55,06.5,0005.9
,,,,,19:43:36,1.42,62,06.4,0005.9
,,,,,19:43:37,1.42,68,06.5,0006.0
,,,,,19:43:38,1.42,74,06.4,0006.0
,,,,,19:43:39,1.42,81,06.5,0006.1
,,,,,19:43:40,1.42,87,06.5,0006.2
,,,,,19:43:41,1.42,94,06.4,0006.4
,,,,,19:43:42,1.42,100,06.5,0006.7
,,,,,19:43:43,1.42,107,06.4,0006.7
,,,,,19:43:44,1.42,113,06.5,0007.0
,,,,,19:43:45,1.42,119,06.4,0007.2
,,,,,19:43:46,1.42,126,06.5,0007.5
,,,,,19:43:47,1.42,132,06.4,0007.7
,,,,,19:43:48,1.42,139,06.4,0008.1
,,,,,19:43:49,1.42,145,06.4,0008.3
,,,,,19:43:50,1.42,151,06.4,0008.4
,,,,,19:43:51,1.42,158,06.4,0008.3
,,,,,19:43:52,1.42,164,06.5,0008.3
,,,,,19:43:53,1.42,171,06.4,0008.0
,,,,,19:43:54,1.42,177,06.3,0008.0
,,,,,19:43:55,1.42,183,06.4,0007.8
,,,,,19:43:56,1.42,190,06.5,0007.8
,,,,,19:43:57,1.42,196,06.4,0007.6
,,,,,19:43:58,1.42,202,06.6,0007.5
,,,,,19:43:59,1.42,209,06.3,0007.4
,,,,,19:44:00,1.42,215,06.5,0007.3
,,,,,19:44:01,1.42,222,06.4,0007.3
,,,,,19:44:02,1.42,228,06.5,0007.1
,,,,,19:44:03,1.42,235,06.5,0007.0
,,,,,19:44:04,1.42,241,06.4,0006.8
,,,,,19:44:05,1.42,248,06.6,0006.8
,,,,,19:44:06,1.42,254,06.4,0006.6
,,,,,19:44:07,1.42,261,06.5,0006.6
,,,,,19:44:08,1.42,267,06.4,0006.6
,,,,,19:44:09,1.42,273,06.5,0006.6
,,,,,19:44:10,1.42,280,06.5,0006.6
,,,,,19:44:11,1.42,286,06.4,0006.5
,,,,,19:44:12,1.42,293,06.6,0006.5
,,,,,19:44:13,1.42,299,06.4,0006.5
,,,,,19:44:14,1.42,306,06.5,0006.3
,,,,,19:44:15,1.42,312,06.5,0006.3
,,,,,19:44:16,1.42,319,06.4,0006.4
,,,,,19:44:17,1.42,325,06.5,0006.2
,,,,,19:44:18,1.42,332,06.5,0006.0
,,,,,19:44:19,1.42,338,06.4,0006.0
,,,,,19:44:20,1.42,344,06.5,0006.0
,,,,,19:44:21,1.42,351,06.4,0006.1
,,,,,19:44:22,1.42,357,06.5,0006.0
,,,,,19:44:23,1.42,364,06.4,0006.0
,,,,,19:44:24,1.42,370,06.6,0006.2
,,,,,19:44:25,1.42,377,06.4,0006.2
,,,,,19:44:26,1.42,383,06.5,0006.3
,,,,,19:44:27,1.42,390,06.5,0006.5
,,,,,19:44:28,1.42,396,06.4,0006.4
,,,,,19:44:29,1.42,402,06.5,0006.3
,,,,,19:44:30,1.42,409,06.4,0006.2
,,,,,19:44:31,1.42,415,06.5,0006.1
,,,,,19:44:32,1.42,422,06.5,0006.1
,,,,,19:44:33,1.42,428,06.4,0006.1
,,,,,19:44:34,1.42,435,06.5,0006.2
,,,,,19:44:35,1.42,441,06.4,0006.1
,,,,,19:44:36,1.42,448,06.6,0006.2
,,,,,19:44:37,1.42,454,06.5,0006.1
,,,,,19:44:38,1.42,461,06.3,0006.4
,,,,,19:44:39,1.42,467,07.7,0007.4
,,,,,19:44:40,1.42,475,08.4,0008.5
,,,,,19:44:41,1.42,483,08.3,0008.2
,,,,,19:44:42,1.43,491,08.2,0008.5
,,,,,19:44:43,1.43,500,08.2,0008.5
,,,,,19:44:44,1.43,508,08.2,0008.8
,,,,,19:44:45,1.43,516,08.2,0008.6
,,,,,19:44:46,1.43,524,08.2,0008.3
,,,,,19:44:47,1.43,532,08.2,0008.7
,,,,,19:44:48,1.43,541,08.2,0008.9
,,,,,19:44:49,1.43,549,08.2,0008.7
,,,,,19:44:50,1.43,557,08.2,0008.5
,,,,,19:44:51,1.43,565,08.2,0008.6
,,,,,19:44:52,1.43,573,08.1,0008.7
,,,,,19:44:53,1.42,582,08.4,0008.7
,,,,,19:44:54,1.42,590,08.2,0008.5
,,,,,19:44:55,1.42,598,08.2,0008.9
,,,,,19:44:56,1.42,606,08.3,0008.8
,,,,,19:44:57,1.42,615,08.2,0008.7
,,,,,19:44:58,1.42,623,08.2,0008.5
,,,,,19:44:59,1.42,631,08.2,0008.5
,,,,,19:45:00,1.42,639,08.1,0008.7
,,,,,19:45:01,1.43,647,08.4,0008.2
,,,,,19:45:02,1.43,656,08.2,0008.4
,,,,,19:45:03,1.43,664,08.1,0008.5
,,,,,19:45:04,1.43,672,08.2,0008.7
,,,,,19:45:05,1.43,680,08.1,0008.6
,,,,,19:45:06,1.43,688,08.4,0008.3
,,,,,19:45:07,1.43,697,08.1,0008.7
,,,,,19:45:08,1.43,705,08.2,0008.3
,,,,,19:45:09,1.43,713,08.2,0008.3
,,,,,19:45:10,1.43,721,08.2,0008.3
,,,,,19:45:11,1.42,729,08.2,0008.2
,,,,,19:45:12,1.42,738,08.2,0008.3
,,,,,19:45:13,1.42,746,08.1,0008.2
,,,,,19:45:14,1.42,754,08.2,0008.3
,,,,,19:45:15,1.42,762,08.1,0008.0
,,,,,19:45:16,1.42,770,08.2,0008.1
,,,,,19:45:17,1.42,779,08.2,0008.5
,,,,,19:45:18,1.42,787,08.1,0008.4
,,,,,19:45:19,1.42,795,08.2,0008.5
,,,,,19:45:20,1.42,803,08.2,0008.0
,,,,,19:45:21,1.42,811,08.2,0009.0
,,,,,19:45:22,1.43,820,09.8,0011.1
,,,,,19:45:23,1.43,829,10.9,0013.4
,,,,,19:45:24,1.43,840,11.3,0014.3
,,,,,19:45:25,1.43,852,11.4,0014.1
,,,,,19:45:26,1.43,863,11.3,0014.1
,,,,,19:45:27,1.43,874,11.5,0014.5
,,,,,19:45:28,1.43,886,11.6,0014.7
,,,,,19:45:29,1.43,897,11.8,0015.1
,,,,,19:45:30,1.43,909,12.2,0016.5
,,,,,19:45:31,1.43,921,12.7,0016.7
,,,,,19:45:32,1.43,934,12.9,0017.8
,,,,,19:45:33,1.43,947,12.9,0017.6
,,,,,19:45:34,1.43,960,13.1,0017.5
,,,,,19:45:35,1.43,973,12.9,0017.9
,,,,,19:45:36,1.43,986,13.2,0018.3
,,,,,19:45:37,1.43,999,13.3,0018.5
,,,,,19:45:38,1.43,1012,13.4,0018.2
,,,,,19:45:39,1.43,1026,13.2,0018.3
,,,,,19:45:40,1.43,1039,13.3,0017.6
,,,,,19:45:41,1.43,1052,13.2,0018.0
,,,,,19:45:42,1.43,1066,13.3,0018.1
,,,,,19:45:43,1.43,1079,13.4,0018.6
,,,,,19:45:44,1.43,1092,13.1,0018.7
,,,,,19:45:45,1.43,1105,13.4,0018.4
,,,,,19:45:46,1.43,1119,13.3,0017.9
,,,,,19:45:47,1.44,1132,13.1,0017.6
,,,,,19:45:48,1.44,1145,13.4,0018.2
,,,,,19:45:49,1.44,1158,13.4,0018.2
,,,,,19:45:50,1.43,1172,13.1,0018.4
,,,,,19:45:51,1.43,1185,13.3,0018.0
,,,,,19:45:52,1.42,1198,13.4,0018.0
,,,,,19:45:53,1.42,1212,13.1,0017.9
,,,,,19:45:54,1.42,1225,13.3,0017.8
,,,,,19:45:55,1.42,1238,13.5,0018.4
,,,,,19:45:56,1.41,1252,13.6,0019.4
,,,,,19:45:57,1.41,1265,13.6,0019.3
,,,,,19:45:58,1.41,1279,13.9,0018.7
,,,,,19:45:59,1.41,1293,13.8,0018.8
,,,,,19:46:00,1.41,1306,14.1,0019.0
,,,,,19:46:01,1.41,1321,13.9,0019.9
,,,,,19:46:02,1.41,1334,14.3,0019.9
,,,,,19:46:03,1.41,1349,14.1,0019.8
,,,,,19:46:04,1.41,1363,14.5,0020.3
,,,,,19:46:05,1.41,1377,14.3,0020.5
,,,,,19:46:06,1.41,1392,14.5,0020.8
,,,,,19:46:07,1.42,1406,14.5,0021.3
,,,,,19:46:08,1.42,1421,14.3,0021.1
,,,,,19:46:09,1.42,1435,14.5,0020.9
,,,,,19:46:10,1.42,1449,14.3,0020.7
,,,,,19:46:11,1.42,1464,14.3,0020.6
,,,,,19:46:12,1.42,1478,14.3,0020.8
,,,,,19:46:13,1.42,1492,14.3,0020.2
,,,,,19:46:14,1.42,1507,14.5,0020.6
,,,,,19:46:15,1.43,1521,14.3,0020.5
,,,,,19:46:16,1.43,1536,14.5,0020.8
,,,,,19:46:17,1.43,1550,14.5,0020.0
,,,,,19:46:18,1.43,1565,14.3,0019.9
,,,,,19:46:19,1.43,1579,14.3,0020.2
,,,,,19:46:20,1.43,1593,14.5,0020.4
,,,,,19:46:21,1.42,1608,14.3,0019.9
,,,,,19:46:22,1.42,1622,14.5,0020.1
,,,,,19:46:23,1.42,1636,14.5,0019.9
,,,,,19:46:24,1.42,1651,14.3,0020.1
,,,,,19:46:25,1.42,1665,14.5,0020.1
,,,,,19:46:26,1.42,1680,14.5,0019.8
,,,,,19:46:27,1.42,1694,14.5,0019.5
,,,,,19:46:28,1.42,1709,14.3,0019.6
,,,,,19:46:29,1.42,1723,14.5,0020.1
,,,,,19:46:30,1.42,1737,14.3,0019.9
,,,,,19:46:31,1.42,1752,14.5,0020.3
,,,,,19:46:32,1.42,1766,14.5,0020.3
,,,,,19:46:33,1.43,1781,14.3,0020.4
,,,,,19:46:34,1.43,1795,14.5,0020.3
,,,,,19:46:35,1.43,1810,14.5,0019.6
,,,,,19:46:36,1.43,1824,14.3,0020.3
,,,,,19:46:37,1.43,1838,14.6,0019.8
,,,,,19:46:38,1.43,1853,14.5,0019.1
,,,,,19:46:39,1.43,1867,14.3,0019.1
,,,,,19:46:40,1.43,1882,14.5,0020.2
,,,,,19:46:41,1.43,1896,14.5,0020.3
,,,,,19:46:42,1.43,1911,14.5,0020.3
,,,,,19:46:43,1.43,1925,14.3,0020.1
,,,,,19:46:44,1.43,1939,14.5,0019.4
,,,,,19:46:45,1.43,1954,14.3,0019.4
,,,,,19:46:46,1.42,1968,14.5,0019.9
,,,,,19:46:47,1.42,1983,14.5,0019.6
,,,,,19:46:48,1.42,1997,14.3,0019.8
,,,,,19:46:49,1.42,2012,14.5,0020.0
,,,,,19:46:50,1.42,2026,14.5,0019.9
,,,,,19:46:51,1.42,2040,14.5,0019.4
,,,,,19:46:52,1.42,2055,14.3,0019.7
,,,,,19:46:53,1.42,2069,14.5,0020.3
,,,,,19:46:54,1.42,2084,14.5,0020.2
,,,,,19:46:55,1.42,2098,14.5,0020.4
,,,,,19:46:56,1.42,2113,14.5,0019.7
,,,,,19:46:57,1.42,2127,14.3,0019.6
,,,,,19:46:58,1.42,2141,14.5,0019.8
,,,,,19:46:59,1.42,2156,14.5,0019.3
,,,,,19:47:00,1.42,2170,14.3,0019.4
,,,,,19:47:01,1.43,2185,14.5,0019.6
,,,,,19:47:02,1.43,2199,14.3,0019.9
,,,,,19:47:03,1.43,2213,14.5,0020.1
,,,,,19:47:04,1.43,2228,14.5,0020.4
,,,,,19:47:05,1.43,2242,14.3,0019.7
,,,,,19:47:06,1.43,2257,14.5,0019.9
,,,,,19:47:07,1.43,2271,14.5,0020.2
,,,,,19:47:08,1.43,2286,14.3,0019.8
,,,,,19:47:09,1.43,2300,14.3,0019.9
,,,,,19:47:10,1.43,2314,14.5,0019.7
,,,,,19:47:11,1.43,2329,14.6,0020.2
,,,,,19:47:12,1.43,2343,14.3,0019.9
,,,,,19:47:13,1.43,2358,14.5,0019.3
,,,,,19:47:14,1.43,2372,14.3,0019.3
,,,,,19:47:15,1.43,2387,14.5,0019.9
,,,,,19:47:16,1.43,2401,14.5,0019.9
,,,,,19:47:17,1.43,2415,14.3,0019.8
,,,,,19:47:18,1.43,2430,14.5,0020.1
,,,,,19:47:19,1.43,2444,14.3,0020.3
,,,,,19:47:20,1.43,2459,14.5,0019.8
,,,,,19:47:21,1.43,2473,14.5,0019.4
,,,,,19:47:22,1.43,2488,14.3,0019.2
,,,,,19:47:23,1.43,2502,14.5,0019.2
,,,,,19:47:24,1.43,2516,14.5,0019.9
,,,,,19:47:25,1.43,2531,14.5,0020.6
,,,,,19:47:26,1.43,2545,14.5,0020.3
,,,,,19:47:27,1.43,2560,14.3,0019.6
,,,,,19:47:28,1.43,2574,14.5,0019.5
,,,,,19:47:29,1.43,2589,14.3,0018.8
,,,,,19:47:30,1.43,2603,14.5,0019.3
,,,,,19:47:31,1.43,2617,14.5,0018.8
,,,,,19:47:32,1.43,2632,14.3,0019.6
,,,,,19:47:33,1.43,2646,14.5,0019.8
,,,,,19:47:34,1.42,2661,14.3,0019.4
,,,,,19:47:35,1.42,2675,14.5,0019.0
,,,,,19:47:36,1.42,2689,14.3,0019.6
,,,,,19:47:37,1.42,2704,14.5,0019.2
,,,,,19:47:38,1.42,2718,14.5,0019.7
,,,,,19:47:39,1.42,2733,14.3,0019.0
,,,,,19:47:40,1.42,2747,14.6,0019.3
,,,,,19:47:41,1.42,2762,14.5,0019.3
,,,,,19:47:42,1.42,2776,14.3,0019.3
,,,,,19:47:43,1.42,2790,14.5,0019.3
,,,,,19:47:44,1.42,2805,14.3,0019.2
,,,,,19:47:45,1.42,2819,14.5,0019.7
,,,,,19:47:46,1.42,2834,14.5,0020.2
,,,,,19:47:47,1.42,2848,14.3,0019.8
,,,,,19:47:48,1.42,2862,14.5,0019.1
,,,,,19:47:49,1.42,2877,14.5,0019.1
,,,,,19:47:50,1.42,2891,14.3,0019.2
,,,,,19:47:51,1.42,2906,14.5,0019.3
,,,,,19:47:52,1.42,2920,14.3,0019.3
,,,,,19:47:53,1.42,2935,14.6,0019.0
,,,,,19:47:54,1.42,2949,14.5,0019.2
,,,,,19:47:55,1.42,2964,14.3,0019.7
,,,,,19:47:56,1.42,2978,14.5,0019.3
,,,,,19:47:57,1.42,2992,14.3,0018.9
,,,,,19:47:58,1.42,3007,14.5,0018.9
,,,,,19:47:59,1.42,3021,14.5,0018.8
,,,,,19:48:00,1.42,3036,14.3,0018.9
,,,,,19:48:01,1.42,3050,14.5,0018.6
,,,,,19:48:02,1.42,3064,14.3,0018.9
,,,,,19:48:03,1.42,3079,14.6,0018.5
,,,,,19:48:04,1.42,3093,14.3,0019.6
,,,,,19:48:05,1.42,3108,14.5,0019.1
,,,,,19:48:06,1.42,3122,14.3,0018.8
,,,,,19:48:07,1.42,3137,14.5,0018.4
,,,,,19:48:08,1.42,3151,14.3,0019.3
,,,,,19:48:09,1.42,3165,14.5,0019.3
,,,,,19:48:10,1.42,3180,14.5,0019.7
,,,,,19:48:11,1.42,3194,14.3,0019.6
,,,,,19:48:12,1.42,3209,14.5,0018.8
,,,,,19:48:13,1.42,3223,14.3,0018.9
,,,,,19:48:14,1.42,3237,14.6,0019.1
,,,,,19:48:15,1.42,3252,14.3,0018.3
,,,,,19:48:16,1.42,3266,14.5,0018.3
,,,,,19:48:17,1.42,3281,14.3,0018.8
,,,,,19:48:18,1.42,3295,14.5,0019.2
,,,,,19:48:19,1.42,3310,14.3,0019.1
,,,,,19:48:20,1.42,3324,14.5,0018.6
,,,,,19:48:21,1.42,3338,14.3,0019.1
,,,,,19:48:22,1.42,3353,14.5,0019.2
,,,,,19:48:23,1.42,3367,14.3,0018.6
,,,,,19:48:24,1.43,3382,14.6,0018.8
,,,,,19:48:25,1.43,3396,14.5,0019.1
,,,,,19:48:26,1.43,3411,14.3,0019.5
,,,,,19:48:27,1.42,3425,14.5,0019.9
,,,,,19:48:28,1.42,3439,14.3,0019.0
,,,,,19:48:29,1.42,3454,14.5,0018.9
,,,,,19:48:30,1.42,3468,14.3,0018.7
,,,,,19:48:31,1.42,3483,14.5,0018.9
,,,,,19:48:32,1.42,3497,14.3,0019.1
,,,,,19:48:33,1.42,3511,14.5,0019.2
,,,,,19:48:34,1.42,3526,14.5,0018.5
,,,,,19:48:35,1.42,3540,14.5,0018.6
,,,,,19:48:36,1.42,3555,14.5,0019.1
,,,,,19:48:37,1.42,3569,14.3,0019.7
,,,,,19:48:38,1.42,3584,14.5,0019.1
,,,,,19:48:39,1.42,3598,14.3,0019.3
,,,,,19:48:40,1.42,3612,14.5,0018.9
,,,,,19:48:41,1.42,3627,14.3,0019.1
,,,,,19:48:42,1.42,3641,14.5,0019.2
,,,,,19:48:43,1.42,3656,14.3,0018.9
,,,,,19:48:44,1.42,3670,14.6,0018.7
,,,,,19:48:45,1.42,3685,14.3,0019.0
,,,,,19:48:46,1.42,3699,14.5,0019.0
,,,,,19:48:47,1.42,3713,14.3,0019.0
,,,,,19:48:48,1.42,3728,14.5,0019.2
,,,,,19:48:49,1.42,3742,14.5,0019.2
,,,,,19:48:50,1.42,3757,14.3,0019.4
,,,,,19:48:51,1.42,3771,14.3,0018.7
,,,,,19:48:52,1.42,3785,14.5,0017.9
,,,,,19:48:53,1.42,3800,14.3,0018.3
,,,,,19:48:54,1.42,3814,14.6,0018.9
,,,,,19:48:55,1.42,3829,14.5,0019.5
,,,,,19:48:56,1.42,3843,14.3,0019.3
,,,,,19:48:57,1.42,3858,14.3,0019.4
,,,,,19:48:58,1.42,3872,14.5,0018.7
,,,,,19:48:59,1.42,3886,14.3,0018.6
,,,,,19:49:00,1.42,3901,14.5,0018.6
,,,,,19:49:01,1.42,3915,14.3,0018.9
,,,,,19:49:02,1.42,3929,14.5,0018.6
,,,,,19:49:03,1.42,3944,14.3,0019.1
,,,,,19:49:04,1.42,3958,14.5,0018.9
,,,,,19:49:05,1.42,3973,14.6,0018.8
,,,,,19:49:06,1.42,3987,14.3,0018.9
,,,,,19:49:07,1.42,4002,14.3,0018.4
,,,,,19:49:08,1.42,4016,14.5,0018.6
,,,,,19:49:09,1.42,4031,14.3,0018.7
,,,,,19:49:10,1.42,4045,14.5,0018.9
,,,,,19:49:11,1.42,4059,14.5,0018.7
,,,,,19:49:12,1.42,4074,14.5,0018.9
,,,,,19:49:13,1.42,4088,14.5,0019.5
,,,,,19:49:14,1.42,4103,14.3,0019.1
,,,,,19:49:15,1.43,4117,14.5,0018.6
,,,,,19:49:16,1.43,4132,14.3,0018.5
,,,,,19:49:17,1.43,4146,14.5,0019.0
,,,,,19:49:18,1.43,4160,14.3,0019.2
,,,,,19:49:19,1.43,4175,14.5,0019.2
,,,,,19:49:20,1.43,4189,14.5,0018.4
,,,,,19:49:21,1.43,4204,14.5,0018.3
,,,,,19:49:22,1.43,4218,14.5,0018.8
,,,,,19:49:23,1.43,4233,14.3,0018.9
,,,,,19:49:24,1.43,4247,14.5,0018.6
,,,,,19:49:25,1.43,4261,14.3,0019.2
,,,,,19:49:26,1.43,4276,14.5,0019.4
,,,,,19:49:27,1.43,4290,14.5,0018.8
,,,,,19:49:28,1.43,4305,14.3,0018.6
,,,,,19:49:29,1.43,4319,14.5,0018.1
,,,,,19:49:30,1.43,4333,14.3,0018.3
,,,,,19:49:31,1.43,4348,14.6,0018.6
,,,,,19:49:32,1.43,4362,14.5,0019.0
,,,,,19:49:33,1.43,4377,14.3,0018.9
,,,,,19:49:34,1.43,4391,14.5,0019.1
,,,,,19:49:35,1.43,4406,14.3,0018.7
,,,,,19:49:36,1.43,4420,14.5,0019.4
,,,,,19:49:37,1.43,4434,14.5,0019.4
,,,,,19:49:38,1.43,4449,14.3,0018.0
,,,,,19:49:39,1.43,4463,14.6,0018.3
,,,,,19:49:40,1.43,4478,14.3,0018.7
,,,,,19:49:41,1.42,4492,14.5,0019.0
,,,,,19:49:42,1.42,4507,14.3,0018.5
,,,,,19:49:43,1.42,4521,14.5,0018.2
,,,,,19:49:44,1.41,4535,14.5,0018.1
,,,,,19:49:45,1.41,4550,14.3,0018.4
,,,,,19:49:46,1.41,4564,14.5,0018.8
,,,,,19:49:47,1.41,4579,14.3,0018.4
,,,,,19:49:48,1.41,4593,14.6,0018.6
,,,,,19:49:49,1.41,4608,14.3,0018.6
,,,,,19:49:50,1.41,4622,14.5,0018.7
,,,,,19:49:51,1.41,4636,14.5,0018.8
,,,,,19:49:52,1.41,4651,14.3,0017.7
,,,,,19:49:53,1.41,4665,14.5,0018.1
,,,,,19:49:54,1.42,4680,14.5,0018.5
,,,,,19:49:55,1.42,4694,14.3,0019.4
,,,,,19:49:56,1.42,4708,14.5,0018.9
,,,,,19:49:57,1.42,4723,14.5,0019.2
,,,,,19:49:58,1.41,4737,14.5,0018.5
,,,,,19:49:59,1.41,4752,14.5,0018.4
,,,,,19:50:00,1.41,4766,14.3,0018.4
,,,,,19:50:01,1.41,4781,14.5,0018.4
,,,,,19:50:02,1.40,4795,14.5,0018.5
,,,,,19:50:03,1.40,4810,14.3,0018.1
,,,,,19:50:04,1.40,4824,14.5,0018.7
,,,,,19:50:05,1.40,4838,14.5,0018.8
,,,,,19:50:06,1.40,4853,14.5,0018.9
,,,,,19:50:07,1.39,4867,14.5,0018.4
,,,,,19:50:08,1.39,4882,14.3,0018.5
,,,,,19:50:09,1.39,4896,14.5,0018.9
,,,,,19:50:10,1.39,4911,14.3,0018.4
,,,,,19:50:11,1.39,4925,14.5,0018.1
,,,,,19:50:12,1.39,4939,14.3,0018.6
,,,,,19:50:13,1.39,4954,14.6,0018.0
,,,,,19:50:14,1.39,4968,14.5,0018.5
,,,,,19:50:15,1.40,4983,14.3,0018.3
,,,,,19:50:16,1.40,4997,14.5,0017.8
,,,,,19:50:17,1.40,5012,14.5,0017.5
,,,,,19:50:18,1.40,5026,14.3,0018.5
,,,,,19:50:19,1.40,5040,14.5,0019.3
,,,,,19:50:20,1.40,5055,14.3,0018.8
,,,,,19:50:21,1.40,5069,14.6,0018.2
,,,,,19:50:22,1.40,5084,14.5,0018.1
,,,,,19:50:23,1.40,5098,14.5,0018.1
,,,,,19:50:24,1.40,5113,14.3,0018.3
,,,,,19:50:25,1.40,5127,14.5,0018.6
,,,,,19:50:26,1.40,5142,14.5,0017.7
,,,,,19:50:27,1.40,5156,14.3,0018.1
,,,,,19:50:28,1.40,5170,14.6,0018.4
,,,,,19:50:29,1.40,5185,14.5,0018.5
,,,,,19:50:30,1.40,5199,14.3,0018.3
,,,,,19:50:31,1.40,5214,14.5,0018.1
,,,,,19:50:32,1.40,5228,14.5,0018.6
,,,,,19:50:33,1.40,5243,14.5,0018.3
,,,,,19:50:34,1.41,5257,14.5,0018.3
,,,,,19:50:35,1.41,5272,14.5,0018.1
,,,,,19:50:36,1.41,5286,14.5,0017.1
,,,,,19:50:37,1.41,5300,14.5,0017.5
,,,,,19:50:38,1.41,5315,14.3,0018.5
,,,,,19:50:39,1.41,5329,14.5,0018.8
,,,,,19:50:40,1.41,5344,14.5,0017.8
,,,,,19:50:41,1.41,5358,14.5,0017.4
,,,,,19:50:42,1.41,5373,14.5,0018.2
,,,,,19:50:43,1.41,5387,14.5,0018.6
,,,,,19:50:44,1.41,5402,14.5,0018.8
,,,,,19:50:45,1.42,5416,14.5,0018.5
,,,,,19:50:46,1.42,5431,14.3,0017.8
,,,,,19:50:47,1.42,5445,14.5,0017.6
,,,,,19:50:48,1.42,5459,14.5,0017.4
,,,,,19:50:49,1.42,5474,14.5,0018.5
,,,,,19:50:50,1.42,5488,14.5,0018.6
,,,,,19:50:51,1.42,5503,14.5,0018.3
,,,,,19:50:52,1.42,5517,14.5,0018.1
,,,,,19:50:53,1.42,5532,14.5,0017.9
,,,,,19:50:54,1.43,5546,14.3,0017.9
,,,,,19:50:55,1.43,5560,14.5,0017.5
,,,,,19:50:56,1.43,5575,14.6,0017.6
,,,,,19:50:57,1.43,5589,14.5,0017.9
,,,,,19:50:58,1.43,5604,14.5,0017.8
,,,,,19:50:59,1.43,5618,14.3,0018.0
,,,,,19:51:00,1.43,5633,14.5,0017.3
,,,,,19:51:01,1.43,5647,14.5,0017.6
,,,,,19:51:02,1.42,5662,14.5,0017.7
,,,,,19:51:03,1.42,5676,14.5,0018.4
,,,,,19:51:04,1.42,5691,14.5,0017.6
,,,,,19:51:05,1.42,5705,14.5,0017.5
,,,,,19:51:06,1.42,5720,14.3,0017.0
,,,,,19:51:07,1.42,5734,14.5,0017.7
,,,,,19:51:08,1.41,5748,14.5,0017.9
,,,,,19:51:09,1.41,5763,14.5,0018.3
,,,,,19:51:10,1.41,5777,14.5,0018.0
,,,,,19:51:11,1.41,5792,14.5,0017.2
,,,,,19:51:12,1.41,5806,14.5,0017.0
,,,,,19:51:13,1.41,5821,14.3,0017.7
,,,,,19:51:14,1.42,5835,14.5,0018.2
,,,,,19:51:15,1.42,5849,14.5,0018.4
,,,,,19:51:16,1.42,5864,14.5,0017.9
,,,,,19:51:17,1.42,5878,14.5,0017.6
,,,,,19:51:18,1.42,5893,14.5,0017.4
,,,,,19:51:19,1.42,5907,14.5,0017.4
,,,,,19:51:20,1.43,5922,14.3,0017.3
,,,,,19:51:21,1.43,5936,14.5,0017.5
,,,,,19:51:22,1.43,5951,14.6,0017.3
,,,,,19:51:23,1.43,5965,14.5,0018.4
,,,,,19:51:24,1.43,5980,14.3,0018.1
,,,,,19:51:25,1.43,5994,14.5,0018.0
,,,,,19:51:26,1.43,6008,14.5,0017.3
,,,,,19:51:27,1.43,6023,14.5,0017.2
,,,,,19:51:28,1.43,6037,14.3,0017.6
,,,,,19:51:29,1.42,6052,14.6,0017.8
,,,,,19:51:30,1.42,6066,14.5,0017.8
,,,,,19:51:31,1.42,6081,14.3,0017.4
,,,,,19:51:32,1.42,6095,14.5,0017.2
,,,,,19:51:33,1.42,6110,14.5,0017.9
,,,,,19:51:34,1.42,6124,14.6,0017.9
,,,,,19:51:35,1.42,6139,14.5,0017.1
,,,,,19:51:36,1.42,6153,14.3,0017.1
,,,,,19:51:37,1.42,6167,14.5,0016.7
,,,,,19:51:38,1.43,6182,14.5,0018.1
,,,,,19:51:39,1.43,6196,14.5,0017.9
,,,,,19:51:40,1.43,6211,14.5,0017.6
,,,,,19:51:41,1.43,6225,14.5,0017.6
,,,,,19:51:42,1.43,6240,14.5,0017.2
,,,,,19:51:43,1.43,6254,14.5,0017.4
,,,,,19:51:44,1.42,6269,14.5,0017.8
,,,,,19:51:45,1.42,6283,14.5,0017.7
,,,,,19:51:46,1.42,6298,14.3,0017.6
,,,,,19:51:47,1.42,6312,14.6,0017.1
,,,,,19:51:48,1.42,6326,14.5,0017.5
,,,,,19:51:49,1.42,6341,14.5,0017.8
,,,,,19:51:50,1.42,6355,14.3,0017.8
,,,,,19:51:51,1.42,6370,14.5,0017.7
,,,,,19:51:52,1.42,6384,14.5,0017.8
,,,,,19:51:53,1.42,6399,14.5,0017.8
,,,,,19:51:54,1.42,6413,14.6,0018.0
,,,,,19:51:55,1.42,6428,14.5,0018.0
,,,,,19:51:56,1.43,6442,14.3,0017.6
,,,,,19:51:57,1.43,6456,14.5,0017.9
,,,,,19:51:58,1.43,6471,14.5,0017.7
,,,,,19:51:59,1.43,6485,14.6,0017.6
,,,,,19:52:00,1.43,6500,14.5,0017.9
,,,,,19:52:01,1.43,6514,14.5,0017.9
,,,,,19:52:02,1.43,6529,14.5,0017.5
,,,,,19:52:03,1.42,6543,14.3,0017.4
,,,,,19:52:04,1.42,6558,14.5,0017.9
,,,,,19:52:05,1.42,6572,14.5,0017.9
,,,,,19:52:06,1.42,6587,14.6,0018.3
,,,,,19:52:07,1.42,6601,14.5,0017.7
,,,,,19:52:08,1.42,6616,14.3,0017.8
,,,,,19:52:09,1.42,6630,14.5,0017.7
,,,,,19:52:10,1.42,6644,14.5,0018.0
,,,,,19:52:11,1.42,6659,14.5,0018.0
,,,,,19:52:12,1.42,6673,14.6,0017.7
,,,,,19:52:13,1.42,6688,14.3,0017.2
,,,,,19:52:14,1.42,6702,14.5,0017.9
,,,,,19:52:15,1.42,6717,14.5,0018.2
,,,,,19:52:16,1.42,6731,14.5,0017.9
,,,,,19:52:17,1.42,6746,14.5,0017.9
,,,,,19:52:18,1.42,6760,14.5,0017.5
,,,,,19:52:19,1.42,6775,14.5,0017.5
,,,,,19:52:20,1.42,6789,14.5,0017.5
,,,,,19:52:21,1.42,6804,14.5,0018.0
,,,,,19:52:22,1.42,6818,14.5,0017.5
,,,,,19:52:23,1.42,6832,14.3,0017.3
,,,,,19:52:24,1.42,6847,14.6,0017.9
,,,,,19:52:25,1.42,6861,14.5,0017.8
,,,,,19:52:26,1.43,6876,14.5,0017.9
,,,,,19:52:27,1.43,6890,14.5,0018.2
,,,,,19:52:28,1.43,6905,14.3,0017.6
,,,,,19:52:29,1.43,6919,14.5,0017.1
,,,,,19:52:30,1.43,6934,14.6,0017.5
,,,,,19:52:31,1.43,6948,14.5,0017.6
,,,,,19:52:32,1.43,6963,14.5,0017.6
,,,,,19:52:33,1.43,6977,14.5,0017.3
,,,,,19:52:34,1.43,6992,14.5,0017.7
,,,,,19:52:35,1.43,7006,14.3,0018.2
,,,,,19:52:36,1.43,7020,14.6,0018.1
,,,,,19:52:37,1.43,7035,14.5,0017.7
,,,,,19:52:38,1.43,7049,14.5,0017.4
,,,,,19:52:39,1.43,7064,14.5,0017.1
,,,,,19:52:40,1.42,7078,14.5,0017.6
,,,,,19:52:41,1.42,7093,14.5,0017.2
,,,,,19:52:42,1.42,7107,14.6,0017.6
,,,,,19:52:43,1.42,7122,14.3,0017.3
,,,,,19:52:44,1.42,7136,14.5,0017.1
,,,,,19:52:45,1.42,7151,14.5,0017.5
,,,,,19:52:46,1.42,7165,14.5,0017.6
,,,,,19:52:47,1.42,7180,14.5,0017.9
,,,,,19:52:48,1.42,7194,14.6,0017.6
,,,,,19:52:49,1.43,7209,14.3,0017.2
,,,,,19:52:50,1.43,7223,14.5,0016.8
,,,,,19:52:51,1.43,7237,14.5,0017.6
,,,,,19:52:52,1.44,7252,14.5,0017.6
,,,,,19:52:53,1.44,7266,14.5,0017.8
,,,,,19:52:54,1.43,7281,14.6,0017.8
,,,,,19:52:55,1.43,7295,14.5,0017.4
,,,,,19:52:56,1.43,7310,14.5,0017.8
,,,,,19:52:57,1.43,7324,14.5,0017.6
,,,,,19:52:58,1.42,7339,14.5,0017.6
,,,,,19:52:59,1.42,7353,14.6,0017.0
,,,,,19:53:00,1.42,7368,14.5,0016.9
,,,,,19:53:01,1.42,7382,14.3,0017.2
,,,,,19:53:02,1.42,7397,14.5,0017.9
,,,,,19:53:03,1.42,7411,14.5,0017.8
,,,,,19:53:04,1.42,7425,14.5,0017.3
,,,,,19:53:05,1.42,7440,14.6,0017.2
,,,,,19:53:06,1.42,7455,14.5,0017.6
,,,,,19:53:07,1.42,7469,14.5,0017.9
,,,,,19:53:08,1.42,7483,14.5,0017.8
,,,,,19:53:09,1.42,7498,14.5,0017.1
,,,,,19:53:10,1.42,7512,14.5,0016.7
,,,,,19:53:11,1.42,7527,14.6,0016.9
,,,,,19:53:12,1.42,7541,14.5,0016.6
,,,,,19:53:13,1.42,7556,14.5,0017.0
,,,,,19:53:14,1.42,7570,14.5,0017.3
,,,,,19:53:15,1.42,7585,14.5,0017.7
,,,,,19:53:16,1.43,7599,14.5,0017.0
,,,,,19:53:17,1.43,7614,14.6,0017.7
,,,,,19:53:18,1.43,7628,14.5,0017.9
,,,,,19:53:19,1.43,7643,14.5,0018.0
,,,,,19:53:20,1.43,7657,14.5,0017.4
,,,,,19:53:21,1.43,7672,14.5,0017.6
,,,,,19:53:22,1.43,7686,14.5,0017.7
,,,,,19:53:23,1.43,7701,14.6,0017.4
,,,,,19:53:24,1.43,7715,14.5,0018.1
,,,,,19:53:25,1.43,7730,14.5,0017.2
,,,,,19:53:26,1.43,7744,14.5,0017.0
,,,,,19:53:27,1.43,7759,14.5,0017.2
,,,,,19:53:28,1.43,7773,14.6,0017.6
,,,,,19:53:29,1.43,7788,14.5,0016.9
,,,,,19:53:30,1.43,7802,14.5,0016.7
,,,,,19:53:31,1.42,7817,14.5,0017.1
,,,,,19:53:32,1.42,7831,14.5,0017.0
,,,,,19:53:33,1.41,7845,14.6,0017.3
,,,,,19:53:34,1.41,7860,14.5,0017.2
,,,,,19:53:35,1.41,7874,14.5,0017.2
,,,,,19:53:36,1.41,7889,14.5,0017.9
,,,,,19:53:37,1.41,7903,14.5,0017.4
,,,,,19:53:38,1.41,7918,14.5,0017.6
,,,,,19:53:39,1.42,7932,14.6,0018.0
,,,,,19:53:40,1.42,7947,14.5,0018.1
,,,,,19:53:41,1.42,7961,14.5,0017.2
,,,,,19:53:42,1.42,7976,14.5,0016.8
,,,,,19:53:43,1.42,7990,14.5,0016.9
,,,,,19:53:44,1.42,8005,14.6,0017.3
,,,,,19:53:45,1.42,8019,14.5,0017.7
,,,,,19:53:46,1.42,8034,14.5,0017.0
,,,,,19:53:47,1.42,8048,14.5,0016.2
,,,,,19:53:48,1.43,8063,14.6,0017.2
,,,,,19:53:49,1.43,8077,14.5,0017.4
,,,,,19:53:50,1.43,8092,14.6,0017.4
,,,,,19:53:51,1.43,8106,14.5,0017.9
,,,,,19:53:52,1.43,8121,14.5,0017.9
,,,,,19:53:53,1.43,8135,14.5,0017.0
,,,,,19:53:54,1.43,8150,14.5,0017.2
,,,,,19:53:55,1.43,8164,14.6,0017.2
,,,,,19:53:56,1.43,8179,14.5,0017.9
,,,,,19:53:57,1.43,8193,14.6,0017.1
,,,,,19:53:58,1.43,8208,14.5,0016.2
,,,,,19:53:59,1.43,8222,14.5,0017.0
,,,,,19:54:00,1.43,8237,14.5,0017.6
,,,,,19:54:01,1.43,8251,14.6,0017.0
,,,,,19:54:02,1.43,8266,14.5,0017.1
,,,,,19:54:03,1.43,8280,14.5,0017.2
,,,,,19:54:04,1.43,8295,14.5,0016.8
,,,,,19:54:05,1.43,8309,14.5,0017.1
,,,,,19:54:06,1.43,8324,14.6,0017.8
,,,,,19:54:07,1.42,8338,14.6,0017.7
,,,,,19:54:08,1.42,8353,14.5,0016.8
,,,,,19:54:09,1.42,8367,14.5,0016.5
,,,,,19:54:10,1.42,8382,14.5,0016.6
,,,,,19:54:11,1.43,8396,14.5,0016.6
,,,,,19:54:12,1.43,8411,14.6,0017.1
,,,,,19:54:13,1.43,8425,14.5,0017.1
,,,,,19:54:14,1.43,8440,14.5,0017.2
,,,,,19:54:15,1.43,8454,14.5,0017.1
,,,,,19:54:16,1.43,8468,14.6,0017.5
,,,,,19:54:17,1.43,8483,14.6,0017.7
,,,,,19:54:18,1.43,8498,14.5,0017.9
,,,,,19:54:19,1.43,8512,14.5,0017.2
,,,,,19:54:20,1.43,8527,14.5,0016.7
,,,,,19:54:21,1.43,8541,14.5,0017.1
,,,,,19:54:22,1.43,8555,14.6,0017.2
,,,,,19:54:23,1.43,8570,14.5,0016.9
,,,,,19:54:24,1.43,8585,14.6,0017.1
,,,,,19:54:25,1.43,8599,14.5,0016.5
,,,,,19:54:26,1.43,8614,14.5,0016.9
,,,,,19:54:27,1.43,8628,14.5,0016.9
,,,,,19:54:28,1.43,8642,14.6,0017.5
,,,,,19:54:29,1.43,8657,14.5,0017.4
,,,,,19:54:30,1.43,8672,14.5,0016.5
,,,,,19:54:31,1.43,8686,14.6,0017.0
,,,,,19:54:32,1.43,8701,14.5,0017.1
,,,,,19:54:33,1.43,8715,14.6,0017.1
,,,,,19:54:34,1.43,8730,14.5,0016.1
,,,,,19:54:35,1.43,8744,14.5,0017.2
,,,,,19:54:36,1.43,8759,14.5,0016.8
,,,,,19:54:37,1.43,8773,14.6,0017.0
,,,,,19:54:38,1.43,8788,14.6,0017.5
,,,,,19:54:39,1.43,8802,14.5,0017.2
,,,,,19:54:40,1.43,8817,14.5,0017.0
,,,,,19:54:41,1.43,8831,14.5,0016.6
,,,,,19:54:42,1.43,8845,14.6,0016.6
,,,,,19:54:43,1.43,8860,14.6,0016.7
,,,,,19:54:44,1.42,8875,14.5,0017.1
,,,,,19:54:45,1.42,8889,14.5,0017.2
,,,,,19:54:46,1.42,8904,14.5,0018.0
,,,,,19:54:47,1.42,8918,14.5,0017.0
,,,,,19:54:48,1.42,8932,14.5,0016.9
,,,,,19:54:49,1.42,8947,14.7,0017.1
,,,,,19:54:50,1.42,8962,14.5,0017.1
,,,,,19:54:51,1.42,8976,14.5,0017.0
,,,,,19:54:52,1.42,8991,14.5,0016.3
,,,,,19:54:53,1.42,9005,14.6,0016.4
,,,,,19:54:54,1.42,9020,14.5,0016.6
,,,,,19:54:55,1.42,9034,14.6,0016.8
,,,,,19:54:56,1.42,9049,14.5,0017.4
,,,,,19:54:57,1.42,9063,14.5,0016.8
,,,,,19:54:58,1.42,9078,14.5,0016.6
,,,,,19:54:59,1.42,9092,14.7,0016.7
,,,,,19:55:00,1.42,9107,14.5,0017.0
,,,,,19:55:01,1.42,9121,14.5,0016.5
,,,,,19:55:02,1.42,9136,14.5,0016.5
,,,,,19:55:03,1.42,9150,14.5,0016.6
,,,,,19:55:04,1.42,9165,14.7,0016.9
,,,,,19:55:05,1.42,9179,14.5,0017.0
,,,,,19:55:06,1.42,9194,14.5,0017.1
,,,,,19:55:07,1.43,9208,14.5,0017.0
,,,,,19:55:08,1.43,9223,14.6,0016.4
,,,,,19:55:09,1.43,9237,14.5,0016.1
,,,,,19:55:10,1.43,9252,14.6,0016.7
,,,,,19:55:11,1.43,9266,14.5,0016.2
,,,,,19:55:12,1.43,9281,14.6,0016.8
,,,,,19:55:13,1.43,9295,14.5,0016.6
,,,,,19:55:14,1.42,9310,14.5,0016.3
,,,,,19:55:15,1.42,9324,14.5,0016.7
,,,,,19:55:16,1.41,9339,14.6,0017.2
,,,,,19:55:17,1.41,9353,14.6,0016.6
,,,,,19:55:18,1.41,9368,14.5,0016.3
,,,,,19:55:19,1.41,9382,14.5,0016.4
,,,,,19:55:20,1.42,9397,14.6,0016.9
,,,,,19:55:21,1.42,9411,14.6,0017.4
,,,,,19:55:22,1.42,9426,14.5,0017.2
,,,,,19:55:23,1.42,9440,14.5,0017.3
,,,,,19:55:24,1.42,9455,14.6,0016.3
,,,,,19:55:25,1.42,9469,14.5,0015.7
,,,,,19:55:26,1.42,9484,14.6,0016.5
,,,,,19:55:27,1.42,9498,14.5,0016.9
,,,,,19:55:28,1.42,9513,14.6,0017.3
,,,,,19:55:29,1.42,9527,14.5,0017.1
,,,,,19:55:30,1.42,9542,14.5,0016.6
,,,,,19:55:31,1.42,9556,14.5,0016.7
,,,,,19:55:32,1.42,9571,14.7,0016.8
,,,,,19:55:33,1.42,9585,14.5,0016.5
,,,,,19:55:34,1.42,9600,14.5,0016.6
,,,,,19:55:35,1.42,9614,14.5,0016.6
,,,,,19:55:36,1.42,9629,14.6,0017.1
,,,,,19:55:37,1.42,9643,14.6,0017.0
,,,,,19:55:38,1.42,9658,14.5,0016.9
,,,,,19:55:39,1.42,9672,14.6,0016.3
,,,,,19:55:40,1.42,9687,14.5,0016.1
,,,,,19:55:41,1.42,9701,14.5,0016.2
,,,,,19:55:42,1.42,9716,14.5,0016.7
,,,,,19:55:43,1.42,9730,14.7,0017.0
,,,,,19:55:44,1.42,9745,14.5,0016.7
,,,,,19:55:45,1.42,9760,14.5,0016.8
,,,,,19:55:46,1.43,9774,14.6,0015.5
,,,,,19:55:47,1.43,9789,14.5,0015.9
,,,,,19:55:48,1.43,9803,14.6,0016.8
,,,,,19:55:49,1.43,9818,14.6,0017.3
,,,,,19:55:50,1.43,9832,14.5,0017.0
,,,,,19:55:51,1.44,9847,14.5,0017.2
,,,,,19:55:52,1.43,9861,14.5,0016.3
,,,,,19:55:53,1.43,9876,14.7,0016.3
,,,,,19:55:54,1.43,9890,14.5,0016.5
,,,,,19:55:55,1.43,9905,14.6,0016.3
,,,,,19:55:56,1.43,9919,14.5,0017.2
,,,,,19:55:57,1.43,9934,14.5,0016.8
,,,,,19:55:58,1.43,9948,14.7,0016.2
,,,,,19:55:59,1.43,9963,14.5,0015.9
,,,,,19:56:00,1.43,9977,14.5,0016.6
,,,,,19:56:01,1.43,9992,14.5,0016.3
,,,,,19:56:02,1.43,10006,14.6,0016.1
,,,,,19:56:03,1.43,10021,14.6,0016.2
,,,,,19:56:04,1.43,10035,14.5,0016.3
,,,,,19:56:05,1.43,10050,14.6,0016.7
,,,,,19:56:06,1.43,10064,14.5,0016.4
,,,,,19:56:07,1.43,10079,14.5,0016.1
,,,,,19:56:08,1.43,10093,14.6,0016.5
,,,,,19:56:09,1.43,10108,14.6,0016.2
,,,,,19:56:10,1.43,10123,14.5,0016.8
,,,,,19:56:11,1.43,10137,14.6,0016.8
,,,,,19:56:12,1.43,10152,14.5,0016.5
,,,,,19:56:13,1.43,10166,14.5,0016.2
,,,,,19:56:14,1.43,10180,14.7,0016.1
,,,,,19:56:15,1.44,10195,14.5,0016.1
,,,,,19:56:16,1.43,10210,14.5,0015.7
,,,,,19:56:17,1.43,10224,14.6,0016.6
,,,,,19:56:18,1.43,10239,14.5,0016.6
,,,,,19:56:19,1.42,10253,14.6,0015.6
,,,,,19:56:20,1.42,10268,14.5,0015.6
,,,,,19:56:21,1.42,10282,14.6,0016.3
,,,,,19:56:22,1.41,10297,14.5,0016.0
,,,,,19:56:23,1.41,10311,14.6,0016.7
,,,,,19:56:24,1.41,10326,14.5,0016.8
,,,,,19:56:25,1.41,10340,14.6,0016.1
,,,,,19:56:26,1.41,10355,14.6,0016.3
,,,,,19:56:27,1.42,10369,14.5,0016.7
,,,,,19:56:28,1.42,10384,14.5,0016.5
,,,,,19:56:29,1.42,10398,14.6,0016.2
,,,,,19:56:30,1.42,10413,14.6,0016.2
,,,,,19:56:31,1.43,10427,14.5,0016.2
,,,,,19:56:32,1.43,10442,14.6,0016.3
,,,,,19:56:33,1.43,10456,14.5,0016.4
,,,,,19:56:34,1.43,10471,14.5,0015.7
,,,,,19:56:35,1.43,10485,14.7,0016.4
,,,,,19:56:36,1.43,10500,14.5,0016.1
,,,,,19:56:37,1.43,10515,14.6,0016.1
,,,,,19:56:38,1.43,10529,14.5,0016.1
,,,,,19:56:39,1.42,10544,14.5,0016.4
,,,,,19:56:40,1.42,10558,14.7,0015.8
,,,,,19:56:41,1.42,10573,14.5,0015.5
,,,,,19:56:42,1.41,10587,14.6,0016.2
,,,,,19:56:43,1.41,10602,14.5,0016.2
,,,,,19:56:44,1.41,10616,14.5,0016.1
,,,,,19:56:45,1.41,10631,14.7,0015.7
,,,,,19:56:46,1.42,10645,14.5,0016.1
,,,,,19:56:47,1.42,10660,14.6,0016.2
,,,,,19:56:48,1.42,10674,14.5,0016.3
,,,,,19:56:49,1.42,10689,14.5,0016.3
,,,,,19:56:50,1.42,10703,14.7,0016.3
,,,,,19:56:51,1.42,10718,14.5,0015.9
,,,,,19:56:52,1.42,10732,14.6,0016.2
,,,,,19:56:53,1.42,10747,14.5,0016.3
,,,,,19:56:54,1.42,10761,14.5,0016.2
,,,,,19:56:55,1.42,10776,14.7,0016.2
,,,,,19:56:56,1.42,10791,14.5,0016.2
,,,,,19:56:57,1.42,10805,14.6,0016.1
,,,,,19:56:58,1.42,10820,14.5,0015.7
,,,,,19:56:59,1.42,10834,14.5,0016.2
,,,,,19:57:00,1.42,10849,14.7,0016.7
,,,,,19:57:01,1.42,10863,14.5,0015.8
,,,,,19:57:02,1.42,10878,14.6,0015.4
,,,,,19:57:03,1.42,10892,14.6,0015.5
,,,,,19:57:04,1.42,10907,14.5,0016.1
,,,,,19:57:05,1.42,10921,14.6,0016.4
,,,,,19:57:06,1.42,10936,14.6,0016.2
,,,,,19:57:07,1.42,10950,14.5,0015.9
,,,,,19:57:08,1.42,10965,14.6,0015.2
,,,,,19:57:09,1.42,10980,14.5,0015.9
,,,,,19:57:10,1.42,10994,14.6,0016.1
,,,,,19:57:11,1.42,11009,14.6,0016.6
,,,,,19:57:12,1.42,11023,14.5,0016.6
,,,,,19:57:13,1.42,11038,14.6,0015.5
,,,,,19:57:14,1.42,11052,14.6,0015.1
,,,,,19:57:15,1.42,11067,14.6,0015.6
,,,,,19:57:16,1.42,11081,14.5,0016.1
,,,,,19:57:17,1.42,11096,14.6,0016.6
,,,,,19:57:18,1.42,11110,14.5,0016.1
,,,,,19:57:19,1.42,11125,14.6,0015.6
,,,,,19:57:20,1.42,11139,14.6,0015.7
,,,,,19:57:21,1.42,11154,14.5,0016.2
,,,,,19:57:22,1.42,11168,14.6,0016.2
,,,,,19:57:23,1.42,11183,14.5,0015.9
,,,,,19:57:24,1.42,11197,14.7,0015.8
,,,,,19:57:25,1.42,11212,14.5,0015.6
,,,,,19:57:26,1.42,11227,14.6,0015.9
,,,,,19:57:27,1.42,11241,14.5,0015.4
,,,,,19:57:28,1.42,11256,14.6,0015.9
,,,,,19:57:29,1.42,11270,14.6,0016.0
,,,,,19:57:30,1.42,11285,14.6,0015.7
,,,,,19:57:31,1.42,11299,14.5,0015.8
,,,,,19:57:32,1.42,11314,14.5,0015.4
,,,,,19:57:33,1.42,11328,14.7,0015.8
,,,,,19:57:34,1.42,11343,14.5,0015.6
,,,,,19:57:35,1.43,11357,14.6,0015.4
,,,,,19:57:36,1.43,11372,14.5,0015.7
,,,,,19:57:37,1.43,11386,14.6,0015.5
,,,,,19:57:38,1.43,11401,14.6,0016.1
,,,,,19:57:39,1.43,11416,14.6,0015.6
,,,,,19:57:40,1.42,11430,14.5,0015.3
,,,,,19:57:41,1.42,11445,14.6,0015.9
,,,,,19:57:42,1.42,11459,14.6,0015.8
,,,,,19:57:43,1.42,11474,14.6,0015.7
,,,,,19:57:44,1.42,11488,14.5,0016.0
,,,,,19:57:45,1.42,11503,14.6,0015.5
,,,,,19:57:46,1.42,11517,14.5,0015.8
,,,,,19:57:47,1.42,11532,14.7,0016.3
,,,,,19:57:48,1.42,11547,14.5,0015.5
,,,,,19:57:49,1.42,11561,14.6,0015.8
,,,,,19:57:50,1.42,11576,14.6,0015.6
,,,,,19:57:51,1.42,11590,14.5,0015.6
,,,,,19:57:52,1.42,11605,14.7,0016.3
,,,,,19:57:53,1.42,11619,14.5,0015.4
,,,,,19:57:54,1.43,11634,14.6,0014.9
,,,,,19:57:55,1.43,11648,14.5,0015.5
,,,,,19:57:56,1.43,11663,14.6,0015.7
,,,,,19:57:57,1.43,11677,14.6,0016.1
,,,,,19:57:58,1.43,11692,14.5,0015.4
,,,,,19:57:59,1.43,11706,14.6,0014.8
,,,,,19:58:00,1.43,11721,14.6,0014.9
,,,,,19:58:01,1.43,11735,14.6,0015.7
,,,,,19:58:02,1.43,11750,14.6,0015.7
,,,,,19:58:03,1.43,11765,14.5,0015.1
,,,,,19:58:04,1.43,11779,14.6,0015.7
,,,,,19:58:05,1.43,11794,14.6,0015.8
,,,,,19:58:06,1.43,11808,14.6,0015.7
,,,,,19:58:07,1.43,11823,14.5,0016.2
,,,,,19:58:08,1.43,11837,14.6,0015.8
,,,,,19:58:09,1.43,11852,14.5,0015.5
,,,,,19:58:10,1.42,11866,14.7,0016.1
,,,,,19:58:11,1.42,11881,14.5,0015.8
,,,,,19:58:12,1.42,11895,14.6,0015.4
,,,,,19:58:13,1.42,11910,14.5,0015.5
,,,,,19:58:14,1.42,11925,14.6,0015.8
,,,,,19:58:15,1.42,11939,14.6,0016.3
,,,,,19:58:16,1.42,11954,14.6,0015.6
,,,,,19:58:17,1.42,11968,14.5,0015.1
,,,,,19:58:18,1.42,11983,14.6,0015.5
,,,,,19:58:19,1.42,11997,14.5,0015.9
,,,,,19:58:20,1.43,12012,14.7,0015.9
,,,,,19:58:21,1.43,12026,14.5,0016.0
,,,,,19:58:22,1.43,12041,14.6,0015.0
,,,,,19:58:23,1.43,12055,14.5,0014.9
,,,,,19:58:24,1.43,12070,14.7,0015.3
,,,,,19:58:25,1.43,12085,14.5,0015.7
,,,,,19:58:26,1.43,12099,14.6,0016.1
,,,,,19:58:27,1.43,12114,14.6,0015.2
,,,,,19:58:28,1.43,12128,14.5,0014.5
,,,,,19:58:29,1.43,12143,14.7,0015.2
,,,,,19:58:30,1.43,12157,14.5,0015.3
,,,,,19:58:31,1.43,12172,14.6,0015.3
,,,,,19:58:32,1.43,12186,14.5,0015.3
,,,,,19:58:33,1.43,12201,14.7,0015.3
,,,,,19:58:34,1.43,12216,14.6,0014.7
,,,,,19:58:35,1.43,12230,14.5,0015.1
,,,,,19:58:36,1.43,12245,14.6,0015.3
,,,,,19:58:37,1.42,12259,14.6,0015.8
,,,,,19:58:38,1.42,12274,14.6,0016.1
,,,,,19:58:39,1.42,12288,14.6,0014.9
,,,,,19:58:40,1.42,12303,14.5,0015.1
,,,,,19:58:41,1.42,12317,14.6,0015.5
,,,,,19:58:42,1.42,12332,14.6,0015.8
,,,,,19:58:43,1.42,12346,14.6,0015.8
,,,,,19:58:44,1.42,12361,14.5,0015.1
,,,,,19:58:45,1.42,12375,14.7,0014.6
,,,,,19:58:46,1.42,12390,14.6,0015.2
,,,,,19:58:47,1.42,12405,14.5,0014.6
,,,,,19:58:48,1.42,12419,14.6,0015.6
,,,,,19:58:49,1.42,12434,14.7,0015.3
,,,,,19:58:50,1.42,12448,14.5,0015.8
,,,,,19:58:51,1.43,12463,14.6,0015.8
,,,,,19:58:52,1.43,12478,14.5,0015.2
,,,,,19:58:53,1.43,12492,14.7,0015.0
,,,,,19:58:54,1.43,12507,14.6,0015.6
,,,,,19:58:55,1.43,12521,14.5,0015.6
,,,,,19:58:56,1.43,12536,14.6,0015.5
,,,,,19:58:57,1.43,12550,14.6,0015.1
,,,,,19:58:58,1.43,12565,14.6,0015.4
,,,,,19:58:59,1.42,12579,14.6,0014.4
,,,,,19:59:00,1.42,12594,14.5,0015.1
,,,,,19:59:01,1.42,12608,14.7,0015.5
,,,,,19:59:02,1.42,12623,14.6,0015.1
,,,,,19:59:03,1.42,12638,14.5,0015.2
,,,,,19:59:04,1.42,12652,14.6,0014.8
,,,,,19:59:05,1.42,12667,14.6,0014.7
,,,,,19:59:06,1.43,12681,14.6,0014.8
,,,,,19:59:07,1.42,12696,14.6,0015.3
,,,,,19:59:08,1.42,12710,14.5,0015.5
,,,,,19:59:09,1.42,12725,14.7,0015.5
,,,,,19:59:10,1.42,12740,14.6,0015.8
,,,,,19:59:11,1.42,12754,14.5,0014.8
,,,,,19:59:12,1.42,12769,14.6,0014.5
,,,,,19:59:13,1.42,12783,14.7,0015.5
,,,,,19:59:14,1.42,12798,14.5,0015.6
,,,,,19:59:15,1.42,12812,14.6,0015.7
,,,,,19:59:16,1.42,12827,14.5,0015.1
,,,,,19:59:17,1.42,12841,14.7,0015.1
,,,,,19:59:18,1.42,12856,14.6,0014.8
,,,,,19:59:19,1.42,12871,14.5,0015.0
,,,,,19:59:20,1.42,12885,14.7,0015.6
,,,,,19:59:21,1.42,12900,14.5,0015.6
,,,,,19:59:22,1.42,12914,14.6,0015.5
,,,,,19:59:23,1.42,12929,14.6,0015.2
,,,,,19:59:24,1.42,12943,14.6,0014.9
,,,,,19:59:25,1.42,12958,14.6,0014.9
,,,,,19:59:26,1.42,12973,14.6,0015.3
,,,,,19:59:27,1.42,12987,14.5,0015.3
,,,,,19:59:28,1.42,13002,14.7,0015.6
,,,,,19:59:29,1.42,13016,14.6,0015.8
,,,,,19:59:30,1.42,13031,14.5,0015.4
,,,,,19:59:31,1.42,13045,14.6,0014.7
,,,,,19:59:32,1.42,13060,14.7,0015.0
,,,,,19:59:33,1.42,13075,14.5,0015.4
,,,,,19:59:34,1.42,13089,14.6,0015.4
,,,,,19:59:35,1.43,13104,14.6,0015.4
,,,,,19:59:36,1.43,13118,14.6,0015.3
,,,,,19:59:37,1.42,13133,14.6,0014.6
,,,,,19:59:38,1.42,13147,14.6,0014.4
,,,,,19:59:39,1.42,13162,14.6,0015.0
,,,,,19:59:40,1.42,13177,14.6,0015.0
,,,,,19:59:41,1.42,13191,14.5,0015.3
,,,,,19:59:42,1.42,13206,14.7,0015.1
,,,,,19:59:43,1.42,13220,14.6,0015.5
,,,,,19:59:44,1.43,13235,14.5,0014.6
,,,,,19:59:45,1.43,13249,14.6,0014.3
,,,,,19:59:46,1.43,13264,14.7,0015.1
,,,,,19:59:47,1.43,13279,14.5,0015.5
,,,,,19:59:48,1.43,13293,14.6,0015.3
,,,,,19:59:49,1.43,13308,14.6,0014.9
,,,,,19:59:50,1.43,13322,14.6,0015.1
,,,,,19:59:51,1.43,13337,14.6,0014.7
,,,,,19:59:52,1.43,13351,14.6,0014.3
,,,,,19:59:53,1.43,13366,14.6,0014.5
,,,,,19:59:54,1.43,13380,14.6,0015.3
,,,,,19:59:55,1.43,13395,14.6,0015.0
,,,,,19:59:56,1.43,13410,14.7,0015.1
,,,,,19:59:57,1.43,13424,14.5,0015.7
,,,,,19:59:58,1.43,13439,14.6,0015.2
,,,,,19:59:59,1.43,13453,14.6,0014.7
,,,,,20:00:00,1.43,13468,14.7,0015.1
,,,,,20:00:01,1.43,13483,14.5,0014.8
,,,,,20:00:02,1.43,13497,14.6,0015.0
,,,,,20:00:03,1.43,13512,14.7,0015.1
,,,,,20:00:04,1.43,13526,14.6,0015.0
,,,,,20:00:05,1.43,13541,14.5,0014.6
,,,,,20:00:06,1.43,13555,14.7,0013.6
,,,,,20:00:07,1.43,13570,14.6,0015.2
,,,,,20:00:08,1.43,13585,14.6,0015.5
,,,,,20:00:09,1.43,13599,14.5,0015.5
,,,,,20:00:10,1.44,13614,14.7,0014.4
,,,,,20:00:11,1.44,13628,14.6,0015.2
,,,,,20:00:12,1.44,13643,14.5,0014.1
,,,,,20:00:13,1.43,13657,14.7,0014.6
,,,,,20:00:14,1.43,13672,14.6,0015.1
,,,,,20:00:15,1.43,13687,14.6,0015.0
,,,,,20:00:16,1.43,13701,14.5,0014.8
,,,,,20:00:17,1.42,13716,14.7,0015.3
,,,,,20:00:18,1.42,13730,14.6,0014.9
,,,,,20:00:19,1.42,13745,14.5,0014.1
,,,,,20:00:20,1.42,13759,14.7,0014.7
,,,,,20:00:21,1.42,13774,14.6,0015.1
,,,,,20:00:22,1.42,13789,14.6,0015.1
,,,,,20:00:23,1.42,13803,14.5,0015.3
,,,,,20:00:24,1.42,13818,14.7,0015.0
,,,,,20:00:25,1.42,13832,14.6,0014.7
,,,,,20:00:26,1.42,13847,14.6,0014.1
,,,,,20:00:27,1.42,13861,14.6,0015.0
,,,,,20:00:28,1.42,13876,14.6,0015.5
,,,,,20:00:29,1.42,13891,14.6,0015.3
,,,,,20:00:30,1.42,13905,14.6,0014.4
,,,,,20:00:31,1.42,13920,14.6,0014.7
,,,,,20:00:32,1.43,13934,14.6,0014.7
,,,,,20:00:33,1.43,13949,14.6,0014.2
,,,,,20:00:34,1.43,13964,14.7,0014.7
,,,,,20:00:35,1.43,13978,14.5,0014.6
,,,,,20:00:36,1.43,13993,14.6,0014.9
,,,,,20:00:37,1.43,14007,14.6,0015.0
,,,,,20:00:38,1.43,14022,14.7,0015.0
,,,,,20:00:39,1.43,14037,14.5,0014.5
,,,,,20:00:40,1.43,14051,14.6,0014.0
,,,,,20:00:41,1.43,14066,14.7,0014.0
,,,,,20:00:42,1.42,14080,14.6,0015.1
,,,,,20:00:43,1.42,14095,14.6,0014.9
,,,,,20:00:44,1.42,14109,14.6,0014.9
,,,,,20:00:45,1.42,14124,14.6,0015.1
,,,,,20:00:46,1.42,14139,14.6,0014.8
,,,,,20:00:47,1.42,14153,14.6,0014.4
,,,,,20:00:48,1.42,14168,14.7,0014.8
,,,,,20:00:49,1.42,14182,14.6,0014.6
,,,,,20:00:50,1.42,14197,14.5,0014.5
,,,,,20:00:51,1.42,14211,14.7,0014.6
,,,,,20:00:52,1.42,14226,14.6,0014.5
,,,,,20:00:53,1.42,14241,14.6,0014.2
,,,,,20:00:54,1.42,14255,14.5,0014.1
,,,,,20:00:55,1.42,14270,14.7,0014.0
,,,,,20:00:56,1.42,14284,14.6,0014.2
,,,,,20:00:57,1.42,14299,14.6,0014.7
,,,,,20:00:58,1.42,14314,14.7,0015.1
,,,,,20:00:59,1.42,14328,14.6,0014.5
,,,,,20:01:00,1.42,14343,14.5,0014.5
,,,,,20:01:01,1.42,14357,14.7,0013.9
,,,,,20:01:02,1.42,14372,14.6,0014.5
,,,,,20:01:03,1.42,14387,14.6,0014.9
,,,,,20:01:04,1.42,14401,14.7,0014.2
,,,,,20:01:05,1.42,14416,14.5,0014.7
,,,,,20:01:06,1.42,14430,14.6,0014.9
,,,,,20:01:07,1.42,14445,14.6,0014.2
,,,,,20:01:08,1.42,14459,14.7,0013.9
,,,,,20:01:09,1.42,14474,14.5,0014.7
,,,,,20:01:10,1.42,14489,14.6,0014.5
,,,,,20:01:11,1.42,14503,14.7,0014.6
,,,,,20:01:12,1.42,14518,14.6,0014.6
,,,,,20:01:13,1.42,14532,14.6,0014.4
,,,,,20:01:14,1.42,14547,14.7,0014.3
,,,,,20:01:15,1.42,14562,14.6,0014.6
,,,,,20:01:16,1.42,14576,14.5,0014.1
,,,,,20:01:17,1.42,14591,14.6,0014.1
,,,,,20:01:18,1.42,14605,14.7,0014.7
,,,,,20:01:19,1.42,14620,14.6,0014.4
,,,,,20:01:20,1.42,14635,14.6,0014.6
,,,,,20:01:21,1.42,14649,14.7,0015.0
,,,,,20:01:22,1.42,14664,14.6,0013.9
,,,,,20:01:23,1.42,14678,14.5,0013.5
,,,,,20:01:24,1.42,14693,14.7,0014.2
,,,,,20:01:25,1.42,14708,14.6,0014.6
,,,,,20:01:26,1.42,14722,14.6,0014.9
,,,,,20:01:27,1.42,14737,14.7,0014.6
,,,,,20:01:28,1.42,14751,14.6,0014.8
,,,,,20:01:29,1.42,14766,14.5,0014.6
,,,,,20:01:30,1.42,14780,14.6,0014.1
,,,,,20:01:31,1.42,14795,14.7,0014.2
,,,,,20:01:32,1.42,14810,14.6,0014.5
,,,,,20:01:33,1.42,14824,14.6,0014.4
,,,,,20:01:34,1.42,14839,14.7,0014.9
,,,,,20:01:35,1.42,14853,14.5,0014.5
,,,,,20:01:36,1.42,14868,14.6,0014.4
,,,,,20:01:37,1.42,14882,14.8,0014.0
,,,,,20:01:38,1.42,14897,14.5,0014.0
,,,,,20:01:39,1.42,14912,14.6,0014.2
,,,,,20:01:40,1.42,14926,14.7,0014.4
,,,,,20:01:41,1.42,14941,14.6,0014.4
,,,,,20:01:42,1.42,14956,14.6,0014.4
,,,,,20:01:43,1.42,14970,14.7,0014.6
,,,,,20:01:44,1.42,14985,14.6,0014.3
,,,,,20:01:45,1.42,14999,14.6,0013.7
,,,,,20:01:46,1.42,15014,14.7,0014.1
,,,,,20:01:47,1.42,15029,14.6,0014.1
,,,,,20:01:48,1.42,15043,14.5,0014.4
,,,,,20:01:49,1.42,15058,14.6,0014.2
,,,,,20:01:50,1.42,15072,14.7,0014.5
,,,,,20:01:51,1.42,15087,14.6,0014.3
,,,,,20:01:52,1.42,15102,14.7,0013.6
,,,,,20:01:53,1.42,15116,14.6,0014.0
,,,,,20:01:54,1.42,15131,14.6,0014.7
,,,,,20:01:55,1.42,15145,14.7,0014.5
,,,,,20:01:56,1.42,15160,14.6,0014.1
,,,,,20:01:57,1.43,15175,14.6,0014.4
,,,,,20:01:58,1.43,15189,14.7,0014.2
,,,,,20:01:59,1.43,15204,14.6,0014.4
,,,,,20:02:00,1.43,15219,14.6,0013.7
,,,,,20:02:01,1.43,15233,14.7,0013.1
,,,,,20:02:02,1.43,15248,14.6,0014.3
,,,,,20:02:03,1.43,15262,14.6,0014.1
,,,,,20:02:04,1.43,15277,14.6,0014.1
,,,,,20:02:05,1.43,15291,14.7,0014.4
,,,,,20:02:06,1.43,15306,14.5,0014.3
,,,,,20:02:07,1.43,15321,14.7,0013.9
,,,,,20:02:08,1.43,15335,14.6,0013.6
,,,,,20:02:09,1.43,15350,14.6,0014.4
,,,,,20:02:10,1.43,15364,14.6,0014.8
,,,,,20:02:11,1.43,15379,14.7,0014.2
,,,,,20:02:12,1.43,15394,14.6,0014.3
,,,,,20:02:13,1.43,15408,14.6,0014.4
,,,,,20:02:14,1.43,15423,14.7,0014.2
,,,,,20:02:15,1.43,15438,14.6,0013.6
,,,,,20:02:16,1.43,15452,14.6,0013.6
,,,,,20:02:17,1.43,15467,14.7,0014.4
,,,,,20:02:18,1.43,15481,14.6,0014.0
,,,,,20:02:19,1.43,15496,14.6,0014.1
,,,,,20:02:20,1.43,15511,14.6,0014.2
,,,,,20:02:21,1.42,15525,14.7,0014.0
,,,,,20:02:22,1.42,15540,14.6,0013.9
,,,,,20:02:23,1.42,15554,14.6,0013.8
,,,,,20:02:24,1.43,15569,14.7,0014.0
,,,,,20:02:25,1.43,15584,14.6,0014.0
,,,,,20:02:26,1.43,15598,14.7,0013.8
,,,,,20:02:27,1.43,15613,14.6,0014.1
,,,,,20:02:28,1.43,15627,14.6,0014.1
,,,,,20:02:29,1.43,15642,14.7,0014.0
,,,,,20:02:30,1.43,15657,14.6,0013.7
,,,,,20:02:31,1.43,15671,14.6,0014.0
,,,,,20:02:32,1.43,15686,14.6,0014.1
,,,,,20:02:33,1.43,15700,14.6,0014.3
,,,,,20:02:34,1.43,15715,14.6,0013.9
,,,,,20:02:35,1.42,15730,14.6,0013.7
,,,,,20:02:36,1.42,15744,14.7,0014.5
,,,,,20:02:37,1.42,15759,14.6,0014.2
,,,,,20:02:38,1.42,15773,14.6,0013.6
,,,,,20:02:39,1.42,15788,14.7,0013.9
,,,,,20:02:40,1.42,15803,14.6,0013.7
,,,,,20:02:41,1.42,15817,14.6,0014.4
,,,,,20:02:42,1.42,15832,14.7,0013.9
,,,,,20:02:43,1.42,15847,14.6,0013.9
,,,,,20:02:44,1.42,15861,14.6,0013.6
,,,,,20:02:45,1.42,15876,14.7,0013.4
,,,,,20:02:46,1.42,15890,14.6,0013.7
,,,,,20:02:47,1.42,15905,14.6,0014.0
,,,,,20:02:48,1.43,15920,14.7,0014.1
,,,,,20:02:49,1.43,15934,14.6,0013.4
,,,,,20:02:50,1.43,15949,14.6,0014.6
,,,,,20:02:51,1.43,15963,14.6,0014.0
,,,,,20:02:52,1.43,15978,14.7,0013.1
,,,,,20:02:53,1.43,15993,14.6,0013.3
,,,,,20:02:54,1.43,16007,14.7,0013.2
,,,,,20:02:55,1.43,16022,14.6,0013.7
,,,,,20:02:56,1.43,16036,14.6,0013.7
,,,,,20:02:57,1.43,16051,14.7,0013.8
,,,,,20:02:58,1.43,16066,14.6,0013.9
,,,,,20:02:59,1.43,16080,14.7,0013.8
,,,,,20:03:00,1.43,16095,14.6,0013.2
,,,,,20:03:01,1.43,16110,14.6,0013.1
,,,,,20:03:02,1.43,16124,14.7,0013.6
,,,,,20:03:03,1.43,16139,14.7,0013.2
,,,,,20:03:04,1.43,16154,14.6,0013.6
,,,,,20:03:05,1.42,16168,14.6,0014.2
,,,,,20:03:06,1.42,16183,14.7,0013.3
,,,,,20:03:07,1.42,16197,14.6,0013.3
,,,,,20:03:08,1.42,16212,14.6,0013.2
,,,,,20:03:09,1.42,16227,14.7,0013.0
,,,,,20:03:10,1.42,16241,14.6,0013.7
,,,,,20:03:11,1.42,16256,14.6,0013.2
,,,,,20:03:12,1.42,16270,14.7,0013.6
,,,,,20:03:13,1.42,16285,14.6,0014.2
,,,,,20:03:14,1.43,16300,14.7,0013.4
,,,,,20:03:15,1.43,16314,14.7,0013.4
,,,,,20:03:16,1.43,16329,14.6,0012.8
,,,,,20:03:17,1.43,16344,14.6,0013.0
,,,,,20:03:18,1.43,16358,14.7,0013.2
,,,,,20:03:19,1.43,16373,14.6,0013.1
,,,,,20:03:20,1.43,16387,14.6,0013.3
,,,,,20:03:21,1.43,16402,14.7,0013.7
,,,,,20:03:22,1.43,16417,14.6,0013.2
,,,,,20:03:23,1.43,16431,14.7,0013.2
,,,,,20:03:24,1.43,16446,14.7,0013.3
,,,,,20:03:25,1.43,16461,14.6,0013.1
,,,,,20:03:26,1.43,16475,14.7,0013.4
,,,,,20:03:27,1.43,16490,14.6,0013.5
,,,,,20:03:28,1.43,16504,14.6,0012.9
,,,,,20:03:29,1.42,16519,14.7,0013.6
,,,,,20:03:30,1.42,16534,14.6,0013.6
,,,,,20:03:31,1.42,16548,14.6,0012.9
,,,,,20:03:32,1.42,16563,14.7,0013.0
,,,,,20:03:33,1.42,16578,14.6,0013.2
,,,,,20:03:34,1.42,16592,14.7,0013.7
,,,,,20:03:35,1.42,16607,14.7,0013.2
,,,,,20:03:36,1.42,16621,14.6,0013.2
,,,,,20:03:37,1.42,16636,14.7,0013.1
,,,,,20:03:38,1.42,16651,14.6,0013.4
,,,,,20:03:39,1.43,16665,14.6,0012.6
,,,,,20:03:40,1.43,16680,14.7,0013.1
,,,,,20:03:41,1.43,16695,14.7,0012.6
,,,,,20:03:42,1.43,16709,14.6,0012.4
,,,,,20:03:43,1.43,16724,14.7,0012.9
,,,,,20:03:44,1.43,16739,14.6,0013.1
,,,,,20:03:45,1.43,16753,14.7,0013.5
,,,,,20:03:46,1.43,16768,14.6,0013.4
,,,,,20:03:47,1.42,16782,14.7,0012.4
,,,,,20:03:48,1.42,16797,14.7,0012.6
,,,,,20:03:49,1.42,16812,14.6,0012.8
,,,,,20:03:50,1.42,16826,14.6,0012.7
,,,,,20:03:51,1.41,16841,14.7,0012.6
,,,,,20:03:52,1.41,16856,14.6,0012.4
,,,,,20:03:53,1.42,16870,14.7,0012.8
,,,,,20:03:54,1.42,16885,14.7,0013.1
,,,,,20:03:55,1.42,16900,14.6,0013.2
,,,,,20:03:56,1.42,16914,14.7,0012.7
,,,,,20:03:57,1.42,16929,14.6,0012.6
,,,,,20:03:58,1.42,16943,14.8,0012.7
,,,,,20:03:59,1.42,16958,14.6,0012.5
,,,,,20:04:00,1.42,16973,14.6,0012.3
,,,,,20:04:01,1.43,16987,14.7,0013.0
,,,,,20:04:02,1.43,17002,14.6,0012.9
,,,,,20:04:03,1.42,17017,14.7,0012.9
,,,,,20:04:04,1.42,17031,14.7,0012.9
,,,,,20:04:05,1.42,17046,14.6,0013.4
,,,,,20:04:06,1.42,17061,14.7,0013.0
,,,,,20:04:07,1.42,17075,14.6,0012.5
,,,,,20:04:08,1.42,17090,14.7,0012.0
,,,,,20:04:09,1.42,17104,14.7,0012.1
,,,,,20:04:10,1.42,17119,14.6,0012.5
,,,,,20:04:11,1.42,17134,14.7,0013.3
,,,,,20:04:12,1.42,17148,14.6,0012.6
,,,,,20:04:13,1.42,17163,14.7,0012.9
,,,,,20:04:14,1.42,17178,14.7,0012.7
,,,,,20:04:15,1.42,17192,14.6,0012.8
,,,,,20:04:16,1.42,17207,14.7,0012.7
,,,,,20:04:17,1.42,17222,14.7,0012.1
,,,,,20:04:18,1.42,17236,14.6,0012.1
,,,,,20:04:19,1.42,17251,14.7,0012.3
,,,,,20:04:20,1.42,17266,14.6,0011.9
,,,,,20:04:21,1.43,17280,14.8,0012.1
,,,,,20:04:22,1.43,17295,14.6,0012.3
,,,,,20:04:23,1.43,17310,14.7,0012.2
,,,,,20:04:24,1.43,17324,14.6,0012.7
,,,,,20:04:25,1.43,17339,14.7,0012.9
,,,,,20:04:26,1.43,17353,14.7,0011.9
,,,,,20:04:27,1.43,17368,14.6,0012.1
,,,,,20:04:28,1.43,17383,14.6,0011.6
,,,,,20:04:29,1.44,17397,14.8,0012.2
,,,,,20:04:30,1.44,17412,14.6,0012.5
,,,,,20:04:31,1.44,17427,14.7,0012.3
,,,,,20:04:32,1.44,17441,14.6,0012.7
,,,,,20:04:33,1.43,17456,14.8,0012.8
,,,,,20:04:34,1.43,17471,14.6,0012.0
,,,,,20:04:35,1.42,17485,14.6,0012.4
,,,,,20:04:36,1.42,17500,14.8,0012.1
,,,,,20:04:37,1.41,17515,14.6,0012.1
,,,,,20:04:38,1.41,17529,14.7,0011.7
,,,,,20:04:39,1.41,17544,14.7,0011.4
,,,,,20:04:40,1.41,17559,14.6,0011.9
,,,,,20:04:41,1.41,17573,14.7,0011.6
,,,,,20:04:42,1.41,17588,14.6,0011.5
,,,,,20:04:43,1.41,17602,14.8,0012.1
,,,,,20:04:44,1.41,17617,14.6,0012.3
,,,,,20:04:45,1.41,17632,14.7,0012.2
,,,,,20:04:46,1.41,17647,14.7,0011.9
,,,,,20:04:47,1.42,17661,14.7,0012.0
,,,,,20:04:48,1.42,17676,14.6,0011.4
,,,,,20:04:49,1.42,17691,14.7,0011.5
,,,,,20:04:50,1.42,17705,14.7,0011.7
,,,,,20:04:51,1.42,17720,14.6,0011.7
,,,,,20:04:52,1.42,17734,14.8,0012.2
,,,,,20:04:53,1.42,17749,14.6,0012.2
,,,,,20:04:54,1.43,17764,14.8,0012.1
,,,,,20:04:55,1.43,17779,14.6,0012.0
,,,,,20:04:56,1.43,17793,14.6,0011.5
,,,,,20:04:57,1.43,17808,14.7,0011.5
,,,,,20:04:58,1.43,17822,14.7,0011.6
,,,,,20:04:59,1.43,17837,14.7,0011.4
,,,,,20:05:00,1.43,17852,14.6,0011.6
,,,,,20:05:01,1.43,17866,14.8,0011.9
,,,,,20:05:02,1.42,17881,14.6,0011.3
,,,,,20:05:03,1.42,17896,14.8,0011.1
,,,,,20:05:04,1.41,17911,14.6,0011.5
,,,,,20:05:05,1.41,17925,14.6,0011.6
,,,,,20:05:06,1.41,17940,14.7,0011.8
,,,,,20:05:07,1.41,17954,14.7,0011.4
,,,,,20:05:08,1.41,17969,14.7,0012.1
,,,,,20:05:09,1.42,17984,14.7,0011.8
,,,,,20:05:10,1.42,17999,14.7,0011.4
,,,,,20:05:11,1.42,18013,14.6,0011.2
,,,,,20:05:12,1.43,18028,14.8,0010.9
,,,,,20:05:13,1.43,18043,14.6,0010.4
,,,,,20:05:14,1.43,18057,14.8,0010.6
,,,,,20:05:15,1.43,18072,14.6,0010.9
,,,,,20:05:16,1.43,18087,14.7,0011.0
,,,,,20:05:17,1.43,18101,14.7,0011.0
,,,,,20:05:18,1.42,18116,14.7,0011.8
,,,,,20:05:19,1.42,18131,14.7,0012.0
,,,,,20:05:20,1.41,18145,14.7,0011.6
,,,,,20:05:21,1.41,18160,14.7,0011.5
,,,,,20:05:22,1.41,18175,14.6,0011.5
,,,,,20:05:23,1.41,18189,14.8,0011.0
,,,,,20:05:24,1.41,18204,14.6,0010.4
,,,,,20:05:25,1.42,18219,14.8,0010.4
,,,,,20:05:26,1.42,18233,14.7,0010.8
,,,,,20:05:27,1.43,18248,14.7,0010.9
,,,,,20:05:28,1.43,18263,14.6,0010.7
,,,,,20:05:29,1.43,18277,14.8,0010.9
,,,,,20:05:30,1.43,18292,14.7,0010.9
,,,,,20:05:31,1.43,18307,14.7,0010.6
,,,,,20:05:32,1.43,18322,14.6,0011.0
,,,,,20:05:33,1.42,18336,14.8,0011.2
,,,,,20:05:34,1.42,18351,14.7,0010.6
,,,,,20:05:35,1.41,18366,14.7,0010.9
,,,,,20:05:36,1.41,18380,14.7,0011.4
,,,,,20:05:37,1.41,18395,14.7,0010.9
,,,,,20:05:38,1.41,18410,14.7,0010.9
,,,,,20:05:39,1.41,18424,14.6,0011.3
,,,,,20:05:40,1.42,18439,14.8,0010.9
,,,,,20:05:41,1.42,18454,14.7,0010.5
,,,,,20:05:42,1.42,18468,14.7,0010.9
,,,,,20:05:43,1.42,18483,14.6,0010.7
,,,,,20:05:44,1.42,18498,14.8,0010.8
,,,,,20:05:45,1.43,18513,14.6,0010.8
,,,,,20:05:46,1.43,18527,14.8,0010.8
,,,,,20:05:47,1.43,18542,14.6,0010.7
,,,,,20:05:48,1.43,18556,14.8,0011.0
,,,,,20:05:49,1.43,18571,14.6,0010.7
,,,,,20:05:50,1.42,18586,14.8,0010.2
,,,,,20:05:51,1.42,18601,14.6,0010.3
,,,,,20:05:52,1.42,18615,14.8,0010.8
,,,,,20:05:53,1.41,18630,14.7,0010.3
,,,,,20:05:54,1.41,18645,14.7,0010.3
,,,,,20:05:55,1.41,18659,14.7,0011.1
,,,,,20:05:56,1.41,18674,14.7,0011.1
,,,,,20:05:57,1.41,18689,14.8,0010.5
,,,,,20:05:58,1.41,18704,14.7,0011.2
,,,,,20:05:59,1.41,18718,14.6,0011.1
,,,,,20:06:00,1.41,18733,14.8,0010.3
,,,,,20:06:01,1.42,18748,14.7,0011.1
,,,,,20:06:02,1.42,18762,14.7,0010.9
,,,,,20:06:03,1.42,18777,14.7,0010.4
,,,,,20:06:04,1.43,18792,14.7,0010.9
,,,,,20:06:05,1.43,18806,14.8,0010.9
,,,,,20:06:06,1.43,18821,14.7,0010.4
,,,,,20:06:07,1.43,18836,14.7,0010.6
,,,,,20:06:08,1.43,18851,14.7,0010.9
,,,,,20:06:09,1.43,18865,14.8,0010.4
,,,,,20:06:10,1.43,18880,14.6,0010.3
,,,,,20:06:11,1.42,18895,14.8,0010.6
,,,,,20:06:12,1.42,18909,14.7,0010.8
,,,,,20:06:13,1.42,18924,14.7,0010.6
,,,,,20:06:14,1.42,18939,14.7,0010.9
,,,,,20:06:15,1.42,18954,14.8,0011.0
,,,,,20:06:16,1.42,18968,14.7,0010.8
,,,,,20:06:17,1.42,18983,14.7,0010.7
,,,,,20:06:18,1.42,18998,14.7,0010.9
,,,,,20:06:19,1.43,19012,14.8,0011.0
,,,,,20:06:20,1.43,19027,14.6,0010.9
,,,,,20:06:21,1.43,19042,14.8,0010.4
,,,,,20:06:22,1.43,19057,14.7,0010.0
,,,,,20:06:23,1.43,19071,14.8,0009.8
,,,,,20:06:24,1.43,19086,14.6,0009.8
,,,,,20:06:25,1.42,19101,14.8,0009.9
,,,,,20:06:26,1.42,19115,14.7,0009.7
,,,,,20:06:27,1.42,19130,14.7,0009.6
,,,,,20:06:28,1.42,19145,14.8,0009.7
,,,,,20:06:29,1.42,19160,14.7,0009.6
,,,,,20:06:30,1.42,19174,14.8,0009.9
,,,,,20:06:31,1.43,19189,14.6,0009.9
,,,,,20:06:32,1.43,19204,14.8,0010.0
,,,,,20:06:33,1.43,19219,14.7,0010.0
,,,,,20:06:34,1.43,19233,14.8,0009.8
,,,,,20:06:35,1.43,19248,14.7,0010.0
,,,,,20:06:36,1.43,19263,14.7,0010.2
,,,,,20:06:37,1.43,19277,14.8,0009.7
,,,,,20:06:38,1.43,19292,14.7,0010.1
,,,,,20:06:39,1.43,19307,14.8,0010.1
,,,,,20:06:40,1.43,19322,14.6,0010.1
,,,,,20:06:41,1.43,19336,14.9,0010.1
,,,,,20:06:42,1.42,19351,14.6,0010.0
,,,,,20:06:43,1.42,19366,14.8,0009.7
,,,,,20:06:44,1.42,19381,14.7,0009.4
,,,,,20:06:45,1.41,19395,14.8,0009.7
,,,,,20:06:46,1.41,19410,14.6,0009.0
,,,,,20:06:47,1.41,19425,14.8,0009.0
,,,,,20:06:48,1.41,19439,14.8,0009.2
,,,,,20:06:49,1.42,19454,14.7,0009.2
,,,,,20:06:50,1.42,19469,14.8,0009.3
,,,,,20:06:51,1.42,19484,14.6,0009.5
,,,,,20:06:52,1.42,19498,14.8,0009.2
,,,,,20:06:53,1.42,19513,14.7,0009.6
,,,,,20:06:54,1.42,19528,14.8,0009.9
,,,,,20:06:55,1.43,19543,14.7,0009.6
,,,,,20:06:56,1.43,19557,14.8,0009.9
,,,,,20:06:57,1.43,19572,14.7,0009.7
,,,,,20:06:58,1.42,19587,14.7,0009.9
,,,,,20:06:59,1.42,19601,14.8,0009.9
,,,,,20:07:00,1.43,19616,14.7,0009.6
,,,,,20:07:01,1.43,19631,14.8,0009.5
,,,,,20:07:02,1.43,19646,14.7,0009.4
,,,,,20:07:03,1.43,19660,14.8,0009.5
,,,,,20:07:04,1.43,19675,14.8,0009.3
,,,,,20:07:05,1.43,19690,14.6,0009.3
,,,,,20:07:06,1.43,19705,14.9,0009.4
,,,,,20:07:07,1.43,19720,14.6,0009.2
,,,,,20:07:08,1.43,19734,14.8,0009.2
,,,,,20:07:09,1.42,19749,14.7,0009.4
,,,,,20:07:10,1.42,19764,14.8,0009.1
,,,,,20:07:11,1.42,19778,14.8,0009.4
,,,,,20:07:12,1.42,19793,14.7,0009.0
,,,,,20:07:13,1.42,19808,14.8,0008.6
,,,,,20:07:14,1.42,19823,14.7,0009.1
,,,,,20:07:15,1.42,19837,14.8,0009.3
,,,,,20:07:16,1.42,19852,14.7,0009.3
,,,,,20:07:17,1.42,19867,14.7,0009.5
,,,,,20:07:18,1.42,19882,14.8,0009.2
,,,,,20:07:19,1.43,19896,14.7,0009.9
,,,,,20:07:20,1.43,19911,14.8,0009.9
,,,,,20:07:21,1.43,19926,14.7,0009.4
,,,,,20:07:22,1.43,19941,14.8,0009.4
,,,,,20:07:23,1.43,19955,14.8,0009.2
,,,,,20:07:24,1.43,19970,14.7,0009.1
,,,,,20:07:25,1.43,19985,14.8,0009.4
,,,,,20:07:26,1.42,20000,14.7,0009.0
,,,,,20:07:27,1.42,20014,14.7,0009.3
,,,,,20:07:28,1.42,20029,14.7,0009.1
,,,,,20:07:29,1.42,20044,14.8,0009.0
,,,,,20:07:30,1.42,20059,14.8,0009.3
,,,,,20:07:31,1.42,20073,14.7,0009.3
,,,,,20:07:32,1.42,20088,14.8,0008.7
,,,,,20:07:33,1.42,20103,14.7,0008.7
,,,,,20:07:34,1.42,20118,14.8,0008.9
,,,,,20:07:35,1.42,20132,14.8,0008.5
,,,,,20:07:36,1.42,20147,14.7,0008.5
,,,,,20:07:37,1.42,20162,14.8,0008.7
,,,,,20:07:38,1.42,20177,14.7,0008.8
,,,,,20:07:39,1.42,20191,14.8,0008.8
,,,,,20:07:40,1.42,20206,14.8,0008.5
,,,,,20:07:41,1.42,20221,14.7,0008.5
,,,,,20:07:42,1.42,20236,14.8,0008.6
,,,,,20:07:43,1.43,20250,14.7,0008.4
,,,,,20:07:44,1.43,20265,14.8,0008.9
,,,,,20:07:45,1.43,20280,14.8,0009.1
,,,,,20:07:46,1.43,20295,14.7,0008.8
,,,,,20:07:47,1.43,20309,14.8,0009.0
,,,,,20:07:48,1.43,20324,14.6,0008.8
,,,,,20:07:49,1.43,20339,14.9,0008.5
,,,,,20:07:50,1.43,20354,14.8,0008.9
,,,,,20:07:51,1.42,20369,14.7,0008.5
,,,,,20:07:52,1.42,20383,14.8,0008.7
,,,,,20:07:53,1.42,20398,14.7,0009.0
,,,,,20:07:54,1.42,20413,14.8,0008.8
,,,,,20:07:55,1.42,20428,14.8,0009.0
,,,,,20:07:56,1.42,20442,14.7,0008.7
,,,,,20:07:57,1.42,20457,14.8,0008.7
,,,,,20:07:58,1.42,20472,14.7,0008.7
,,,,,20:07:59,1.43,20486,14.8,0008.8
,,,,,20:08:00,1.43,20501,14.8,0008.8
,,,,,20:08:01,1.43,20516,14.7,0009.0
,,,,,20:08:02,1.43,20531,14.7,0008.9
,,,,,20:08:03,1.43,20545,14.8,0009.0
,,,,,20:08:04,1.43,20560,14.8,0008.5
,,,,,20:08:05,1.43,20575,14.8,0008.7
,,,,,20:08:06,1.43,20590,14.7,0008.7
,,,,,20:08:07,1.43,20605,14.8,0008.8
,,,,,20:08:08,1.42,20619,14.8,0009.1
,,,,,20:08:09,1.42,20634,14.7,0008.8
,,,,,20:08:10,1.42,20649,14.8,0008.8
,,,,,20:08:11,1.42,20664,14.7,0008.4
,,,,,20:08:12,1.42,20678,14.8,0008.5
,,,,,20:08:13,1.42,20693,14.8,0008.6
,,,,,20:08:14,1.42,20708,14.7,0008.4
,,,,,20:08:15,1.42,20723,14.8,0008.7
,,,,,20:08:16,1.42,20737,14.7,0008.3
,,,,,20:08:17,1.43,20752,14.8,0008.0
,,,,,20:08:18,1.43,20767,14.8,0008.1
,,,,,20:08:19,1.43,20782,14.7,0008.2
,,,,,20:08:20,1.43,20796,14.8,0008.7
,,,,,20:08:21,1.43,20811,14.9,0008.0
,,,,,20:08:22,1.42,20826,14.7,0007.9
,,,,,20:08:23,1.42,20841,14.8,0008.2
,,,,,20:08:24,1.42,20856,14.7,0008.2
,,,,,20:08:25,1.42,20870,14.8,0008.5
,,,,,20:08:26,1.42,20885,14.8,0008.7
,,,,,20:08:27,1.42,20900,14.7,0008.5
,,,,,20:08:28,1.42,20915,14.8,0008.5
,,,,,20:08:29,1.42,20929,14.8,0008.2
,,,,,20:08:30,1.42,20944,14.7,0008.3
,,,,,20:08:31,1.43,20959,14.8,0008.4
,,,,,20:08:32,1.43,20974,14.8,0008.3
,,,,,20:08:33,1.43,20989,14.8,0008.4
,,,,,20:08:34,1.43,21003,14.8,0008.5
,,,,,20:08:35,1.43,21018,14.7,0008.5
,,,,,20:08:36,1.43,21033,14.8,0008.6
,,,,,20:08:37,1.43,21048,14.8,0008.2
,,,,,20:08:38,1.42,21063,14.7,0008.6
,,,,,20:08:39,1.42,21077,14.8,0008.4
,,,,,20:08:40,1.42,21092,14.8,0008.4
,,,,,20:08:41,1.41,21107,14.8,0008.4
,,,,,20:08:42,1.42,21122,14.8,0008.4
,,,,,20:08:43,1.42,21136,14.7,0008.4
,,,,,20:08:44,1.41,21151,14.8,0008.5
,,,,,20:08:45,1.42,21166,14.8,0008.2
,,,,,20:08:46,1.42,21181,14.7,0008.4
,,,,,20:08:47,1.42,21195,14.8,0008.4
,,,,,20:08:48,1.43,21210,14.8,0008.5
,,,,,20:08:49,1.43,21225,14.8,0008.5
,,,,,20:08:50,1.43,21240,14.8,0008.1
,,,,,20:08:51,1.43,21255,14.7,0008.3
,,,,,20:08:52,1.43,21269,14.8,0008.5
,,,,,20:08:53,1.43,21284,14.8,0008.5
,,,,,20:08:54,1.43,21299,14.7,0008.5
,,,,,20:08:55,1.43,21314,14.9,0008.4
,,,,,20:08:56,1.43,21329,14.8,0008.4
,,,,,20:08:57,1.43,21343,14.7,0007.9
,,,,,20:08:58,1.43,21358,14.8,0008.3
,,,,,20:08:59,1.43,21373,14.8,0008.3
,,,,,20:09:00,1.43,21388,14.7,0008.3
,,,,,20:09:01,1.42,21402,14.9,0007.8
,,,,,20:09:02,1.42,21417,14.7,0008.2
,,,,,20:09:03,1.42,21432,14.8,0008.3
,,,,,20:09:04,1.42,21447,14.8,0008.3
,,,,,20:09:05,1.42,21462,14.7,0007.8
,,,,,20:09:06,1.42,21476,14.9,0007.9
,,,,,20:09:07,1.43,21491,14.8,0008.2
,,,,,20:09:08,1.43,21506,14.7,0008.3
,,,,,20:09:09,1.42,21521,14.8,0008.2
,,,,,20:09:10,1.42,21535,14.8,0008.4
,,,,,20:09:11,1.43,21550,14.7,0007.8
,,,,,20:09:12,1.42,21565,14.9,0007.8
,,,,,20:09:13,1.42,21580,14.8,0008.0
,,,,,20:09:14,1.42,21595,14.7,0007.7
,,,,,20:09:15,1.43,21609,14.8,0007.6
,,,,,20:09:16,1.43,21624,14.8,0008.0
,,,,,20:09:17,1.43,21639,14.7,0008.0
,,,,,20:09:18,1.43,21654,14.9,0008.2
,,,,,20:09:19,1.43,21669,14.8,0008.0
,,,,,20:09:20,1.43,21683,14.7,0007.3
,,,,,20:09:21,1.44,21698,14.8,0007.7
,,,,,20:09:22,1.44,21713,14.8,0007.7
,,,,,20:09:23,1.43,21728,14.8,0008.0
,,,,,20:09:24,1.43,21742,14.8,0007.8
,,,,,20:09:25,1.43,21757,14.7,0007.3
,,,,,20:09:26,1.42,21772,14.8,0007.6
,,,,,20:09:27,1.42,21787,14.8,0007.6
,,,,,20:09:28,1.42,21802,14.8,0008.0
,,,,,20:09:29,1.41,21816,14.8,0007.5
,,,,,20:09:30,1.42,21831,14.8,0007.3
,,,,,20:09:31,1.42,21846,14.7,0007.3
,,,,,20:09:32,1.42,21861,14.8,0007.5
,,,,,20:09:33,1.42,21875,14.9,0008.0
,,,,,20:09:34,1.42,21890,14.7,0007.8
,,,,,20:09:35,1.43,21905,14.8,0007.7
,,,,,20:09:36,1.43,21920,14.8,0008.0
,,,,,20:09:37,1.43,21935,14.7,0008.0
,,,,,20:09:38,1.43,21949,14.9,0007.9
,,,,,20:09:39,1.43,21964,14.8,0007.7
,,,,,20:09:40,1.42,21979,14.7,0007.7
,,,,,20:09:41,1.42,21994,14.8,0008.1
,,,,,20:09:42,1.42,22009,14.8,0007.5
,,,,,20:09:43,1.41,22023,14.8,0007.7
,,,,,20:09:44,1.41,22038,14.8,0007.5
,,,,,20:09:45,1.41,22053,14.8,0007.8
,,,,,20:09:46,1.41,22068,14.7,0008.0
,,,,,20:09:47,1.41,22082,14.9,0007.9
,,,,,20:09:48,1.42,22097,14.7,0007.7
,,,,,20:09:49,1.42,22112,14.8,0007.7
,,,,,20:09:50,1.42,22127,14.8,0007.9
,,,,,20:09:51,1.42,22142,14.7,0008.0
,,,,,20:09:52,1.42,22156,14.9,0008.2
,,,,,20:09:53,1.42,22171,14.8,0008.0
,,,,,20:09:54,1.43,22186,14.7,0008.1
,,,,,20:09:55,1.43,22201,14.8,0007.9
,,,,,20:09:56,1.43,22216,14.8,0008.0
,,,,,20:09:57,1.43,22230,14.8,0007.7
,,,,,20:09:58,1.43,22245,14.8,0007.8
,,,,,20:09:59,1.43,22260,14.8,0008.2
,,,,,20:10:00,1.43,22275,14.7,0007.9
,,,,,20:10:01,1.43,22290,14.9,0008.0
,,,,,20:10:02,1.42,22304,14.8,0007.6
,,,,,20:10:03,1.42,22319,14.7,0007.8
,,,,,20:10:04,1.42,22334,14.8,0008.0
,,,,,20:10:05,1.41,22349,14.9,0007.8
,,,,,20:10:06,1.41,22364,14.7,0008.0
,,,,,20:10:07,1.41,22378,14.8,0007.8
,,,,,20:10:08,1.41,22393,14.8,0008.2
,,,,,20:10:09,1.41,22408,14.8,0008.2
,,,,,20:10:10,1.42,22423,14.8,0007.8
,,,,,20:10:11,1.42,22438,14.8,0007.8
,,,,,20:10:12,1.43,22452,14.7,0007.7
,,,,,20:10:13,1.43,22467,14.9,0007.8
,,,,,20:10:14,1.43,22482,14.7,0007.7
,,,,,20:10:15,1.43,22497,14.8,0007.6
,,,,,20:10:16,1.43,22511,14.8,0007.9
,,,,,20:10:17,1.43,22526,14.8,0008.0
,,,,,20:10:18,1.43,22541,14.8,0008.0
,,,,,20:10:19,1.43,22556,14.8,0007.9
,,,,,20:10:20,1.43,22571,14.7,0008.0
,,,,,20:10:21,1.43,22585,14.9,0008.1
,,,,,20:10:22,1.43,22600,14.8,0008.1
,,,,,20:10:23,1.42,22615,14.7,0007.9
,,,,,20:10:24,1.42,22630,14.8,0007.6
,,,,,20:10:25,1.42,22645,14.9,0008.0
,,,,,20:10:26,1.42,22660,14.7,0008.1
,,,,,20:10:27,1.42,22674,14.8,0008.0
,,,,,20:10:28,1.42,22689,14.9,0007.6
,,,,,20:10:29,1.42,22704,14.7,0007.7
,,,,,20:10:30,1.42,22719,14.8,0007.8
,,,,,20:10:31,1.43,22733,14.8,0008.1
,,,,,20:10:32,1.43,22748,14.8,0007.9
,,,,,20:10:33,1.43,22763,14.8,0007.8
,,,,,20:10:34,1.43,22778,14.8,0008.3
,,,,,20:10:35,1.43,22793,14.7,0008.3
,,,,,20:10:36,1.43,22807,14.9,0008.0
,,,,,20:10:37,1.42,22822,14.8,0007.7
,,,,,20:10:38,1.42,22837,14.7,0007.9
,,,,,20:10:39,1.43,22852,14.9,0007.8
,,,,,20:10:40,1.43,22867,14.8,0007.7
,,,,,20:10:41,1.43,22881,14.7,0007.9
,,,,,20:10:42,1.43,22896,14.8,0008.2
,,,,,20:10:43,1.43,22911,14.8,0008.1
,,,,,20:10:44,1.43,22926,14.8,0007.9
,,,,,20:10:45,1.43,22941,14.8,0007.8
,,,,,20:10:46,1.43,22955,14.7,0007.7
,,,,,20:10:47,1.43,22970,14.9,0008.0
,,,,,20:10:48,1.43,22985,14.8,0007.8
,,,,,20:10:49,1.43,23000,14.7,0007.5
,,,,,20:10:50,1.43,23014,14.9,0007.7
,,,,,20:10:51,1.42,23029,14.8,0007.7
,,,,,20:10:52,1.42,23044,14.7,0007.8
,,,,,20:10:53,1.43,23059,14.8,0007.7
,,,,,20:10:54,1.43,23074,14.9,0007.6
,,,,,20:10:55,1.43,23089,14.7,0007.9
,,,,,20:10:56,1.43,23103,14.8,0007.8
,,,,,20:10:57,1.43,23118,14.9,0007.6
,,,,,20:10:58,1.43,23133,14.7,0007.6
,,,,,20:10:59,1.43,23148,14.8,0007.7
,,,,,20:11:00,1.43,23163,14.8,0008.0
,,,,,20:11:01,1.43,23177,14.8,0007.6
,,,,,20:11:02,1.43,23192,14.8,0007.4
,,,,,20:11:03,1.42,23207,14.8,0007.5
,,,,,20:11:04,1.42,23222,14.7,0007.5
,,,,,20:11:05,1.42,23236,14.8,0007.4
,,,,,20:11:06,1.42,23251,14.9,0007.2
,,,,,20:11:07,1.42,23266,14.7,0007.3
,,,,,20:11:08,1.42,23281,14.8,0007.5
,,,,,20:11:09,1.42,23296,14.7,0007.5
,,,,,20:11:10,1.42,23310,14.9,0007.3
,,,,,20:11:11,1.42,23325,14.8,0007.1
,,,,,20:11:12,1.42,23340,14.7,0007.7
,,,,,20:11:13,1.42,23355,14.9,0007.6
,,,,,20:11:14,1.42,23370,14.8,0007.3
,,,,,20:11:15,1.43,23384,14.7,0007.6
,,,,,20:11:16,1.42,23399,14.8,0007.5
,,,,,20:11:17,1.42,23414,14.9,0007.6
,,,,,20:11:18,1.43,23429,14.7,0007.6
,,,,,20:11:19,1.43,23444,14.8,0007.5
,,,,,20:11:20,1.43,23458,14.8,0007.9
,,,,,20:11:21,1.43,23473,14.8,0007.9
,,,,,20:11:22,1.43,23488,14.8,0007.5
,,,,,20:11:23,1.43,23503,14.9,0007.9
,,,,,20:11:24,1.43,23518,14.7,0007.9
,,,,,20:11:25,1.43,23532,14.8,0007.9
,,,,,20:11:26,1.43,23547,14.7,0007.5
,,,,,20:11:27,1.42,23562,14.9,0007.8
,,,,,20:11:28,1.42,23577,14.8,0008.1
,,,,,20:11:29,1.42,23592,14.7,0007.9
,,,,,20:11:30,1.42,23606,14.8,0007.9
,,,,,20:11:31,1.42,23621,14.9,0007.6
,,,,,20:11:32,1.42,23636,14.7,0007.7
,,,,,20:11:33,1.42,23651,14.8,0008.0
,,,,,20:11:34,1.42,23666,14.8,0007.7
,,,,,20:11:35,1.42,23680,14.8,0007.9
,,,,,20:11:36,1.42,23695,14.8,0007.7
,,,,,20:11:37,1.42,23710,14.8,0007.9
,,,,,20:11:38,1.43,23725,14.7,0007.8
,,,,,20:11:39,1.43,23739,14.9,0007.5
,,,,,20:11:40,1.43,23754,14.8,0007.7
,,,,,20:11:41,1.43,23769,14.7,0007.5
,,,,,20:11:42,1.42,23784,14.9,0007.7
,,,,,20:11:43,1.42,23799,14.8,0007.5
,,,,,20:11:44,1.42,23814,14.7,0007.5
,,,,,20:11:45,1.42,23828,14.9,0008.0
,,,,,20:11:46,1.42,23843,14.7,0008.1
,,,,,20:11:47,1.42,23858,14.8,0007.6
,,,,,20:11:48,1.42,23873,14.8,0007.5
,,,,,20:11:49,1.42,23887,14.8,0007.7
,,,,,20:11:50,1.43,23902,14.8,0007.8
,,,,,20:11:51,1.43,23917,14.8,0007.7
,,,,,20:11:52,1.42,23932,14.7,0007.7
,,,,,20:11:53,1.43,23947,14.9,0008.1
,,,,,20:11:54,1.43,23961,14.8,0008.2
,,,,,20:11:55,1.43,23976,14.7,0008.2
,,,,,20:11:56,1.43,23991,14.8,0007.6
,,,,,20:11:57,1.43,24006,14.9,0007.8
,,,,,20:11:58,1.43,24021,14.7,0008.0
,,,,,20:11:59,1.42,24035,14.8,0007.7
,,,,,20:12:00,1.42,24050,14.8,0008.0
,,,,,20:12:01,1.42,24065,14.8,0008.2
,,,,,20:12:02,1.42,24080,14.8,0008.3
,,,,,20:12:03,1.42,24095,14.7,0008.1
,,,,,20:12:04,1.42,24109,14.8,0008.1
,,,,,20:12:05,1.42,24124,14.9,0008.1
,,,,,20:12:06,1.42,24139,14.7,0008.2
,,,,,20:12:07,1.42,24154,14.8,0008.2
,,,,,20:12:08,1.42,24168,14.8,0008.0
,,,,,20:12:09,1.42,24183,14.8,0008.0
,,,,,20:12:10,1.42,24198,14.8,0008.0
,,,,,20:12:11,1.42,24213,14.8,0008.3
,,,,,20:12:12,1.42,24228,14.7,0007.9
,,,,,20:12:13,1.42,24242,14.9,0007.8
,,,,,20:12:14,1.42,24257,14.8,0008.3
,,,,,20:12:15,1.42,24272,14.7,0008.1
,,,,,20:12:16,1.43,24287,14.8,0008.0
,,,,,20:12:17,1.42,24302,14.9,0007.9
,,,,,20:12:18,1.42,24317,14.7,0008.0
,,,,,20:12:19,1.42,24331,14.8,0008.3
,,,,,20:12:20,1.42,24346,14.9,0008.3
,,,,,20:12:21,1.42,24361,14.7,0007.9
,,,,,20:12:22,1.42,24376,14.8,0007.9
,,,,,20:12:23,1.42,24390,14.8,0008.0
,,,,,20:12:24,1.42,24405,14.8,0007.9
,,,,,20:12:25,1.42,24420,14.8,0007.7
,,,,,20:12:26,1.42,24435,14.7,0007.8
,,,,,20:12:27,1.42,24450,14.9,0007.7
,,,,,20:12:28,1.42,24464,14.8,0008.1
,,,,,20:12:29,1.42,24479,14.7,0007.9
,,,,,20:12:30,1.42,24494,14.8,0007.7
,,,,,20:12:31,1.42,24509,14.9,0008.0
,,,,,20:12:32,1.42,24524,14.7,0008.0
,,,,,20:12:33,1.42,24538,14.8,0007.5
,,,,,20:12:34,1.42,24553,14.8,0007.5
,,,,,20:12:35,1.42,24568,14.8,0007.5
,,,,,20:12:36,1.42,24583,14.8,0007.6
,,,,,20:12:37,1.42,24598,14.7,0007.3
,,,,,20:12:38,1.42,24612,14.8,0007.4
,,,,,20:12:39,1.42,24627,14.9,0007.7
,,,,,20:12:40,1.42,24642,14.7,0007.4
,,,,,20:12:41,1.43,24657,14.8,0007.4
,,,,,20:12:42,1.43,24671,14.8,0007.3
,,,,,20:12:43,1.43,24686,14.8,0007.5
,,,,,20:12:44,1.43,24701,14.8,0007.6
,,,,,20:12:45,1.43,24716,14.8,0007.6
,,,,,20:12:46,1.43,24731,14.7,0007.6
,,,,,20:12:47,1.43,24745,14.9,0007.5
,,,,,20:12:48,1.43,24760,14.8,0007.6
,,,,,20:12:49,1.43,24775,14.7,0008.0
,,,,,20:12:50,1.43,24790,14.9,0007.8
,,,,,20:12:51,1.43,24805,14.8,0007.6
,,,,,20:12:52,1.43,24820,14.7,0007.8
,,,,,20:12:53,1.43,24834,14.8,0007.5
,,,,,20:12:54,1.43,24849,14.8,0007.5
,,,,,20:12:55,1.43,24864,14.8,0007.3
,,,,,20:12:56,1.43,24879,14.8,0007.7
,,,,,20:12:57,1.42,24893,14.7,0008.0
,,,,,20:12:58,1.42,24908,14.8,0008.0
,,,,,20:12:59,1.43,24923,14.9,0008.1
,,,,,20:13:00,1.43,24938,14.7,0007.7
,,,,,20:13:01,1.43,24953,14.8,0008.3
,,,,,20:13:02,1.43,24967,14.8,0007.7
,,,,,20:13:03,1.43,24982,14.8,0007.8
,,,,,20:13:04,1.43,24997,14.8,0008.0
,,,,,20:13:05,1.43,25012,14.8,0007.7
,,,,,20:13:06,1.43,25027,14.7,0007.8
,,,,,20:13:07,1.43,25041,14.9,0007.8
,,,,,20:13:08,1.43,25056,14.7,0007.6
,,,,,20:13:09,1.43,25071,14.8,0008.0
,,,,,20:13:10,1.43,25086,14.8,0008.0
,,,,,20:13:11,1.43,25100,14.8,0008.0
,,,,,20:13:12,1.44,25115,14.8,0008.2
,,,,,20:13:13,1.44,25130,14.8,0008.0
,,,,,20:13:14,1.43,25145,14.7,0008.2
,,,,,20:13:15,1.43,25160,14.9,0007.9
,,,,,20:13:16,1.43,25174,14.8,0007.8
,,,,,20:13:17,1.43,25189,14.7,0007.9
,,,,,20:13:18,1.43,25204,14.8,0008.0
,,,,,20:13:19,1.43,25219,14.9,0007.9
,,,,,20:13:20,1.42,25234,14.7,0007.9
,,,,,20:13:21,1.42,25248,14.8,0008.0
,,,,,20:13:22,1.42,25263,14.8,0007.6
,,,,,20:13:23,1.42,25278,14.7,0008.0
,,,,,20:13:24,1.42,25293,14.9,0008.0
,,,,,20:13:25,1.42,25308,14.7,0008.3
,,,,,20:13:26,1.42,25322,14.8,0007.9
,,,,,20:13:27,1.42,25337,14.8,0008.2
,,,,,20:13:28,1.42,25352,14.8,0008.3
,,,,,20:13:29,1.42,25367,14.8,0008.3
,,,,,20:13:30,1.42,25381,14.8,0008.1
,,,,,20:13:31,1.42,25396,14.7,0008.1
,,,,,20:13:32,1.42,25411,14.9,0008.3
,,,,,20:13:33,1.42,25426,14.8,0008.0
,,,,,20:13:34,1.42,25441,14.7,0008.0
,,,,,20:13:35,1.42,25455,14.8,0007.9
,,,,,20:13:36,1.42,25470,14.8,0007.8
,,,,,20:13:37,1.42,25485,14.8,0008.1
,,,,,20:13:38,1.42,25500,14.8,0008.1
,,,,,20:13:39,1.42,25515,14.7,0008.0
,,,,,20:13:40,1.42,25529,14.8,0008.4
,,,,,20:13:41,1.42,25544,14.9,0008.4
,,,,,20:13:42,1.42,25559,14.7,0008.3
,,,,,20:13:43,1.42,25574,14.8,0008.2
,,,,,20:13:44,1.42,25589,14.8,0007.9
,,,,,20:13:45,1.42,25603,14.7,0008.0
,,,,,20:13:46,1.42,25618,14.9,0008.1
,,,,,20:13:47,1.42,25633,14.8,0008.0
,,,,,20:13:48,1.42,25648,14.7,0008.0
,,,,,20:13:49,1.42,25662,14.8,0008.0
,,,,,20:13:50,1.42,25677,14.8,0008.0
,,,,,20:13:51,1.42,25692,14.8,0008.0
,,,,,20:13:52,1.42,25707,14.8,0007.6
,,,,,20:13:53,1.42,25722,14.7,0007.8
,,,,,20:13:54,1.42,25736,14.8,0007.7
,,,,,20:13:55,1.42,25751,14.9,0008.0
,,,,,20:13:56,1.42,25766,14.7,0008.0
,,,,,20:13:57,1.42,25781,14.8,0007.6
,,,,,20:13:58,1.42,25796,14.8,0007.6
,,,,,20:13:59,1.42,25810,14.8,0007.8
,,,,,20:14:00,1.42,25825,14.8,0007.6
,,,,,20:14:01,1.41,25840,14.7,0007.6
,,,,,20:14:02,1.41,25855,14.8,0007.5
,,,,,20:14:03,1.41,25869,14.8,0007.6
,,,,,20:14:04,1.41,25884,14.8,0007.5
,,,,,20:14:05,1.41,25899,14.8,0007.6
,,,,,20:14:06,1.41,25914,14.8,0007.6
,,,,,20:14:07,1.41,25929,14.7,0007.4
,,,,,20:14:08,1.41,25943,14.9,0007.8
,,,,,20:14:09,1.41,25958,14.8,0007.9
,,,,,20:14:10,1.41,25973,14.7,0007.6
,,,,,20:14:11,1.41,25988,14.8,0007.3
,,,,,20:14:12,1.41,26003,14.7,0007.7
,,,,,20:14:13,1.41,26017,14.9,0008.2
,,,,,20:14:14,1.41,26032,14.8,0007.9
,,,,,20:14:15,1.41,26047,14.7,0007.8
,,,,,20:14:16,1.41,26062,14.8,0007.7
,,,,,20:14:17,1.41,26076,14.9,0007.5
,,,,,20:14:18,1.41,26091,14.7,0007.7
,,,,,20:14:19,1.41,26106,14.8,0007.8
,,,,,20:14:20,1.41,26121,14.9,0008.0
,,,,,20:14:21,1.41,26136,14.7,0008.1
,,,,,20:14:22,1.41,26150,14.8,0008.2
,,,,,20:14:23,1.41,26165,14.7,0008.0
,,,,,20:14:24,1.41,26180,14.8,0007.9
,,,,,20:14:25,1.41,26195,14.9,0008.0
,,,,,20:14:26,1.41,26210,14.7,0008.5
,,,,,20:14:27,1.41,26224,14.8,0008.4
,,,,,20:14:28,1.41,26239,14.8,0007.9
,,,,,20:14:29,1.41,26254,14.7,0007.7
,,,,,20:14:30,1.41,26269,14.9,0008.0
,,,,,20:14:31,1.41,26284,14.7,0008.2
,,,,,20:14:32,1.41,26298,14.8,0008.1
,,,,,20:14:33,1.41,26313,14.8,0007.8
,,,,,20:14:34,1.41,26328,14.7,0007.6
,,,,,20:14:35,1.42,26343,14.9,0008.0
,,,,,20:14:36,1.42,26358,14.8,0008.0
,,,,,20:14:37,1.43,26372,14.7,0007.9
,,,,,20:14:38,1.43,26387,14.8,0007.8
,,,,,20:14:39,1.43,26402,14.9,0008.1
,,,,,20:14:40,1.42,26417,14.7,0008.3
,,,,,20:14:41,1.42,26431,14.8,0007.9
,,,,,20:14:42,1.42,26446,14.9,0007.8
,,,,,20:14:43,1.42,26461,14.7,0007.9
,,,,,20:14:44,1.42,26476,14.8,0008.0
,,,,,20:14:45,1.42,26491,14.7,0007.9
,,,,,20:14:46,1.42,26505,14.8,0008.0
,,,,,20:14:47,1.42,26520,14.9,0007.9
,,,,,20:14:48,1.42,26535,14.7,0008.0
,,,,,20:14:49,1.42,26550,14.8,0008.1
,,,,,20:14:50,1.42,26565,14.9,0008.0
,,,,,20:14:51,1.43,26579,14.7,0007.8
,,,,,20:14:52,1.43,26594,14.8,0007.8
,,,,,20:14:53,1.43,26609,14.8,0008.2
,,,,,20:14:54,1.43,26624,14.8,0007.7
,,,,,20:14:55,1.43,26639,14.8,0007.7
,,,,,20:14:56,1.43,26653,14.8,0007.5
,,,,,20:14:57,1.43,26668,14.8,0007.5
,,,,,20:14:58,1.42,26683,14.8,0007.2
,,,,,20:14:59,1.42,26698,14.8,0007.2
,,,,,20:15:00,1.42,26713,14.8,0007.7
,,,,,20:15:01,1.42,26727,14.8,0007.6
,,,,,20:15:02,1.42,26742,14.8,0007.5
,,,,,20:15:03,1.42,26757,14.8,0007.1
,,,,,20:15:04,1.42,26772,14.8,0007.8
,,,,,20:15:05,1.42,26787,14.9,0007.7
,,,,,20:15:06,1.42,26802,14.7,0007.2
,,,,,20:15:07,1.42,26816,14.8,0007.1
,,,,,20:15:08,1.42,26831,14.9,0007.4
,,,,,20:15:09,1.42,26846,14.7,0007.3
,,,,,20:15:10,1.42,26861,14.9,0007.6
,,,,,20:15:11,1.42,26876,14.7,0007.4
,,,,,20:15:12,1.42,26890,14.8,0007.2
,,,,,20:15:13,1.42,26905,14.9,0007.2
,,,,,20:15:14,1.42,26920,14.7,0007.3
,,,,,20:15:15,1.42,26935,14.8,0007.5
,,,,,20:15:16,1.42,26949,14.9,0007.2
,,,,,20:15:17,1.42,26964,14.7,0007.1
,,,,,20:15:18,1.42,26979,14.9,0007.3
,,,,,20:15:19,1.42,26994,14.8,0007.2
,,,,,20:15:20,1.42,27009,14.8,0007.5
,,,,,20:15:21,1.41,27024,14.8,0007.2
,,,,,20:15:22,1.41,27038,14.8,0007.1
,,,,,20:15:23,1.41,27053,14.8,0006.9
,,,,,20:15:24,1.41,27068,14.8,0007.1
,,,,,20:15:25,1.41,27083,14.9,0007.1
,,,,,20:15:26,1.41,27098,14.7,0007.0
,,,,,20:15:27,1.41,27112,14.8,0007.1
,,,,,20:15:28,1.41,27127,14.9,0006.9
,,,,,20:15:29,1.41,27142,14.7,0007.0
,,,,,20:15:30,1.41,27157,14.8,0007.1
,,,,,20:15:31,1.41,27172,14.9,0007.1
,,,,,20:15:32,1.41,27187,14.7,0007.2
,,,,,20:15:33,1.41,27201,14.9,0007.2
,,,,,20:15:34,1.41,27216,14.8,0007.1
,,,,,20:15:35,1.41,27231,14.7,0007.1
,,,,,20:15:36,1.41,27246,14.9,0007.3
,,,,,20:15:37,1.41,27261,14.8,0007.3
,,,,,20:15:38,1.42,27275,14.8,0007.1
,,,,,20:15:39,1.42,27290,14.8,0007.2
,,,,,20:15:40,1.42,27305,14.8,0007.1
,,,,,20:15:41,1.42,27320,14.8,0007.2
,,,,,20:15:42,1.42,27335,14.8,0007.4
,,,,,20:15:43,1.42,27349,14.9,0007.4
,,,,,20:15:44,1.42,27364,14.8,0007.0
,,,,,20:15:45,1.41,27379,14.7,0006.8
,,,,,20:15:46,1.41,27394,14.9,0007.3
,,,,,20:15:47,1.41,27409,14.8,0007.3
,,,,,20:15:48,1.41,27424,14.8,0007.2
,,,,,20:15:49,1.41,27438,14.8,0007.2
,,,,,20:15:50,1.41,27453,14.8,0007.1
,,,,,20:15:51,1.41,27468,14.8,0007.2
,,,,,20:15:52,1.42,27483,14.8,0007.2
,,,,,20:15:53,1.42,27498,14.9,0007.2
,,,,,20:15:54,1.42,27512,14.7,0007.0
,,,,,20:15:55,1.42,27527,14.8,0006.8
,,,,,20:15:56,1.42,27542,14.9,0007.3
,,,,,20:15:57,1.43,27557,14.7,0007.3
,,,,,20:15:58,1.43,27572,14.9,0007.5
,,,,,20:15:59,1.43,27586,14.8,0007.6
,,,,,20:16:00,1.43,27601,14.7,0007.5
,,,,,20:16:01,1.43,27616,14.9,0007.2
,,,,,20:16:02,1.43,27631,14.8,0007.5
,,,,,20:16:03,1.43,27646,14.7,0007.6
,,,,,20:16:04,1.43,27660,14.9,0007.4
,,,,,20:16:05,1.42,27675,14.7,0007.2
,,,,,20:16:06,1.42,27690,14.8,0007.7
,,,,,20:16:07,1.42,27705,14.8,0007.4
,,,,,20:16:08,1.42,27720,14.8,0007.8
,,,,,20:16:09,1.42,27734,14.8,0007.3
,,,,,20:16:10,1.42,27749,14.8,0007.3
,,,,,20:16:11,1.42,27764,14.8,0007.7
,,,,,20:16:12,1.42,27779,14.8,0007.7
,,,,,20:16:13,1.43,27794,14.8,0007.7
,,,,,20:16:14,1.43,27808,14.7,0007.3
,,,,,20:16:15,1.43,27823,14.9,0007.9
,,,,,20:16:16,1.43,27838,14.8,0007.7
,,,,,20:16:17,1.43,27853,14.7,0007.7
,,,,,20:16:18,1.43,27867,14.8,0007.7
,,,,,20:16:19,1.43,27882,14.9,0007.8
,,,,,20:16:20,1.43,27897,14.7,0007.8
,,,,,20:16:21,1.42,27912,14.8,0007.8
,,,,,20:16:22,1.42,27927,14.8,0007.6
,,,,,20:16:23,1.42,27942,14.8,0007.8
,,,,,20:16:24,1.41,27956,14.8,0007.8
,,,,,20:16:25,1.41,27971,14.8,0008.0
,,,,,20:16:26,1.41,27986,14.7,0007.8
,,,,,20:16:27,1.41,28001,14.9,0007.5
,,,,,20:16:28,1.41,28016,14.8,0008.2
,,,,,20:16:29,1.41,28030,14.7,0008.2
,,,,,20:16:30,1.41,28045,14.9,0007.8
,,,,,20:16:31,1.41,28060,14.7,0007.9
,,,,,20:16:32,1.41,28075,14.8,0007.9
,,,,,20:16:33,1.41,28089,14.8,0008.0
,,,,,20:16:34,1.41,28104,14.8,0008.2
,,,,,20:16:35,1.41,28119,14.8,0007.9
,,,,,20:16:36,1.42,28134,14.8,0008.0
,,,,,20:16:37,1.42,28149,14.7,0008.0
,,,,,20:16:38,1.42,28163,14.8,0008.2
,,,,,20:16:39,1.43,28178,14.9,0007.9
,,,,,20:16:40,1.43,28193,14.7,0007.9
,,,,,20:16:41,1.43,28208,14.8,0008.2
,,,,,20:16:42,1.43,28223,14.8,0007.8
,,,,,20:16:43,1.44,28237,14.8,0007.8
,,,,,20:16:44,1.44,28252,14.8,0007.8
,,,,,20:16:45,1.44,28267,14.7,0007.8
,,,,,20:16:46,1.44,28282,14.8,0008.0
,,,,,20:16:47,1.44,28296,14.9,0008.3
,,,,,20:16:48,1.44,28311,14.7,0008.0
,,,,,20:16:49,1.44,28326,14.8,0007.7
,,,,,20:16:50,1.44,28341,14.8,0008.0
,,,,,20:16:51,1.43,28356,14.7,0008.1
,,,,,20:16:52,1.43,28370,14.9,0008.2
,,,,,20:16:53,1.43,28385,14.8,0007.9
,,,,,20:16:54,1.43,28400,14.7,0007.5
,,,,,20:16:55,1.43,28415,14.8,0008.0
,,,,,20:16:56,1.43,28430,14.8,0007.7
,,,,,20:16:57,1.43,28444,14.8,0008.1
,,,,,20:16:58,1.43,28459,14.8,0007.6
,,,,,20:16:59,1.43,28474,14.8,0007.8
,,,,,20:17:00,1.42,28489,14.7,0008.2
,,,,,20:17:01,1.43,28504,14.8,0008.2
,,,,,20:17:02,1.43,28518,14.8,0007.9
,,,,,20:17:03,1.43,28533,14.8,0008.1
,,,,,20:17:04,1.43,28548,14.8,0008.3
,,,,,20:17:05,1.43,28563,14.8,0008.4
,,,,,20:17:06,1.44,28578,14.8,0008.3
,,,,,20:17:07,1.44,28592,14.8,0007.8
,,,,,20:17:08,1.44,28607,14.7,0008.0
,,,,,20:17:09,1.44,28622,14.8,0008.1
,,,,,20:17:10,1.44,28637,14.8,0008.1
,,,,,20:17:11,1.44,28651,14.8,0008.3
,,,,,20:17:12,1.44,28666,14.8,0008.1
,,,,,20:17:13,1.44,28681,14.8,0008.3
,,,,,20:17:14,1.44,28696,14.7,0008.0
,,,,,20:17:15,1.43,28711,14.8,0008.1
,,,,,20:17:16,1.43,28725,14.8,0007.7
,,,,,20:17:17,1.43,28740,14.8,0007.9
,,,,,20:17:18,1.43,28755,14.8,0007.7
,,,,,20:17:19,1.43,28770,14.7,0007.9
,,,,,20:17:20,1.43,28784,14.8,0008.1
,,,,,20:17:21,1.43,28799,14.9,0007.7
,,,,,20:17:22,1.44,28814,14.7,0007.7
,,,,,20:17:23,1.44,28829,14.8,0007.9
,,,,,20:17:24,1.44,28844,14.8,0007.6
,,,,,20:17:25,1.44,28858,14.7,0008.2
,,,,,20:17:26,1.44,28873,14.8,0007.8
,,,,,20:17:27,1.44,28888,14.7,0007.7
,,,,,20:17:28,1.43,28903,14.9,0008.3
,,,,,20:17:29,1.43,28918,14.8,0007.8
,,,,,20:17:30,1.43,28932,14.7,0008.0
,,,,,20:17:31,1.43,28947,14.8,0007.8
,,,,,20:17:32,1.43,28962,14.7,0007.7
,,,,,20:17:33,1.43,28977,14.8,0008.2
,,,,,20:17:34,1.43,28991,14.8,0008.2
,,,,,20:17:35,1.43,29006,14.8,0008.2
,,,,,20:17:36,1.44,29021,14.8,0008.4
,,,,,20:17:37,1.44,29036,14.8,0008.2
,,,,,20:17:38,1.44,29051,14.7,0008.7
,,,,,20:17:39,1.44,29065,14.8,0008.2
,,,,,20:17:40,1.43,29080,14.8,0008.2
,,,,,20:17:41,1.43,29095,14.8,0008.6
,,,,,20:17:42,1.43,29110,14.8,0007.9
,,,,,20:17:43,1.42,29124,14.7,0008.1
,,,,,20:17:44,1.42,29139,14.8,0008.7
,,,,,20:17:45,1.42,29154,14.8,0008.3
,,,,,20:17:46,1.42,29169,14.7,0007.9
,,,,,20:17:47,1.43,29183,14.9,0007.9
,,,,,20:17:48,1.43,29198,14.7,0007.8
,,,,,20:17:49,1.43,29213,14.8,0008.4
,,,,,20:17:50,1.43,29228,14.8,0008.4
,,,,,20:17:51,1.43,29243,14.7,0008.3
,,,,,20:17:52,1.43,29257,14.8,0007.9
,,,,,20:17:53,1.43,29272,14.8,0008.2
,,,,,20:17:54,1.44,29287,14.8,0008.4
,,,,,20:17:55,1.44,29302,14.8,0008.5
,,,,,20:17:56,1.44,29317,14.7,0008.3
,,,,,20:17:57,1.44,29331,14.8,0008.0
,,,,,20:17:58,1.44,29346,14.9,0008.1
,,,,,20:17:59,1.44,29361,14.6,0008.4
,,,,,20:18:00,1.44,29376,14.8,0008.2
,,,,,20:18:01,1.43,29390,14.8,0008.3
,,,,,20:18:02,1.43,29405,14.8,0008.0
,,,,,20:18:03,1.43,29420,14.8,0007.5
,,,,,20:18:04,1.42,29435,14.7,0007.8
,,,,,20:18:05,1.42,29449,14.8,0008.1
,,,,,20:18:06,1.42,29464,14.8,0008.1
,,,,,20:18:07,1.42,29479,14.8,0007.8
,,,,,20:18:08,1.42,29494,14.8,0007.7
,,,,,20:18:09,1.42,29509,14.7,0007.6
,,,,,20:18:10,1.42,29523,14.8,0007.8
,,,,,20:18:11,1.43,29538,14.8,0008.1
,,,,,20:18:12,1.43,29553,14.7,0008.1
,,,,,20:18:13,1.43,29568,14.8,0008.2
,,,,,20:18:14,1.43,29582,14.8,0008.0
,,,,,20:18:15,1.44,29597,14.8,0008.7
,,,,,20:18:16,1.44,29612,14.8,0007.9
,,,,,20:18:17,1.44,29627,14.7,0008.1
,,,,,20:18:18,1.44,29642,14.8,0008.4
,,,,,20:18:19,1.44,29656,14.8,0008.0
,,,,,20:18:20,1.44,29671,14.8,0008.4
,,,,,20:18:21,1.44,29686,14.8,0008.3
,,,,,20:18:22,1.44,29701,14.7,0008.2
,,,,,20:18:23,1.43,29715,14.8,0008.2
,,,,,20:18:24,1.43,29730,14.7,0008.0
,,,,,20:18:25,1.42,29745,14.8,0008.3
,,,,,20:18:26,1.42,29760,14.8,0008.4
,,,,,20:18:27,1.42,29775,14.7,0008.3
,,,,,20:18:28,1.42,29789,14.9,0008.6
,,,,,20:18:29,1.42,29804,14.8,0008.2
,,,,,20:18:30,1.42,29819,14.7,0008.2
,,,,,20:18:31,1.42,29834,14.8,0008.5
,,,,,20:18:32,1.42,29848,14.7,0008.7
,,,,,20:18:33,1.43,29863,14.8,0008.4
,,,,,20:18:34,1.43,29878,14.8,0008.3
,,,,,20:18:35,1.43,29893,14.7,0008.2
,,,,,20:18:36,1.43,29907,14.9,0008.4
,,,,,20:18:37,1.43,29922,14.7,0008.2
,,,,,20:18:38,1.43,29937,14.8,0008.4
,,,,,20:18:39,1.44,29952,14.8,0008.6
,,,,,20:18:40,1.44,29967,14.7,0008.4
,,,,,20:18:41,1.44,29981,14.8,0008.3
,,,,,20:18:42,1.44,29996,14.7,0008.2
,,,,,20:18:43,1.44,30011,14.8,0008.4
,,,,,20:18:44,1.43,30026,14.9,0008.2
,,,,,20:18:45,1.43,30041,14.7,0008.0
,,,,,20:18:46,1.43,30055,14.8,0007.7
,,,,,20:18:47,1.43,30070,14.8,0007.7
,,,,,20:18:48,1.43,30085,14.7,0007.9
,,,,,20:18:49,1.43,30100,14.8,0007.6
,,,,,20:18:50,1.43,30114,14.7,0007.8
,,,,,20:18:51,1.43,30129,14.8,0007.7
,,,,,20:18:52,1.43,30144,14.8,0007.7
,,,,,20:18:53,1.43,30159,14.7,0008.2
,,,,,20:18:54,1.43,30173,14.9,0008.0
,,,,,20:18:55,1.43,30188,14.7,0008.2
,,,,,20:18:56,1.43,30203,14.8,0008.1
,,,,,20:18:57,1.43,30218,14.8,0007.7
,,,,,20:18:58,1.44,30233,14.7,0008.4
,,,,,20:18:59,1.44,30247,14.8,0008.3
,,,,,20:19:00,1.44,30262,14.7,0008.4
,,,,,20:19:01,1.44,30277,14.9,0008.3
,,,,,20:19:02,1.44,30292,14.8,0008.2
,,,,,20:19:03,1.44,30306,14.7,0008.3
,,,,,20:19:04,1.44,30321,14.8,0008.4
,,,,,20:19:05,1.43,30336,14.7,0008.4
,,,,,20:19:06,1.43,30351,14.8,0008.7
,,,,,20:19:07,1.43,30365,14.8,0008.4
,,,,,20:19:08,1.42,30380,14.7,0008.4
,,,,,20:19:09,1.42,30395,14.8,0008.7
,,,,,20:19:10,1.42,30410,14.8,0008.7
,,,,,20:19:11,1.42,30425,14.8,0008.6
,,,,,20:19:12,1.43,30439,14.8,0008.8
,,,,,20:19:13,1.43,30454,14.7,0008.5
,,,,,20:19:14,1.43,30469,14.8,0008.3
,,,,,20:19:15,1.43,30484,14.7,0008.5
,,,,,20:19:16,1.43,30498,14.8,0008.6
,,,,,20:19:17,1.43,30513,14.8,0008.7
,,,,,20:19:18,1.43,30528,14.7,0008.6
,,,,,20:19:19,1.43,30543,14.9,0007.8
,,,,,20:19:20,1.43,30558,14.8,0008.4
,,,,,20:19:21,1.43,30572,14.7,0008.0
,,,,,20:19:22,1.43,30587,14.8,0008.1
,,,,,20:19:23,1.43,30602,14.7,0008.0
,,,,,20:19:24,1.43,30617,14.8,0007.7
,,,,,20:19:25,1.43,30631,14.8,0008.0
,,,,,20:19:26,1.43,30646,14.7,0007.7
,,,,,20:19:27,1.43,30661,14.8,0008.2
,,,,,20:19:28,1.43,30676,14.7,0008.4
,,,,,20:19:29,1.43,30690,14.9,0008.0
,,,,,20:19:30,1.43,30705,14.8,0007.8
,,,,,20:19:31,1.43,30720,14.7,0008.0
,,,,,20:19:32,1.43,30735,14.8,0008.2
,,,,,20:19:33,1.43,30750,14.7,0008.4
,,,,,20:19:34,1.43,30764,14.8,0008.4
,,,,,20:19:35,1.43,30779,14.8,0008.2
,,,,,20:19:36,1.43,30794,14.7,0008.2
,,,,,20:19:37,1.43,30809,14.8,0008.1
,,,,,20:19:38,1.43,30823,14.7,0008.7
,,,,,20:19:39,1.43,30838,14.8,0008.4
,,,,,20:19:40,1.43,30853,14.8,0008.3
,,,,,20:19:41,1.43,30868,14.9,0008.3
,,,,,20:19:42,1.44,30883,14.7,0007.9
,,,,,20:19:43,1.44,30897,14.8,0008.3
,,,,,20:19:44,1.44,30912,14.7,0008.4
,,,,,20:19:45,1.44,30927,14.8,0008.2
,,,,,20:19:46,1.44,30942,14.7,0008.9
,,,,,20:19:47,1.44,30956,14.8,0008.6
,,,,,20:19:48,1.44,30971,14.8,0008.4
,,,,,20:19:49,1.44,30986,14.7,0008.4
,,,,,20:19:50,1.44,31001,14.8,0008.5
,,,,,20:19:51,1.44,31015,14.7,0008.5
,,,,,20:19:52,1.44,31030,14.9,0008.5
,,,,,20:19:53,1.44,31045,14.8,0008.3
,,,,,20:19:54,1.44,31060,14.7,0008.0
,,,,,20:19:55,1.43,31074,14.8,0008.3
,,,,,20:19:56,1.43,31089,14.7,0008.5
,,,,,20:19:57,1.44,31104,14.8,0008.5
,,,,,20:19:58,1.44,31119,14.8,0008.6
,,,,,20:19:59,1.44,31134,14.7,0008.4
,,,,,20:20:00,1.44,31148,14.8,0008.2
,,,,,20:20:01,1.44,31163,14.7,0008.0
,,,,,20:20:02,1.43,31178,14.8,0008.2
,,,,,20:20:03,1.43,31193,14.8,0008.3
,,,,,20:20:04,1.43,31207,14.7,0008.1
,,,,,20:20:05,1.43,31222,14.8,0008.2
,,,,,20:20:06,1.43,31237,14.7,0008.2
,,,,,20:20:07,1.43,31251,14.8,0007.9
,,,,,20:20:08,1.43,31266,14.7,0008.4
,,,,,20:20:09,1.43,31281,14.9,0008.6
,,,,,20:20:10,1.43,31296,14.8,0008.5
,,,,,20:20:11,1.43,31311,14.7,0009.0
,,,,,20:20:12,1.43,31325,14.8,0008.3
,,,,,20:20:13,1.43,31340,14.7,0008.7
,,,,,20:20:14,1.43,31355,14.8,0008.5
,,,,,20:20:15,1.43,31370,14.8,0008.6
,,,,,20:20:16,1.43,31385,14.7,0008.8
,,,,,20:20:17,1.43,31399,14.8,0008.7
,,,,,20:20:18,1.43,31414,14.7,0008.6
,,,,,20:20:19,1.43,31429,14.8,0008.5
,,,,,20:20:20,1.43,31443,14.7,0008.5
,,,,,20:20:21,1.43,31458,14.8,0008.6
,,,,,20:20:22,1.43,31473,14.8,0008.4
,,,,,20:20:23,1.43,31488,14.7,0008.7
,,,,,20:20:24,1.43,31502,14.8,0008.6
,,,,,20:20:25,1.43,31517,14.7,0008.8
,,,,,20:20:26,1.43,31532,14.8,0008.7
,,,,,20:20:27,1.43,31547,14.8,0008.6
,,,,,20:20:28,1.43,31562,14.7,0008.8
,,,,,20:20:29,1.43,31576,14.8,0008.6
,,,,,20:20:30,1.42,31591,14.7,0008.6
,,,,,20:20:31,1.42,31606,14.8,0008.8
,,,,,20:20:32,1.42,31621,14.7,0008.4
,,,,,20:20:33,1.42,31635,14.8,0008.3
,,,,,20:20:34,1.42,31650,14.8,0008.3
,,,,,20:20:35,1.42,31665,14.7,0008.3
,,,,,20:20:36,1.42,31680,14.8,0008.3
,,,,,20:20:37,1.43,31694,14.7,0008.1
,,,,,20:20:38,1.43,31709,14.8,0008.7
,,,,,20:20:39,1.43,31724,14.8,0008.8
,,,,,20:20:40,1.43,31739,14.7,0008.5
,,,,,20:20:41,1.43,31753,14.8,0008.7
,,,,,20:20:42,1.43,31768,14.7,0008.4
,,,,,20:20:43,1.43,31783,14.8,0008.8
,,,,,20:20:44,1.42,31798,14.7,0009.3
,,,,,20:20:45,1.43,31812,14.8,0008.7
,,,,,20:20:46,1.43,31827,14.8,0008.9
,,,,,20:20:47,1.43,31842,14.7,0008.8
,,,,,20:20:48,1.43,31857,14.8,0008.7
,,,,,20:20:49,1.43,31871,14.7,0008.8
,,,,,20:20:50,1.43,31886,14.8,0008.4
,,,,,20:20:51,1.43,31901,14.8,0008.8
,,,,,20:20:52,1.43,31916,14.7,0008.9
,,,,,20:20:53,1.43,31930,14.8,0008.8
,,,,,20:20:54,1.43,31945,14.7,0008.9
,,,,,20:20:55,1.43,31960,14.8,0009.0
,,,,,20:20:56,1.43,31975,14.7,0008.7
,,,,,20:20:57,1.43,31989,14.8,0008.7
,,,,,20:20:58,1.43,32004,14.8,0008.5
,,,,,20:20:59,1.43,32019,14.7,0008.7
,,,,,20:21:00,1.43,32034,14.8,0008.3
,,,,,20:21:01,1.43,32048,14.7,0008.6
,,,,,20:21:02,1.43,32063,14.8,0008.5
,,,,,20:21:03,1.43,32078,14.7,0008.0
,,,,,20:21:04,1.43,32093,14.8,0008.3
,,,,,20:21:05,1.43,32107,14.8,0008.3
,,,,,20:21:06,1.43,32122,14.7,0008.6
,,,,,20:21:07,1.43,32137,14.8,0008.9
,,,,,20:21:08,1.43,32152,14.7,0008.7
,,,,,20:21:09,1.43,32166,14.8,0009.0
,,,,,20:21:10,1.43,32181,14.8,0009.0
,,,,,20:21:11,1.43,32196,14.7,0008.7
,,,,,20:21:12,1.43,32211,14.8,0008.7
,,,,,20:21:13,1.43,32226,14.7,0009.0
,,,,,20:21:14,1.43,32240,14.8,0009.0
,,,,,20:21:15,1.43,32255,14.7,0008.8
,,,,,20:21:16,1.43,32270,14.8,0008.9
,,,,,20:21:17,1.43,32285,14.8,0008.9
,,,,,20:21:18,1.43,32299,14.7,0008.9
,,,,,20:21:19,1.43,32314,14.8,0008.8
,,,,,20:21:20,1.43,32329,14.7,0008.5
,,,,,20:21:21,1.43,32344,14.8,0008.5
,,,,,20:21:22,1.43,32358,14.8,0008.8
,,,,,20:21:23,1.43,32373,14.7,0009.0
,,,,,20:21:24,1.43,32388,14.8,0008.9
,,,,,20:21:25,1.43,32403,14.7,0008.6
,,,,,20:21:26,1.43,32417,14.8,0008.6
,,,,,20:21:27,1.43,32432,14.7,0008.4
,,,,,20:21:28,1.43,32447,14.8,0008.3
,,,,,20:21:29,1.43,32462,14.8,0008.6
,,,,,20:21:30,1.43,32476,14.7,0008.3
,,,,,20:21:31,1.43,32491,14.8,0008.5
,,,,,20:21:32,1.43,32506,14.6,0008.7
,,,,,20:21:33,1.43,32520,14.8,0008.3
,,,,,20:21:34,1.43,32535,14.8,0008.3
,,,,,20:21:35,1.43,32550,14.7,0008.4
,,,,,20:21:36,1.43,32565,14.8,0008.5
,,,,,20:21:37,1.43,32580,14.7,0008.5
,,,,,20:21:38,1.43,32594,14.8,0008.4
,,,,,20:21:39,1.43,32609,14.7,0008.5
,,,,,20:21:40,1.43,32624,14.8,0009.0
,,,,,20:21:41,1.43,32639,14.8,0008.8
,,,,,20:21:42,1.43,32653,14.7,0009.3
,,,,,20:21:43,1.43,32668,14.8,0008.9
,,,,,20:21:44,1.43,32683,14.7,0009.1
,,,,,20:21:45,1.43,32698,14.8,0009.0
,,,,,20:21:46,1.43,32712,14.7,0008.7
,,,,,20:21:47,1.43,32727,14.8,0008.8
,,,,,20:21:48,1.43,32742,14.8,0009.0
,,,,,20:21:49,1.43,32757,14.7,0008.8
,,,,,20:21:50,1.43,32771,14.8,0008.9
,,,,,20:21:51,1.43,32786,14.7,0008.8
,,,,,20:21:52,1.43,32801,14.8,0008.3
,,,,,20:21:53,1.43,32816,14.7,0008.5
,,,,,20:21:54,1.43,32830,14.8,0008.4
,,,,,20:21:55,1.43,32845,14.8,0008.5
,,,,,20:21:56,1.43,32860,14.7,0008.2
,,,,,20:21:57,1.43,32875,14.8,0008.2
,,,,,20:21:58,1.43,32889,14.7,0008.8
,,,,,20:21:59,1.43,32904,14.8,0008.4
,,,,,20:22:00,1.43,32919,14.7,0008.2
,,,,,20:22:01,1.43,32934,14.8,0008.3
,,,,,20:22:02,1.43,32948,14.7,0008.8
,,,,,20:22:03,1.43,32963,14.8,0008.7
,,,,,20:22:04,1.43,32978,14.7,0008.8
,,,,,20:22:05,1.43,32993,14.7,0009.0
,,,,,20:22:06,1.43,33007,14.8,0008.7
,,,,,20:22:07,1.43,33022,14.7,0008.9
,,,,,20:22:08,1.43,33037,14.8,0008.5
,,,,,20:22:09,1.43,33052,14.8,0008.5
,,,,,20:22:10,1.43,33066,14.7,0008.9
,,,,,20:22:11,1.43,33081,14.8,0008.6
,,,,,20:22:12,1.43,33096,14.7,0009.0
,,,,,20:22:13,1.43,33111,14.8,0008.9
,,,,,20:22:14,1.43,33125,14.7,0009.1
,,,,,20:22:15,1.43,33140,14.8,0009.1
,,,,,20:22:16,1.43,33155,14.8,0008.6
,,,,,20:22:17,1.43,33170,14.7,0008.9
,,,,,20:22:18,1.43,33184,14.8,0008.6
,,,,,20:22:19,1.43,33199,14.7,0008.5
,,,,,20:22:20,1.43,33214,14.8,0008.8
,,,,,20:22:21,1.43,33229,14.7,0008.5
,,,,,20:22:22,1.43,33243,14.8,0008.9
,,,,,20:22:23,1.43,33258,14.7,0008.7
,,,,,20:22:24,1.43,33273,14.8,0008.2
,,,,,20:22:25,1.43,33288,14.8,0008.3
,,,,,20:22:26,1.43,33303,14.6,0008.1
,,,,,20:22:27,1.43,33317,14.8,0008.4
,,,,,20:22:28,1.43,33332,14.7,0009.0
,,,,,20:22:29,1.43,33347,14.8,0008.5
,,,,,20:22:30,1.43,33361,14.8,0009.3
,,,,,20:22:31,1.43,33376,14.8,0008.6
,,,,,20:22:32,1.43,33391,14.7,0008.7
,,,,,20:22:33,1.43,33406,14.7,0009.1
,,,,,20:22:34,1.43,33420,14.8,0008.5
,,,,,20:22:35,1.43,33435,14.7,0008.7
,,,,,20:22:36,1.43,33450,14.9,0009.0
,,,,,20:22:37,1.43,33465,14.7,0008.7
,,,,,20:22:38,1.44,33479,14.7,0008.9
,,,,,20:22:39,1.44,33494,14.8,0009.1
,,,,,20:22:40,1.44,33509,14.7,0008.7
,,,,,20:22:41,1.44,33524,14.8,0008.8
,,,,,20:22:42,1.44,33538,14.7,0008.6
,,,,,20:22:43,1.44,33553,14.8,0008.6
,,,,,20:22:44,1.44,33568,14.7,0008.9
,,,,,20:22:45,1.44,33583,14.8,0008.6
,,,,,20:22:46,1.44,33597,14.8,0008.4
,,,,,20:22:47,1.44,33612,14.7,0008.2
,,,,,20:22:48,1.44,33627,14.9,0008.1
,,,,,20:22:49,1.43,33642,14.6,0008.3
,,,,,20:22:50,1.43,33656,14.8,0008.5
,,,,,20:22:51,1.43,33671,14.7,0008.5
,,,,,20:22:52,1.42,33686,14.8,0008.6
,,,,,20:22:53,1.42,33701,14.8,0008.9
,,,,,20:22:54,1.43,33716,14.7,0008.9
,,,,,20:22:55,1.43,33730,14.8,0008.9
,,,,,20:22:56,1.43,33745,14.7,0008.7
,,,,,20:22:57,1.43,33760,14.8,0008.7
,,,,,20:22:58,1.43,33775,14.7,0008.9
,,,,,20:22:59,1.43,33789,14.8,0009.2
,,,,,20:23:00,1.43,33804,14.8,0009.0
,,,,,20:23:01,1.43,33819,14.7,0009.0
,,,,,20:23:02,1.43,33834,14.8,0009.0
,,,,,20:23:03,1.43,33848,14.7,0008.8
,,,,,20:23:04,1.43,33863,14.8,0008.5
,,,,,20:23:05,1.43,33878,14.7,0008.6
,,,,,20:23:06,1.43,33893,14.8,0008.8
,,,,,20:23:07,1.43,33907,14.8,0009.0
,,,,,20:23:08,1.43,33922,14.7,0008.9
,,,,,20:23:09,1.43,33937,14.8,0008.4
,,,,,20:23:10,1.43,33952,14.7,0008.6
,,,,,20:23:11,1.43,33966,14.8,0008.4
,,,,,20:23:12,1.43,33981,14.7,0008.3
,,,,,20:23:13,1.43,33996,14.8,0008.6
,,,,,20:23:14,1.43,34011,14.8,0008.3
,,,,,20:23:15,1.43,34025,14.7,0008.5
,,,,,20:23:16,1.43,34040,14.8,0008.7
,,,,,20:23:17,1.43,34055,14.7,0008.5
,,,,,20:23:18,1.43,34070,14.8,0008.7
,,,,,20:23:19,1.43,34084,14.7,0008.7
,,,,,20:23:20,1.43,34099,14.8,0008.8
,,,,,20:23:21,1.43,34114,14.7,0008.9
,,,,,20:23:22,1.43,34129,14.8,0008.7
,,,,,20:23:23,1.43,34143,14.8,0009.0
,,,,,20:23:24,1.43,34158,14.7,0009.3
,,,,,20:23:25,1.43,34173,14.8,0008.6
,,,,,20:23:26,1.43,34188,14.7,0008.9
,,,,,20:23:27,1.43,34202,14.8,0008.7
,,,,,20:23:28,1.43,34217,14.7,0008.8
,,,,,20:23:29,1.43,34232,14.8,0008.9
,,,,,20:23:30,1.43,34247,14.8,0009.0
,,,,,20:23:31,1.43,34262,14.7,0009.2
,,,,,20:23:32,1.43,34276,14.8,0008.9
,,,,,20:23:33,1.43,34291,14.7,0008.8
,,,,,20:23:34,1.43,34306,14.8,0008.5
,,,,,20:23:35,1.43,34321,14.7,0008.2
,,,,,20:23:36,1.43,34335,14.8,0008.3
,,,,,20:23:37,1.43,34350,14.7,0008.6
,,,,,20:23:38,1.43,34365,14.8,0008.7
,,,,,20:23:39,1.43,34379,14.7,0008.8
,,,,,20:23:40,1.43,34394,14.8,0009.1
,,,,,20:23:41,1.43,34409,14.8,0008.8
,,,,,20:23:42,1.43,34424,14.6,0008.4
,,,,,20:23:43,1.43,34438,14.8,0009.0
,,,,,20:23:44,1.43,34453,14.7,0008.4
,,,,,20:23:45,1.43,34468,14.8,0008.5
,,,,,20:23:46,1.43,34483,14.8,0008.9
,,,,,20:23:47,1.43,34497,14.7,0009.0
,,,,,20:23:48,1.43,34512,14.8,0009.0
,,,,,20:23:49,1.43,34527,14.7,0008.9
,,,,,20:23:50,1.43,34542,14.8,0008.9
,,,,,20:23:51,1.43,34556,14.7,0008.7
,,,,,20:23:52,1.43,34571,14.8,0008.8
,,,,,20:23:53,1.43,34586,14.7,0008.9
,,,,,20:23:54,1.43,34601,14.8,0008.9
,,,,,20:23:55,1.43,34615,14.7,0008.8
,,,,,20:23:56,1.43,34630,14.8,0008.5
,,,,,20:23:57,1.43,34645,14.8,0008.4
,,,,,20:23:58,1.43,34660,14.7,0008.8
,,,,,20:23:59,1.43,34674,14.7,0009.0
,,,,,20:24:00,1.43,34689,14.7,0008.8
,,,,,20:24:01,1.43,34704,14.8,0008.9
,,,,,20:24:02,1.43,34719,14.7,0008.8
,,,,,20:24:03,1.43,34733,14.8,0009.0
,,,,,20:24:04,1.43,34748,14.7,0009.4
,,,,,20:24:05,1.43,34763,14.8,0009.0
,,,,,20:24:06,1.43,34778,14.7,0009.3
,,,,,20:24:07,1.43,34792,14.8,0009.3
,,,,,20:24:08,1.43,34807,14.8,0009.1
,,,,,20:24:09,1.43,34822,14.7,0009.2
,,,,,20:24:10,1.43,34837,14.7,0009.2
,,,,,20:24:11,1.43,34851,14.8,0008.9
,,,,,20:24:12,1.43,34866,14.7,0008.9
,,,,,20:24:13,1.43,34881,14.7,0008.9
,,,,,20:24:14,1.43,34895,14.8,0009.0
,,,,,20:24:15,1.43,34910,14.7,0009.3
,,,,,20:24:16,1.43,34925,14.8,0009.1
,,,,,20:24:17,1.43,34940,14.8,0009.1
,,,,,20:24:18,1.43,34955,14.7,0009.2
,,,,,20:24:19,1.42,34969,14.8,0008.8
,,,,,20:24:20,1.42,34984,14.7,0008.4
,,,,,20:24:21,1.42,34999,14.8,0008.7
,,,,,20:24:22,1.42,35014,14.7,0008.8
,,,,,20:24:23,1.42,35028,14.8,0008.9
,,,,,20:24:24,1.42,35043,14.7,0009.2
,,,,,20:24:25,1.42,35058,14.8,0009.0
,,,,,20:24:26,1.42,35073,14.6,0009.2
,,,,,20:24:27,1.42,35087,14.8,0009.2
,,,,,20:24:28,1.42,35102,14.8,0009.0
,,,,,20:24:29,1.42,35117,14.7,0009.1
,,,,,20:24:30,1.42,35131,14.8,0009.0
,,,,,20:24:31,1.43,35146,14.7,0009.2
,,,,,20:24:32,1.43,35161,14.8,0009.1
,,,,,20:24:33,1.43,35176,14.7,0009.1
,,,,,20:24:34,1.43,35190,14.8,0008.8
,,,,,20:24:35,1.43,35205,14.7,0008.7
,,,,,20:24:36,1.43,35220,14.8,0008.9
,,,,,20:24:37,1.43,35235,14.7,0008.8
,,,,,20:24:38,1.43,35249,14.8,0008.4
,,,,,20:24:39,1.43,35264,14.8,0008.9
,,,,,20:24:40,1.43,35279,14.7,0008.6
,,,,,20:24:41,1.43,35294,14.8,0008.8
,,,,,20:24:42,1.43,35309,14.7,0008.7
,,,,,20:24:43,1.43,35323,14.8,0008.7
,,,,,20:24:44,1.43,35338,14.7,0008.9
,,,,,20:24:45,1.43,35353,14.8,0008.7
,,,,,20:24:46,1.43,35368,14.7,0008.5
,,,,,20:24:47,1.43,35382,14.8,0008.8
,,,,,20:24:48,1.43,35397,14.8,0009.3
,,,,,20:24:49,1.43,35412,14.7,0009.3
,,,,,20:24:50,1.43,35427,14.7,0009.1
,,,,,20:24:51,1.43,35441,14.8,0009.3
,,,,,20:24:52,1.43,35456,14.7,0009.2
,,,,,20:24:53,1.43,35471,14.7,0009.4
,,,,,20:24:54,1.43,35485,14.8,0009.1
,,,,,20:24:55,1.43,35500,14.7,0008.7
,,,,,20:24:56,1.43,35515,14.8,0008.9
,,,,,20:24:57,1.43,35530,14.7,0008.9
,,,,,20:24:58,1.43,35544,14.8,0009.0
,,,,,20:24:59,1.43,35559,14.8,0009.1
,,,,,20:25:00,1.43,35574,14.7,0008.9
,,,,,20:25:01,1.43,35589,14.8,0009.3
,,,,,20:25:02,1.43,35603,14.7,0008.7
,,,,,20:25:03,1.43,35618,14.8,0008.3
,,,,,20:25:04,1.43,35633,14.7,0008.7
,,,,,20:25:05,1.43,35648,14.8,0008.7
,,,,,20:25:06,1.43,35662,14.7,0009.1
,,,,,20:25:07,1.43,35677,14.8,0009.2
,,,,,20:25:08,1.43,35692,14.7,0009.1
,,,,,20:25:09,1.43,35707,14.8,0009.2
,,,,,20:25:10,1.43,35721,14.7,0009.2
,,,,,20:25:11,1.43,35736,14.8,0009.1
,,,,,20:25:12,1.43,35751,14.8,0009.0
,,,,,20:25:13,1.43,35766,14.7,0008.7
,,,,,20:25:14,1.43,35780,14.8,0009.0
,,,,,20:25:15,1.43,35795,14.6,0009.2
,,,,,20:25:16,1.43,35810,14.8,0009.2
,,,,,20:25:17,1.43,35825,14.7,0009.2
,,,,,20:25:18,1.44,35839,14.8,0009.2
,,,,,20:25:19,1.44,35854,14.7,0009.0
,,,,,20:25:20,1.44,35869,14.8,0009.0
,,,,,20:25:21,1.44,35884,14.7,0008.7
,,,,,20:25:22,1.44,35898,14.8,0008.7
,,,,,20:25:23,1.44,35913,14.7,0008.7
,,,,,20:25:24,1.44,35928,14.8,0008.8
,,,,,20:25:25,1.44,35943,14.7,0009.2
,,,,,20:25:26,1.44,35957,14.8,0008.9
,,,,,20:25:27,1.44,35972,14.8,0009.0
,,,,,20:25:28,1.44,35987,14.7,0008.7
,,,,,20:25:29,1.44,36002,14.8,0008.9
,,,,,20:25:30,1.44,36016,14.7,0009.2
,,,,,20:25:31,1.44,36031,14.8,0008.8
,,,,,20:25:32,1.44,36046,14.6,0009.2
,,,,,20:25:33,1.43,36060,14.8,0009.2
,,,,,20:25:34,1.43,36075,14.7,0009.3
,,,,,20:25:35,1.43,36090,14.8,0009.3
,,,,,20:25:36,1.43,36105,14.7,0009.3
,,,,,20:25:37,1.43,36119,14.8,0009.0
,,,,,20:25:38,1.43,36134,14.7,0009.0
,,,,,20:25:39,1.43,36149,14.8,0009.1
,,,,,20:25:40,1.43,36164,14.8,0008.6
,,,,,20:25:41,1.43,36179,14.7,0008.5
,,,,,20:25:42,1.43,36193,14.8,0008.7
,,,,,20:25:43,1.43,36208,14.7,0008.8
,,,,,20:25:44,1.43,36223,14.8,0009.2
,,,,,20:25:45,1.43,36238,14.7,0009.2
,,,,,20:25:46,1.43,36252,14.8,0009.0
,,,,,20:25:47,1.43,36267,14.7,0009.0
,,,,,20:25:48,1.43,36282,14.8,0008.9
,,,,,20:25:49,1.43,36297,14.7,0009.3
,,,,,20:25:50,1.44,36311,14.8,0009.4
,,,,,20:25:51,1.44,36326,14.8,0009.2
,,,,,20:25:52,1.44,36341,14.7,0009.3
,,,,,20:25:53,1.44,36356,14.8,0009.3
,,,,,20:25:54,1.44,36370,14.7,0009.3
,,,,,20:25:55,1.44,36385,14.7,0009.1
,,,,,20:25:56,1.44,36400,14.7,0008.9
,,,,,20:25:57,1.44,36414,14.8,0008.6
,,,,,20:25:58,1.44,36429,14.7,0008.5
,,,,,20:25:59,1.44,36444,14.8,0008.7
,,,,,20:26:00,1.44,36459,14.7,0008.7
,,,,,20:26:01,1.44,36473,14.9,0008.7
,,,,,20:26:02,1.44,36488,14.6,0008.8
,,,,,20:26:03,1.44,36503,14.8,0009.0
,,,,,20:26:04,1.43,36518,14.8,0008.9
,,,,,20:26:05,1.43,36533,14.8,0009.1
,,,,,20:26:06,1.43,36547,14.8,0008.7
,,,,,20:26:07,1.42,36562,14.6,0009.1
,,,,,20:26:08,1.42,36577,14.8,0009.6
,,,,,20:26:09,1.42,36591,14.7,0009.0
,,,,,20:26:10,1.42,36606,14.8,0009.2
,,,,,20:26:11,1.42,36621,14.7,0009.4
,,,,,20:26:12,1.42,36636,14.8,0008.9
,,,,,20:26:13,1.42,36650,14.7,0009.0
,,,,,20:26:14,1.42,36665,14.8,0009.0
,,,,,20:26:15,1.43,36680,14.7,0008.9
,,,,,20:26:16,1.43,36695,14.8,0009.0
,,,,,20:26:17,1.43,36709,14.8,0009.0
,,,,,20:26:18,1.43,36724,14.7,0008.9
,,,,,20:26:19,1.43,36739,14.8,0008.7
,,,,,20:26:20,1.43,36754,14.7,0008.7
,,,,,20:26:21,1.43,36768,14.8,0008.7
,,,,,20:26:22,1.43,36783,14.7,0008.9
,,,,,20:26:23,1.43,36798,14.8,0008.8
,,,,,20:26:24,1.43,36813,14.7,0009.2
,,,,,20:26:25,1.43,36827,14.8,0009.3
,,,,,20:26:26,1.43,36842,14.7,0008.9
,,,,,20:26:27,1.43,36857,14.8,0009.0
,,,,,20:26:28,1.44,36872,14.7,0009.0
,,,,,20:26:29,1.44,36886,14.8,0009.3
,,,,,20:26:30,1.44,36901,14.8,0009.2
,,,,,20:26:31,1.43,36916,14.7,0009.0
,,,,,20:26:32,1.43,36931,14.8,0009.4
,,,,,20:26:33,1.43,36946,14.7,0009.4
,,,,,20:26:34,1.43,36960,14.8,0009.5
,,,,,20:26:35,1.43,36975,14.7,0009.3
,,,,,20:26:36,1.43,36990,14.8,0009.0
,,,,,20:26:37,1.43,37005,14.6,0009.0
,,,,,20:26:38,1.43,37019,14.8,0008.4
,,,,,20:26:39,1.43,37034,14.7,0008.5
,,,,,20:26:40,1.43,37049,14.8,0008.9
,,,,,20:26:41,1.43,37063,14.8,0008.9
,,,,,20:26:42,1.43,37078,14.7,0009.0
,,,,,20:26:43,1.43,37093,14.8,0008.7
,,,,,20:26:44,1.43,37108,14.7,0009.2
,,,,,20:26:45,1.43,37122,14.8,0009.0
,,,,,20:26:46,1.43,37137,14.7,0008.9
,,,,,20:26:47,1.43,37152,14.8,0008.9
,,,,,20:26:48,1.43,37167,14.7,0008.9
,,,,,20:26:49,1.43,37181,14.8,0008.8
,,,,,20:26:50,1.44,37196,14.6,0009.0
,,,,,20:26:51,1.44,37211,14.8,0009.2
,,,,,20:26:52,1.44,37226,14.8,0008.9
,,,,,20:26:53,1.44,37240,14.7,0009.0
,,,,,20:26:54,1.44,37255,14.8,0009.3
,,,,,20:26:55,1.44,37270,14.7,0009.0
,,,,,20:26:56,1.43,37285,14.8,0009.3
,,,,,20:26:57,1.43,37299,14.7,0008.8
,,,,,20:26:58,1.43,37314,14.8,0008.8
,,,,,20:26:59,1.44,37329,14.7,0008.8
,,,,,20:27:00,1.44,37344,14.7,0008.7
,,,,,20:27:01,1.44,37358,14.7,0008.5
,,,,,20:27:02,1.44,37373,14.8,0009.0
,,,,,20:27:03,1.44,37388,14.7,0009.2
,,,,,20:27:04,1.44,37402,14.8,0008.9
,,,,,20:27:05,1.44,37417,14.8,0009.2
,,,,,20:27:06,1.44,37432,14.7,0009.2
,,,,,20:27:07,1.44,37447,14.8,0009.1
,,,,,20:27:08,1.44,37462,14.7,0009.5
,,,,,20:27:09,1.44,37476,14.8,0008.9
,,,,,20:27:10,1.43,37491,14.6,0008.9
,,,,,20:27:11,1.43,37506,14.9,0009.0
,,,,,20:27:12,1.43,37521,14.6,0009.1
,,,,,20:27:13,1.43,37535,14.8,0009.3
,,,,,20:27:14,1.42,37550,14.7,0009.3
,,,,,20:27:15,1.42,37565,14.8,0008.7
,,,,,20:27:16,1.41,37579,14.7,0008.8
,,,,,20:27:17,1.41,37594,14.8,0008.8
,,,,,20:27:18,1.41,37609,14.7,0008.9
,,,,,20:27:19,1.41,37624,14.8,0008.7
,,,,,20:27:20,1.42,37638,14.8,0008.8
,,,,,20:27:21,1.42,37653,14.6,0008.6
,,,,,20:27:22,1.42,37668,14.8,0009.0
,,,,,20:27:23,1.42,37683,14.7,0009.4
,,,,,20:27:24,1.42,37697,14.8,0009.0
,,,,,20:27:25,1.42,37712,14.7,0009.7
,,,,,20:27:26,1.42,37727,14.8,0009.3
,,,,,20:27:27,1.42,37742,14.7,0009.1
,,,,,20:27:28,1.42,37756,14.8,0009.3
,,,,,20:27:29,1.42,37771,14.7,0009.0
,,,,,20:27:30,1.43,37786,14.8,0009.2
,,,,,20:27:31,1.43,37801,14.7,0009.2
,,,,,20:27:32,1.43,37815,14.7,0009.0
,,,,,20:27:33,1.43,37830,14.8,0009.3
,,,,,20:27:34,1.43,37845,14.7,0009.7
,,,,,20:27:35,1.43,37859,14.8,0009.2
,,,,,20:27:36,1.43,37874,14.7,0009.0
,,,,,20:27:37,1.43,37889,14.8,0009.1
,,,,,20:27:38,1.43,37904,14.7,0008.6
,,,,,20:27:39,1.43,37918,14.8,0008.4
,,,,,20:27:40,1.43,37933,14.7,0008.6
,,,,,20:27:41,1.43,37948,14.8,0008.8
,,,,,20:27:42,1.43,37963,14.7,0009.0
,,,,,20:27:43,1.43,37977,14.8,0009.2
,,,,,20:27:44,1.43,37992,14.8,0009.3
,,,,,20:27:45,1.43,38007,14.6,0009.5
,,,,,20:27:46,1.44,38022,14.8,0008.9
,,,,,20:27:47,1.44,38036,14.7,0008.9
,,,,,20:27:48,1.44,38051,14.8,0009.2
,,,,,20:27:49,1.44,38066,14.7,0008.7
,,,,,20:27:50,1.44,38081,14.8,0008.7
,,,,,20:27:51,1.44,38095,14.7,0009.0
,,,,,20:27:52,1.44,38110,14.8,0009.1
,,,,,20:27:53,1.44,38125,14.7,0008.9
,,,,,20:27:54,1.44,38140,14.8,0008.8
,,,,,20:27:55,1.44,38154,14.8,0009.1
,,,,,20:27:56,1.44,38169,14.7,0008.6
,,,,,20:27:57,1.44,38184,14.8,0008.9
,,,,,20:27:58,1.44,38199,14.7,0008.7
,,,,,20:27:59,1.44,38213,14.8,0008.5
,,,,,20:28:00,1.44,38228,14.6,0008.6
,,,,,20:28:01,1.44,38243,14.8,0009.1
,,,,,20:28:02,1.44,38258,14.7,0008.8
,,,,,20:28:03,1.44,38272,14.8,0009.2
,,,,,20:28:04,1.44,38287,14.7,0008.9
,,,,,20:28:05,1.43,38302,14.8,0008.7
,,,,,20:28:06,1.43,38317,14.7,0009.1
,,,,,20:28:07,1.43,38331,14.8,0008.9
,,,,,20:28:08,1.42,38346,14.8,0009.2
,,,,,20:28:09,1.42,38361,14.7,0009.0
,,,,,20:28:10,1.42,38376,14.8,0008.9
,,,,,20:28:11,1.42,38390,14.7,0009.2
,,,,,20:28:12,1.42,38405,14.8,0009.2
,,,,,20:28:13,1.42,38420,14.6,0009.1
,,,,,20:28:14,1.42,38434,14.8,0009.3
,,,,,20:28:15,1.42,38449,14.7,0008.9
,,,,,20:28:16,1.42,38464,14.8,0008.6
,,,,,20:28:17,1.42,38479,14.8,0008.6
,,,,,20:28:18,1.42,38494,14.7,0008.8
,,,,,20:28:19,1.42,38508,14.8,0008.7
,,,,,20:28:20,1.42,38523,14.7,0008.7
,,,,,20:28:21,1.42,38538,14.8,0008.8
,,,,,20:28:22,1.42,38553,14.7,0009.0
,,,,,20:28:23,1.43,38567,14.8,0009.3
,,,,,20:28:24,1.43,38582,14.7,0009.2
,,,,,20:28:25,1.43,38597,14.8,0008.8
,,,,,20:28:26,1.43,38612,14.7,0008.9
,,,,,20:28:27,1.43,38626,14.7,0008.8
,,,,,20:28:28,1.43,38641,14.9,0009.0
,,,,,20:28:29,1.43,38656,14.7,0009.4
,,,,,20:28:30,1.43,38670,14.8,0009.3
,,,,,20:28:31,1.43,38685,14.7,0009.2
,,,,,20:28:32,1.43,38700,14.7,0009.4
,,,,,20:28:33,1.43,38715,14.7,0008.9
,,,,,20:28:34,1.43,38729,14.8,0009.2
,,,,,20:28:35,1.43,38744,14.7,0008.6
,,,,,20:28:36,1.43,38759,14.8,0008.7
,,,,,20:28:37,1.43,38774,14.8,0008.8
,,,,,20:28:38,1.43,38788,14.7,0009.1
,,,,,20:28:39,1.43,38803,14.8,0008.6
,,,,,20:28:40,1.43,38818,14.7,0008.5
,,,,,20:28:41,1.43,38833,14.8,0008.8
,,,,,20:28:42,1.43,38847,14.7,0008.8
,,,,,20:28:43,1.43,38862,14.8,0008.6
,,,,,20:28:44,1.43,38877,14.7,0008.3
,,,,,20:28:45,1.43,38892,14.8,0008.7
,,,,,20:28:46,1.43,38906,14.8,0009.2
,,,,,20:28:47,1.43,38921,14.7,0009.3
,,,,,20:28:48,1.43,38936,14.8,0009.0
,,,,,20:28:49,1.43,38951,14.6,0009.4
,,,,,20:28:50,1.43,38965,14.8,0009.5
,,,,,20:28:51,1.43,38980,14.7,0008.9
,,,,,20:28:52,1.43,38995,14.8,0009.0
,,,,,20:28:53,1.43,39010,14.7,0008.8
,,,,,20:28:54,1.43,39024,14.8,0009.2
,,,,,20:28:55,1.43,39039,14.7,0009.0
,,,,,20:28:56,1.43,39054,14.8,0009.3
,,,,,20:28:57,1.43,39069,14.8,0009.3
,,,,,20:28:58,1.43,39083,14.7,0009.4
,,,,,20:28:59,1.43,39098,14.8,0008.9
,,,,,20:29:00,1.43,39113,14.6,0008.6
,,,,,20:29:01,1.43,39127,14.9,0008.7
,,,,,20:29:02,1.43,39142,14.6,0008.8
,,,,,20:29:03,1.43,39157,14.8,0008.8
,,,,,20:29:04,1.43,39172,14.7,0009.0
,,,,,20:29:05,1.43,39186,14.8,0008.7
,,,,,20:29:06,1.43,39201,14.7,0009.3
,,,,,20:29:07,1.43,39216,14.8,0009.1
,,,,,20:29:08,1.43,39231,14.7,0008.9
,,,,,20:29:09,1.43,39245,14.8,0009.5
,,,,,20:29:10,1.43,39260,14.8,0009.2
,,,,,20:29:11,1.43,39275,14.7,0008.8
,,,,,20:29:12,1.43,39290,14.8,0009.3
,,,,,20:29:13,1.44,39305,14.7,0009.1
,,,,,20:29:14,1.44,39319,14.8,0009.0
,,,,,20:29:15,1.44,39334,14.7,0009.3
,,,,,20:29:16,1.44,39349,14.7,0009.2
,,,,,20:29:17,1.44,39363,14.7,0009.4
,,,,,20:29:18,1.44,39378,14.8,0009.3
,,,,,20:29:19,1.44,39393,14.7,0009.2
,,,,,20:29:20,1.44,39408,14.8,0008.7
,,,,,20:29:21,1.44,39422,14.8,0008.4
,,,,,20:29:22,1.44,39437,14.7,0008.2
,,,,,20:29:23,1.44,39452,14.8,0008.5
,,,,,20:29:24,1.44,39467,14.7,0009.0
,,,,,20:29:25,1.44,39481,14.8,0008.8
,,,,,20:29:26,1.44,39496,14.7,0008.9
,,,,,20:29:27,1.44,39511,14.7,0009.0
,,,,,20:29:28,1.44,39526,14.7,0009.0
,,,,,20:29:29,1.44,39540,14.8,0009.1
,,,,,20:29:30,1.44,39555,14.7,0008.9
,,,,,20:29:31,1.44,39570,14.8,0009.2
,,,,,20:29:32,1.44,39585,14.7,0009.2
,,,,,20:29:33,1.44,39599,14.8,0008.8
,,,,,20:29:34,1.44,39614,14.7,0009.0
,,,,,20:29:35,1.44,39629,14.8,0009.3
,,,,,20:29:36,1.44,39644,14.8,0008.9
,,,,,20:29:37,1.44,39658,14.7,0009.0
,,,,,20:29:38,1.44,39673,14.8,0009.0
,,,,,20:29:39,1.44,39688,14.6,0009.3
,,,,,20:29:40,1.44,39702,14.8,0009.2
,,,,,20:29:41,1.44,39717,14.7,0008.8
,,,,,20:29:42,1.44,39732,14.8,0008.8
,,,,,20:29:43,1.44,39747,14.7,0008.8
,,,,,20:29:44,1.44,39761,14.8,0008.9
,,,,,20:29:45,1.44,39776,14.8,0008.9
,,,,,20:29:46,1.44,39791,14.7,0008.8
,,,,,20:29:47,1.44,39806,14.8,0009.2
,,,,,20:29:48,1.44,39821,14.6,0009.4
,,,,,20:29:49,1.44,39835,14.8,0008.9
,,,,,20:29:50,1.44,39850,14.7,0009.4
,,,,,20:29:51,1.44,39865,14.8,0008.9
,,,,,20:29:52,1.44,39879,14.7,0009.2
,,,,,20:29:53,1.44,39894,14.8,0008.9
,,,,,20:29:54,1.44,39909,14.7,0008.9
,,,,,20:29:55,1.44,39924,14.8,0009.2
,,,,,20:29:56,1.44,39938,14.7,0009.1
,,,,,20:29:57,1.44,39953,14.8,0009.6
,,,,,20:29:58,1.44,39968,14.8,0009.3
,,,,,20:29:59,1.44,39983,14.6,0009.2
,,,,,20:30:00,1.44,39997,14.8,0008.8
,,,,,20:30:01,1.44,40012,14.7,0008.7
,,,,,20:30:02,1.44,40027,14.8,0008.9
,,,,,20:30:03,1.44,40042,14.7,0008.4
,,,,,20:30:04,1.44,40056,14.8,0008.7
,,,,,20:30:05,1.44,40071,14.7,0008.7
,,,,,20:30:06,1.44,40086,14.8,0008.8
,,,,,20:30:07,1.44,40101,14.8,0009.4
,,,,,20:30:08,1.44,40115,14.7,0009.4
,,,,,20:30:09,1.44,40130,14.8,0009.0
,,,,,20:30:10,1.44,40145,14.6,0009.7
,,,,,20:30:11,1.44,40159,14.8,0009.4
,,,,,20:30:12,1.44,40174,14.7,0009.0
,,,,,20:30:13,1.44,40189,14.8,0009.4
,,,,,20:30:14,1.44,40204,14.7,0009.2
,,,,,20:30:15,1.44,40218,14.8,0009.3
,,,,,20:30:16,1.44,40233,14.7,0009.5
,,,,,20:30:17,1.44,40248,14.8,0009.5
,,,,,20:30:18,1.44,40263,14.7,0009.7
,,,,,20:30:19,1.44,40277,14.8,0009.4
,,,,,20:30:20,1.44,40292,14.7,0009.4
,,,,,20:30:21,1.44,40307,14.7,0008.9
,,,,,20:30:22,1.44,40322,14.8,0009.0
,,,,,20:30:23,1.44,40336,14.7,0008.8
,,,,,20:30:24,1.43,40351,14.8,0008.6
,,,,,20:30:25,1.43,40366,14.7,0009.1
,,,,,20:30:26,1.43,40381,14.8,0009.4
,,,,,20:30:27,1.43,40395,14.7,0009.6
,,,,,20:30:28,1.43,40410,14.8,0009.3
,,,,,20:30:29,1.43,40425,14.6,0009.0
,,,,,20:30:30,1.43,40440,14.8,0009.8
,,,,,20:30:31,1.44,40454,14.7,0009.5
,,,,,20:30:32,1.44,40469,14.8,0009.2
,,,,,20:30:33,1.43,40484,14.7,0009.4
,,,,,20:30:34,1.43,40499,14.8,0009.3
,,,,,20:30:35,1.43,40513,14.8,0009.1
,,,,,20:30:36,1.44,40528,14.7,0009.0
,,,,,20:30:37,1.44,40543,14.7,0009.2
,,,,,20:30:38,1.44,40558,14.7,0009.2
,,,,,20:30:39,1.44,40572,14.8,0009.3
,,,,,20:30:40,1.44,40587,14.7,0009.0
,,,,,20:30:41,1.44,40602,14.8,0008.7
,,,,,20:30:42,1.44,40617,14.7,0009.2
,,,,,20:30:43,1.44,40631,14.8,0009.4
,,,,,20:30:44,1.44,40646,14.7,0009.2
,,,,,20:30:45,1.44,40661,14.7,0009.0
,,,,,20:30:46,1.44,40675,14.7,0008.9
,,,,,20:30:47,1.44,40690,14.8,0009.2
,,,,,20:30:48,1.44,40705,14.7,0009.1
,,,,,20:30:49,1.44,40720,14.8,0009.5
,,,,,20:30:50,1.43,40734,14.7,0008.9
,,,,,20:30:51,1.43,40749,14.8,0009.3
,,,,,20:30:52,1.43,40764,14.7,0009.6
,,,,,20:30:53,1.43,40779,14.8,0009.4
,,,,,20:30:54,1.43,40793,14.8,0009.5
,,,,,20:30:55,1.43,40808,14.6,0009.2
,,,,,20:30:56,1.43,40823,14.8,0008.9
,,,,,20:30:57,1.43,40838,14.7,0008.7
,,,,,20:30:58,1.43,40852,14.8,0008.5
,,,,,20:30:59,1.43,40867,14.7,0008.4
,,,,,20:31:00,1.43,40882,14.8,0008.7
,,,,,20:31:01,1.43,40897,14.7,0009.1
,,,,,20:31:02,1.43,40911,14.8,0008.9
,,,,,20:31:03,1.44,40926,14.7,0009.1
,,,,,20:31:04,1.44,40941,14.8,0009.2
,,,,,20:31:05,1.44,40956,14.6,0009.1
,,,,,20:31:06,1.44,40970,14.8,0008.9
,,,,,20:31:07,1.44,40985,14.8,0009.1
,,,,,20:31:08,1.44,41000,14.7,0009.3
,,,,,20:31:09,1.44,41014,14.8,0009.3
,,,,,20:31:10,1.44,41029,14.7,0009.1
,,,,,20:31:11,1.44,41044,14.8,0009.3
,,,,,20:31:12,1.44,41059,14.7,0009.2
,,,,,20:31:13,1.44,41073,14.8,0009.3
,,,,,20:31:14,1.44,41088,14.7,0009.6
,,,,,20:31:15,1.44,41103,14.8,0009.4
,,,,,20:31:16,1.44,41118,14.7,0008.8
,,,,,20:31:17,1.44,41132,14.7,0008.7
,,,,,20:31:18,1.44,41147,14.7,0008.8
,,,,,20:31:19,1.44,41162,14.8,0008.7
,,,,,20:31:20,1.44,41177,14.7,0008.8
,,,,,20:31:21,1.44,41191,14.8,0009.2
,,,,,20:31:22,1.44,41206,14.8,0009.2
,,,,,20:31:23,1.44,41221,14.7,0009.6
,,,,,20:31:24,1.44,41236,14.8,0009.4
,,,,,20:31:25,1.44,41250,14.7,0009.1
,,,,,20:31:26,1.44,41265,14.8,0009.1
,,,,,20:31:27,1.44,41280,14.7,0009.0
,,,,,20:31:28,1.44,41295,14.7,0009.1
,,,,,20:31:29,1.44,41309,14.8,0009.4
,,,,,20:31:30,1.44,41324,14.7,0009.3
,,,,,20:31:31,1.44,41339,14.7,0009.5
,,,,,20:31:32,1.44,41353,14.8,0009.8
,,,,,20:31:33,1.44,41368,14.7,0009.4
,,,,,20:31:34,1.44,41383,14.8,0009.4
,,,,,20:31:35,1.44,41398,14.7,0009.4
,,,,,20:31:36,1.43,41412,14.8,0008.8
,,,,,20:31:37,1.43,41427,14.7,0008.6
,,,,,20:31:38,1.43,41442,14.8,0008.6
,,,,,20:31:39,1.43,41457,14.8,0009.0
,,,,,20:31:40,1.43,41472,14.7,0009.0
,,,,,20:31:41,1.44,41486,14.8,0009.3
,,,,,20:31:42,1.44,41501,14.6,0009.5
,,,,,20:31:43,1.44,41516,14.8,0009.4
,,,,,20:31:44,1.44,41530,14.8,0009.7
,,,,,20:31:45,1.44,41545,14.7,0009.3
,,,,,20:31:46,1.44,41560,14.7,0009.3
,,,,,20:31:47,1.44,41575,14.8,0009.2
,,,,,20:31:48,1.44,41589,14.7,0009.2
,,,,,20:31:49,1.44,41604,14.8,0009.2
,,,,,20:31:50,1.44,41619,14.7,0009.3
,,,,,20:31:51,1.44,41634,14.8,0009.2
,,,,,20:31:52,1.44,41648,14.7,0009.1
,,,,,20:31:53,1.44,41663,14.7,0008.9
,,,,,20:31:54,1.43,41678,14.7,0009.2
,,,,,20:31:55,1.44,41692,14.8,0009.0
,,,,,20:31:56,1.44,41707,14.7,0009.0
,,,,,20:31:57,1.43,41722,14.8,0008.9
,,,,,20:31:58,1.44,41737,14.7,0009.1
,,,,,20:31:59,1.44,41751,14.8,0009.2
,,,,,20:32:00,1.44,41766,14.8,0008.9
,,,,,20:32:01,1.44,41781,14.7,0009.5
,,,,,20:32:02,1.44,41796,14.8,0009.4
,,,,,20:32:03,1.44,41811,14.7,0009.0
,,,,,20:32:04,1.44,41825,14.7,0009.3
,,,,,20:32:05,1.44,41840,14.7,0009.3
,,,,,20:32:06,1.44,41855,14.8,0009.0
,,,,,20:32:07,1.44,41869,14.7,0009.1
,,,,,20:32:08,1.44,41884,14.8,0009.1
,,,,,20:32:09,1.44,41899,14.7,0009.2
,,,,,20:32:10,1.44,41914,14.8,0009.4
,,,,,20:32:11,1.44,41928,14.7,0009.0
,,,,,20:32:12,1.44,41943,14.8,0008.9
,,,,,20:32:13,1.44,41958,14.7,0008.9
,,,,,20:32:14,1.44,41973,14.7,0009.0
,,,,,20:32:15,1.44,41987,14.7,0009.0
,,,,,20:32:16,1.44,42002,14.8,0009.0
,,,,,20:32:17,1.44,42017,14.7,0008.9
,,,,,20:32:18,1.44,42031,14.8,0009.1
,,,,,20:32:19,1.44,42046,14.8,0009.4
,,,,,20:32:20,1.44,42061,14.7,0009.2
,,,,,20:32:21,1.44,42076,14.8,0009.1
,,,,,20:32:22,1.44,42091,14.7,0009.4
,,,,,20:32:23,1.44,42105,14.8,0009.4
,,,,,20:32:24,1.44,42120,14.7,0009.5
,,,,,20:32:25,1.44,42135,14.7,0009.3
,,,,,20:32:26,1.44,42149,14.7,0009.1
,,,,,20:32:27,1.44,42164,14.8,0009.4
,,,,,20:32:28,1.44,42179,14.7,0009.0
,,,,,20:32:29,1.44,42194,14.8,0009.2
,,,,,20:32:30,1.44,42208,14.7,0008.9
,,,,,20:32:31,1.44,42223,14.8,0008.9
,,,,,20:32:32,1.44,42238,14.7,0009.0
,,,,,20:32:33,1.43,42253,14.8,0009.3
,,,,,20:32:34,1.43,42267,14.7,0009.5
,,,,,20:32:35,1.43,42282,14.8,0009.4
,,,,,20:32:36,1.43,42297,14.6,0009.5
,,,,,20:32:37,1.43,42311,14.8,0009.2
,,,,,20:32:38,1.43,42326,14.7,0009.2
,,,,,20:32:39,1.43,42341,14.8,0009.6
,,,,,20:32:40,1.43,42356,14.7,0009.8
,,,,,20:32:41,1.43,42370,14.8,0009.4
,,,,,20:32:42,1.43,42385,14.8,0009.6
,,,,,20:32:43,1.43,42400,14.7,0009.3
,,,,,20:32:44,1.44,42415,14.8,0009.5
,,,,,20:32:45,1.44,42430,14.7,0009.4
,,,,,20:32:46,1.44,42444,14.8,0009.6
,,,,,20:32:47,1.44,42459,14.6,0009.3
,,,,,20:32:48,1.44,42474,14.8,0008.7
,,,,,20:32:49,1.44,42488,14.7,0008.7
,,,,,20:32:50,1.44,42503,14.8,0008.7
,,,,,20:32:51,1.43,42518,14.7,0009.2
,,,,,20:32:52,1.43,42533,14.8,0009.2
,,,,,20:32:53,1.43,42547,14.7,0009.0
,,,,,20:32:54,1.43,42562,14.8,0009.9
,,,,,20:32:55,1.43,42577,14.7,0009.2
,,,,,20:32:56,1.43,42592,14.8,0009.1
,,,,,20:32:57,1.43,42606,14.7,0009.7
,,,,,20:32:58,1.43,42621,14.8,0009.2
,,,,,20:32:59,1.43,42636,14.7,0009.1
,,,,,20:33:00,1.43,42651,14.8,0009.6
,,,,,20:33:01,1.43,42665,14.8,0009.6
,,,,,20:33:02,1.43,42680,14.7,0009.4
,,,,,20:33:03,1.43,42695,14.8,0009.6
,,,,,20:33:04,1.43,42710,14.7,0009.3
,,,,,20:33:05,1.43,42724,14.7,0009.1
,,,,,20:33:06,1.43,42739,14.8,0009.0
,,,,,20:33:07,1.43,42754,14.7,0008.7
,,,,,20:33:08,1.43,42769,14.7,0008.8
,,,,,20:33:09,1.44,42783,14.8,0009.2
,,,,,20:33:10,1.44,42798,14.7,0009.0
,,,,,20:33:11,1.44,42813,14.8,0009.2
,,,,,20:33:12,1.44,42828,14.7,0009.5
,,,,,20:33:13,1.44,42842,14.8,0009.3
,,,,,20:33:14,1.44,42857,14.7,0009.2
,,,,,20:33:15,1.44,42872,14.8,0009.4
,,,,,20:33:16,1.44,42887,14.7,0009.3
,,,,,20:33:17,1.44,42901,14.8,0009.5
,,,,,20:33:18,1.44,42916,14.7,0009.4
,,,,,20:33:19,1.44,42931,14.8,0009.5
,,,,,20:33:20,1.44,42946,14.8,0009.7
,,,,,20:33:21,1.43,42960,14.7,0009.5
,,,,,20:33:22,1.44,42975,14.8,0009.6
,,,,,20:33:23,1.44,42990,14.7,0008.9
,,,,,20:33:24,1.44,43004,14.8,0009.2
,,,,,20:33:25,1.44,43019,14.7,0009.1
,,,,,20:33:26,1.44,43034,14.7,0009.2
,,,,,20:33:27,1.44,43049,14.7,0009.5
,,,,,20:33:28,1.44,43063,14.8,0009.3
,,,,,20:33:29,1.43,43078,14.7,0009.7
,,,,,20:33:30,1.43,43093,14.8,0009.6
,,,,,20:33:31,1.43,43108,14.7,0009.4
,,,,,20:33:32,1.43,43122,14.8,0009.4
,,,,,20:33:33,1.43,43137,14.7,0009.0
,,,,,20:33:34,1.44,43152,14.8,0009.6
,,,,,20:33:35,1.44,43167,14.8,0009.7
,,,,,20:33:36,1.44,43181,14.7,0009.5
,,,,,20:33:37,1.44,43196,14.8,0010.0
,,,,,20:33:38,1.44,43211,14.7,0009.7
,,,,,20:33:39,1.44,43226,14.8,0009.6
,,,,,20:33:40,1.44,43240,14.7,0009.5
,,,,,20:33:41,1.44,43255,14.8,0009.5
,,,,,20:33:42,1.44,43270,14.7,0008.9
,,,,,20:33:43,1.44,43285,14.8,0008.5
,,,,,20:33:44,1.44,43299,14.7,0008.9
,,,,,20:33:45,1.43,43314,14.7,0009.3
,,,,,20:33:46,1.43,43329,14.8,0009.3
,,,,,20:33:47,1.43,43344,14.7,0009.5
,,,,,20:33:48,1.43,43358,14.8,0009.1
,,,,,20:33:49,1.43,43373,14.7,0009.7
,,,,,20:33:50,1.43,43388,14.7,0009.4
,,,,,20:33:51,1.43,43402,14.8,0009.1
,,,,,20:33:52,1.43,43417,14.8,0009.7
,,,,,20:33:53,1.43,43432,14.7,0009.2
,,,,,20:33:54,1.43,43447,14.8,0009.1
,,,,,20:33:55,1.43,43462,14.7,0009.6
,,,,,20:33:56,1.43,43476,14.8,0009.5
,,,,,20:33:57,1.43,43491,14.7,0009.3
,,,,,20:33:58,1.43,43506,14.8,0009.2
,,,,,20:33:59,1.44,43521,14.7,0009.3
,,,,,20:34:00,1.44,43535,14.8,0009.2
,,,,,20:34:01,1.44,43550,14.6,0008.5
,,,,,20:34:02,1.44,43565,14.8,0009.0
,,,,,20:34:03,1.44,43579,14.7,0009.1
,,,,,20:34:04,1.43,43594,14.8,0009.1
,,,,,20:34:05,1.43,43609,14.7,0009.1
,,,,,20:34:06,1.43,43624,14.8,0009.2
,,,,,20:34:07,1.43,43638,14.8,0009.3
,,,,,20:34:08,1.43,43653,14.7,0009.7
,,,,,20:34:09,1.43,43668,14.8,0009.2
,,,,,20:34:10,1.43,43683,14.7,0009.7
,,,,,20:34:11,1.43,43697,14.8,0009.3
,,,,,20:34:12,1.43,43712,14.7,0009.5
,,,,,20:34:13,1.43,43727,14.8,0009.2
,,,,,20:34:14,1.43,43742,14.7,0009.5
,,,,,20:34:15,1.43,43756,14.8,0009.4
,,,,,20:34:16,1.43,43771,14.6,0009.7
,,,,,20:34:17,1.43,43786,14.8,0009.3
,,,,,20:34:18,1.43,43801,14.7,0009.2
,,,,,20:34:19,1.43,43815,14.8,0008.9
,,,,,20:34:20,1.43,43830,14.7,0009.0
,,,,,20:34:21,1.43,43845,14.8,0008.9
,,,,,20:34:22,1.43,43860,14.8,0009.2
,,,,,20:34:23,1.43,43874,14.7,0009.0
,,,,,20:34:24,1.43,43889,14.8,0009.4
,,,,,20:34:25,1.43,43904,14.7,0009.8
,,,,,20:34:26,1.43,43919,14.8,0009.6
,,,,,20:34:27,1.43,43933,14.7,0009.7
,,,,,20:34:28,1.43,43948,14.8,0009.2
,,,,,20:34:29,1.43,43963,14.7,0009.1
,,,,,20:34:30,1.43,43978,14.8,0009.2
,,,,,20:34:31,1.43,43992,14.7,0009.3
,,,,,20:34:32,1.43,44007,14.8,0009.7
,,,,,20:34:33,1.43,44022,14.7,0009.7
,,,,,20:34:34,1.43,44037,14.8,0009.5
,,,,,20:34:35,1.43,44051,14.8,0009.6
,,,,,20:34:36,1.43,44066,14.7,0009.1
,,,,,20:34:37,1.43,44081,14.8,0009.2
,,,,,20:34:38,1.43,44096,14.7,0008.7
,,,,,20:34:39,1.43,44110,14.8,0008.9
,,,,,20:34:40,1.43,44125,14.7,0009.0
,,,,,20:34:41,1.44,44140,14.8,0008.8
,,,,,20:34:42,1.44,44155,14.6,0009.1
,,,,,20:34:43,1.44,44169,14.9,0009.2
,,,,,20:34:44,1.44,44184,14.6,0008.9
,,,,,20:34:45,1.44,44199,14.8,0008.9
,,,,,20:34:46,1.44,44214,14.7,0008.9
,,,,,20:34:47,1.44,44228,14.9,0009.4
,,,,,20:34:48,1.44,44243,14.6,0009.5
,,,,,20:34:49,1.44,44258,14.8,0009.2
,,,,,20:34:50,1.44,44273,14.7,0009.2
,,,,,20:34:51,1.44,44287,14.8,0009.3
,,,,,20:34:52,1.43,44302,14.8,0009.0
,,,,,20:34:53,1.43,44317,14.7,0009.0
,,,,,20:34:54,1.43,44332,14.8,0009.0
,,,,,20:34:55,1.43,44346,14.7,0008.7
,,,,,20:34:56,1.43,44361,14.8,0008.9
,,,,,20:34:57,1.44,44376,14.7,0009.2
,,,,,20:34:58,1.44,44390,14.8,0008.9
,,,,,20:34:59,1.44,44405,14.7,0009.2
,,,,,20:35:00,1.44,44420,14.8,0009.0
,,,,,20:35:01,1.44,44435,14.7,0008.9
,,,,,20:35:02,1.44,44449,14.8,0009.2
,,,,,20:35:03,1.44,44464,14.7,0009.1
,,,,,20:35:04,1.44,44479,14.9,0009.4
,,,,,20:35:05,1.44,44494,14.6,0009.8
,,,,,20:35:06,1.44,44508,14.8,0009.6
,,,,,20:35:07,1.44,44523,14.9,0009.3
,,,,,20:35:08,1.44,44538,14.7,0009.3
,,,,,20:35:09,1.44,44553,14.8,0009.4
,,,,,20:35:10,1.44,44568,14.7,0009.6
,,,,,20:35:11,1.44,44582,14.8,0009.5
,,,,,20:35:12,1.44,44597,14.7,0009.7
,,,,,20:35:13,1.44,44612,14.8,0009.0
,,,,,20:35:14,1.44,44627,14.7,0009.1
,,,,,20:35:15,1.44,44641,14.8,0008.7
,,,,,20:35:16,1.44,44656,14.7,0008.7
,,,,,20:35:17,1.44,44671,14.8,0008.9
,,,,,20:35:18,1.44,44686,14.7,0008.7
,,,,,20:35:19,1.44,44700,14.8,0009.0
,,,,,20:35:20,1.44,44715,14.8,0009.0
,,,,,20:35:21,1.44,44730,14.7,0008.6
,,,,,20:35:22,1.44,44745,14.8,0009.2
,,,,,20:35:23,1.44,44759,14.7,0008.7
,,,,,20:35:24,1.44,44774,14.8,0009.0
,,,,,20:35:25,1.44,44789,14.7,0009.4
,,,,,20:35:26,1.44,44804,14.8,0009.1
,,,,,20:35:27,1.44,44818,14.8,0009.4
,,,,,20:35:28,1.44,44833,14.8,0008.8
,,,,,20:35:29,1.44,44848,14.8,0009.2
,,,,,20:35:30,1.44,44863,14.7,0009.2
,,,,,20:35:31,1.44,44878,14.8,0009.1
,,,,,20:35:32,1.44,44892,14.7,0009.3
,,,,,20:35:33,1.44,44907,14.8,0008.8
,,,,,20:35:34,1.44,44922,14.7,0008.5
,,,,,20:35:35,1.44,44937,14.8,0008.8
,,,,,20:35:36,1.44,44951,14.7,0009.0
,,,,,20:35:37,1.44,44966,14.8,0009.2
,,,,,20:35:38,1.44,44981,14.7,0008.9
,,,,,20:35:39,1.44,44996,14.8,0008.7
,,,,,20:35:40,1.44,45010,14.8,0008.5
,,,,,20:35:41,1.44,45025,14.8,0009.0
,,,,,20:35:42,1.44,45040,14.8,0009.0
,,,,,20:35:43,1.44,45055,14.7,0008.8
,,,,,20:35:44,1.44,45069,14.8,0009.2
,,,,,20:35:45,1.44,45084,14.7,0009.3
,,,,,20:35:46,1.44,45099,14.8,0009.1
,,,,,20:35:47,1.44,45114,14.7,0009.5
,,,,,20:35:48,1.44,45128,14.8,0009.0
,,,,,20:35:49,1.44,45143,14.7,0009.3
,,,,,20:35:50,1.44,45158,14.8,0009.2
,,,,,20:35:51,1.44,45173,14.7,0009.0
,,,,,20:35:52,1.44,45187,14.9,0009.3
,,,,,20:35:53,1.44,45202,14.7,0009.0
,,,,,20:35:54,1.44,45217,14.8,0008.9
,,,,,20:35:55,1.44,45232,14.8,0009.3
,,,,,20:35:56,1.44,45247,14.7,0008.9
,,,,,20:35:57,1.44,45261,14.8,0009.0
,,,,,20:35:58,1.43,45276,14.7,0008.7
,,,,,20:35:59,1.43,45291,14.8,0008.5
,,,,,20:36:00,1.44,45306,14.7,0008.5
,,,,,20:36:01,1.44,45320,14.8,0009.1
,,,,,20:36:02,1.44,45335,14.7,0009.2
,,,,,20:36:03,1.44,45350,14.8,0009.3
,,,,,20:36:04,1.44,45365,14.7,0009.3
,,,,,20:36:05,1.44,45379,14.8,0008.8
,,,,,20:36:06,1.44,45394,14.8,0009.1
,,,,,20:36:07,1.44,45409,14.8,0009.3
,,,,,20:36:08,1.44,45424,14.8,0009.2
,,,,,20:36:09,1.44,45438,14.7,0009.2
,,,,,20:36:10,1.44,45453,14.8,0008.9
,,,,,20:36:11,1.44,45468,14.7,0009.4
,,,,,20:36:12,1.44,45483,14.8,0009.0
,,,,,20:36:13,1.44,45497,14.7,0009.2
,,,,,20:36:14,1.44,45512,14.8,0009.3
,,,,,20:36:15,1.44,45527,14.7,0009.0
,,,,,20:36:16,1.44,45542,14.8,0008.8
,,,,,20:36:17,1.44,45556,14.8,0008.4
,,,,,20:36:18,1.44,45571,14.7,0008.6
,,,,,20:36:19,1.44,45586,14.8,0008.9
,,,,,20:36:20,1.44,45601,14.8,0008.7
,,,,,20:36:21,1.45,45616,14.8,0008.8
,,,,,20:36:22,1.45,45630,14.7,0008.8
,,,,,20:36:23,1.45,45645,14.8,0009.0
,,,,,20:36:24,1.45,45660,14.7,0008.9
,,,,,20:36:25,1.44,45675,14.8,0009.0
,,,,,20:36:26,1.44,45689,14.8,0009.4
,,,,,20:36:27,1.44,45704,14.7,0009.0
,,,,,20:36:28,1.44,45719,14.9,0009.2
,,,,,20:36:29,1.44,45734,14.7,0008.7
,,,,,20:36:30,1.44,45748,14.8,0009.3
,,,,,20:36:31,1.44,45763,14.7,0009.3
,,,,,20:36:32,1.43,45778,14.8,0009.3
,,,,,20:36:33,1.44,45793,14.7,0009.4
,,,,,20:36:34,1.44,45807,14.8,0009.0
,,,,,20:36:35,1.44,45822,14.7,0008.8
,,,,,20:36:36,1.44,45837,14.8,0008.4
,,,,,20:36:37,1.44,45852,14.9,0008.9
,,,,,20:36:38,1.44,45867,14.7,0008.7
,,,,,20:36:39,1.44,45881,14.8,0008.9
,,,,,20:36:40,1.44,45896,14.7,0008.5
,,,,,20:36:41,1.44,45911,14.8,0008.4
,,,,,20:36:42,1.44,45926,14.7,0008.3
,,,,,20:36:43,1.44,45940,14.9,0008.9
,,,,,20:36:44,1.44,45955,14.6,0008.6
,,,,,20:36:45,1.44,45970,14.9,0008.9
,,,,,20:36:46,1.44,45985,14.7,0008.8
,,,,,20:36:47,1.44,45999,14.8,0009.0
,,,,,20:36:48,1.44,46014,14.8,0009.2
,,,,,20:36:49,1.44,46029,14.7,0009.2
,,,,,20:36:50,1.44,46044,14.8,0009.1
,,,,,20:36:51,1.44,46059,14.7,0008.9
,,,,,20:36:52,1.44,46073,14.8,0009.1
,,,,,20:36:53,1.44,46088,14.8,0009.3
,,,,,20:36:54,1.44,46103,14.8,0009.3
,,,,,20:36:55,1.44,46118,14.7,0009.1
,,,,,20:36:56,1.44,46132,14.8,0009.0
,,,,,20:36:57,1.44,46147,14.8,0008.8
,,,,,20:36:58,1.44,46162,14.7,0008.6
,,,,,20:36:59,1.44,46177,14.9,0009.0
,,,,,20:37:00,1.44,46192,14.7,0008.9
,,,,,20:37:01,1.44,46206,14.8,0008.3
,,,,,20:37:02,1.44,46221,14.7,0008.2
,,,,,20:37:03,1.44,46236,14.8,0008.2
,,,,,20:37:04,1.44,46251,14.7,0008.3
,,,,,20:37:05,1.44,46265,14.8,0009.0
,,,,,20:37:06,1.44,46280,14.8,0008.7
,,,,,20:37:07,1.44,46295,14.7,0009.1
,,,,,20:37:08,1.44,46310,14.8,0008.6
,,,,,20:37:09,1.44,46324,14.7,0008.7
,,,,,20:37:10,1.45,46339,14.8,0009.1
,,,,,20:37:11,1.45,46354,14.7,0008.9
,,,,,20:37:12,1.45,46369,14.8,0009.1
,,,,,20:37:13,1.45,46383,14.8,0009.2
,,,,,20:37:14,1.45,46398,14.8,0008.6
,,,,,20:37:15,1.45,46413,14.8,0009.0
,,,,,20:37:16,1.44,46428,14.7,0008.9
,,,,,20:37:17,1.44,46442,14.8,0009.0
,,,,,20:37:18,1.44,46457,14.7,0009.2
,,,,,20:37:19,1.44,46472,14.8,0009.1
,,,,,20:37:20,1.44,46487,14.7,0008.9
,,,,,20:37:21,1.44,46501,14.9,0008.1
,,,,,20:37:22,1.44,46516,14.7,0008.7
,,,,,20:37:23,1.44,46531,14.8,0008.4
,,,,,20:37:24,1.44,46546,14.7,0008.9
,,,,,20:37:25,1.45,46560,14.8,0008.7
,,,,,20:37:26,1.45,46575,14.7,0008.3
,,,,,20:37:27,1.45,46590,14.8,0008.8
,,,,,20:37:28,1.45,46605,14.8,0008.6
,,,,,20:37:29,1.45,46620,14.7,0008.8
,,,,,20:37:30,1.45,46634,14.8,0009.0
,,,,,20:37:31,1.44,46649,14.8,0008.9
,,,,,20:37:32,1.44,46664,14.8,0009.2
,,,,,20:37:33,1.44,46679,14.7,0008.7
,,,,,20:37:34,1.44,46693,14.8,0009.0
,,,,,20:37:35,1.44,46708,14.8,0009.0
,,,,,20:37:36,1.44,46723,14.7,0009.2
,,,,,20:37:37,1.44,46738,14.8,0009.0
,,,,,20:37:38,1.44,46753,14.7,0008.9
,,,,,20:37:39,1.44,46767,14.8,0008.9
,,,,,20:37:40,1.44,46782,14.7,0008.8
,,,,,20:37:41,1.44,46797,14.8,0009.0
,,,,,20:37:42,1.44,46811,14.7,0009.3
,,,,,20:37:43,1.44,46826,14.9,0009.2
,,,,,20:37:44,1.44,46841,14.7,0008.9
,,,,,20:37:45,1.44,46856,14.8,0008.4
,,,,,20:37:46,1.44,46871,14.8,0008.7
,,,,,20:37:47,1.44,46885,14.7,0008.8
,,,,,20:37:48,1.45,46900,14.8,0008.5
,,,,,20:37:49,1.44,46915,14.7,0009.1
,,,,,20:37:50,1.44,46930,14.8,0009.1
,,,,,20:37:51,1.44,46944,14.7,0008.8
,,,,,20:37:52,1.44,46959,14.8,0008.9
,,,,,20:37:53,1.44,46974,14.7,0008.7
,,,,,20:37:54,1.44,46989,14.8,0009.2
,,,,,20:37:55,1.44,47003,14.7,0009.0
,,,,,20:37:56,1.44,47018,14.8,0009.0
,,,,,20:37:57,1.44,47033,14.8,0009.2
,,,,,20:37:58,1.44,47048,14.8,0008.8
,,,,,20:37:59,1.44,47062,14.8,0008.8
,,,,,20:38:00,1.44,47077,14.7,0009.0
,,,,,20:38:01,1.44,47092,14.8,0009.0
,,,,,20:38:02,1.44,47107,14.7,0009.1
,,,,,20:38:03,1.44,47121,14.8,0008.5
,,,,,20:38:04,1.44,47136,14.7,0008.8
,,,,,20:38:05,1.44,47151,14.8,0008.3
,,,,,20:38:06,1.44,47166,14.7,0008.9
,,,,,20:38:07,1.44,47180,14.8,0009.0
,,,,,20:38:08,1.44,47195,14.8,0008.6
,,,,,20:38:09,1.44,47210,14.7,0008.8
,,,,,20:38:10,1.44,47225,14.9,0008.5
,,,,,20:38:11,1.45,47240,14.7,0009.1
,,,,,20:38:12,1.45,47254,14.8,0009.1
,,,,,20:38:13,1.45,47269,14.7,0008.8
,,,,,20:38:14,1.45,47284,14.8,0009.2
,,,,,20:38:15,1.45,47299,14.7,0009.0
,,,,,20:38:16,1.45,47313,14.8,0008.9
,,,,,20:38:17,1.45,47328,14.8,0009.1
,,,,,20:38:18,1.45,47343,14.7,0009.0
,,,,,20:38:19,1.44,47358,14.8,0009.0
,,,,,20:38:20,1.44,47372,14.7,0009.2
,,,,,20:38:21,1.44,47387,14.9,0008.5
,,,,,20:38:22,1.44,47402,14.7,0008.4
,,,,,20:38:23,1.44,47417,14.8,0008.8
,,,,,20:38:24,1.44,47432,14.7,0008.5
,,,,,20:38:25,1.44,47446,14.8,0008.7
,,,,,20:38:26,1.44,47461,14.7,0008.7
,,,,,20:38:27,1.45,47476,14.8,0008.8
,,,,,20:38:28,1.45,47491,14.8,0008.4
,,,,,20:38:29,1.45,47505,14.7,0008.5
,,,,,20:38:30,1.45,47520,14.8,0008.8
,,,,,20:38:31,1.45,47535,14.7,0009.2
,,,,,20:38:32,1.45,47550,14.8,0009.1
,,,,,20:38:33,1.44,47564,14.8,0009.3
,,,,,20:38:34,1.44,47579,14.8,0009.2
,,,,,20:38:35,1.44,47594,14.7,0009.2
,,,,,20:38:36,1.44,47609,14.8,0009.3
,,,,,20:38:37,1.44,47623,14.7,0009.7
,,,,,20:38:38,1.44,47638,14.8,0009.4
,,,,,20:38:39,1.44,47653,14.8,0009.0
,,,,,20:38:40,1.44,47668,14.7,0009.3
,,,,,20:38:41,1.44,47682,14.8,0008.8
,,,,,20:38:42,1.43,47697,14.7,0008.8
,,,,,20:38:43,1.44,47712,14.8,0009.0
,,,,,20:38:44,1.44,47727,14.7,0008.5
,,,,,20:38:45,1.44,47741,14.9,0009.0
,,,,,20:38:46,1.44,47756,14.7,0008.7
,,,,,20:38:47,1.44,47771,14.8,0008.3
,,,,,20:38:48,1.44,47786,14.7,0008.6
,,,,,20:38:49,1.44,47800,14.8,0008.7
,,,,,20:38:50,1.44,47815,14.8,0008.8
,,,,,20:38:51,1.44,47830,14.7,0008.9
,,,,,20:38:52,1.44,47845,14.8,0008.9
,,,,,20:38:53,1.44,47860,14.7,0009.0
,,,,,20:38:54,1.44,47874,14.9,0009.1
,,,,,20:38:55,1.43,47889,14.6,0008.8
,,,,,20:38:56,1.43,47904,14.8,0008.9
,,,,,20:38:57,1.43,47919,14.8,0009.3
,,,,,20:38:58,1.43,47933,14.8,0008.8
,,,,,20:38:59,1.43,47948,14.8,0008.9
,,,,,20:39:00,1.43,47963,14.7,0009.0
,,,,,20:39:01,1.43,47978,14.7,0009.2
,,,,,20:39:02,1.43,47992,14.8,0009.4
,,,,,20:39:03,1.43,48007,14.8,0009.5
,,,,,20:39:04,1.43,48022,14.7,0008.8
,,,,,20:39:05,1.43,48037,14.8,0008.7
,,,,,20:39:06,1.43,48051,14.7,0008.4
,,,,,20:39:07,1.43,48066,14.8,0008.7
,,,,,20:39:08,1.43,48081,14.7,0008.7
,,,,,20:39:09,1.43,48096,14.8,0008.7
,,,,,20:39:10,1.43,48110,14.9,0008.8
,,,,,20:39:11,1.43,48125,14.6,0008.6
,,,,,20:39:12,1.43,48140,14.9,0008.5
,,,,,20:39:13,1.43,48155,14.7,0009.2
,,,,,20:39:14,1.43,48170,14.8,0009.2
,,,,,20:39:15,1.43,48184,14.7,0009.0
,,,,,20:39:16,1.43,48199,14.8,0009.1
,,,,,20:39:17,1.43,48214,14.7,0009.0
,,,,,20:39:18,1.43,48229,14.8,0009.3
,,,,,20:39:19,1.43,48243,14.7,0008.8
,,,,,20:39:20,1.43,48258,14.8,0008.9
,,,,,20:39:21,1.43,48273,14.8,0009.0
,,,,,20:39:22,1.43,48288,14.7,0009.1
,,,,,20:39:23,1.43,48302,14.9,0009.1
,,,,,20:39:24,1.43,48317,14.7,0008.7
,,,,,20:39:25,1.43,48332,14.8,0009.1
,,,,,20:39:26,1.43,48347,14.7,0008.7
,,,,,20:39:27,1.43,48361,14.8,0009.0
,,,,,20:39:28,1.43,48376,14.7,0009.0
,,,,,20:39:29,1.43,48391,14.8,0008.7
,,,,,20:39:30,1.43,48406,14.8,0008.7
,,,,,20:39:31,1.43,48421,14.7,0008.4
,,,,,20:39:32,1.43,48435,14.8,0008.7
,,,,,20:39:33,1.43,48450,14.8,0008.9
,,,,,20:39:34,1.43,48465,14.8,0009.0
,,,,,20:39:35,1.43,48480,14.7,0009.2
,,,,,20:39:36,1.43,48494,14.8,0008.9
,,,,,20:39:37,1.43,48509,14.7,0009.0
,,,,,20:39:38,1.43,48524,14.8,0009.1
,,,,,20:39:39,1.43,48539,14.7,0009.0
,,,,,20:39:40,1.42,48553,14.8,0009.0
,,,,,20:39:41,1.42,48568,14.7,0008.9
,,,,,20:39:42,1.42,48583,14.8,0008.9
,,,,,20:39:43,1.42,48598,14.8,0009.1
,,,,,20:39:44,1.42,48612,14.7,0008.8
,,,,,20:39:45,1.42,48627,14.8,0008.9
,,,,,20:39:46,1.42,48642,14.7,0008.8
,,,,,20:39:47,1.42,48657,14.8,0008.7
,,,,,20:39:48,1.42,48671,14.8,0008.9
,,,,,20:39:49,1.42,48686,14.7,0008.3
,,,,,20:39:50,1.42,48701,14.8,0008.7
,,,,,20:39:51,1.42,48716,14.8,0008.5
,,,,,20:39:52,1.41,48730,14.8,0009.1
,,,,,20:39:53,1.41,48745,14.7,0009.1
,,,,,20:39:54,1.41,48760,14.8,0008.7
,,,,,20:39:55,1.41,48775,14.7,0009.0
,,,,,20:39:56,1.41,48789,14.9,0009.1
,,,,,20:39:57,1.41,48804,14.7,0009.2
,,,,,20:39:58,1.41,48819,14.8,0009.6
,,,,,20:39:59,1.41,48834,14.7,0009.4
,,,,,20:40:00,1.41,48849,14.8,0009.6
,,,,,20:40:01,1.41,48863,14.7,0009.4
,,,,,20:40:02,1.41,48878,14.8,0009.5
,,,,,20:40:03,1.41,48893,14.7,0009.4
,,,,,20:40:04,1.41,48908,14.8,0009.7
,,,,,20:40:05,1.41,48922,14.8,0009.7
,,,,,20:40:06,1.41,48937,14.7,0009.5
,,,,,20:40:07,1.41,48952,14.8,0009.3
,,,,,20:40:08,1.41,48967,14.7,0009.3
,,,,,20:40:09,1.41,48981,14.8,0009.1
,,,,,20:40:10,1.41,48996,14.7,0009.3
,,,,,20:40:11,1.41,49011,14.8,0009.0
,,,,,20:40:12,1.41,49026,14.7,0009.4
,,,,,20:40:13,1.41,49040,14.8,0009.4
,,,,,20:40:14,1.41,49055,14.7,0009.0
,,,,,20:40:15,1.41,49070,14.8,0009.3
,,,,,20:40:16,1.41,49085,14.8,0009.2
,,,,,20:40:17,1.41,49099,14.7,0009.2
,,,,,20:40:18,1.41,49114,14.8,0009.0
,,,,,20:40:19,1.41,49129,14.7,0009.3
,,,,,20:40:20,1.41,49144,14.8,0009.4
,,,,,20:40:21,1.41,49158,14.7,0009.7
,,,,,20:40:22,1.41,49173,14.8,0009.4
,,,,,20:40:23,1.41,49188,14.7,0008.9
,,,,,20:40:24,1.42,49203,14.8,0009.4
,,,,,20:40:25,1.42,49217,14.7,0009.0
,,,,,20:40:26,1.42,49232,14.8,0009.2
,,,,,20:40:27,1.41,49247,14.7,0009.2
,,,,,20:40:28,1.41,49262,14.8,0009.2
,,,,,20:40:29,1.41,49276,14.8,0009.3
,,,,,20:40:30,1.41,49291,14.7,0009.2
,,,,,20:40:31,1.41,49306,14.8,0008.7
,,,,,20:40:32,1.41,49321,14.7,0009.0
,,,,,20:40:33,1.41,49335,14.8,0009.0
,,,,,20:40:34,1.41,49350,14.7,0009.3
,,,,,20:40:35,1.41,49365,14.8,0009.6
,,,,,20:40:36,1.41,49380,14.7,0009.5
,,,,,20:40:37,1.41,49394,14.8,0009.3
,,,,,20:40:38,1.41,49409,14.7,0009.2
,,,,,20:40:39,1.41,49424,14.8,0009.3
,,,,,20:40:40,1.41,49439,14.8,0009.3
,,,,,20:40:41,1.41,49454,14.7,0009.3
,,,,,20:40:42,1.41,49468,14.8,0009.8
,,,,,20:40:43,1.41,49483,14.7,0009.2
,,,,,20:40:44,1.41,49498,14.8,0009.3
,,,,,20:40:45,1.41,49513,14.7,0009.1
,,,,,20:40:46,1.41,49527,14.8,0009.0
,,,,,20:40:47,1.41,49542,14.7,0009.1
,,,,,20:40:48,1.41,49557,14.8,0009.1
,,,,,20:40:49,1.41,49571,14.8,0009.3
,,,,,20:40:50,1.41,49586,14.8,0009.0
,,,,,20:40:51,1.41,49601,14.7,0008.7
,,,,,20:40:52,1.41,49616,14.8,0009.2
,,,,,20:40:53,1.40,49631,14.8,0008.9
,,,,,20:40:54,1.40,49645,14.7,0009.0
,,,,,20:40:55,1.40,49660,14.8,0009.4
,,,,,20:40:56,1.40,49675,14.7,0009.1
,,,,,20:40:57,1.40,49690,14.8,0009.2
,,,,,20:40:58,1.41,49704,14.7,0009.4
,,,,,20:40:59,1.42,49719,14.8,0009.1
,,,,,20:41:00,1.42,49734,14.7,0009.1
,,,,,20:41:01,1.42,49749,14.8,0009.3
,,,,,20:41:02,1.43,49763,14.8,0009.4
,,,,,20:41:03,1.44,49778,14.7,0009.5
,,,,,20:41:04,1.45,49793,14.8,0009.6
,,,,,20:41:05,1.46,49808,14.7,0009.2
,,,,,20:41:06,1.46,49822,14.8,0008.5
,,,,,20:41:07,1.47,49837,14.7,0008.7
,,,,,20:41:08,1.48,49852,14.8,0008.4
,,,,,20:41:09,1.48,49867,14.7,0008.9
,,,,,20:41:10,1.49,49881,14.8,0009.0
,,,,,20:41:11,1.50,0,14.8,0008.9
,,,,,20:41:12,1.51,15,14.7,0008.8
,,,,,20:41:13,1.51,29,14.9,0008.8
,,,,,20:41:14,1.52,44,14.7,0008.7
,,,,,20:41:15,1.52,59,14.8,0008.5
,,,,,20:41:16,1.53,74,14.7,0008.9
,,,,,20:41:17,1.54,89,14.8,0009.0
,,,,,20:41:18,1.54,103,14.7,0008.8
,,,,,20:41:19,1.55,118,14.8,0008.8
,,,,,20:41:20,1.56,133,14.8,0008.9
,,,,,20:41:21,1.56,148,14.7,0009.1
,,,,,20:41:22,1.56,162,14.8,0009.0
,,,,,20:41:23,1.57,177,14.7,0009.2
,,,,,20:41:24,1.57,192,14.8,0009.2
,,,,,20:41:25,1.58,207,14.8,0008.9
,,,,,20:41:26,1.58,221,14.8,0009.0
,,,,,20:41:27,1.59,236,14.7,0008.5
,,,,,20:41:28,1.59,251,14.8,0008.5
,,,,,20:41:29,1.59,266,14.8,0008.9
,,,,,20:41:30,1.60,281,14.7,0009.2
,,,,,20:41:31,1.60,295,14.8,0009.3
,,,,,20:41:32,1.60,310,14.7,0008.9
,,,,,20:41:33,1.61,325,14.8,0009.0
,,,,,20:41:34,1.61,340,14.7,0009.4
,,,,,20:41:35,1.62,354,14.8,0009.5
,,,,,20:41:36,1.62,369,14.7,0009.6
,,,,,20:41:37,1.62,384,14.9,0009.4
,,,,,20:41:38,1.63,399,14.6,0009.1
,,,,,20:41:39,1.63,413,14.8,0009.8
,,,,,20:41:40,1.64,428,14.7,0009.1
,,,,,20:41:41,1.64,443,14.9,0009.2
,,,,,20:41:42,1.64,458,14.7,0009.5
,,,,,20:41:43,1.64,472,14.7,0009.6
,,,,,20:41:44,1.65,487,14.7,0009.6
,,,,,20:41:45,1.65,502,14.8,0009.2
,,,,,20:41:46,1.65,516,14.8,0009.4
,,,,,20:41:47,1.65,531,14.7,0009.0
,,,,,20:41:48,1.65,546,14.7,0008.9
,,,,,20:41:49,1.66,561,14.8,0009.7
,,,,,20:41:50,1.66,575,14.8,0009.4
,,,,,20:41:51,1.66,590,14.7,0009.6
,,,,,20:41:52,1.66,605,14.7,0010.2
,,,,,20:41:53,1.67,620,14.8,0010.0
,,,,,20:41:54,1.67,634,14.8,0009.7
,,,,,20:41:55,1.67,649,14.7,0010.0
,,,,,20:41:56,1.67,664,14.6,0010.1
,,,,,20:41:57,1.68,678,14.8,0010.2
,,,,,20:41:58,1.68,693,14.7,0010.0
,,,,,20:41:59,1.68,708,14.8,0009.7
,,,,,20:42:00,1.68,723,14.7,0009.8
,,,,,20:42:01,1.69,737,14.8,0009.7
,,,,,20:42:02,1.69,752,14.6,0009.7
,,,,,20:42:03,1.69,767,14.8,0009.7
,,,,,20:42:04,1.69,782,14.7,0009.9
,,,,,20:42:05,1.69,796,14.8,0010.2
,,,,,20:42:06,1.69,811,14.7,0010.3
,,,,,20:42:07,1.69,826,14.8,0010.6
,,,,,20:42:08,1.69,841,14.6,0010.7
,,,,,20:42:09,1.69,855,14.8,0010.5
,,,,,20:42:10,1.69,870,14.7,0010.6
,,,,,20:42:11,1.69,885,14.8,0010.3
,,,,,20:42:12,1.70,900,14.6,0010.4
,,,,,20:42:13,1.70,914,14.7,0010.2
,,,,,20:42:14,1.70,929,14.8,0010.3
,,,,,20:42:15,1.71,944,14.7,0010.3
,,,,,20:42:16,1.71,958,14.7,0010.3
,,,,,20:42:17,1.71,973,14.7,0010.1
,,,,,20:42:18,1.71,988,14.8,0010.2
,,,,,20:42:19,1.72,1002,14.6,0010.9
,,,,,20:42:20,1.71,1017,14.7,0010.6
,,,,,20:42:21,1.72,1032,14.8,0010.9
,,,,,20:42:22,1.72,1046,14.6,0011.0
,,,,,20:42:23,1.72,1061,14.8,0010.9
,,,,,20:42:24,1.72,1076,14.6,0010.9
,,,,,20:42:25,1.72,1090,14.8,0010.9
,,,,,20:42:26,1.73,1105,14.7,0010.9
,,,,,20:42:27,1.73,1120,14.6,0011.3
,,,,,20:42:28,1.73,1134,14.8,0011.4
,,,,,20:42:29,1.73,1149,14.6,0011.3
,,,,,20:42:30,1.73,1164,14.8,0011.6
,,,,,20:42:31,1.74,1179,14.7,0011.6
,,,,,20:42:32,1.74,1193,14.6,0011.8
,,,,,20:42:33,1.74,1208,14.8,0010.6
,,,,,20:42:34,1.74,1223,14.7,0010.6
,,,,,20:42:35,1.74,1237,14.7,0011.1
,,,,,20:42:36,1.74,1252,14.7,0010.9
,,,,,20:42:37,1.74,1267,14.7,0011.2
,,,,,20:42:38,1.74,1282,14.7,0012.0
,,,,,20:42:39,1.74,1296,14.6,0011.5
,,,,,20:42:40,1.74,1311,14.8,0011.3
,,,,,20:42:41,1.75,1326,14.6,0010.9
,,,,,20:42:42,1.75,1340,14.7,0011.2
,,,,,20:42:43,1.75,1355,14.7,0011.1
,,,,,20:42:44,1.75,1370,14.7,0010.6
,,,,,20:42:45,1.75,1384,14.7,0010.9
,,,,,20:42:46,1.75,1399,14.7,0011.2
,,,,,20:42:47,1.75,1414,14.6,0011.8
,,,,,20:42:48,1.75,1428,14.8,0012.1
,,,,,20:42:49,1.75,1443,14.6,0011.9
,,,,,20:42:50,1.75,1457,14.7,0011.7
,,,,,20:42:51,1.75,1472,14.7,0012.3
,,,,,20:42:52,1.75,1487,14.6,0011.9
,,,,,20:42:53,1.75,1501,14.8,0011.7
,,,,,20:42:54,1.76,1516,14.6,0011.9
,,,,,20:42:55,1.76,1531,14.7,0011.8
,,,,,20:42:56,1.76,1545,14.7,0011.6
,,,,,20:42:57,1.76,1560,14.7,0011.9
,,,,,20:42:58,1.76,1575,14.6,0011.9
,,,,,20:42:59,1.77,1589,14.8,0011.9
,,,,,20:43:00,1.77,1604,14.6,0012.5
,,,,,20:43:01,1.77,1619,14.6,0012.3
,,,,,20:43:02,1.77,1633,14.8,0012.0
,,,,,20:43:03,1.77,1648,14.6,0012.0
,,,,,20:43:04,1.77,1663,14.7,0011.7
,,,,,20:43:05,1.77,1677,14.7,0012.0
,,,,,20:43:06,1.77,1692,14.6,0012.2
,,,,,20:43:07,1.78,1707,14.8,0012.4
,,,,,20:43:08,1.78,1722,14.6,0012.2
,,,,,20:43:09,1.78,1736,14.6,0012.1
,,,,,20:43:10,1.78,1751,14.7,0012.8
,,,,,20:43:11,1.78,1765,14.7,0012.7
,,,,,20:43:12,1.79,1780,14.6,0012.1
,,,,,20:43:13,1.79,1795,14.7,0012.1
,,,,,20:43:14,1.79,1809,14.7,0012.4
,,,,,20:43:15,1.79,1824,14.6,0012.5
,,,,,20:43:16,1.79,1839,14.7,0012.4
,,,,,20:43:17,1.79,1853,14.7,0012.4
,,,,,20:43:18,1.80,1868,14.6,0012.4
,,,,,20:43:19,1.80,1882,14.7,0012.3
,,,,,20:43:20,1.81,1897,14.7,0012.3
,,,,,20:43:21,1.81,1912,14.6,0012.6
,,,,,20:43:22,1.81,1926,14.7,0013.1
,,,,,20:43:23,1.81,1941,14.7,0013.2
,,,,,20:43:24,1.82,1956,14.6,0013.4
,,,,,20:43:25,1.82,1970,14.7,0012.6
,,,,,20:43:26,1.82,1985,14.6,0012.5
,,,,,20:43:27,1.83,2000,14.7,0012.5
,,,,,20:43:28,1.83,2014,14.7,0012.1
,,,,,20:43:29,1.83,2029,14.6,0012.1
,,,,,20:43:30,1.83,2044,14.6,0012.9
,,,,,20:43:31,1.84,2058,14.7,0012.9
,,,,,20:43:32,1.84,2073,14.7,0012.4
,,,,,20:43:33,1.84,2088,14.6,0012.3
,,,,,20:43:34,1.84,2102,14.7,0012.8
,,,,,20:43:35,1.85,2117,14.6,0012.9
,,,,,20:43:36,1.85,2131,14.7,0012.6
,,,,,20:43:37,1.85,2146,14.7,0012.8
,,,,,20:43:38,1.86,2161,14.6,0012.7
,,,,,20:43:39,1.86,2175,14.6,0013.0
,,,,,20:43:40,1.86,2190,14.6,0012.8
,,,,,20:43:41,1.86,2204,14.7,0012.4
,,,,,20:43:42,1.86,2219,14.6,0013.1
,,,,,20:43:43,1.86,2234,14.6,0013.2
,,,,,20:43:44,1.87,2248,14.7,0013.2
,,,,,20:43:45,1.87,2263,14.7,0013.1
,,,,,20:43:46,1.87,2278,14.5,0012.9
,,,,,20:43:47,1.87,2292,14.7,0012.7
,,,,,20:43:48,1.87,2307,14.6,0013.1
,,,,,20:43:49,1.87,2321,14.6,0013.5
,,,,,20:43:50,1.87,2336,14.6,0013.2
,,,,,20:43:51,1.87,2351,14.7,0013.5
,,,,,20:43:52,1.87,2365,14.6,0013.4
,,,,,20:43:53,1.87,2380,14.6,0013.3
,,,,,20:43:54,1.87,2394,14.7,0012.9
,,,,,20:43:55,1.87,2409,14.6,0012.7
,,,,,20:43:56,1.87,2424,14.6,0013.6
,,,,,20:43:57,1.88,2438,14.7,0013.2
,,,,,20:43:58,1.88,2453,14.6,0013.1
,,,,,20:43:59,1.88,2467,14.6,0013.6
,,,,,20:44:00,1.88,2482,14.6,0013.7
,,,,,20:44:01,1.88,2497,14.7,0013.7
,,,,,20:44:02,1.88,2511,14.6,0013.2
,,,,,20:44:03,1.88,2526,14.6,0012.9
,,,,,20:44:04,1.88,2540,14.6,0013.6
,,,,,20:44:05,1.88,2555,14.7,0013.6
,,,,,20:44:06,1.88,2570,14.5,0013.5
,,,,,20:44:07,1.87,2584,14.6,0013.7
,,,,,20:44:08,1.87,2599,14.6,0013.3
,,,,,20:44:09,1.86,2613,14.7,0013.2
,,,,,20:44:10,1.86,2628,14.6,0014.3
,,,,,20:44:11,1.86,2643,14.6,0014.1
,,,,,20:44:12,1.87,2657,14.6,0013.7
,,,,,20:44:13,1.87,2672,14.7,0014.1
,,,,,20:44:14,1.87,2686,14.5,0013.7
,,,,,20:44:15,1.87,2701,14.6,0013.2
,,,,,20:44:16,1.87,2715,14.6,0014.0
,,,,,20:44:17,1.88,2730,14.7,0013.9
,,,,,20:44:18,1.88,2745,14.6,0014.1
,,,,,20:44:19,1.88,2759,14.6,0014.2
,,,,,20:44:20,1.88,2774,14.5,0013.9
,,,,,20:44:21,1.88,2788,14.7,0013.5
,,,,,20:44:22,1.88,2803,14.6,0013.7
,,,,,20:44:23,1.88,2818,14.6,0014.3
,,,,,20:44:24,1.88,2832,14.6,0014.4
,,,,,20:44:25,1.88,2847,14.6,0013.9
,,,,,20:44:26,1.88,2861,14.6,0014.2
,,,,,20:44:27,1.88,2876,14.6,0014.1
,,,,,20:44:28,1.87,2890,14.6,0014.1
,,,,,20:44:29,1.87,2905,14.7,0013.9
,,,,,20:44:30,1.87,2920,14.5,0014.6
,,,,,20:44:31,1.86,2934,14.6,0014.5
,,,,,20:44:32,1.86,2949,14.6,0014.1
,,,,,20:44:33,1.86,2963,14.7,0014.0
,,,,,20:44:34,1.86,2978,14.5,0014.1
,,,,,20:44:35,1.87,2992,14.6,0014.2
,,,,,20:44:36,1.87,3007,14.5,0014.4
,,,,,20:44:37,1.87,3021,14.6,0014.1
,,,,,20:44:38,1.87,3036,14.7,0014.2
,,,,,20:44:39,1.88,3051,14.6,0014.1
,,,,,20:44:40,1.88,3065,14.5,0014.1
,,,,,20:44:41,1.88,3080,14.6,0014.7
,,,,,20:44:42,1.88,3094,14.7,0015.1
,,,,,20:44:43,1.88,3109,14.6,0014.6
,,,,,20:44:44,1.88,3124,14.5,0014.6
,,,,,20:44:45,1.88,3138,14.6,0014.3
,,,,,20:44:46,1.89,3153,14.6,0014.4
,,,,,20:44:47,1.89,3167,14.6,0014.5
,,,,,20:44:48,1.88,3182,14.6,0014.4
,,,,,20:44:49,1.88,3196,14.6,0014.6
,,,,,20:44:50,1.87,3211,14.5,0015.0
,,,,,20:44:51,1.86,3225,14.7,0014.2
,,,,,20:44:52,1.86,3240,14.6,0014.9
,,,,,20:44:53,1.85,3255,14.6,0014.9
,,,,,20:44:54,1.85,3269,14.5,0014.7
,,,,,20:44:55,1.84,3284,14.6,0014.8
,,,,,20:44:56,1.84,3298,14.6,0014.5
,,,,,20:44:57,1.83,3313,14.6,0014.7
,,,,,20:44:58,1.83,3327,14.6,0014.9
,,,,,20:44:59,1.83,3342,14.5,0015.1
,,,,,20:45:00,1.84,3356,14.6,0014.9
,,,,,20:45:01,1.84,3371,14.6,0014.5
,,,,,20:45:02,1.84,3386,14.6,0014.9
,,,,,20:45:03,1.85,3400,14.6,0014.6
,,,,,20:45:04,1.85,3415,14.5,0014.7
,,,,,20:45:05,1.85,3429,14.6,0014.3
,,,,,20:45:06,1.85,3444,14.7,0014.8
,,,,,20:45:07,1.85,3458,14.5,0015.1
,,,,,20:45:08,1.85,3473,14.6,0014.7
,,,,,20:45:09,1.86,3487,14.6,0014.4
,,,,,20:45:10,1.86,3502,14.5,0014.9
,,,,,20:45:11,1.86,3516,14.7,0015.4
,,,,,20:45:12,1.87,3531,14.5,0015.0
,,,,,20:45:13,1.87,3546,14.6,0014.7
,,,,,20:45:14,1.87,3560,14.7,0014.7
,,,,,20:45:15,1.88,3575,14.5,0014.9
,,,,,20:45:16,1.88,3589,14.6,0014.6
,,,,,20:45:17,1.88,3604,14.5,0014.6
,,,,,20:45:18,1.88,3618,14.6,0015.3
,,,,,20:45:19,1.88,3633,14.7,0014.7
,,,,,20:45:20,1.88,3648,14.5,0014.2
,,,,,20:45:21,1.88,3662,14.6,0014.3
,,,,,20:45:22,1.88,3677,14.6,0014.7
,,,,,20:45:23,1.88,3691,14.5,0015.1
,,,,,20:45:24,1.88,3706,14.7,0015.3
,,,,,20:45:25,1.88,3720,14.5,0014.6
,,,,,20:45:26,1.89,3735,14.6,0014.1
,,,,,20:45:27,1.88,3749,14.6,0015.1
,,,,,20:45:28,1.88,3764,14.5,0015.4
,,,,,20:45:29,1.88,3778,14.7,0015.3
,,,,,20:45:30,1.88,3793,14.6,0014.9
,,,,,20:45:31,1.87,3808,14.5,0014.8
,,,,,20:45:32,1.87,3822,14.6,0014.7
,,,,,20:45:33,1.87,3837,14.5,0015.3
,,,,,20:45:34,1.87,3851,14.7,0015.4
,,,,,20:45:35,1.87,3866,14.5,0015.1
,,,,,20:45:36,1.87,3880,14.6,0014.9
,,,,,20:45:37,1.87,3895,14.6,0014.6
,,,,,20:45:38,1.87,3909,14.5,0015.1
,,,,,20:45:39,1.87,3924,14.6,0015.6
,,,,,20:45:40,1.87,3938,14.6,0015.5
,,,,,20:45:41,1.87,3953,14.6,0014.9
,,,,,20:45:42,1.87,3968,14.5,0014.5
,,,,,20:45:43,1.87,3982,14.6,0015.2
,,,,,20:45:44,1.87,3997,14.5,0015.4
,,,,,20:45:45,1.88,4011,14.7,0015.6
,,,,,20:45:46,1.88,4026,14.5,0015.2
,,,,,20:45:47,1.88,4040,14.6,0014.7
,,,,,20:45:48,1.87,4055,14.5,0015.2
,,,,,20:45:49,1.87,4069,14.6,0014.4
,,,,,20:45:50,1.87,4084,14.5,0015.1
,,,,,20:45:51,1.88,4098,14.7,0015.2
,,,,,20:45:52,1.88,4113,14.5,0015.8
,,,,,20:45:53,1.88,4127,14.6,0015.5
,,,,,20:45:54,1.88,4142,14.6,0014.9
,,,,,20:45:55,1.88,4157,14.5,0015.1
,,,,,20:45:56,1.87,4171,14.6,0015.4
,,,,,20:45:57,1.88,4186,14.6,0016.0
,,,,,20:45:58,1.88,4200,14.6,0015.7
,,,,,20:45:59,1.88,4215,14.5,0015.4
,,,,,20:46:00,1.88,4229,14.6,0015.8
,,,,,20:46:01,1.88,4244,14.5,0015.4
,,,,,20:46:02,1.88,4258,14.7,0016.2
,,,,,20:46:03,1.87,4273,14.5,0016.0
,,,,,20:46:04,1.87,4287,14.6,0015.0
,,,,,20:46:05,1.87,4302,14.5,0015.6
,,,,,20:46:06,1.87,4316,14.5,0015.0
,,,,,20:46:07,1.87,4331,14.6,0015.4
,,,,,20:46:08,1.87,4345,14.7,0015.6
,,,,,20:46:09,1.88,4360,14.5,0015.6
,,,,,20:46:10,1.88,4375,14.5,0015.7
,,,,,20:46:11,1.88,4389,14.6,0015.6
,,,,,20:46:12,1.88,4404,14.5,0015.5
,,,,,20:46:13,1.88,4418,14.6,0015.8
,,,,,20:46:14,1.88,4433,14.6,0015.6
,,,,,20:46:15,1.88,4447,14.6,0014.9
,,,,,20:46:16,1.87,4462,14.5,0015.6
,,,,,20:46:17,1.87,4476,14.6,0016.1
,,,,,20:46:18,1.87,4491,14.5,0015.6
,,,,,20:46:19,1.87,4505,14.5,0015.4
,,,,,20:46:20,1.87,4520,14.6,0015.1
,,,,,20:46:21,1.87,4534,14.6,0015.5
,,,,,20:46:22,1.87,4549,14.6,0015.8
,,,,,20:46:23,1.87,4564,14.6,0015.9
,,,,,20:46:24,1.87,4578,14.5,0015.8
,,,,,20:46:25,1.87,4593,14.6,0015.2
,,,,,20:46:26,1.87,4607,14.5,0015.4
,,,,,20:46:27,1.87,4622,14.6,0015.0
,,,,,20:46:28,1.88,4636,14.6,0015.4
,,,,,20:46:29,1.88,4651,14.5,0016.4
,,,,,20:46:30,1.88,4665,14.6,0015.7
,,,,,20:46:31,1.88,4680,14.5,0015.8
,,,,,20:46:32,1.88,4694,14.6,0015.6
,,,,,20:46:33,1.88,4709,14.5,0016.2
,,,,,20:46:34,1.88,4723,14.7,0016.6
,,,,,20:46:35,1.88,4738,14.5,0015.7
,,,,,20:46:36,1.87,4752,14.5,0015.8
,,,,,20:46:37,1.87,4767,14.6,0016.1
,,,,,20:46:38,1.87,4781,14.5,0016.1
,,,,,20:46:39,1.87,4796,14.6,0015.7
,,,,,20:46:40,1.87,4810,14.6,0015.9
,,,,,20:46:41,1.87,4825,14.6,0015.3
,,,,,20:46:42,1.87,4840,14.5,0015.7
,,,,,20:46:43,1.87,4854,14.6,0015.9
,,,,,20:46:44,1.87,4869,14.5,0015.8
,,,,,20:46:45,1.88,4883,14.5,0015.9
,,,,,20:46:46,1.88,4898,14.7,0015.4
,,,,,20:46:47,1.88,4912,14.5,0015.6
,,,,,20:46:48,1.88,4927,14.6,0016.3
,,,,,20:46:49,1.88,4941,14.5,0015.8
,,,,,20:46:50,1.88,4956,14.6,0015.3
,,,,,20:46:51,1.88,4970,14.5,0015.4
,,,,,20:46:52,1.88,4985,14.7,0015.8
,,,,,20:46:53,1.87,4999,14.5,0015.9
,,,,,20:46:54,1.88,5014,14.6,0015.4
,,,,,20:46:55,1.88,5028,14.5,0015.6
,,,,,20:46:56,1.87,5043,14.7,0015.3
,,,,,20:46:57,1.87,5058,14.5,0015.4
,,,,,20:46:58,1.87,5072,14.5,0015.6
,,,,,20:46:59,1.87,5087,14.6,0015.5
,,,,,20:47:00,1.87,5101,14.5,0015.3
,,,,,20:47:01,1.87,5116,14.6,0015.8
,,,,,20:47:02,1.87,5130,14.5,0015.7
,,,,,20:47:03,1.87,5145,14.7,0015.9
,,,,,20:47:04,1.86,5159,14.5,0015.6
,,,,,20:47:05,1.86,5174,14.6,0015.8
,,,,,20:47:06,1.86,5188,14.5,0016.1
,,,,,20:47:07,1.86,5203,14.5,0015.1
,,,,,20:47:08,1.86,5217,14.6,0015.0
,,,,,20:47:09,1.86,5232,14.6,0016.3
,,,,,20:47:10,1.86,5246,14.6,0016.2
,,,,,20:47:11,1.86,5261,14.5,0016.0
,,,,,20:47:12,1.86,5275,14.6,0015.8
,,,,,20:47:13,1.86,5290,14.5,0015.9
,,,,,20:47:14,1.86,5304,14.5,0016.2
,,,,,20:47:15,1.86,5319,14.7,0016.5
,,,,,20:47:16,1.86,5334,14.5,0016.2
,,,,,20:47:17,1.86,5348,14.6,0016.0
,,,,,20:47:18,1.86,5363,14.5,0015.9
,,,,,20:47:19,1.87,5377,14.5,0015.9
,,,,,20:47:20,1.87,5391,14.6,0016.5
,,,,,20:47:21,1.87,5406,14.5,0016.1
,,,,,20:47:22,1.87,5421,14.7,0015.4
,,,,,20:47:23,1.87,5435,14.5,0015.8
,,,,,20:47:24,1.86,5450,14.5,0015.9
,,,,,20:47:25,1.86,5464,14.6,0016.2
,,,,,20:47:26,1.86,5479,14.5,0016.2
,,,,,20:47:27,1.87,5493,14.5,0015.6
,,,,,20:47:28,1.87,5508,14.6,0016.3
,,,,,20:47:29,1.87,5522,14.6,0016.3
,,,,,20:47:30,1.86,5537,14.5,0016.2
,,,,,20:47:31,1.86,5551,14.6,0015.6
,,,,,20:47:32,1.87,5566,14.5,0016.3
,,,,,20:47:33,1.87,5580,14.6,0015.8
,,,,,20:47:34,1.87,5595,14.5,0015.2
,,,,,20:47:35,1.86,5609,14.6,0015.4
,,,,,20:47:36,1.86,5624,14.6,0016.6
,,,,,20:47:37,1.86,5638,14.5,0016.6
,,,,,20:47:38,1.86,5653,14.5,0016.2
,,,,,20:47:39,1.86,5667,14.6,0015.8
,,,,,20:47:40,1.86,5682,14.5,0016.0
,,,,,20:47:41,1.86,5696,14.6,0015.8
,,,,,20:47:42,1.86,5711,14.6,0015.8
,,,,,20:47:43,1.86,5726,14.5,0015.5
,,,,,20:47:44,1.86,5740,14.6,0015.6
,,,,,20:47:45,1.86,5755,14.5,0015.8
,,,,,20:47:46,1.86,5769,14.5,0015.8
,,,,,20:47:47,1.86,5783,14.6,0015.7
,,,,,20:47:48,1.86,5798,14.6,0016.2
,,,,,20:47:49,1.86,5813,14.6,0015.6
,,,,,20:47:50,1.85,5827,14.5,0015.8
,,,,,20:47:51,1.85,5842,14.5,0015.9
,,,,,20:47:52,1.85,5856,14.6,0015.5
,,,,,20:47:53,1.85,5871,14.5,0016.1
,,,,,20:47:54,1.85,5885,14.5,0016.5
,,,,,20:47:55,1.84,5900,14.7,0015.9
,,,,,20:47:56,1.84,5914,14.5,0015.8
,,,,,20:47:57,1.84,5929,14.5,0016.3
,,,,,20:47:58,1.84,5943,14.6,0016.3
,,,,,20:47:59,1.84,5958,14.5,0016.5
,,,,,20:48:00,1.84,5972,14.6,0015.7
,,,,,20:48:01,1.84,5987,14.6,0016.4
,,,,,20:48:02,1.83,6001,14.6,0016.8
,,,,,20:48:03,1.83,6016,14.5,0015.9
,,,,,20:48:04,1.83,6030,14.5,0015.2
,,,,,20:48:05,1.83,6045,14.6,0016.0
,,,,,20:48:06,1.83,6059,14.5,0016.2
,,,,,20:48:07,1.83,6074,14.5,0016.4
,,,,,20:48:08,1.84,6088,14.7,0016.0
,,,,,20:48:09,1.84,6103,14.5,0015.7
,,,,,20:48:10,1.84,6117,14.5,0016.0
,,,,,20:48:11,1.84,6132,14.6,0016.5
,,,,,20:48:12,1.84,6147,14.5,0016.2
,,,,,20:48:13,1.84,6161,14.5,0015.6
,,,,,20:48:14,1.85,6175,14.6,0015.5
,,,,,20:48:15,1.85,6190,14.6,0015.4
,,,,,20:48:16,1.85,6205,14.6,0016.6
,,,,,20:48:17,1.86,6219,14.5,0016.2
,,,,,20:48:18,1.86,6234,14.6,0016.1
,,,,,20:48:19,1.87,6248,14.5,0016.1
,,,,,20:48:20,1.87,6263,14.5,0016.0
,,,,,20:48:21,1.87,6277,14.6,0015.9
,,,,,20:48:22,1.88,6292,14.6,0015.8
,,,,,20:48:23,1.88,6306,14.6,0015.8
,,,,,20:48:24,1.88,6321,14.5,0016.1
,,,,,20:48:25,1.88,6335,14.5,0016.1
,,,,,20:48:26,1.88,6350,14.6,0015.7
,,,,,20:48:27,1.88,6364,14.5,0015.9
,,,,,20:48:28,1.88,6379,14.7,0016.1
,,,,,20:48:29,1.88,6393,14.5,0016.0
,,,,,20:48:30,1.88,6408,14.6,0015.6
,,,,,20:48:31,1.88,6422,14.5,0015.9
,,,,,20:48:32,1.87,6437,14.5,0016.0
,,,,,20:48:33,1.87,6451,14.6,0016.2
,,,,,20:48:34,1.87,6466,14.5,0015.8
,,,,,20:48:35,1.87,6480,14.6,0015.5
,,,,,20:48:36,1.88,6495,14.6,0015.4
,,,,,20:48:37,1.88,6510,14.5,0016.4
,,,,,20:48:38,1.89,6524,14.6,0016.0
,,,,,20:48:39,1.89,6539,14.5,0015.5
,,,,,20:48:40,1.89,6553,14.6,0015.6
,,,,,20:48:41,1.89,6568,14.5,0016.2
,,,,,20:48:42,1.89,6582,14.5,0016.1
,,,,,20:48:43,1.89,6597,14.7,0015.7
,,,,,20:48:44,1.88,6611,14.5,0015.1
,,,,,20:48:45,1.88,6626,14.6,0015.6
,,,,,20:48:46,1.88,6640,14.5,0016.6
,,,,,20:48:47,1.88,6655,14.5,0015.9
,,,,,20:48:48,1.88,6669,14.6,0015.5
,,,,,20:48:49,1.87,6684,14.5,0015.5
,,,,,20:48:50,1.87,6698,14.7,0015.6
,,,,,20:48:51,1.86,6713,14.5,0015.9
,,,,,20:48:52,1.85,6727,14.5,0016.1
,,,,,20:48:53,1.85,6742,14.6,0016.0
,,,,,20:48:54,1.84,6756,14.5,0016.2
,,,,,20:48:55,1.84,6771,14.5,0015.8
,,,,,20:48:56,1.84,6785,14.6,0015.6
,,,,,20:48:57,1.85,6800,14.6,0015.9
,,,,,20:48:58,1.85,6814,14.6,0015.9
,,,,,20:48:59,1.86,6829,14.5,0016.1
,,,,,20:49:00,1.86,6843,14.5,0016.4
,,,,,20:49:01,1.87,6858,14.6,0015.7
,,,,,20:49:02,1.87,6872,14.5,0016.4
,,,,,20:49:03,1.88,6887,14.5,0016.6
,,,,,20:49:04,1.88,6901,14.7,0015.4
,,,,,20:49:05,1.88,6916,14.5,0015.1
,,,,,20:49:06,1.88,6931,14.6,0015.8
,,,,,20:49:07,1.89,6945,14.5,0016.5
,,,,,20:49:08,1.89,6960,14.5,0016.5
,,,,,20:49:09,1.90,6974,14.6,0016.3
,,,,,20:49:10,1.90,6989,14.5,0016.2
,,,,,20:49:11,1.89,7003,14.5,0016.2
,,,,,20:49:12,1.89,7018,14.7,0016.2
,,,,,20:49:13,1.89,7032,14.5,0015.5
,,,,,20:49:14,1.89,7047,14.6,0015.7
,,,,,20:49:15,1.89,7061,14.5,0015.8
,,,,,20:49:16,1.89,7076,14.5,0016.3
,,,,,20:49:17,1.90,7090,14.6,0016.2
,,,,,20:49:18,1.90,7105,14.6,0015.6
,,,,,20:49:19,1.91,7119,14.6,0015.9
,,,,,20:49:20,1.91,7134,14.5,0015.6
,,,,,20:49:21,1.90,7148,14.5,0015.5
,,,,,20:49:22,1.90,7163,14.6,0016.1
,,,,,20:49:23,1.90,7177,14.6,0015.7
,,,,,20:49:24,1.90,7192,14.5,0015.8
,,,,,20:49:25,1.89,7206,14.6,0016.0
,,,,,20:49:26,1.89,7221,14.6,0015.8
,,,,,20:49:27,1.88,7236,14.5,0015.9
,,,,,20:49:28,1.88,7250,14.5,0016.1
,,,,,20:49:29,1.88,7264,14.6,0016.2
,,,,,20:49:30,1.88,7279,14.5,0016.3
,,,,,20:49:31,1.88,7293,14.6,0016.2
,,,,,20:49:32,1.88,7308,14.6,0016.1
,,,,,20:49:33,1.88,7323,14.5,0016.5
,,,,,20:49:34,1.89,7337,14.6,0016.1
,,,,,20:49:35,1.88,7352,14.5,0015.1
,,,,,20:49:36,1.88,7366,14.6,0015.6
,,,,,20:49:37,1.87,7381,14.5,0016.1
,,,,,20:49:38,1.87,7395,14.6,0016.4
,,,,,20:49:39,1.86,7410,14.6,0016.2
,,,,,20:49:40,1.86,7424,14.5,0015.5
,,,,,20:49:41,1.86,7439,14.6,0015.7
,,,,,20:49:42,1.87,7453,14.5,0016.4
,,,,,20:49:43,1.88,7468,14.6,0016.9
,,,,,20:49:44,1.88,7482,14.5,0016.3
,,,,,20:49:45,1.89,7497,14.6,0015.7
,,,,,20:49:46,1.89,7511,14.5,0015.8
,,,,,20:49:47,1.90,7526,14.6,0016.5
,,,,,20:49:48,1.90,7540,14.6,0016.7
,,,,,20:49:49,1.90,7555,14.5,0015.9
,,,,,20:49:50,1.90,7569,14.5,0015.4
,,,,,20:49:51,1.89,7584,14.5,0016.0
,,,,,20:49:52,1.89,7598,14.6,0015.8
,,,,,20:49:53,1.88,7613,14.5,0016.1
,,,,,20:49:54,1.87,7627,14.6,0015.9
,,,,,20:49:55,1.87,7642,14.6,0015.9
,,,,,20:49:56,1.86,7657,14.5,0016.2
,,,,,20:49:57,1.87,7671,14.6,0016.3
,,,,,20:49:58,1.87,7686,14.5,0015.8
,,,,,20:49:59,1.88,7700,14.6,0016.1
,,,,,20:50:00,1.89,7715,14.5,0016.1
,,,,,20:50:01,1.89,7729,14.5,0015.8
,,,,,20:50:02,1.89,7743,14.6,0015.5
,,,,,20:50:03,1.89,7758,14.6,0016.5
,,,,,20:50:04,1.89,7773,14.5,0016.1
,,,,,20:50:05,1.88,7787,14.6,0016.2
,,,,,20:50:06,1.88,7802,14.5,0016.0
,,,,,20:50:07,1.89,7816,14.5,0016.2
,,,,,20:50:08,1.89,7831,14.6,0015.9
,,,,,20:50:09,1.90,7845,14.5,0015.8
,,,,,20:50:10,1.90,7860,14.6,0015.4
,,,,,20:50:11,1.91,7874,14.6,0016.3
,,,,,20:50:12,1.90,7889,14.5,0016.1
,,,,,20:50:13,1.90,7903,14.6,0015.9
,,,,,20:50:14,1.89,7918,14.5,0015.6
,,,,,20:50:15,1.89,7932,14.5,0015.9
,,,,,20:50:16,1.88,7947,14.6,0015.9
,,,,,20:50:17,1.87,7961,14.5,0016.6
,,,,,20:50:18,1.86,7976,14.6,0016.1
,,,,,20:50:19,1.86,7990,14.6,0015.8
,,,,,20:50:20,1.86,8005,14.5,0016.2
,,,,,20:50:21,1.87,8019,14.6,0016.0
,,,,,20:50:22,1.87,8034,14.5,0016.2
,,,,,20:50:23,1.88,8048,14.5,0015.9
,,,,,20:50:24,1.88,8063,14.6,0014.9
,,,,,20:50:25,1.89,8077,14.6,0015.8
,,,,,20:50:26,1.90,8092,14.5,0016.6
,,,,,20:50:27,1.90,8106,14.6,0016.3
,,,,,20:50:28,1.90,8121,14.5,0016.3
,,,,,20:50:29,1.89,8135,14.5,0016.2
,,,,,20:50:30,1.89,8150,14.6,0015.3
,,,,,20:50:31,1.88,8164,14.5,0016.0
,,,,,20:50:32,1.88,8179,14.6,0015.6
,,,,,20:50:33,1.87,8193,14.5,0015.6
,,,,,20:50:34,1.87,8208,14.6,0016.1
,,,,,20:50:35,1.86,8223,14.6,0016.2
,,,,,20:50:36,1.85,8237,14.5,0016.1
,,,,,20:50:37,1.85,8252,14.6,0016.5
,,,,,20:50:38,1.84,8266,14.5,0015.5
,,,,,20:50:39,1.85,8281,14.6,0015.3
,,,,,20:50:40,1.86,8295,14.5,0016.1
,,,,,20:50:41,1.87,8310,14.6,0016.6
,,,,,20:50:42,1.87,8324,14.5,0016.3
,,,,,20:50:43,1.88,8339,14.6,0015.4
,,,,,20:50:44,1.88,8353,14.6,0015.6
,,,,,20:50:45,1.88,8368,14.5,0015.5
,,,,,20:50:46,1.89,8382,14.6,0016.2
,,,,,20:50:47,1.89,8397,14.5,0016.9
,,,,,20:50:48,1.89,8411,14.5,0016.1
,,,,,20:50:49,1.89,8426,14.6,0015.4
,,,,,20:50:50,1.89,8440,14.5,0016.1
,,,,,20:50:51,1.89,8455,14.7,0016.0
,,,,,20:50:52,1.90,8469,14.5,0016.3
,,,,,20:50:53,1.89,8484,14.6,0015.3
,,,,,20:50:54,1.89,8498,14.5,0015.8
,,,,,20:50:55,1.88,8513,14.6,0016.7
,,,,,20:50:56,1.88,8527,14.5,0015.9
,,,,,20:50:57,1.89,8542,14.5,0015.2
,,,,,20:50:58,1.90,8556,14.6,0015.2
,,,,,20:50:59,1.90,8571,14.7,0015.5
,,,,,20:51:00,1.90,8586,14.5,0016.1
,,,,,20:51:01,1.90,8600,14.5,0016.0
,,,,,20:51:02,1.90,8615,14.6,0015.8
,,,,,20:51:03,1.89,8629,14.5,0015.8
,,,,,20:51:04,1.88,8644,14.6,0015.9
,,,,,20:51:05,1.88,8658,14.5,0016.1
,,,,,20:51:06,1.87,8673,14.7,0015.8
,,,,,20:51:07,1.86,8687,14.5,0015.5
,,,,,20:51:08,1.86,8702,14.6,0015.9
,,,,,20:51:09,1.86,8716,14.5,0016.3
,,,,,20:51:10,1.86,8731,14.5,0015.9
,,,,,20:51:11,1.87,8745,14.6,0016.0
,,,,,20:51:12,1.87,8760,14.5,0015.8
,,,,,20:51:13,1.87,8774,14.6,0015.8
,,,,,20:51:14,1.87,8789,14.6,0015.8
,,,,,20:51:15,1.87,8803,14.6,0015.9
,,,,,20:51:16,1.88,8818,14.5,0016.5
,,,,,20:51:17,1.88,8832,14.5,0016.3
,,,,,20:51:18,1.89,8847,14.6,0016.2
,,,,,20:51:19,1.90,8861,14.5,0016.0
,,,,,20:51:20,1.90,8876,14.6,0016.1
,,,,,20:51:21,1.90,8891,14.5,0016.1
,,,,,20:51:22,1.91,8905,14.7,0015.3
,,,,,20:51:23,1.92,8920,14.5,0015.4
,,,,,20:51:24,1.92,8934,14.6,0015.9
,,,,,20:51:25,1.92,8949,14.5,0015.8
,,,,,20:51:26,1.91,8963,14.6,0015.9
,,,,,20:51:27,1.91,8978,14.5,0015.8
,,,,,20:51:28,1.92,8992,14.5,0015.0
,,,,,20:51:29,1.91,9007,14.6,0016.5
,,,,,20:51:30,1.91,9021,14.6,0016.1
,,,,,20:51:31,1.92,9036,14.6,0015.7
,,,,,20:51:32,1.93,9050,14.5,0015.7
,,,,,20:51:33,1.93,9065,14.6,0015.8
,,,,,20:51:34,1.94,9079,14.5,0015.9
,,,,,20:51:35,1.94,9094,14.5,0016.6
,,,,,20:51:36,1.94,9108,14.6,0016.1
,,,,,20:51:37,1.94,9123,14.6,0015.5
,,,,,20:51:38,1.93,9137,14.5,0015.7
,,,,,20:51:39,1.93,9152,14.6,0015.8
,,,,,20:51:40,1.93,9166,14.5,0016.2
,,,,,20:51:41,1.92,9181,14.6,0015.8
,,,,,20:51:42,1.92,9195,14.5,0015.5
,,,,,20:51:43,1.93,9210,14.5,0016.1
,,,,,20:51:44,1.93,9224,14.6,0016.4
,,,,,20:51:45,1.93,9239,14.5,0015.9
,,,,,20:51:46,1.94,9253,14.7,0015.7
,,,,,20:51:47,1.94,9268,14.5,0015.3
,,,,,20:51:48,1.94,9283,14.5,0015.8
,,,,,20:51:49,1.94,9297,14.6,0015.4
,,,,,20:51:50,1.93,9312,14.5,0016.3
,,,,,20:51:51,1.93,9326,14.6,0016.2
,,,,,20:51:52,1.93,9341,14.5,0015.9
,,,,,20:51:53,1.92,9355,14.5,0016.2
,,,,,20:51:54,1.92,9370,14.6,0015.9
,,,,,20:51:55,1.91,9384,14.6,0015.7
,,,,,20:51:56,1.90,9399,14.6,0016.2
,,,,,20:51:57,1.90,9413,14.5,0016.2
,,,,,20:51:58,1.89,9428,14.5,0016.1
,,,,,20:51:59,1.88,9442,14.6,0015.9
,,,,,20:52:00,1.88,9457,14.5,0016.5
,,,,,20:52:01,1.88,9471,14.5,0015.9
,,,,,20:52:02,1.89,9486,14.6,0016.2
,,,,,20:52:03,1.90,9500,14.5,0016.0
,,,,,20:52:04,1.90,9515,14.7,0016.5
,,,,,20:52:05,1.91,9529,14.5,0016.3
,,,,,20:52:06,1.91,9544,14.5,0015.7
,,,,,20:52:07,1.90,9558,14.5,0016.2
,,,,,20:52:08,1.89,9573,14.6,0016.2
,,,,,20:52:09,1.89,9587,14.5,0016.3
,,,,,20:52:10,1.88,9602,14.5,0016.5
,,,,,20:52:11,1.88,9616,14.6,0015.9
,,,,,20:52:12,1.87,9631,14.5,0015.8
,,,,,20:52:13,1.86,9645,14.5,0016.2
,,,,,20:52:14,1.86,9660,14.6,0016.0
,,,,,20:52:15,1.87,9674,14.6,0015.6
,,,,,20:52:16,1.87,9689,14.6,0016.1
,,,,,20:52:17,1.88,9703,14.5,0016.1
,,,,,20:52:18,1.89,9718,14.5,0015.4
,,,,,20:52:19,1.89,9732,14.5,0015.5
,,,,,20:52:20,1.90,9747,14.6,0015.7
,,,,,20:52:21,1.91,9761,14.5,0015.6
,,,,,20:52:22,1.91,9776,14.5,0015.8
,,,,,20:52:23,1.92,9790,14.6,0015.8
,,,,,20:52:24,1.92,9805,14.6,0015.5
,,,,,20:52:25,1.91,9819,14.6,0016.2
,,,,,20:52:26,1.91,9834,14.5,0015.7
,,,,,20:52:27,1.92,9848,14.5,0015.8
,,,,,20:52:28,1.92,9863,14.6,0016.0
,,,,,20:52:29,1.92,9877,14.5,0015.9
,,,,,20:52:30,1.93,9892,14.6,0015.1
,,,,,20:52:31,1.93,9907,14.6,0015.5
,,,,,20:52:32,1.93,9921,14.6,0016.4
,,,,,20:52:33,1.93,9936,14.5,0016.6
,,,,,20:52:34,1.93,9950,14.5,0015.8
,,,,,20:52:35,1.93,9965,14.6,0015.1
,,,,,20:52:36,1.92,9979,14.5,0016.5
,,,,,20:52:37,1.92,9994,14.5,0016.5
,,,,,20:52:38,1.92,10008,14.6,0016.5
,,,,,20:52:39,1.91,10023,14.5,0016.0
,,,,,20:52:40,1.90,10037,14.6,0015.9
,,,,,20:52:41,1.90,10052,14.6,0016.2
,,,,,20:52:42,1.89,10066,14.5,0016.0
,,,,,20:52:43,1.88,10081,14.6,0015.9
,,,,,20:52:44,1.87,10095,14.5,0015.7
,,,,,20:52:45,1.87,10110,14.5,0016.2
,,,,,20:52:46,1.87,10124,14.6,0016.6
,,,,,20:52:47,1.88,10139,14.5,0016.5
,,,,,20:52:48,1.89,10153,14.5,0015.8
,,,,,20:52:49,1.89,10168,14.7,0015.9
,,,,,20:52:50,1.90,10182,14.5,0016.5
,,,,,20:52:51,1.90,10197,14.5,0016.3
,,,,,20:52:52,1.90,10211,14.6,0016.2
,,,,,20:52:53,1.90,10226,14.5,0016.2
,,,,,20:52:54,1.90,10240,14.6,0016.1
,,,,,20:52:55,1.90,10255,14.5,0016.2
,,,,,20:52:56,1.89,10269,14.5,0016.2
,,,,,20:52:57,1.89,10284,14.6,0015.8
,,,,,20:52:58,1.88,10298,14.5,0015.9
,,,,,20:52:59,1.87,10313,14.7,0016.2
,,,,,20:53:00,1.87,10328,14.5,0016.6
,,,,,20:53:01,1.87,10342,14.5,0016.1
,,,,,20:53:02,1.88,10356,14.6,0015.9
,,,,,20:53:03,1.89,10371,14.5,0016.2
,,,,,20:53:04,1.89,10385,14.6,0015.7
,,,,,20:53:05,1.90,10400,14.5,0016.0
,,,,,20:53:06,1.90,10414,14.5,0016.5
,,,,,20:53:07,1.90,10429,14.6,0016.2
,,,,,20:53:08,1.90,10443,14.6,0015.5
,,,,,20:53:09,1.89,10458,14.5,0015.6
,,,,,20:53:10,1.89,10473,14.6,0016.5
,,,,,20:53:11,1.88,10487,14.5,0016.6
,,,,,20:53:12,1.88,10502,14.6,0015.7
,,,,,20:53:13,1.87,10516,14.5,0015.9
,,,,,20:53:14,1.86,10531,14.6,0015.6
,,,,,20:53:15,1.85,10545,14.5,0016.5
,,,,,20:53:16,1.85,10560,14.6,0015.9
,,,,,20:53:17,1.85,10574,14.6,0015.6
,,,,,20:53:18,1.86,10589,14.5,0015.2
,,,,,20:53:19,1.87,10603,14.6,0015.7
,,,,,20:53:20,1.88,10618,14.5,0016.2
,,,,,20:53:21,1.88,10632,14.5,0015.8
,,,,,20:53:22,1.88,10647,14.6,0016.2
,,,,,20:53:23,1.89,10661,14.5,0015.6
,,,,,20:53:24,1.90,10676,14.7,0015.9
,,,,,20:53:25,1.90,10690,14.5,0016.9
,,,,,20:53:26,1.89,10705,14.5,0016.1
,,,,,20:53:27,1.89,10719,14.6,0015.8
,,,,,20:53:28,1.88,10734,14.5,0015.5
,,,,,20:53:29,1.87,10748,14.6,0016.3
,,,,,20:53:30,1.86,10763,14.5,0016.5
,,,,,20:53:31,1.86,10777,14.6,0015.8
,,,,,20:53:32,1.87,10792,14.6,0015.8
,,,,,20:53:33,1.88,10807,14.6,0015.5
,,,,,20:53:34,1.89,10821,14.7,0014.9
,,,,,20:53:35,1.89,10836,14.3,0016.7
,,,,,20:53:36,1.90,10850,14.6,0015.0
,,,,,20:53:37,1.90,10865,14.5,0015.2
,,,,,20:53:38,1.90,10879,14.5,0016.2
,,,,,20:53:39,1.90,10894,14.7,0016.2
,,,,,20:53:40,1.91,10908,14.5,0016.1
,,,,,20:53:41,1.90,10923,14.6,0015.8
,,,,,20:53:42,1.90,10937,14.5,0015.7
,,,,,20:53:43,1.89,10952,14.6,0016.3
,,,,,20:53:44,1.89,10966,14.5,0016.1
,,,,,20:53:45,1.88,10981,14.6,0016.4
,,,,,20:53:46,1.89,10995,14.5,0015.6
,,,,,20:53:47,1.89,11010,14.5,0015.8
,,,,,20:53:48,1.88,11024,14.7,0015.8
,,,,,20:53:49,1.88,11039,14.5,0016.1
,,,,,20:53:50,1.88,11053,14.6,0016.7
,,,,,20:53:51,1.88,11068,14.5,0016.1
,,,,,20:53:52,1.87,11082,14.5,0015.9
,,,,,20:53:53,1.87,11097,14.6,0015.8
,,,,,20:53:54,1.87,11111,14.5,0015.8
,,,,,20:53:55,1.87,11126,14.6,0016.5
,,,,,20:53:56,1.87,11141,14.6,0015.7
,,,,,20:53:57,1.87,11155,14.5,0015.9
,,,,,20:53:58,1.87,11170,14.6,0015.9
,,,,,20:53:59,1.88,11184,14.6,0016.3
,,,,,20:54:00,1.88,11199,14.5,0015.7
,,,,,20:54:01,1.88,11213,14.5,0014.9
,,,,,20:54:02,1.89,11228,14.6,0015.0
,,,,,20:54:03,1.89,11242,14.5,0016.0
,,,,,20:54:04,1.89,11257,14.7,0016.6
,,,,,20:54:05,1.89,11271,14.5,0016.0
,,,,,20:54:06,1.89,11286,14.5,0015.8
,,,,,20:54:07,1.89,11300,14.6,0015.8
,,,,,20:54:08,1.89,11315,14.5,0015.6
,,,,,20:54:09,1.88,11329,14.6,0015.5
,,,,,20:54:10,1.88,11344,14.5,0015.6
,,,,,20:54:11,1.88,11358,14.5,0015.6
,,,,,20:54:12,1.88,11373,14.6,0015.8
,,,,,20:54:13,1.88,11387,14.6,0015.6
,,,,,20:54:14,1.88,11402,14.6,0015.9
,,,,,20:54:15,1.87,11416,14.5,0015.8
,,,,,20:54:16,1.87,11431,14.5,0015.5
,,,,,20:54:17,1.87,11445,14.6,0016.2
,,,,,20:54:18,1.87,11460,14.5,0016.2
,,,,,20:54:19,1.87,11474,14.6,0015.8
,,,,,20:54:20,1.87,11489,14.5,0015.9
,,,,,20:54:21,1.86,11503,14.7,0015.6
,,,,,20:54:22,1.86,11518,14.5,0015.6
,,,,,20:54:23,1.86,11533,14.6,0015.8
,,,,,20:54:24,1.86,11547,14.5,0015.6
,,,,,20:54:25,1.85,11562,14.5,0016.1
,,,,,20:54:26,1.85,11576,14.6,0016.3
,,,,,20:54:27,1.85,11591,14.5,0016.1
,,,,,20:54:28,1.85,11605,14.6,0015.8
,,,,,20:54:29,1.85,11620,14.7,0015.5
,,,,,20:54:30,1.85,11634,14.5,0016.2
,,,,,20:54:31,1.85,11649,14.5,0015.8
,,,,,20:54:32,1.84,11663,14.6,0015.6
,,,,,20:54:33,1.83,11678,14.5,0016.0
,,,,,20:54:34,1.83,11692,14.6,0016.2
,,,,,20:54:35,1.83,11707,14.5,0015.9
,,,,,20:54:36,1.82,11721,14.8,0013.2
,,,,,20:54:37,1.82,11736,14.5,0014.5
,,,,,20:54:38,1.81,11751,14.5,0015.6
,,,,,20:54:39,1.81,11765,14.6,0016.4
,,,,,20:54:40,1.81,11780,14.5,0015.8
,,,,,20:54:41,1.80,11794,14.5,0015.8
,,,,,20:54:42,1.80,11809,14.6,0015.7
,,,,,20:54:43,1.79,11823,14.5,0015.8
,,,,,20:54:44,1.79,11838,14.7,0015.3
,,,,,20:54:45,1.79,11852,14.5,0014.1
,,,,,20:54:46,1.79,11867,14.6,0014.6
,,,,,20:54:47,1.79,11881,14.5,0016.2
,,,,,20:54:48,1.79,11896,14.6,0016.1
,,,,,20:54:49,1.79,11910,14.5,0015.3
,,,,,20:54:50,1.80,11925,14.6,0014.6
,,,,,20:54:51,1.80,11939,14.5,0015.5
,,,,,20:54:52,1.79,11954,14.7,0016.1
,,,,,20:54:53,1.79,11968,14.6,0015.5
,,,,,20:54:54,1.79,11983,14.5,0015.5
,,,,,20:54:55,1.79,11998,14.5,0015.4
,,,,,20:54:56,1.79,12012,14.6,0014.9
,,,,,20:54:57,1.79,12027,14.5,0015.0
,,,,,20:54:58,1.79,12041,14.6,0015.2
,,,,,20:54:59,1.79,12056,14.6,0014.8
,,,,,20:55:00,1.79,12070,14.6,0014.6
,,,,,20:55:01,1.79,12085,14.6,0014.9
,,,,,20:55:02,1.79,12099,14.5,0015.3
,,,,,20:55:03,1.79,12114,14.6,0015.5
,,,,,20:55:04,1.79,12128,14.5,0014.7
,,,,,20:55:05,1.79,12143,14.5,0014.3
,,,,,20:55:06,1.79,12157,14.6,0014.4
,,,,,20:55:07,1.79,12172,14.5,0014.9
,,,,,20:55:08,1.79,12186,14.7,0015.0
,,,,,20:55:09,1.79,12201,14.6,0014.9
,,,,,20:55:10,1.79,12215,14.5,0014.6
,,,,,20:55:11,1.79,12230,14.5,0014.7
,,,,,20:55:12,1.79,12244,14.6,0015.4
,,,,,20:55:13,1.79,12259,14.5,0015.0
,,,,,20:55:14,1.79,12273,14.7,0014.7
,,,,,20:55:15,1.79,12288,14.5,0014.5
,,,,,20:55:16,1.79,12303,14.6,0015.0
,,,,,20:55:17,1.79,12317,14.5,0015.0
,,,,,20:55:18,1.79,12332,14.5,0014.9
,,,,,20:55:19,1.79,12346,14.6,0014.2
,,,,,20:55:20,1.79,12361,14.5,0014.7
,,,,,20:55:21,1.79,12375,14.6,0015.3
,,,,,20:55:22,1.79,12390,14.5,0014.7
,,,,,20:55:23,1.80,12404,14.5,0014.3
,,,,,20:55:24,1.80,12419,14.7,0015.2
,,,,,20:55:25,1.80,12433,14.5,0014.8
,,,,,20:55:26,1.80,12448,14.6,0015.1
,,,,,20:55:27,1.79,12462,14.5,0015.0
,,,,,20:55:28,1.79,12477,14.6,0014.7
,,,,,20:55:29,1.79,12491,14.5,0015.5
,,,,,20:55:30,1.79,12506,14.6,0015.5
,,,,,20:55:31,1.79,12520,14.5,0014.8
,,,,,20:55:32,1.79,12535,14.5,0015.0
,,,,,20:55:33,1.79,12549,14.7,0015.1
,,,,,20:55:34,1.79,12564,14.5,0015.3
,,,,,20:55:35,1.80,12578,14.6,0014.8
,,,,,20:55:36,1.80,12593,14.5,0015.3
,,,,,20:55:37,1.80,12607,14.5,0015.6
,,,,,20:55:38,1.80,12622,14.6,0014.9
,,,,,20:55:39,1.80,12636,14.5,0014.3
,,,,,20:55:40,1.80,12651,14.7,0014.7
,,,,,20:55:41,1.80,12666,14.5,0015.4
,,,,,20:55:42,1.80,12680,14.6,0015.5
,,,,,20:55:43,1.80,12695,14.5,0015.3
,,,,,20:55:44,1.80,12709,14.6,0014.4
,,,,,20:55:45,1.80,12724,14.5,0014.5
,,,,,20:55:46,1.80,12738,14.6,0015.2
,,,,,20:55:47,1.80,12753,14.5,0015.0
,,,,,20:55:48,1.80,12767,14.6,0015.3
,,,,,20:55:49,1.80,12782,14.6,0014.7
,,,,,20:55:50,1.80,12796,14.5,0015.4
,,,,,20:55:51,1.80,12811,14.6,0014.7
,,,,,20:55:52,1.80,12825,14.6,0015.2
,,,,,20:55:53,1.80,12840,14.5,0014.5
,,,,,20:55:54,1.80,12854,14.6,0014.1
,,,,,20:55:55,1.80,12869,14.5,0014.0
,,,,,20:55:56,1.80,12883,14.7,0014.6
,,,,,20:55:57,1.80,12898,14.5,0014.7
,,,,,20:55:58,1.80,12913,14.6,0014.4
,,,,,20:55:59,1.80,12927,14.6,0014.0
,,,,,20:56:00,1.80,12942,14.6,0014.2
,,,,,20:56:01,1.80,12956,14.5,0014.5
,,,,,20:56:02,1.80,12971,14.7,0014.9
,,,,,20:56:03,1.80,12985,14.6,0013.7
,,,,,20:56:04,1.80,13000,14.6,0013.4
,,,,,20:56:05,1.80,13015,14.5,0013.7
,,,,,20:56:06,1.80,13029,14.6,0013.9
,,,,,20:56:07,1.80,13044,14.7,0014.6
,,,,,20:56:08,1.80,13058,14.6,0014.0
,,,,,20:56:09,1.80,13073,14.5,0013.6
,,,,,20:56:10,1.80,13087,14.6,0013.2
,,,,,20:56:11,1.80,13102,14.6,0014.2
,,,,,20:56:12,1.80,13116,14.7,0014.5
,,,,,20:56:13,1.80,13131,14.6,0014.3
,,,,,20:56:14,1.80,13146,14.6,0013.9
,,,,,20:56:15,1.80,13160,14.6,0013.6
,,,,,20:56:16,1.80,13175,14.5,0013.2
,,,,,20:56:17,1.80,13189,14.7,0013.8
,,,,,20:56:18,1.80,13204,14.6,0013.9
,,,,,20:56:19,1.80,13219,14.6,0013.5
,,,,,20:56:20,1.80,13233,14.6,0013.0
,,,,,20:56:21,1.80,13248,14.6,0013.0
,,,,,20:56:22,1.80,13262,14.7,0013.4
,,,,,20:56:23,1.80,13277,14.5,0013.4
,,,,,20:56:24,1.80,13291,14.7,0013.2
,,,,,20:56:25,1.80,13306,14.6,0012.9
,,,,,20:56:26,1.81,13321,14.7,0012.9
,,,,,20:56:27,1.81,13335,14.6,0013.0
,,,,,20:56:28,1.81,13350,14.6,0012.9
,,,,,20:56:29,1.81,13364,14.6,0012.9
,,,,,20:56:30,1.81,13379,14.6,0012.7
,,,,,20:56:31,1.80,13394,14.7,0013.1
,,,,,20:56:32,1.80,13408,14.6,0012.7
,,,,,20:56:33,1.80,13423,14.6,0012.6
,,,,,20:56:34,1.80,13437,14.8,0012.0
,,,,,20:56:35,1.81,13452,14.6,0012.4
,,,,,20:56:36,1.81,13467,14.6,0012.8
,,,,,20:56:37,1.81,13481,14.6,0012.4
,,,,,20:56:38,1.81,13496,14.7,0011.9
,,,,,20:56:39,1.80,13511,14.6,0012.1
,,,,,20:56:40,1.80,13525,14.6,0012.1
,,,,,20:56:41,1.80,13540,14.7,0012.6
,,,,,20:56:42,1.80,13554,14.7,0012.9
,,,,,20:56:43,1.80,13569,14.6,0012.4
,,,,,20:56:44,1.80,13584,14.6,0012.3
,,,,,20:56:45,1.80,13598,14.7,0012.4
,,,,,20:56:46,1.80,13613,14.7,0012.5
,,,,,20:56:47,1.80,13628,14.6,0012.1
,,,,,20:56:48,1.80,13642,14.6,0012.6
,,,,,20:56:49,1.80,13657,14.7,0012.7
,,,,,20:56:50,1.80,13672,14.7,0012.6
,,,,,20:56:51,1.80,13686,14.6,0012.2
,,,,,20:56:52,1.80,13701,14.6,0012.5
,,,,,20:56:53,1.79,13715,14.7,0012.5
,,,,,20:56:54,1.76,13730,14.6,0012.3
,,,,,20:56:55,1.74,13745,14.7,0012.1
,,,,,20:56:56,1.72,13759,14.7,0011.9
,,,,,20:56:57,1.70,13774,14.6,0012.7
,,,,,20:56:58,1.71,13789,14.6,0012.6
,,,,,20:56:59,1.76,13803,14.7,0011.8
,,,,,20:57:00,1.77,13818,14.7,0011.7
,,,,,20:57:01,1.75,13832,14.6,0012.3
,,,,,20:57:02,1.71,13847,14.6,0012.3
,,,,,20:57:03,1.56,13862,14.7,0012.3
,,,,,20:57:04,1.28,13876,14.6,0012.6
,,,,,20:57:05,1.07,13891,14.6,0012.7
,,,,,20:57:06,0.95,13905,14.6,0012.6
,,,,,20:57:07,0.91,13920,14.7,0012.5
,,,,,20:57:08,0.92,13935,14.7,0012.8
,,,,,20:57:09,0.92,13949,14.6,0013.0
,,,,,20:57:10,0.92,13964,14.5,0012.7
,,,,,20:57:11,0.94,13978,14.6,0012.7
,,,,,20:57:12,0.94,13993,14.8,0012.6
,,,,,20:57:13,0.95,14008,14.6,0012.8
,,,,,20:57:14,0.95,14022,14.6,0012.3
,,,,,20:57:15,0.93,14037,14.6,0013.0
,,,,,20:57:16,0.92,14051,14.7,0013.4
,,,,,20:57:17,0.95,14066,14.6,0012.8
,,,,,20:57:18,0.97,14081,14.6,0012.3
,,,,,20:57:19,0.97,14095,14.6,0012.1
,,,,,20:57:20,0.97,14110,14.6,0013.4
,,,,,20:57:21,0.98,14124,14.7,0012.9
,,,,,20:57:22,0.98,14139,14.6,0012.9
,,,,,20:57:23,0.98,14154,14.6,0013.3
,,,,,20:57:24,0.98,14168,14.6,0012.5
,,,,,20:57:25,0.98,14183,14.7,0012.0
,,,,,20:57:26,0.98,14198,14.6,0012.7
,,,,,20:57:27,0.98,14212,14.6,0012.9
,,,,,20:57:28,0.98,14227,14.6,0012.7
,,,,,20:57:29,0.98,14241,14.7,0012.9
,,,,,20:57:30,0.98,14256,14.6,0012.4
,,,,,20:57:31,0.98,14271,14.6,0012.3
,,,,,20:57:32,0.98,14285,14.6,0012.4
,,,,,20:57:33,0.98,14300,14.7,0012.0
,,,,,20:57:34,0.99,14314,14.6,0013.0
,,,,,20:57:35,0.99,14329,14.6,0013.7
,,,,,20:57:36,0.99,14343,14.6,0013.6
,,,,,20:57:37,0.99,14358,14.6,0013.4
,,,,,20:57:38,0.99,14373,14.7,0012.4
,,,,,20:57:39,0.98,14387,14.6,0012.4
,,,,,20:57:40,0.98,14402,14.6,0012.9
,,,,,20:57:41,0.98,14416,14.6,0012.8
,,,,,20:57:42,0.98,14431,14.7,0012.4
,,,,,20:57:43,0.98,14446,14.6,0012.9
,,,,,20:57:44,0.98,14460,14.7,0012.7
,,,,,20:57:45,0.98,14475,14.7,0011.9
,,,,,20:57:46,0.99,14490,14.6,0011.6
,,,,,20:57:47,0.99,14504,14.6,0012.2
,,,,,20:57:48,0.99,14519,14.6,0012.5
,,,,,20:57:49,0.99,14533,14.7,0012.2
,,,,,20:57:50,0.99,14548,14.6,0011.2
,,,,,20:57:51,0.99,14563,14.7,0011.4
,,,,,20:57:52,0.99,14577,14.6,0011.8
,,,,,20:57:53,0.99,14592,14.7,0012.1
,,,,,20:57:54,0.99,14607,14.6,0012.4
,,,,,20:57:55,0.99,14621,14.6,0012.0
,,,,,20:57:56,1.00,14636,14.7,0011.5
,,,,,20:57:57,1.00,14650,14.7,0011.5
,,,,,20:57:58,0.99,14665,14.6,0011.7
,,,,,20:57:59,0.99,14680,14.7,0011.7
,,,,,20:58:00,1.00,14694,14.7,0012.1
,,,,,20:58:01,1.00,14709,14.6,0012.1
,,,,,20:58:02,1.00,14724,14.7,0011.6
,,,,,20:58:03,0.99,14738,14.7,0010.9
,,,,,20:58:04,0.99,14753,14.6,0010.7
,,,,,20:58:05,0.99,14768,14.7,0011.2
,,,,,20:58:06,0.99,14782,14.6,0011.6
,,,,,20:58:07,1.00,14797,14.7,0011.4
,,,,,20:58:08,1.00,14812,14.7,0011.1
,,,,,20:58:09,1.00,14826,14.6,0011.1
,,,,,20:58:10,1.00,14841,14.7,0010.2
,,,,,20:58:11,0.99,14855,14.6,0007.6
,,,,,20:58:12,1.00,14870,06.6,-0003.6
,,,,,20:58:13,1.00,14877,00.0,-0006.3
,,,,,20:58:14,1.00,14877,00.0,-0006.2
,,,,,20:58:15,1.00,14877,00.0,-0006.2
,,,,,20:58:16,1.00,14877,00.0,-0006.1
,,,,,20:58:17,0.99,14877,00.0,-0006.1
,,,,,20:58:18,0.99,14877,00.0,-0006.1
,,,,,20:58:19,0.99,14877,00.0,-0006.1
,,,,,20:58:20,0.99,14877,00.0,-0006.1
,,,,,20:58:21,0.99,14877,00.0,-0006.1
,,,,,20:58:22,1.00,14877,00.0,-0006.1
,,,,,20:58:23,1.00,14877,00.0,-0006.1
,,,,,20:58:24,1.00,14877,00.0,-0006.1
,,,,,20:58:25,1.00,14877,00.0,-0006.1
,,,,,20:58:26,0.99,14877,00.0,-0006.1
,,,,,20:58:27,0.99,14877,00.0,-0006.1
,,,,,20:58:28,0.99,14877,00.0,-0006.1
,,,,,20:58:29,0.99,14877,00.0,-0006.1
,,,,,20:58:30,0.99,14877,00.0,-0006.1
,,,,,20:58:31,0.99,14877,00.0,-0006.1
,,,,,20:58:32,0.99,14877,00.0,-0006.1
,,,,,20:58:33,0.99,14877,00.0,-0006.1
,,,,,20:58:34,0.98,14877,00.0,-0006.1
,,,,,20:58:35,0.98,14877,00.0,-0006.1
,,,,,20:58:36,0.99,14877,00.0,-0006.1
,,,,,20:58:37,0.99,14877,00.0,-0006.0
,,,,,20:58:38,0.99,14877,00.0,-0006.0
,,,,,20:58:39,0.98,14877,00.0,-0006.0
,,,,,20:58:40,0.99,14877,00.0,-0006.0
,,,,,20:58:41,0.99,14877,00.0,-0006.0
,,,,,20:58:42,0.99,14877,00.0,-0006.0
,,,,,20:58:43,0.99,14877,00.0,-0006.0
,,,,,20:58:44,0.98,14877,00.0,-0006.0
,,,,,20:58:45,0.98,14877,00.0,-0006.0
,,,,,20:58:46,0.98,14877,00.0,-0006.0
,,,,,20:58:47,0.98,14877,00.0,-0006.0
,,,,,20:58:48,0.98,14877,00.0,-0006.0
,,,,,20:58:49,0.98,14877,00.0,-0006.0
,,,,,20:58:50,0.99,14877,00.0,-0006.0
,,,,,20:58:51,0.99,14877,00.0,-0006.0
,,,,,20:58:52,0.99,14877,00.0,-0006.0
,,,,,20:58:53,0.99,14877,00.0,-0006.0
,,,,,20:58:54,1.00,14877,00.0,-0006.0
,,,,,20:58:55,1.00,14877,00.0,-0006.0
,,,,,20:58:56,1.00,14877,00.0,-0006.0
,,,,,20:58:57,1.00,14877,00.0,-0006.0
,,,,,20:58:58,1.00,14877,00.0,-0006.0
,,,,,20:58:59,1.00,14877,00.0,-0006.0
,,,,,20:59:00,1.00,14877,00.0,-0006.0
,,,,,20:59:01,1.00,14877,00.0,-0006.0
,,,,,20:59:02,1.00,14877,00.0,-0006.0
,,,,,20:59:03,1.00,14877,00.0,-0006.0
,,,,,20:59:04,1.00,14877,00.0,-0006.0
,,,,,20:59:05,1.00,14877,00.0,-0006.0
,,,,,20:59:06,1.00,14877,00.0,-0006.0
,,,,,20:59:07,1.00,14877,00.0,-0006.0
,,,,,20:59:08,1.00,14877,00.0,-0006.0
,,,,,20:59:09,1.00,14877,00.0,-0006.0
,,,,,20:59:10,1.00,14877,00.0,-0006.0
,,,,,20:59:11,1.00,14877,00.0,-0006.0
,,,,,20:59:12,1.00,14877,00.0,-0005.9
,,,,,20:59:13,0.99,14877,00.0,-0005.7
,,,,,20:59:14,0.99,14877,00.0,-0005.6
,,,,,20:59:15,0.99,14877,00.0,-0005.6
,,,,,20:59:16,1.00,0,00.0,-0005.6
,,,,,20:59:17,1.00,0,00.0,-0005.6
,,,,,20:59:18,0.99,0,00.0,-0005.6
,,,,,20:59:19,0.99,0,00.0,-0005.6
,,,,,20:59:20,0.99,0,00.0,-0005.6
,,,,,20:59:21,0.99,0,00.0,-0005.6
,,,,,20:59:22,0.99,0,00.0,-0005.6
,,,,,20:59:23,0.99,0,00.0,-0005.6
,,,,,20:59:24,0.98,0,00.0,-0005.6
,,,,,20:59:25,0.99,0,00.0,-0005.6
,,,,,20:59:26,0.99,0,00.0,-0005.6
,,,,,20:59:27,0.99,0,00.0,-0005.6
,,,,,20:59:28,0.99,0,00.0,-0005.6
,,,,,20:59:29,0.99,0,00.0,-0005.6
,,,,,20:59:30,0.99,0,00.0,-0005.6
,,,,,20:59:31,0.98,0,00.0,-0005.6
,,,,,20:59:32,0.98,0,00.0,-0005.6
,,,,,20:59:33,0.99,0,00.0,-0005.6
,,,,,20:59:34,0.99,0,00.0,-0005.7
,,,,,20:59:35,0.98,0,00.0,-0005.7
,,,,,20:59:36,0.98,0,00.0,-0005.6
,,,,,20:59:37,0.98,0,00.0,-0005.6
,,,,,20:59:38,0.98,0,01.0,-0004.5
,,,,,20:59:39,0.98,1,03.8,-0003.8
,,,,,20:59:40,0.98,5,03.7,-0004.2
,,,,,20:59:41,0.98,8,03.7,-0003.9
,,,,,20:59:42,0.97,12,03.7,-0004.1
,,,,,20:59:43,0.97,16,03.7,-0004.1
,,,,,20:59:44,0.97,19,03.8,-0004.2
,,,,,20:59:45,0.97,23,03.7,-0004.3
,,,,,20:59:46,0.97,27,03.8,-0004.3
,,,,,20:59:47,0.96,31,03.7,-0004.4
,,,,,20:59:48,0.96,34,03.8,-0004.5
,,,,,20:59:49,0.96,38,03.8,-0004.4
,,,,,20:59:50,0.95,42,03.8,-0004.4
,,,,,20:59:51,0.95,46,03.8,-0004.3
,,,,,20:59:52,0.96,50,04.8,-0003.4
,,,,,20:59:53,0.97,54,04.7,-0003.5
,,,,,20:59:54,0.97,59,04.8,-0003.4
,,,,,20:59:55,0.97,64,04.8,-0003.4
,,,,,20:59:56,0.96,69,04.8,-0003.4
,,,,,20:59:57,0.96,73,04.8,-0003.4
,,,,,20:59:58,0.96,78,04.7,-0003.4
,,,,,20:59:59,0.96,83,04.8,-0003.4
,,,,,21:00:00,0.96,88,04.8,-0003.5
,,,,,21:00:01,0.96,92,04.7,-0003.5
,,,,,21:00:02,0.96,97,04.8,-0003.6
,,,,,21:00:03,0.96,102,04.8,-0003.6
,,,,,21:00:04,0.96,107,04.8,-0003.7
,,,,,21:00:05,0.97,112,04.7,-0003.8
,,,,,21:00:06,0.97,116,04.8,-0003.8
,,,,,21:00:07,0.96,121,04.8,-0003.9
,,,,,21:00:08,0.96,126,04.8,-0004.0
,,,,,21:00:09,0.96,131,04.8,-0004.1
,,,,,21:00:10,0.96,135,04.7,-0004.2
,,,,,21:00:11,0.96,140,04.8,-0004.3
,,,,,21:00:12,0.96,145,04.8,-0004.4
,,,,,21:00:13,0.96,150,04.8,-0004.5
,,,,,21:00:14,0.97,154,04.8,-0004.6
,,,,,21:00:15,0.97,159,04.8,-0004.6
,,,,,21:00:16,0.97,164,04.8,-0004.7
,,,,,21:00:17,0.96,169,04.8,-0004.8
,,,,,21:00:18,0.96,174,04.8,-0004.8
,,,,,21:00:19,0.96,178,04.8,-0004.8
,,,,,21:00:20,0.96,183,04.8,-0004.8
,,,,,21:00:21,0.96,188,04.8,-0004.8
,,,,,21:00:22,0.97,193,04.8,-0004.8
,,,,,21:00:23,0.97,198,04.8,-0004.8
,,,,,21:00:24,0.96,202,04.8,-0004.9
,,,,,21:00:25,0.97,207,04.8,-0004.9
,,,,,21:00:26,0.97,212,04.8,-0004.9
,,,,,21:00:27,0.97,217,04.8,-0004.9
,,,,,21:00:28,0.96,222,04.8,-0004.9
,,,,,21:00:29,0.96,226,04.8,-0004.9
,,,,,21:00:30,0.96,231,04.8,-0004.9
,,,,,21:00:31,0.96,236,04.8,-0005.0
,,,,,21:00:32,0.96,241,04.8,-0005.0
,,,,,21:00:33,0.96,245,04.8,-0004.9
,,,,,21:00:34,0.96,250,04.8,-0005.0
,,,,,21:00:35,0.96,255,04.8,-0005.0
,,,,,21:00:36,0.96,260,04.8,-0005.0
,,,,,21:00:37,0.96,265,04.8,-0005.0
,,,,,21:00:38,0.96,269,04.8,-0005.0
,,,,,21:00:39,0.97,274,04.8,-0005.0
,,,,,21:00:40,0.96,279,04.8,-0005.0
,,,,,21:00:41,0.96,284,04.8,-0004.9
,,,,,21:00:42,0.96,289,04.8,-0005.0
,,,,,21:00:43,0.97,293,04.8,-0004.9
,,,,,21:00:44,0.96,298,04.8,-0004.9
,,,,,21:00:45,0.96,303,04.8,-0004.9
,,,,,21:00:46,0.96,308,04.8,-0004.9
,,,,,21:00:47,0.97,313,04.9,-0005.0
,,,,,21:00:48,0.97,318,04.8,-0005.0
,,,,,21:00:49,0.97,322,04.8,-0005.0
,,,,,21:00:50,0.97,327,04.8,-0005.0
,,,,,21:00:51,0.97,332,04.8,-0005.0
,,,,,21:00:52,0.97,337,04.8,-0005.0
,,,,,21:00:53,0.97,342,04.8,-0005.0
,,,,,21:00:54,0.96,346,04.8,-0004.9
,,,,,21:00:55,0.96,351,04.8,-0004.9
,,,,,21:00:56,0.96,356,04.8,-0004.9
,,,,,21:00:57,0.96,361,04.8,-0004.8
,,,,,21:00:58,0.97,365,04.8,-0004.8
,,,,,21:00:59,0.97,370,04.8,-0004.8
,,,,,21:01:00,0.97,375,04.8,-0004.9
,,,,,21:01:01,0.97,380,04.9,-0004.8
,,,,,21:01:02,0.97,385,04.8,-0004.9
,,,,,21:01:03,0.97,390,04.8,-0004.9
,,,,,21:01:04,0.97,394,04.8,-0004.8
,,,,,21:01:05,0.97,399,04.8,-0004.9
,,,,,21:01:06,0.97,404,04.8,-0004.9
,,,,,21:01:07,0.97,409,04.8,-0004.9
,,,,,21:01:08,0.97,414,04.8,-0004.9
,,,,,21:01:09,0.97,418,04.8,-0004.9
,,,,,21:01:10,0.97,423,04.8,-0004.9
,,,,,21:01:11,0.97,428,04.8,-0005.0
,,,,,21:01:12,0.97,433,04.8,-0005.1
,,,,,21:01:13,0.97,438,04.8,-0005.1
,,,,,21:01:14,0.97,442,04.8,-0005.1
,,,,,21:01:15,0.97,447,04.8,-0004.9
,,,,,21:01:16,0.97,452,04.9,-0004.9
,,,,,21:01:17,0.97,457,04.8,-0004.9
,,,,,21:01:18,0.97,462,04.8,-0004.9
,,,,,21:01:19,0.97,466,04.8,-0004.9
,,,,,21:01:20,0.97,471,04.8,-0004.9
,,,,,21:01:21,0.97,476,04.8,-0004.9
,,,,,21:01:22,0.97,481,04.8,-0004.9
,,,,,21:01:23,0.97,486,04.8,-0004.9
,,,,,21:01:24,0.97,490,04.8,-0004.9
,,,,,21:01:25,0.97,495,04.8,-0004.9
,,,,,21:01:26,0.97,500,04.8,-0004.9
,,,,,21:01:27,0.97,505,04.8,-0004.9
,,,,,21:01:28,0.97,510,04.8,-0004.9
,,,,,21:01:29,0.97,514,04.8,-0004.9
,,,,,21:01:30,0.97,519,04.8,-0004.9
,,,,,21:01:31,0.97,524,04.9,-0004.9
,,,,,21:01:32,0.97,529,04.8,-0004.9
,,,,,21:01:33,0.97,534,04.8,-0004.9
,,,,,21:01:34,0.97,538,04.8,-0004.9
,,,,,21:01:35,0.97,543,04.8,-0004.9
,,,,,21:01:36,0.97,548,04.8,-0004.9
,,,,,21:01:37,0.97,553,04.8,-0004.9
,,,,,21:01:38,0.98,558,04.8,-0004.9
,,,,,21:01:39,0.98,562,04.8,-0004.9
,,,,,21:01:40,0.98,567,04.8,-0004.9
,,,,,21:01:41,0.97,572,04.8,-0004.9
,,,,,21:01:42,0.97,577,04.8,-0004.9
,,,,,21:01:43,0.97,582,04.9,-0004.9
,,,,,21:01:44,0.97,587,04.8,-0004.9
,,,,,21:01:45,0.97,591,04.8,-0004.9
,,,,,21:01:46,0.98,596,04.8,-0004.9
,,,,,21:01:47,0.98,601,04.8,-0004.9
,,,,,21:01:48,0.98,606,04.8,-0004.9
,,,,,21:01:49,0.97,611,04.8,-0004.9
,,,,,21:01:50,0.97,615,04.8,-0004.9
,,,,,21:01:51,0.98,620,04.8,-0004.9
,,,,,21:01:52,0.97,625,04.8,-0004.9
,,,,,21:01:53,0.97,630,04.8,-0004.9
,,,,,21:01:54,0.97,635,04.9,-0004.9
,,,,,21:01:55,0.97,639,04.8,-0004.9
,,,,,21:01:56,0.97,644,04.8,-0004.9
,,,,,21:01:57,0.97,649,04.8,-0004.9
,,,,,21:01:58,0.98,654,04.8,-0004.9
,,,,,21:01:59,0.98,659,04.8,-0004.9
,,,,,21:02:00,0.98,663,04.8,-0004.9
,,,,,21:02:01,0.97,668,04.8,-0004.9
,,,,,21:02:02,0.97,673,04.8,-0004.9
,,,,,21:02:03,0.97,678,04.8,-0004.9
,,,,,21:02:04,0.97,683,04.8,-0004.9
,,,,,21:02:05,0.97,687,04.8,-0004.9
,,,,,21:02:06,0.97,692,04.9,-0004.9
,,,,,21:02:07,0.97,697,04.8,-0004.9
,,,,,21:02:08,0.98,702,04.8,-0004.9
,,,,,21:02:09,0.98,707,04.8,-0004.9
,,,,,21:02:10,0.97,711,04.8,-0004.9
,,,,,21:02:11,0.97,716,04.8,-0004.9
,,,,,21:02:12,0.97,721,04.8,-0004.9
,,,,,21:02:13,0.97,726,04.8,-0004.9
,,,,,21:02:14,0.98,731,04.8,-0004.8
,,,,,21:02:15,0.97,735,04.8,-0004.9
,,,,,21:02:16,0.97,740,04.8,-0004.9
,,,,,21:02:17,0.97,745,04.8,-0004.9
,,,,,21:02:18,0.97,750,04.9,-0004.9
,,,,,21:02:19,0.97,755,04.8,-0004.9
,,,,,21:02:20,0.98,760,04.8,-0004.8
,,,,,21:02:21,0.97,764,04.8,-0004.8
,,,,,21:02:22,0.97,769,04.8,-0004.8
,,,,,21:02:23,0.98,774,04.8,-0004.8
,,,,,21:02:24,0.98,779,04.8,-0004.8
,,,,,21:02:25,0.97,784,04.8,-0004.8
,,,,,21:02:26,0.97,788,04.8,-0004.8
,,,,,21:02:27,0.97,793,04.8,-0004.8
,,,,,21:02:28,0.97,798,04.8,-0004.8
,,,,,21:02:29,0.98,803,04.9,-0004.8
,,,,,21:02:30,0.98,808,04.8,-0004.9
,,,,,21:02:31,0.98,812,04.8,-0004.9
,,,,,21:02:32,0.97,817,04.8,-0004.9
,,,,,21:02:33,0.97,822,04.8,-0004.9
,,,,,21:02:34,0.97,827,04.8,-0004.9
,,,,,21:02:35,0.98,832,04.8,-0004.9
,,,,,21:02:36,0.98,836,04.8,-0004.9
,,,,,21:02:37,0.98,841,04.8,-0004.9
,,,,,21:02:38,0.98,846,04.8,-0004.9
,,,,,21:02:39,0.98,851,04.8,-0004.9
,,,,,21:02:40,0.98,856,04.9,-0004.9
,,,,,21:02:41,0.98,861,04.8,-0004.9
,,,,,21:02:42,0.98,865,04.8,-0004.9
,,,,,21:02:43,0.98,870,04.8,-0004.9
,,,,,21:02:44,0.98,875,04.8,-0004.9
,,,,,21:02:45,0.98,880,04.8,-0004.9
,,,,,21:02:46,0.98,884,04.8,-0004.9
,,,,,21:02:47,0.98,889,04.8,-0004.9
,,,,,21:02:48,0.98,894,04.8,-0004.9
,,,,,21:02:49,0.98,899,04.8,-0004.9
,,,,,21:02:50,0.98,904,04.8,-0004.9
,,,,,21:02:51,0.98,908,04.9,-0004.9
,,,,,21:02:52,0.97,913,04.8,-0004.9
,,,,,21:02:53,0.97,918,04.8,-0004.9
,,,,,21:02:54,0.97,923,04.8,-0004.9
,,,,,21:02:55,0.97,928,04.8,-0004.9
,,,,,21:02:56,0.97,933,04.8,-0004.9
,,,,,21:02:57,0.98,937,04.8,-0004.9
,,,,,21:02:58,0.98,942,04.8,-0005.0
,,,,,21:02:59,0.98,947,04.8,-0005.0
,,,,,21:03:00,0.97,952,04.8,-0004.9
,,,,,21:03:01,0.98,957,04.9,-0004.9
,,,,,21:03:02,0.98,961,04.8,-0004.7
,,,,,21:03:03,0.98,966,06.1,-0004.3
,,,,,21:03:04,0.98,972,05.8,-0004.5
,,,,,21:03:05,0.97,978,05.8,-0004.4
,,,,,21:03:06,0.97,984,05.6,-0004.4
,,,,,21:03:07,0.98,990,05.8,-0004.4
,,,,,21:03:08,0.98,995,05.8,-0004.4
,,,,,21:03:09,0.98,1001,05.8,-0004.4
,,,,,21:03:10,0.98,1007,05.8,-0004.4
,,,,,21:03:11,0.97,1013,05.6,-0004.4
,,,,,21:03:12,0.97,1018,05.8,-0004.4
,,,,,21:03:13,0.98,1024,05.8,-0004.4
,,,,,21:03:14,0.98,1030,05.8,-0004.4
,,,,,21:03:15,0.98,1036,05.8,-0004.4
,,,,,21:03:16,0.99,1041,05.6,-0004.4
,,,,,21:03:17,0.99,1047,05.8,-0004.4
,,,,,21:03:18,0.99,1053,05.8,-0004.5
,,,,,21:03:19,0.99,1059,05.8,-0004.5
,,,,,21:03:20,0.99,1064,05.8,-0004.4
,,,,,21:03:21,0.99,1070,05.6,-0004.4
,,,,,21:03:22,0.99,1076,05.8,-0004.4
,,,,,21:03:23,0.99,1082,05.8,-0004.4
,,,,,21:03:24,0.99,1087,05.8,-0004.4
,,,,,21:03:25,0.99,1093,05.8,-0004.4
,,,,,21:03:26,0.99,1099,05.6,-0004.4
,,,,,21:03:27,0.99,1105,05.8,-0004.4
,,,,,21:03:28,0.99,1110,05.8,-0004.4
,,,,,21:03:29,0.99,1116,05.8,-0004.5
,,,,,21:03:30,0.99,1122,02.1,-0006.1
,,,,,21:03:31,0.99,1124,00.0,-0006.3
,,,,,21:03:32,0.99,1124,00.0,-0006.3
,,,,,21:03:33,0.99,1124,00.0,-0006.3
,,,,,21:03:34,0.98,1124,00.0,-0006.3
,,,,,21:03:35,0.98,1124,00.0,-0006.4
,,,,,21:03:36,0.99,1124,00.0,-0006.4
,,,,,21:03:37,0.99,1124,00.0,-0006.3
,,,,,21:03:38,0.99,1124,00.0,-0006.2
,,,,,21:03:39,0.98,0,00.0,-0006.2
,,,,,21:03:40,0.98,0,00.0,-0006.2
,,,,,21:03:41,0.99,0,00.0,-0006.2
,,,,,21:03:42,0.99,0,00.0,-0006.1
,,,,,21:03:43,0.99,0,00.0,-0006.1
,,,,,21:03:44,0.99,0,00.0,-0006.0
,,,,,21:03:45,0.99,0,00.0,-0006.0
,,,,,21:03:46,0.99,0,00.0,-0006.0
,,,,,21:03:47,0.99,0,00.0,-0005.9
,,,,,21:03:48,0.99,0,00.0,-0005.9
,,,,,21:03:49,0.99,0,00.0,-0005.9
,,,,,21:03:50,0.99,0,00.0,-0005.9
,,,,,21:03:51,0.99,0,00.0,-0005.8
,,,,,21:03:52,0.99,0,00.0,-0005.8
,,,,,21:03:53,0.99,0,00.0,-0005.8
,,,,,21:03:54,0.99,0,00.0,-0005.8
,,,,,21:03:55,0.99,0,00.0,-0005.8
,,,,,21:03:56,0.99,0,00.0,-0005.8
,,,,,21:03:57,0.99,0,00.0,-0005.8
,,,,,21:03:58,0.99,0,00.0,-0005.8
,,,,,21:03:59,0.98,0,00.0,-0005.8
,,,,,21:04:00,0.98,0,00.0,-0005.9
,,,,,21:04:01,0.98,0,00.0,-0005.9
,,,,,21:04:02,0.98,0,00.0,-0005.8
,,,,,21:04:03,0.98,0,00.0,-0005.8
,,,,,21:04:04,0.98,0,00.0,-0005.8
,,,,,21:04:05,0.99,0,00.0,-0005.8
,,,,,21:04:06,0.99,0,00.0,-0005.9
,,,,,21:04:07,0.99,0,00.0,-0006.0
,,,,,21:04:08,0.99,0,00.0,-0006.2
,,,,,21:04:09,0.99,0,00.0,-0006.2
,,,,,21:04:10,0.99,0,00.0,-0006.3
,,,,,21:04:11,0.99,0,00.0,-0006.3
,,,,,21:04:12,0.99,0,00.0,-0006.3
,,,,,21:04:13,0.99,0,00.0,-0006.3
,,,,,21:04:14,0.99,0,00.0,-0006.3
,,,,,21:04:15,0.98,0,00.0,-0006.3
,,,,,21:04:16,0.99,0,00.0,-0006.3
,,,,,21:04:17,0.99,0,00.0,-0006.2
,,,,,21:04:18,0.99,0,00.0,-0006.2
,,,,,21:04:19,0.99,0,00.0,-0006.2
,,,,,21:04:20,0.99,0,00.0,-0006.2
,,,,,21:04:21,0.99,0,00.0,-0005.8
,,,,,21:04:22,0.99,0,02.7,-0005.0
,,,,,21:04:23,0.99,3,03.8,-0004.4
,,,,,21:04:24,0.99,6,03.8,-0004.4
,,,,,21:04:25,0.99,10,03.9,-0004.2
,,,,,21:04:26,0.99,14,03.8,-0004.1
,,,,,21:04:27,0.99,18,03.8,-0004.1
,,,,,21:04:28,0.99,22,03.8,-0004.0
,,,,,21:04:29,0.99,26,04.0,-0003.7
,,,,,21:04:30,0.98,30,06.6,-0002.8
,,,,,21:04:31,0.98,36,06.8,-0003.1
,,,,,21:04:32,0.99,43,06.6,-0003.4
,,,,,21:04:33,0.99,50,06.6,-0003.8
,,,,,21:04:34,0.99,56,06.8,-0003.9
,,,,,21:04:35,0.99,63,06.8,-0003.8
,,,,,21:04:36,0.99,70,06.6,-0003.6
,,,,,21:04:37,0.99,76,06.8,-0003.7
,,,,,21:04:38,0.99,83,06.8,-0003.9
,,,,,21:04:39,0.99,90,06.8,-0003.9
,,,,,21:04:40,0.99,97,06.8,-0004.0
,,,,,21:04:41,0.99,103,06.8,-0003.9
,,,,,21:04:42,0.99,110,06.8,-0003.9
,,,,,21:04:43,0.99,117,06.8,-0003.9
,,,,,21:04:44,0.99,124,06.9,-0004.0
,,,,,21:04:45,0.99,131,06.8,-0004.0
,,,,,21:04:46,0.99,137,06.8,-0004.3
,,,,,21:04:47,0.99,144,06.6,-0004.3
,,,,,21:04:48,0.99,151,06.9,-0004.2
,,,,,21:04:49,0.99,158,06.8,-0004.4
,,,,,21:04:50,0.99,164,06.8,-0004.4
,,,,,21:04:51,0.99,171,06.8,-0004.2
,,,,,21:04:52,0.98,178,06.8,-0004.2
,,,,,21:04:53,0.98,185,06.8,-0004.3
,,,,,21:04:54,0.99,191,06.8,-0004.3
,,,,,21:04:55,0.99,198,06.8,-0004.3
,,,,,21:04:56,0.99,205,06.9,-0004.3
,,,,,21:04:57,0.99,212,06.8,-0004.3
,,,,,21:04:58,0.99,218,06.8,-0004.5
,,,,,21:04:59,0.99,225,06.8,-0004.4
,,,,,21:05:00,0.99,232,06.6,-0004.3
,,,,,21:05:01,0.99,238,06.9,-0004.2
,,,,,21:05:02,0.99,245,06.8,-0004.3
,,,,,21:05:03,0.99,252,06.8,-0004.3
,,,,,21:05:04,0.99,259,06.8,-0004.3
,,,,,21:05:05,0.99,266,06.8,-0004.3
,,,,,21:05:06,0.99,272,06.8,-0004.3
,,,,,21:05:07,0.99,279,06.6,-0004.3
,,,,,21:05:08,0.99,286,06.9,-0004.3
,,,,,21:05:09,0.99,293,06.8,-0004.3
,,,,,21:05:10,0.99,299,06.8,-0004.7
,,,,,21:05:11,0.99,306,06.8,-0004.5
,,,,,21:05:12,0.99,313,06.8,-0004.3
,,,,,21:05:13,0.99,320,06.8,-0004.3
,,,,,21:05:14,0.99,326,06.8,-0004.3
,,,,,21:05:15,0.99,333,06.9,-0004.3
,,,,,21:05:16,0.99,340,06.8,-0004.3
,,,,,21:05:17,0.99,347,06.6,-0004.4
,,,,,21:05:18,0.99,353,06.8,-0004.3
,,,,,21:05:19,0.99,360,06.9,-0004.3
,,,,,21:05:20,0.99,367,06.8,-0004.3
,,,,,21:05:21,0.99,374,06.8,-0004.3
,,,,,21:05:22,0.99,380,06.8,-0004.3
,,,,,21:05:23,0.99,387,06.8,-0004.3
,,,,,21:05:24,0.98,394,06.8,-0004.3
,,,,,21:05:25,0.98,401,06.8,-0004.3
,,,,,21:05:26,0.99,407,06.8,-0004.6
,,,,,21:05:27,0.99,414,06.8,-0004.6
,,,,,21:05:28,0.99,421,06.7,-0004.3
,,,,,21:05:29,0.99,428,06.8,-0004.3
,,,,,21:05:30,0.99,434,06.8,-0004.3
,,,,,21:05:31,0.99,441,06.8,-0004.3
,,,,,21:05:32,0.99,448,06.8,-0004.3
,,,,,21:05:33,0.99,455,06.9,-0004.3
,,,,,21:05:34,0.99,461,06.8,-0004.3
,,,,,21:05:35,0.99,468,06.8,-0004.4
,,,,,21:05:36,0.99,475,06.6,-0004.3
,,,,,21:05:37,0.99,482,06.8,-0004.4
,,,,,21:05:38,0.98,488,06.8,-0004.4
,,,,,21:05:39,0.98,495,06.8,-0004.3
,,,,,21:05:40,0.99,502,06.8,-0004.3
,,,,,21:05:41,0.99,509,06.9,-0004.4
,,,,,21:05:42,0.99,515,06.8,-0004.4
,,,,,21:05:43,0.99,522,06.8,-0004.4
,,,,,21:05:44,0.98,529,06.6,-0004.4
,,,,,21:05:45,0.99,536,06.8,-0004.4
,,,,,21:05:46,0.99,542,06.9,-0004.3
,,,,,21:05:47,0.99,549,06.8,-0004.3
,,,,,21:05:48,0.99,556,06.8,-0004.3
,,,,,21:05:49,0.99,563,06.8,-0004.4
,,,,,21:05:50,0.99,569,06.8,-0004.4
,,,,,21:05:51,0.99,576,06.8,-0004.3
,,,,,21:05:52,0.98,583,06.9,-0004.3
,,,,,21:05:53,0.98,590,06.6,-0004.4
,,,,,21:05:54,0.99,596,06.8,-0004.4
,,,,,21:05:55,0.99,603,06.8,-0004.4
,,,,,21:05:56,0.99,610,06.8,-0004.3
,,,,,21:05:57,0.99,617,06.8,-0004.4
,,,,,21:05:58,0.99,623,06.8,-0004.4
,,,,,21:05:59,0.99,630,07.7,-0003.4
,,,,,21:06:00,0.99,638,09.0,-0002.7
,,,,,21:06:01,0.99,647,08.9,-0003.0
,,,,,21:06:02,0.99,656,08.8,-0002.9
,,,,,21:06:03,0.99,665,09.0,-0002.8
,,,,,21:06:04,0.99,674,09.0,-0002.8
,,,,,21:06:05,0.99,683,09.0,-0002.8
,,,,,21:06:06,0.99,692,08.9,-0002.7
,,,,,21:06:07,0.99,701,09.0,-0002.8
,,,,,21:06:08,0.99,710,09.0,-0002.8
,,,,,21:06:09,0.99,719,09.1,-0002.8
,,,,,21:06:10,0.99,728,09.0,-0002.9
,,,,,21:06:11,0.99,737,09.0,-0002.9
,,,,,21:06:12,0.99,746,09.0,-0002.9
,,,,,21:06:13,0.99,755,09.1,-0002.9
,,,,,21:06:14,0.99,764,09.0,-0002.9
,,,,,21:06:15,0.99,773,09.0,-0002.8
,,,,,21:06:16,0.99,782,09.0,-0002.9
,,,,,21:06:17,0.99,791,09.1,-0002.9
,,,,,21:06:18,0.99,800,08.9,-0002.8
,,,,,21:06:19,0.99,809,09.0,-0002.7
,,,,,21:06:20,0.99,818,09.0,-0002.7
,,,,,21:06:21,0.99,827,09.1,-0002.7
,,,,,21:06:22,0.99,836,08.9,-0002.8
,,,,,21:06:23,0.99,845,09.1,-0002.8
,,,,,21:06:24,0.99,854,09.0,-0002.6
,,,,,21:06:25,0.99,863,09.1,-0002.7
,,,,,21:06:26,0.99,873,09.0,-0002.7
,,,,,21:06:27,0.99,882,09.0,-0002.7
,,,,,21:06:28,0.98,891,09.1,-0002.8
,,,,,21:06:29,0.98,900,08.9,-0002.7
,,,,,21:06:30,0.99,909,09.0,-0002.7
,,,,,21:06:31,0.99,918,09.0,-0002.9
,,,,,21:06:32,0.99,927,09.1,-0003.1
,,,,,21:06:33,0.99,936,08.9,-0003.0
,,,,,21:06:34,0.99,945,09.1,-0003.0
,,,,,21:06:35,0.99,954,09.0,-0003.1
,,,,,21:06:36,0.99,963,08.9,-0002.9
,,,,,21:06:37,0.99,972,09.1,-0002.9
,,,,,21:06:38,0.99,981,09.0,-0002.8
,,,,,21:06:39,0.99,990,09.1,-0002.9
,,,,,21:06:40,0.99,999,08.9,-0003.0
,,,,,21:06:41,0.99,1008,09.1,-0002.9
,,,,,21:06:42,0.99,1017,09.1,-0002.9
,,,,,21:06:43,0.99,1026,09.0,-0003.0
,,,,,21:06:44,0.99,1036,09.0,-0003.0
,,,,,21:06:45,0.99,1045,09.0,-0003.0
,,,,,21:06:46,0.99,1054,09.0,-0003.1
,,,,,21:06:47,0.99,1063,09.1,-0003.1
,,,,,21:06:48,0.99,1072,08.9,-0003.0
,,,,,21:06:49,0.99,1081,09.0,-0003.0
,,,,,21:06:50,0.99,1090,09.1,-0003.0
,,,,,21:06:51,0.99,1099,08.9,-0003.1
,,,,,21:06:52,0.99,1108,09.1,-0003.2
,,,,,21:06:53,0.99,1117,09.0,-0003.0
,,,,,21:06:54,0.99,1126,09.1,-0003.0
,,,,,21:06:55,0.99,1135,08.9,-0003.1
,,,,,21:06:56,0.99,1144,09.1,-0002.9
,,,,,21:06:57,0.99,1153,09.1,-0003.1
,,,,,21:06:58,0.99,1162,09.1,-0003.1
,,,,,21:06:59,0.99,1171,08.9,-0003.0
,,,,,21:07:00,0.99,1180,09.1,-0003.1
,,,,,21:07:01,0.99,1189,09.0,-0003.2
,,,,,21:07:02,0.99,1198,09.1,-0003.2
,,,,,21:07:03,0.99,1208,08.9,-0003.2
,,,,,21:07:04,0.99,1217,09.1,-0003.3
,,,,,21:07:05,0.99,1226,09.0,-0003.4
,,,,,21:07:06,0.99,1235,09.1,-0003.3
,,,,,21:07:07,0.99,1244,09.1,-0003.5
,,,,,21:07:08,0.99,1253,09.1,-0003.6
,,,,,21:07:09,0.99,1262,09.0,-0003.5
,,,,,21:07:10,0.99,1271,09.1,-0003.4
,,,,,21:07:11,0.99,1280,09.0,-0003.6
,,,,,21:07:12,0.99,1289,09.1,-0003.5
,,,,,21:07:13,0.99,1299,09.1,-0003.5
,,,,,21:07:14,0.99,1308,09.1,-0003.5
,,,,,21:07:15,0.99,1317,09.0,-0003.5
,,,,,21:07:16,0.98,1326,09.1,-0003.4
,,,,,21:07:17,0.98,1335,09.1,-0003.5
,,,,,21:07:18,0.98,1344,09.1,-0003.6
,,,,,21:07:19,0.99,1353,08.9,-0003.5
,,,,,21:07:20,0.99,1362,09.1,-0003.4
,,,,,21:07:21,0.99,1371,09.0,-0003.6
,,,,,21:07:22,0.99,1380,09.1,-0003.7
,,,,,21:07:23,0.99,1389,09.1,-0003.6
,,,,,21:07:24,0.99,1399,09.1,-0003.7
,,,,,21:07:25,0.99,1408,09.0,-0003.7
,,,,,21:07:26,0.99,1417,09.1,-0003.6
,,,,,21:07:27,0.99,1426,09.1,-0003.6
,,,,,21:07:28,0.99,1435,09.0,-0003.7
,,,,,21:07:29,0.99,1444,09.1,-0003.7
,,,,,21:07:30,0.99,1453,09.3,-0003.6
,,,,,21:07:31,0.99,1463,08.9,-0003.7
,,,,,21:07:32,0.99,1471,09.1,-0003.8
,,,,,21:07:33,0.99,1481,09.1,-0003.7
,,,,,21:07:34,0.99,1490,09.1,-0003.6
,,,,,21:07:35,0.99,1499,09.0,-0003.7
,,,,,21:07:36,0.98,1508,09.1,-0003.7
,,,,,21:07:37,0.99,1517,09.0,-0003.7
,,,,,21:07:38,0.99,1526,09.1,-0003.7
,,,,,21:07:39,0.99,1535,09.1,-0003.8
,,,,,21:07:40,0.99,1544,09.1,-0003.8
,,,,,21:07:41,0.99,1554,09.0,-0003.7
,,,,,21:07:42,0.99,1563,09.1,-0003.7
,,,,,21:07:43,0.99,1572,09.0,-0003.7
,,,,,21:07:44,0.99,1581,09.1,-0003.6
,,,,,21:07:45,0.99,1590,09.1,-0003.6
,,,,,21:07:46,0.99,1599,09.1,-0003.7
,,,,,21:07:47,0.99,1608,09.1,-0003.7
,,,,,21:07:48,0.99,1617,09.1,-0003.5
,,,,,21:07:49,0.99,1626,09.0,-0003.7
,,,,,21:07:50,0.99,1635,09.0,-0003.7
,,,,,21:07:51,0.99,1644,09.1,-0003.7
,,,,,21:07:52,0.99,1654,09.1,-0003.6
,,,,,21:07:53,0.99,1663,09.1,-0003.6
,,,,,21:07:54,0.99,1672,09.0,-0003.7
,,,,,21:07:55,0.99,1681,09.0,-0003.6
,,,,,21:07:56,0.99,1690,09.1,-0003.6
,,,,,21:07:57,0.99,1699,09.1,-0003.6
,,,,,21:07:58,0.99,1708,09.1,-0003.7
,,,,,21:07:59,0.99,1717,09.1,-0003.6
,,,,,21:08:00,0.99,1727,09.1,-0003.6
,,,,,21:08:01,0.99,1736,09.0,-0003.7
,,,,,21:08:02,0.99,1745,09.1,-0003.7
,,,,,21:08:03,0.99,1754,09.1,-0003.6
,,,,,21:08:04,0.99,1763,09.1,-0003.7
,,,,,21:08:05,0.99,1772,09.1,-0003.7
,,,,,21:08:06,0.99,1781,09.0,-0003.7
,,,,,21:08:07,0.99,1790,09.1,-0003.7
,,,,,21:08:08,0.99,1799,09.1,-0003.7
,,,,,21:08:09,0.99,1809,09.0,-0003.7
,,,,,21:08:10,0.99,1818,09.1,-0003.7
,,,,,21:08:11,0.99,1827,09.0,-0003.7
,,,,,21:08:12,0.99,1836,09.1,-0003.7
,,,,,21:08:13,0.99,1845,09.1,-0003.7
,,,,,21:08:14,0.99,1854,09.1,-0003.7
,,,,,21:08:15,0.99,1863,09.1,-0003.7
,,,,,21:08:16,0.99,1872,09.0,-0003.6
,,,,,21:08:17,0.99,1881,09.1,-0003.7
,,,,,21:08:18,0.99,1891,09.0,-0003.7
,,,,,21:08:19,0.99,1900,09.1,-0003.7
,,,,,21:08:20,0.99,1909,09.1,-0003.7
,,,,,21:08:21,0.99,1918,09.0,-0003.7
,,,,,21:08:22,0.99,1927,09.1,-0003.7
,,,,,21:08:23,0.99,1936,09.1,-0003.7
,,,,,21:08:24,0.98,1945,09.1,-0003.7
,,,,,21:08:25,0.98,1954,09.1,-0003.7
,,,,,21:08:26,0.99,1963,08.9,-0003.7
,,,,,21:08:27,0.99,1972,09.1,-0003.7
,,,,,21:08:28,0.99,1982,09.1,-0003.8
,,,,,21:08:29,0.99,1991,09.1,-0003.7
,,,,,21:08:30,0.99,2000,09.1,-0003.7
,,,,,21:08:31,0.99,2009,09.0,-0003.6
,,,,,21:08:32,0.99,2018,09.3,-0003.6
,,,,,21:08:33,0.99,2027,09.1,-0003.6
,,,,,21:08:34,0.99,2036,09.1,-0003.6
,,,,,21:08:35,0.99,2046,09.0,-0003.7
,,,,,21:08:36,0.99,2055,09.0,-0003.7
,,,,,21:08:37,0.99,2064,09.1,-0003.7
,,,,,21:08:38,0.99,2073,09.1,-0003.7
,,,,,21:08:39,0.99,2082,09.1,-0003.7
,,,,,21:08:40,0.99,2091,09.1,-0003.7
,,,,,21:08:41,0.99,2100,08.9,-0003.7
,,,,,21:08:42,0.99,2109,09.1,-0003.7
,,,,,21:08:43,0.99,2118,09.3,-0003.7
,,,,,21:08:44,0.99,2127,09.0,-0003.7
,,,,,21:08:45,0.99,2137,09.3,-0003.7
,,,,,21:08:46,0.99,2146,09.0,-0003.7
,,,,,21:08:47,0.99,2155,09.1,-0003.7
,,,,,21:08:48,0.98,2164,09.1,-0003.8
,,,,,21:08:49,0.99,2173,09.1,-0003.8
,,,,,21:08:50,0.99,2182,09.3,-0003.7
,,,,,21:08:51,0.99,2192,09.6,-0003.3
,,,,,21:08:52,0.99,2201,09.7,-0003.2
,,,,,21:08:53,0.99,2211,09.9,-0003.1
,,,,,21:08:54,0.99,2221,10.0,-0002.8
,,,,,21:08:55,0.99,2231,10.4,-0002.5
,,,,,21:08:56,0.99,2241,10.5,-0002.6
,,,,,21:08:57,0.99,2252,10.8,-0002.0
,,,,,21:08:58,0.99,2262,10.9,-0001.8
,,,,,21:08:59,0.99,2273,11.0,-0001.9
,,,,,21:09:00,0.99,2284,11.0,-0001.6
,,,,,21:09:01,0.99,2295,11.1,-0001.5
,,,,,21:09:02,0.99,2306,11.4,-0001.2
,,,,,21:09:03,0.98,2318,11.6,-0001.1
,,,,,21:09:04,0.98,2329,11.6,-0000.9
,,,,,21:09:05,0.98,2341,11.8,-0000.7
,,,,,21:09:06,0.98,2353,11.9,-0000.6
,,,,,21:09:07,0.98,2365,12.1,-0000.6
,,,,,21:09:08,0.99,2377,12.0,-0000.4
,,,,,21:09:09,0.99,2389,12.2,-0000.4
,,,,,21:09:10,0.99,2401,12.4,-0000.3
,,,,,21:09:11,0.99,2413,12.3,-0000.1
,,,,,21:09:12,0.99,2426,12.5,-0000.0
,,,,,21:09:13,0.99,2438,12.6,0000.1
,,,,,21:09:14,0.99,2451,12.7,0000.1
,,,,,21:09:15,0.99,2464,12.9,0000.4
,,,,,21:09:16,0.99,2476,13.2,0000.6
,,,,,21:09:17,0.99,2490,13.3,0000.7
,,,,,21:09:18,0.99,2503,13.5,0001.0
,,,,,21:09:19,0.99,2516,13.6,0001.1
,,,,,21:09:20,0.99,2530,13.6,0001.0
,,,,,21:09:21,0.99,2544,13.7,0000.8
,,,,,21:09:22,0.99,2557,14.0,0001.1
,,,,,21:09:23,0.99,2571,13.7,0001.1
,,,,,21:09:24,0.99,2585,13.8,0001.0
,,,,,21:09:25,0.99,2599,13.8,0001.1
,,,,,21:09:26,0.99,2613,13.8,0001.3
,,,,,21:09:27,0.99,2627,13.8,0001.4
,,,,,21:09:28,0.99,2640,14.2,0001.6
,,,,,21:09:29,0.99,2655,14.3,0001.7
,,,,,21:09:30,0.99,2669,14.4,0001.5
,,,,,21:09:31,0.99,2683,14.3,0001.8
,,,,,21:09:32,0.99,2698,14.5,0002.0
,,,,,21:09:33,0.99,2712,14.5,0002.2
,,,,,21:09:34,0.99,2727,14.6,0002.0
,,,,,21:09:35,0.99,2741,14.6,0001.9
,,,,,21:09:36,0.99,2756,14.8,0002.0
,,,,,21:09:37,0.99,2771,14.8,0002.2
,,,,,21:09:38,0.98,2786,15.0,0002.1
,,,,,21:09:39,0.98,2801,15.1,0002.4
,,,,,21:09:40,0.99,2816,15.0,0002.5
,,,,,21:09:41,0.99,2831,15.3,0002.4
,,,,,21:09:42,0.99,2846,15.2,0002.5
,,,,,21:09:43,0.99,2861,15.4,0002.6
,,,,,21:09:44,0.99,2877,15.4,0002.7
,,,,,21:09:45,0.99,2892,15.5,0002.6
,,,,,21:09:46,0.99,2908,15.7,0002.8
,,,,,21:09:47,0.99,2923,15.6,0003.0
,,,,,21:09:48,0.99,2939,15.7,0003.3
,,,,,21:09:49,0.99,2955,15.6,0003.0
,,,,,21:09:50,0.99,2970,15.8,0003.0
,,,,,21:09:51,0.99,2986,15.8,0002.8
,,,,,21:09:52,0.99,3002,15.9,0003.0
,,,,,21:09:53,0.99,3018,15.8,0003.0
,,,,,21:09:54,0.99,3033,15.9,0003.3
,,,,,21:09:55,0.99,3049,16.0,0003.2
,,,,,21:09:56,0.99,3065,16.1,0003.3
,,,,,21:09:57,0.99,3081,15.9,0003.4
,,,,,21:09:58,0.99,3097,16.1,0003.9
,,,,,21:09:59,0.99,3113,16.1,0003.5
,,,,,21:10:00,0.99,3130,16.0,0003.4
,,,,,21:10:01,0.99,3146,16.1,0003.4
,,,,,21:10:02,0.99,3162,16.1,0003.1
,,,,,21:10:03,0.99,3178,16.0,0003.4
,,,,,21:10:04,0.99,3194,16.0,0003.3
,,,,,21:10:05,0.99,3210,16.1,0003.2
,,,,,21:10:06,0.99,3226,16.1,0003.1
,,,,,21:10:07,0.99,3242,16.0,0003.2
,,,,,21:10:08,0.99,3258,16.0,0003.2
,,,,,21:10:09,0.99,3274,16.1,0003.0
,,,,,21:10:10,0.99,3290,16.0,0003.0
,,,,,21:10:11,0.99,3306,16.0,0003.2
,,,,,21:10:12,0.99,3322,16.1,0003.1
,,,,,21:10:13,0.99,3339,16.0,0003.6
,,,,,21:10:14,0.99,3355,16.1,0003.8
,,,,,21:10:15,0.99,3371,16.0,0003.7
,,,,,21:10:16,0.99,3387,16.1,0003.6
,,,,,21:10:17,0.99,3403,16.0,0003.4
,,,,,21:10:18,0.99,3419,16.1,0003.7
,,,,,21:10:19,0.99,3435,16.0,0003.1
,,,,,21:10:20,0.99,3451,16.0,0003.3
,,,,,21:10:21,0.99,3467,16.1,0003.3
,,,,,21:10:22,0.99,3483,16.0,0003.4
,,,,,21:10:23,0.99,3499,16.0,0003.4
,,,,,21:10:24,0.99,3515,16.1,0003.3
,,,,,21:10:25,0.99,3531,16.0,0003.2
,,,,,21:10:26,0.99,3547,16.0,0003.0
,,,,,21:10:27,0.99,3563,16.1,0003.1
,,,,,21:10:28,0.99,3580,16.0,0003.1
,,,,,21:10:29,0.99,3596,16.1,0002.9
,,,,,21:10:30,0.99,3612,16.0,0003.3
,,,,,21:10:31,0.99,3628,16.1,0003.2
,,,,,21:10:32,0.99,3644,16.1,0003.2
,,,,,21:10:33,0.99,3660,15.9,0003.6
,,,,,21:10:34,0.99,3676,16.1,0003.4
,,,,,21:10:35,0.99,3692,16.1,0003.0
,,,,,21:10:36,0.99,3708,16.0,0003.2
,,,,,21:10:37,0.99,3724,16.1,0002.9
,,,,,21:10:38,0.99,3740,16.0,0002.8
,,,,,21:10:39,0.99,3756,16.1,0002.9
,,,,,21:10:40,0.99,3773,16.0,0002.9
,,,,,21:10:41,0.99,3789,16.1,0002.9
,,,,,21:10:42,0.99,3805,16.1,0002.6
,,,,,21:10:43,0.99,3821,16.0,0002.3
,,,,,21:10:44,0.99,3837,16.0,0002.3
,,,,,21:10:45,0.99,3853,16.1,0002.5
,,,,,21:10:46,0.99,3869,16.1,0003.0
,,,,,21:10:47,0.99,3885,16.0,0002.7
,,,,,21:10:48,0.99,3901,16.1,0002.8
,,,,,21:10:49,0.99,3917,16.1,0002.4
,,,,,21:10:50,0.99,3933,16.0,0002.4
,,,,,21:10:51,0.99,3949,16.0,0002.1
,,,,,21:10:52,0.99,3965,16.1,0002.3
,,,,,21:10:53,0.99,3982,16.1,0002.1
,,,,,21:10:54,0.99,3998,16.1,0002.2
,,,,,21:10:55,0.99,4014,16.0,0002.3
,,,,,21:10:56,0.99,4030,16.1,0001.8
,,,,,21:10:57,0.99,4046,16.1,0002.0
,,,,,21:10:58,0.99,4062,16.1,0002.3
,,,,,21:10:59,0.99,4078,16.0,0002.2
,,,,,21:11:00,0.99,4094,16.0,0002.1
,,,,,21:11:01,0.98,4110,16.1,0001.9
,,,,,21:11:02,0.99,4126,16.1,0001.8
,,,,,21:11:03,0.99,4143,16.1,0002.1
,,,,,21:11:04,0.99,4159,16.0,0001.9
,,,,,21:11:05,0.99,4175,16.1,0001.9
,,,,,21:11:06,0.99,4191,16.1,0001.7
,,,,,21:11:07,0.99,4207,16.1,0001.8
,,,,,21:11:08,0.99,4223,16.1,0002.0
,,,,,21:11:09,0.99,4239,16.0,0002.0
,,,,,21:11:10,0.99,4255,16.1,0002.1
,,,,,21:11:11,0.99,4271,16.1,0002.2
,,,,,21:11:12,0.99,4288,16.0,0002.5
,,,,,21:11:13,0.99,4304,16.1,0002.5
,,,,,21:11:14,0.99,4320,16.0,0003.0
,,,,,21:11:15,0.99,4336,16.0,0003.6
,,,,,21:11:16,0.99,4352,16.0,0004.0
,,,,,21:11:17,0.99,4368,16.0,0004.5
,,,,,21:11:18,0.99,4384,16.0,0004.9
,,,,,21:11:19,0.99,4400,16.0,0005.1
,,,,,21:11:20,0.99,4416,16.0,0005.0
,,,,,21:11:21,0.99,4432,15.9,0005.2
,,,,,21:11:22,0.99,4448,16.1,0005.3
,,,,,21:11:23,0.99,4464,15.9,0005.5
,,,,,21:11:24,0.99,4480,16.1,0005.5
,,,,,21:11:25,0.99,4496,15.9,0005.6
,,,,,21:11:26,0.98,4512,16.0,0005.4
,,,,,21:11:27,0.99,4528,16.0,0005.5
,,,,,21:11:28,0.99,4544,16.0,0005.6
,,,,,21:11:29,0.99,4560,15.9,0005.5
,,,,,21:11:30,0.99,4576,16.1,0005.5
,,,,,21:11:31,0.99,4592,15.9,0005.6
,,,,,21:11:32,0.99,4608,15.9,0005.7
,,,,,21:11:33,0.99,4624,16.1,0005.4
,,,,,21:11:34,0.99,4640,15.9,0005.7
,,,,,21:11:35,0.99,4656,16.0,0005.8
,,,,,21:11:36,0.99,4672,16.0,0006.0
,,,,,21:11:37,0.99,4688,16.0,0005.3
,,,,,21:11:38,0.98,4704,15.9,0005.9
,,,,,21:11:39,0.98,4720,16.1,0005.7
,,,,,21:11:40,0.98,4736,15.9,0005.7
,,,,,21:11:41,0.99,4752,16.0,0005.2
,,,,,21:11:42,0.99,4768,16.0,0006.0
,,,,,21:11:43,0.99,4784,16.0,0005.8
,,,,,21:11:44,0.99,4800,16.0,0005.4
,,,,,21:11:45,0.99,4816,16.0,0005.8
,,,,,21:11:46,0.99,4832,15.9,0005.9
,,,,,21:11:47,0.99,4848,16.0,0006.1
,,,,,21:11:48,0.99,4864,16.0,0005.6
,,,,,21:11:49,0.99,4880,15.9,0006.1
,,,,,21:11:50,0.99,4896,16.1,0006.0
,,,,,21:11:51,0.99,4912,15.9,0006.0
,,,,,21:11:52,0.99,4928,16.0,0005.5
,,,,,21:11:53,0.99,4944,16.0,0006.0
,,,,,21:11:54,0.99,4960,16.0,0005.6
,,,,,21:11:55,0.99,4976,16.0,0005.8
,,,,,21:11:56,0.98,4992,16.0,0005.7
,,,,,21:11:57,0.99,5008,15.9,0005.8
,,,,,21:11:58,0.99,5024,16.1,0005.5
,,,,,21:11:59,0.99,5040,15.9,0005.7
,,,,,21:12:00,0.99,5056,16.0,0005.8
,,,,,21:12:01,0.99,5072,16.0,0005.4
,,,,,21:12:02,0.99,5088,16.0,0005.9
,,,,,21:12:03,0.99,5104,16.0,0005.7
,,,,,21:12:04,0.99,5120,16.0,0005.9
,,,,,21:12:05,0.99,5136,15.9,0005.5
,,,,,21:12:06,0.99,5152,15.9,0005.9
,,,,,21:12:07,0.99,5168,16.1,0006.2
,,,,,21:12:08,0.99,5184,15.9,0005.7
,,,,,21:12:09,0.99,5200,16.1,0005.8
,,,,,21:12:10,0.99,5216,15.9,0005.8
,,,,,21:12:11,0.99,5232,16.0,0005.8
,,,,,21:12:12,0.99,5248,16.0,0005.4
,,,,,21:12:13,0.99,5264,16.0,0005.4
,,,,,21:12:14,0.99,5280,15.9,0005.3
,,,,,21:12:15,0.99,5296,16.1,0005.1
,,,,,21:12:16,0.99,5312,15.9,0005.0
,,,,,21:12:17,0.99,5328,16.1,0005.5
,,,,,21:12:18,0.98,5344,15.9,0005.4
,,,,,21:12:19,0.99,5360,16.0,0005.2
,,,,,21:12:20,0.99,5376,16.0,0005.6
,,,,,21:12:21,0.99,5392,16.0,0005.7
,,,,,21:12:22,0.99,5408,15.9,0005.6
,,,,,21:12:23,0.99,5424,16.1,0005.7
,,,,,21:12:24,0.99,5440,15.9,0005.7
,,,,,21:12:25,0.99,5456,16.1,0005.8
,,,,,21:12:26,0.99,5472,15.9,0005.9
,,,,,21:12:27,0.99,5488,16.0,0005.8
,,,,,21:12:28,0.99,5504,16.0,0005.7
,,,,,21:12:29,0.99,5520,16.0,0005.8
,,,,,21:12:30,0.99,5536,15.9,0005.6
,,,,,21:12:31,0.99,5552,16.1,0005.5
,,,,,21:12:32,0.99,5568,15.9,0005.5
,,,,,21:12:33,0.99,5584,16.1,0005.2
,,,,,21:12:34,0.99,5600,15.9,0005.4
,,,,,21:12:35,0.99,5616,16.0,0005.2
,,,,,21:12:36,0.99,5632,16.0,0005.4
,,,,,21:12:37,0.99,5648,16.0,0005.5
,,,,,21:12:38,0.99,5664,15.9,0005.4
,,,,,21:12:39,0.99,5680,16.1,0005.5
,,,,,21:12:40,0.99,5696,15.9,0005.8
,,,,,21:12:41,0.99,5712,16.1,0005.6
,,,,,21:12:42,0.98,5728,15.9,0005.5
,,,,,21:12:43,0.99,5744,16.0,0005.9
,,,,,21:12:44,0.99,5760,16.0,0005.7
,,,,,21:12:45,0.99,5776,16.0,0005.8
,,,,,21:12:46,0.99,5792,15.9,0005.4
,,,,,21:12:47,0.99,5808,16.1,0005.9
,,,,,21:12:48,0.99,5824,15.9,0005.8
,,,,,21:12:49,0.99,5840,16.1,0005.6
,,,,,21:12:50,0.99,5856,15.9,0005.2
,,,,,21:12:51,0.99,5872,16.0,0005.5
,,,,,21:12:52,0.99,5888,16.0,0005.7
,,,,,21:12:53,0.98,5904,16.0,0005.2
,,,,,21:12:54,0.98,5920,16.0,0004.7
,,,,,21:12:55,0.98,5936,16.0,0005.4
,,,,,21:12:56,0.99,5952,15.9,0005.4
,,,,,21:12:57,0.99,5968,16.1,0004.7
,,,,,21:12:58,0.99,5984,16.0,0005.1
,,,,,21:12:59,0.99,6000,16.0,0005.4
,,,,,21:13:00,0.99,6016,16.1,0005.2
,,,,,21:13:01,0.99,6032,15.9,0005.0
,,,,,21:13:02,0.99,6048,16.1,0005.5
,,,,,21:13:03,0.99,6064,15.9,0005.5
,,,,,21:13:04,0.99,6080,16.1,0005.6
,,,,,21:13:05,0.99,6096,15.9,0005.5
,,,,,21:13:06,0.99,6112,16.1,0005.1
,,,,,21:13:07,0.99,6128,15.9,0005.5
,,,,,21:13:08,0.99,6144,16.0,0005.6
,,,,,21:13:09,0.99,6160,16.0,0005.8
,,,,,21:13:10,0.99,6176,16.0,0005.7
,,,,,21:13:11,0.99,6192,16.0,0005.8
,,,,,21:13:12,0.99,6208,16.0,0005.6
,,,,,21:13:13,0.99,6224,16.0,0005.7
,,,,,21:13:14,0.99,6240,16.0,0005.8
,,,,,21:13:15,0.99,6256,16.0,0005.9
,,,,,21:13:16,0.99,6272,15.9,0005.9
,,,,,21:13:17,0.99,6288,15.9,0006.0
,,,,,21:13:18,0.99,6304,16.1,0006.2
,,,,,21:13:19,0.99,6320,15.9,0006.3
,,,,,21:13:20,0.99,6336,16.0,0006.0
,,,,,21:13:21,0.99,6352,15.9,0005.7
,,,,,21:13:22,0.99,6368,16.1,0006.2
,,,,,21:13:23,0.99,6384,15.9,0006.2
,,,,,21:13:24,0.99,6400,16.0,0005.8
,,,,,21:13:25,0.99,6416,16.0,0006.0
,,,,,21:13:26,0.98,6432,16.0,0005.9
,,,,,21:13:27,0.99,6448,15.9,0006.0
,,,,,21:13:28,1.00,6464,16.1,0005.8
,,,,,21:13:29,1.00,6480,15.9,0005.9
,,,,,21:13:30,1.01,6496,16.0,0005.7
,,,,,21:13:31,1.01,6512,15.9,0006.0
,,,,,21:13:32,1.00,6528,16.1,0005.7
,,,,,21:13:33,1.00,6544,15.9,0006.1
,,,,,21:13:34,1.01,6560,16.0,0005.8
,,,,,21:13:35,1.01,6576,16.0,0005.8
,,,,,21:13:36,1.01,6592,16.0,0005.7
,,,,,21:13:37,1.01,6608,16.0,0005.8
,,,,,21:13:38,1.00,6624,16.0,0005.9
,,,,,21:13:39,1.00,6640,16.0,0005.5
,,,,,21:13:40,1.00,6656,15.9,0005.8
,,,,,21:13:41,1.00,6672,16.0,0005.8
,,,,,21:13:42,1.00,6688,16.0,0005.9
,,,,,21:13:43,1.00,6704,16.0,0005.8
,,,,,21:13:44,1.01,6720,15.9,0005.8
,,,,,21:13:45,1.01,6736,16.1,0005.8
,,,,,21:13:46,1.01,6752,15.9,0005.8
,,,,,21:13:47,1.01,6768,16.0,0005.7
,,,,,21:13:48,1.02,6784,15.9,0005.4
,,,,,21:13:49,1.02,6800,16.1,0005.7
,,,,,21:13:50,1.03,6816,15.9,0005.8
,,,,,21:13:51,1.03,6832,16.0,0005.8
,,,,,21:13:52,1.03,6848,16.0,0005.7
,,,,,21:13:53,1.04,6864,16.0,0005.8
,,,,,21:13:54,1.04,6880,15.9,0006.0
,,,,,21:13:55,1.04,6896,16.1,0005.7
,,,,,21:13:56,1.05,6912,15.9,0005.8
,,,,,21:13:57,1.05,6928,16.0,0005.7
,,,,,21:13:58,1.05,6944,16.0,0005.7
,,,,,21:13:59,1.05,6960,16.0,0005.6
,,,,,21:14:00,1.05,6976,15.9,0005.5
,,,,,21:14:01,1.05,6992,16.0,0005.9
,,,,,21:14:02,1.05,7008,16.0,0005.9
,,,,,21:14:03,1.05,7024,16.0,0006.0
,,,,,21:14:04,1.05,7040,16.0,0005.6
,,,,,21:14:05,1.05,7056,16.0,0005.7
,,,,,21:14:06,1.05,7072,16.0,0005.9
,,,,,21:14:07,1.05,7088,15.9,0005.9
,,,,,21:14:08,1.05,7104,16.1,0005.8
,,,,,21:14:09,1.05,7120,15.9,0005.7
,,,,,21:14:10,1.05,7136,16.0,0006.2
,,,,,21:14:11,1.05,7152,15.9,0005.7
,,,,,21:14:12,1.05,7168,16.1,0005.4
,,,,,21:14:13,1.05,7184,15.9,0005.8
,,,,,21:14:14,1.05,7200,16.0,0005.9
,,,,,21:14:15,1.05,7216,16.0,0005.6
,,,,,21:14:16,1.05,7232,16.0,0005.3
,,,,,21:14:17,1.05,7248,15.9,0005.9
,,,,,21:14:18,1.05,7264,16.1,0005.7
,,,,,21:14:19,1.05,7280,15.9,0006.0
,,,,,21:14:20,1.06,7296,16.0,0005.4
,,,,,21:14:21,1.05,7312,16.1,0005.9
,,,,,21:14:22,1.05,7328,15.9,0005.6
,,,,,21:14:23,1.05,7344,16.0,0005.7
,,,,,21:14:24,1.05,7360,16.0,0005.4
,,,,,21:14:25,1.05,7376,16.0,0005.2
,,,,,21:14:26,1.05,7392,15.9,0005.7
,,,,,21:14:27,1.05,7408,16.1,0005.5
,,,,,21:14:28,1.05,7424,15.9,0005.5
,,,,,21:14:29,1.05,7440,16.0,0005.8
,,,,,21:14:30,1.05,7456,16.0,0005.6
,,,,,21:14:31,1.05,7472,16.0,0005.7
,,,,,21:14:32,1.05,7488,15.9,0005.8
,,,,,21:14:33,1.05,7504,16.1,0005.8
,,,,,21:14:34,1.05,7520,16.0,0005.7
,,,,,21:14:35,1.05,7536,15.9,0005.7
,,,,,21:14:36,1.05,7552,16.1,0005.5
,,,,,21:14:37,1.06,7568,15.9,0005.0
,,,,,21:14:38,1.06,7584,16.0,0005.3
,,,,,21:14:39,1.05,7600,16.0,0005.4
,,,,,21:14:40,1.05,7616,16.0,0005.2
,,,,,21:14:41,1.05,7632,15.9,0005.0
,,,,,21:14:42,1.05,7648,16.1,0005.4
,,,,,21:14:43,1.05,7664,15.9,0005.7
,,,,,21:14:44,1.05,7680,16.1,0005.4
,,,,,21:14:45,1.06,7696,16.0,0005.4
,,,,,21:14:46,1.06,7712,15.9,0005.8
,,,,,21:14:47,1.05,7728,16.1,0005.9
,,,,,21:14:48,1.05,7744,15.9,0005.6
,,,,,21:14:49,1.05,7760,16.0,0005.7
,,,,,21:14:50,1.05,7776,16.0,0005.8
,,,,,21:14:51,1.05,7792,16.0,0005.5
,,,,,21:14:52,1.05,7808,15.9,0005.4
,,,,,21:14:53,1.05,7824,16.1,0005.3
,,,,,21:14:54,1.05,7840,16.0,0005.4
,,,,,21:14:55,1.05,7856,15.9,0005.5
,,,,,21:14:56,1.05,7872,16.1,0005.4
,,,,,21:14:57,1.05,7888,15.9,0005.2
,,,,,21:14:58,1.05,7904,16.1,0005.2
,,,,,21:14:59,1.06,7920,16.0,0005.1
,,,,,21:15:00,1.06,7936,16.0,0005.0
,,,,,21:15:01,1.05,7952,16.0,0004.9
,,,,,21:15:02,1.06,7968,16.0,0005.1
,,,,,21:15:03,1.06,7984,16.0,0005.1
,,,,,21:15:04,1.06,8001,16.1,0005.3
,,,,,21:15:05,1.05,8017,15.9,0005.2
,,,,,21:15:06,1.05,8033,16.1,0005.0
,,,,,21:15:07,1.05,8049,15.9,0004.8
,,,,,21:15:08,1.06,8065,16.0,0005.1
,,,,,21:15:09,1.06,8081,16.0,0005.1
,,,,,21:15:10,1.06,8097,16.1,0004.8
,,,,,21:15:11,1.05,8113,16.0,0005.0
,,,,,21:15:12,1.05,8129,15.9,0004.8
,,,,,21:15:13,1.05,8145,16.1,0004.7
,,,,,21:15:14,1.05,8161,15.9,0004.7
,,,,,21:15:15,1.06,8177,16.1,0005.0
,,,,,21:15:16,1.06,8193,16.0,0004.9
,,,,,21:15:17,1.05,8209,16.0,0004.6
,,,,,21:15:18,1.05,8225,16.0,0005.0
,,,,,21:15:19,1.06,8241,16.0,0005.2
,,,,,21:15:20,1.06,8257,16.0,0005.0
,,,,,21:15:21,1.05,8273,15.9,0005.4
,,,,,21:15:22,1.06,8289,16.1,0005.5
,,,,,21:15:23,1.06,8305,15.9,0005.1
,,,,,21:15:24,1.05,8321,16.0,0005.4
,,,,,21:15:25,1.06,8337,16.1,0005.6
,,,,,21:15:26,1.06,8353,15.9,0005.9
,,,,,21:15:27,1.05,8369,16.0,0005.4
,,,,,21:15:28,1.05,8385,16.0,0005.9
,,,,,21:15:29,1.05,8401,16.0,0005.9
,,,,,21:15:30,1.06,8417,15.9,0005.7
,,,,,21:15:31,1.05,8433,16.0,0005.9
,,,,,21:15:32,1.05,8449,16.0,0005.8
,,,,,21:15:33,1.05,8465,16.0,0006.1
,,,,,21:15:34,1.05,8481,15.9,0006.0
,,,,,21:15:35,1.05,8497,16.1,0005.6
,,,,,21:15:36,1.05,8513,15.9,0005.8
,,,,,21:15:37,1.05,8529,16.0,0005.8
,,,,,21:15:38,1.05,8545,15.9,0006.2
,,,,,21:15:39,1.05,8561,16.1,0006.0
,,,,,21:15:40,1.05,8577,16.0,0006.2
,,,,,21:15:41,1.05,8593,15.9,0006.0
,,,,,21:15:42,1.05,8609,16.1,0005.9
,,,,,21:15:43,1.05,8625,15.9,0005.7
,,,,,21:15:44,1.05,8641,16.0,0005.5
,,,,,21:15:45,1.05,8657,15.9,0006.0
,,,,,21:15:46,1.06,8673,16.1,0006.0
,,,,,21:15:47,1.05,8689,15.9,0006.2
,,,,,21:15:48,1.05,8705,16.0,0005.9
,,,,,21:15:49,1.05,8721,16.0,0005.8
,,,,,21:15:50,1.05,8737,16.0,0006.1
,,,,,21:15:51,1.05,8753,15.9,0006.1
,,,,,21:15:52,1.05,8769,16.0,0005.6
,,,,,21:15:53,1.05,8785,16.0,0005.7
,,,,,21:15:54,1.06,8801,16.0,0005.8
,,,,,21:15:55,1.06,8817,15.9,0006.3
,,,,,21:15:56,1.05,8833,16.1,0005.7
,,,,,21:15:57,1.05,8849,15.9,0005.6
,,,,,21:15:58,1.05,8865,16.0,0006.0
,,,,,21:15:59,1.06,8881,15.9,0005.6
,,,,,21:16:00,1.06,8897,16.1,0006.1
,,,,,21:16:01,1.06,8913,15.9,0005.6
,,,,,21:16:02,1.06,8929,16.0,0005.9
,,,,,21:16:03,1.06,8945,16.0,0005.5
,,,,,21:16:04,1.05,8961,16.0,0005.5
,,,,,21:16:05,1.05,8977,16.0,0005.7
,,,,,21:16:06,1.05,8993,15.9,0005.6
,,,,,21:16:07,1.05,9009,16.1,0005.5
,,,,,21:16:08,1.05,9025,15.9,0005.7
,,,,,21:16:09,1.05,9041,16.0,0005.6
,,,,,21:16:10,1.05,9057,16.0,0005.7
,,,,,21:16:11,1.05,9073,16.0,0005.2
,,,,,21:16:12,1.05,9089,16.0,0005.2
,,,,,21:16:13,1.06,9105,16.0,0005.4
,,,,,21:16:14,1.06,9121,16.0,0005.6
,,,,,21:16:15,1.06,9137,16.0,0005.3
,,,,,21:16:16,1.06,9153,16.0,0005.7
,,,,,21:16:17,1.06,9169,16.0,0005.6
,,,,,21:16:18,1.05,9185,16.0,0005.5
,,,,,21:16:19,1.05,9201,16.0,0005.7
,,,,,21:16:20,1.06,9217,16.0,0005.8
,,,,,21:16:21,1.06,9233,16.0,0005.4
,,,,,21:16:22,1.06,9249,16.0,0005.3
,,,,,21:16:23,1.06,9265,15.9,0005.6
,,,,,21:16:24,1.06,9281,16.1,0005.4
,,,,,21:16:25,1.06,9297,16.0,0005.0
,,,,,21:16:26,1.06,9313,16.0,0005.5
,,,,,21:16:27,1.05,9329,16.0,0005.4
,,,,,21:16:28,1.05,9345,15.9,0005.3
,,,,,21:16:29,1.05,9361,16.1,0005.1
,,,,,21:16:30,1.05,9377,15.9,0005.1
,,,,,21:16:31,1.05,9393,16.1,0005.0
,,,,,21:16:32,1.06,9409,15.9,0004.9
,,,,,21:16:33,1.06,9425,16.0,0005.1
,,,,,21:16:34,1.05,9441,16.1,0005.2
,,,,,21:16:35,1.05,9457,15.9,0005.1
,,,,,21:16:36,1.05,9473,16.1,0005.0
,,,,,21:16:37,1.06,9489,15.9,0005.3
,,,,,21:16:38,1.06,9505,16.0,0005.2
,,,,,21:16:39,1.05,9521,16.0,0005.2
,,,,,21:16:40,1.06,9537,16.0,0005.1
,,,,,21:16:41,1.06,9553,15.9,0005.5
,,,,,21:16:42,1.05,9569,16.1,0005.4
,,,,,21:16:43,1.05,9585,15.9,0005.1
,,,,,21:16:44,1.05,9601,16.1,0005.5
,,,,,21:16:45,1.05,9617,15.9,0005.5
,,,,,21:16:46,1.05,9633,16.0,0005.4
,,,,,21:16:47,1.06,9649,16.1,0005.6
,,,,,21:16:48,1.06,9665,15.9,0005.7
,,,,,21:16:49,1.05,9681,16.0,0005.7
,,,,,21:16:50,1.05,9697,16.0,0005.4
,,,,,21:16:51,1.05,9713,16.0,0005.6
,,,,,21:16:52,1.05,9729,15.9,0005.6
,,,,,21:16:53,1.05,9745,16.1,0005.8
,,,,,21:16:54,1.06,9761,15.9,0005.8
,,,,,21:16:55,1.05,9777,16.0,0005.6
,,,,,21:16:56,1.05,9793,16.0,0005.7
,,,,,21:16:57,1.05,9809,16.0,0005.7
,,,,,21:16:58,1.05,9825,15.9,0006.0
,,,,,21:16:59,1.06,9841,16.1,0005.8
,,,,,21:17:00,1.06,9857,15.9,0006.0
,,,,,21:17:01,1.06,9873,16.0,0006.0
,,,,,21:17:02,1.06,9889,16.0,0005.9
,,,,,21:17:03,1.06,9905,16.0,0005.9
,,,,,21:17:04,1.05,9921,15.9,0005.8
,,,,,21:17:05,1.06,9937,16.1,0005.6
,,,,,21:17:06,1.06,9953,15.9,0005.7
,,,,,21:17:07,1.06,9969,16.0,0005.7
,,,,,21:17:08,1.05,9985,16.1,0005.7
,,,,,21:17:09,1.05,10002,15.9,0005.7
,,,,,21:17:10,1.05,10017,16.0,0005.3
,,,,,21:17:11,1.05,10033,16.0,0005.5
,,,,,21:17:12,1.05,10049,16.0,0005.9
,,,,,21:17:13,1.06,10065,15.9,0005.7
,,,,,21:17:14,1.06,10081,16.0,0005.8
,,,,,21:17:15,1.06,10097,16.0,0005.2
,,,,,21:17:16,1.05,10113,16.0,0005.7
,,,,,21:17:17,1.05,10129,15.9,0005.5
,,,,,21:17:18,1.05,10145,16.0,0005.7
,,,,,21:17:19,1.05,10161,16.0,0005.2
,,,,,21:17:20,1.06,10177,16.0,0005.5
,,,,,21:17:21,1.06,10193,15.9,0005.9
,,,,,21:17:22,1.05,10209,16.1,0005.4
,,,,,21:17:23,1.06,10225,15.9,0005.6
,,,,,21:17:24,1.06,10241,16.0,0005.3
,,,,,21:17:25,1.05,10257,16.0,0005.8
,,,,,21:17:26,1.05,10273,16.0,0005.1
,,,,,21:17:27,1.05,10289,15.9,0005.4
,,,,,21:17:28,1.05,10305,16.1,0005.8
,,,,,21:17:29,1.05,10321,15.9,0005.2
,,,,,21:17:30,1.05,10337,16.0,0005.1
,,,,,21:17:31,1.05,10353,16.0,0005.1
,,,,,21:17:32,1.06,10369,16.0,0005.7
,,,,,21:17:33,1.06,10385,15.9,0005.4
,,,,,21:17:34,1.06,10401,16.1,0005.4
,,,,,21:17:35,1.06,10417,15.9,0005.7
,,,,,21:17:36,1.06,10433,16.1,0005.6
,,,,,21:17:37,1.05,10449,16.0,0005.3
,,,,,21:17:38,1.05,10465,15.9,0005.8
,,,,,21:17:39,1.06,10481,16.1,0005.2
,,,,,21:17:40,1.06,10497,15.9,0005.5
,,,,,21:17:41,1.05,10513,16.1,0005.8
,,,,,21:17:42,1.05,10530,15.9,0006.2
,,,,,21:17:43,1.05,10545,16.0,0005.7
,,,,,21:17:44,1.05,10561,15.9,0006.0
,,,,,21:17:45,1.05,10577,16.1,0006.4
,,,,,21:17:46,1.05,10593,15.9,0006.2
,,,,,21:17:47,1.05,10609,16.0,0005.7
,,,,,21:17:48,1.05,10625,15.9,0005.7
,,,,,21:17:49,1.06,10641,16.1,0006.1
,,,,,21:17:50,1.06,10657,15.9,0006.1
,,,,,21:17:51,1.05,10673,16.0,0006.0
,,,,,21:17:52,1.05,10689,15.9,0006.3
,,,,,21:17:53,1.05,10705,16.1,0006.4
,,,,,21:17:54,1.05,10721,15.9,0005.7
,,,,,21:17:55,1.05,10737,16.0,0005.8
,,,,,21:17:56,1.05,10753,16.0,0005.9
,,,,,21:17:57,1.06,10769,16.0,0005.7
,,,,,21:17:58,1.06,10785,16.0,0005.8
,,,,,21:17:59,1.06,10801,15.9,0005.7
,,,,,21:18:00,1.06,10817,16.1,0006.0
,,,,,21:18:01,1.05,10833,15.9,0006.2
,,,,,21:18:02,1.05,10849,16.0,0006.1
,,,,,21:18:03,1.05,10865,16.0,0005.9
,,,,,21:18:04,1.05,10881,16.0,0005.7
,,,,,21:18:05,1.05,10897,16.0,0005.9
,,,,,21:18:06,1.05,10913,16.0,0005.7
,,,,,21:18:07,1.05,10929,16.0,0005.5
,,,,,21:18:08,1.05,10945,16.0,0005.9
,,,,,21:18:09,1.05,10961,16.1,0005.9
,,,,,21:18:10,1.06,10978,15.9,0005.7
,,,,,21:18:11,1.06,10993,16.0,0005.7
,,,,,21:18:12,1.06,11010,16.0,0006.0
,,,,,21:18:13,1.06,11026,16.0,0005.9
,,,,,21:18:14,1.06,11042,16.0,0005.6
,,,,,21:18:15,1.05,11058,16.0,0005.9
,,,,,21:18:16,1.05,11074,16.1,0005.8
,,,,,21:18:17,1.05,11090,15.9,0005.7
,,,,,21:18:18,1.05,11106,16.0,0005.8
,,,,,21:18:19,1.05,11122,16.0,0005.9
,,,,,21:18:20,1.06,11138,16.0,0005.9
,,,,,21:18:21,1.05,11154,16.0,0005.4
,,,,,21:18:22,1.05,11170,16.0,0005.3
,,,,,21:18:23,1.05,11186,15.9,0005.6
,,,,,21:18:24,1.05,11202,16.1,0005.6
,,,,,21:18:25,1.05,11218,16.0,0005.3
,,,,,21:18:26,1.05,11234,16.0,0005.4
,,,,,21:18:27,1.05,11250,16.0,0005.4
,,,,,21:18:28,1.05,11266,16.0,0005.4
,,,,,21:18:29,1.05,11282,16.0,0005.5
,,,,,21:18:30,1.05,11298,15.9,0005.4
,,,,,21:18:31,1.06,11314,16.1,0005.6
,,,,,21:18:32,1.06,11330,15.9,0005.6
,,,,,21:18:33,1.06,11346,16.1,0005.5
,,,,,21:18:34,1.06,11362,15.9,0005.5
,,,,,21:18:35,1.05,11378,16.0,0005.6
,,,,,21:18:36,1.05,11394,16.1,0005.8
,,,,,21:18:37,1.06,11410,15.9,0005.7
,,,,,21:18:38,1.06,11426,16.0,0005.8
,,,,,21:18:39,1.06,11442,16.0,0005.5
,,,,,21:18:40,1.05,11458,16.0,0005.9
,,,,,21:18:41,1.05,11474,15.9,0006.2
,,,,,21:18:42,1.05,11490,16.1,0005.7
,,,,,21:18:43,1.05,11506,15.9,0005.8
,,,,,21:18:44,1.05,11522,16.1,0006.0
,,,,,21:18:45,1.05,11538,15.9,0006.0
,,,,,21:18:46,1.05,11554,16.0,0005.7
,,,,,21:18:47,1.05,11570,16.1,0005.6
,,,,,21:18:48,1.05,11586,15.9,0005.7
,,,,,21:18:49,1.05,11602,16.0,0005.7
,,,,,21:18:50,1.05,11618,16.0,0005.5
,,,,,21:18:51,1.05,11634,16.0,0005.6
,,,,,21:18:52,1.05,11650,15.9,0005.8
,,,,,21:18:53,1.05,11666,16.0,0005.8
,,,,,21:18:54,1.05,11682,16.0,0005.8
,,,,,21:18:55,1.05,11698,16.0,0005.5
,,,,,21:18:56,1.05,11714,15.9,0005.5
,,,,,21:18:57,1.05,11730,16.0,0005.8
,,,,,21:18:58,1.05,11746,16.0,0005.6
,,,,,21:18:59,1.05,11762,16.0,0005.2
,,,,,21:19:00,1.05,11778,16.0,0005.0
,,,,,21:19:01,1.05,11794,16.0,0005.4
,,,,,21:19:02,1.05,11810,16.0,0005.6
,,,,,21:19:03,1.05,11826,15.9,0005.1
,,,,,21:19:04,1.05,11842,16.1,0005.5
,,,,,21:19:05,1.05,11858,15.9,0005.4
,,,,,21:19:06,1.05,11874,16.0,0005.8
,,,,,21:19:07,1.05,11890,16.0,0005.2
,,,,,21:19:08,1.06,11906,16.0,0005.5
,,,,,21:19:09,1.06,11922,15.9,0005.2
,,,,,21:19:10,1.06,11938,16.0,0005.2
,,,,,21:19:11,1.05,11954,16.1,0005.4
,,,,,21:19:12,1.05,11970,15.9,0005.4
,,,,,21:19:13,1.05,11986,16.0,0005.5
,,,,,21:19:14,1.05,12002,16.0,0005.5
,,,,,21:19:15,1.05,12018,16.0,0005.4
,,,,,21:19:16,1.05,12034,15.9,0005.8
,,,,,21:19:17,1.05,12050,16.0,0005.7
,,,,,21:19:18,1.05,12066,16.0,0005.8
,,,,,21:19:19,1.05,12082,16.0,0005.8
,,,,,21:19:20,1.05,12098,15.9,0005.9
,,,,,21:19:21,1.06,12114,16.0,0005.5
,,,,,21:19:22,1.05,12130,16.1,0005.5
,,,,,21:19:23,1.05,12146,15.9,0005.9
,,,,,21:19:24,1.05,12162,16.0,0005.8
,,,,,21:19:25,1.06,12178,16.0,0005.9
,,,,,21:19:26,1.06,12194,16.0,0006.0
,,,,,21:19:27,1.05,12210,15.9,0006.1
,,,,,21:19:28,1.05,12226,16.0,0005.8
,,,,,21:19:29,1.05,12242,16.0,0005.7
,,,,,21:19:30,1.05,12258,16.0,0005.5
,,,,,21:19:31,1.06,12274,15.9,0005.6
,,,,,21:19:32,1.05,12290,16.1,0005.8
,,,,,21:19:33,1.05,12306,15.9,0005.3
,,,,,21:19:34,1.05,12322,16.0,0005.5
,,,,,21:19:35,1.05,12338,16.0,0005.7
,,,,,21:19:36,1.06,12354,16.0,0005.8
,,,,,21:19:37,1.06,12370,16.0,0005.7
,,,,,21:19:38,1.05,12386,15.9,0005.6
,,,,,21:19:39,1.05,12402,16.1,0005.6
,,,,,21:19:40,1.05,12418,15.9,0005.5
,,,,,21:19:41,1.05,12434,16.0,0005.5
,,,,,21:19:42,1.05,12450,15.9,0005.3
,,,,,21:19:43,1.05,12466,16.1,0005.5
,,,,,21:19:44,1.06,12482,16.0,0005.8
,,,,,21:19:45,1.06,12498,15.9,0005.9
,,,,,21:19:46,1.05,12514,16.1,0005.9
,,,,,21:19:47,1.05,12530,15.9,0005.6
,,,,,21:19:48,1.05,12546,16.0,0005.6
,,,,,21:19:49,1.05,12562,16.0,0005.6
,,,,,21:19:50,1.05,12578,16.0,0005.4
,,,,,21:19:51,1.05,12594,16.0,0004.8
,,,,,21:19:52,1.06,12610,15.9,0005.5
,,,,,21:19:53,1.06,12626,16.1,0005.5
,,,,,21:19:54,1.05,12642,15.9,0005.0
,,,,,21:19:55,1.05,12658,16.1,0005.0
,,,,,21:19:56,1.05,12674,15.9,0005.2
,,,,,21:19:57,1.06,12690,16.0,0005.8
,,,,,21:19:58,1.06,12706,15.9,0005.7
,,,,,21:19:59,1.06,12722,16.0,0006.2
,,,,,21:20:00,1.05,12738,16.1,0006.2
,,,,,21:20:01,1.05,12754,15.9,0006.1
,,,,,21:20:02,1.05,12770,16.0,0005.9
,,,,,21:20:03,1.05,12786,15.9,0006.0
,,,,,21:20:04,1.05,12802,16.0,0005.9
,,,,,21:20:05,1.06,12818,16.0,0005.7
,,,,,21:20:06,1.05,12834,16.0,0006.2
,,,,,21:20:07,1.05,12850,15.9,0006.5
,,,,,21:20:08,1.05,12866,16.0,0006.1
,,,,,21:20:09,1.05,12882,16.0,0006.2
,,,,,21:20:10,1.05,12898,16.0,0006.1
,,,,,21:20:11,1.05,12914,15.9,0005.8
,,,,,21:20:12,1.05,12930,16.0,0005.6
,,,,,21:20:13,1.05,12946,16.0,0005.8
,,,,,21:20:14,1.05,12962,16.0,0005.8
,,,,,21:20:15,1.05,12978,16.0,0005.7
,,,,,21:20:16,1.05,12994,16.0,0005.8
,,,,,21:20:17,1.05,13010,16.0,0005.9
,,,,,21:20:18,1.05,13026,15.9,0006.1
,,,,,21:20:19,1.05,13042,16.1,0005.9
,,,,,21:20:20,1.05,13058,15.9,0005.9
,,,,,21:20:21,1.05,13074,16.0,0005.6
,,,,,21:20:22,1.06,13090,16.0,0005.6
,,,,,21:20:23,1.05,13106,16.0,0005.5
,,,,,21:20:24,1.05,13122,16.1,0005.6
,,,,,21:20:25,1.05,13138,15.9,0005.4
,,,,,21:20:26,1.05,13154,16.0,0005.5
,,,,,21:20:27,1.06,13170,15.9,0005.7
,,,,,21:20:28,1.06,13186,16.1,0005.5
,,,,,21:20:29,1.05,13202,15.9,0005.6
,,,,,21:20:30,1.05,13218,16.0,0005.7
,,,,,21:20:31,1.06,13234,16.1,0006.0
,,,,,21:20:32,1.05,13250,15.9,0005.9
,,,,,21:20:33,1.05,13266,16.0,0005.8
,,,,,21:20:34,1.05,13282,16.0,0005.7
,,,,,21:20:35,1.05,13298,16.0,0005.7
,,,,,21:20:36,1.05,13314,15.9,0005.6
,,,,,21:20:37,1.05,13330,16.0,0005.8
,,,,,21:20:38,1.05,13346,16.1,0005.5
,,,,,21:20:39,1.05,13362,15.9,0005.9
,,,,,21:20:40,1.05,13378,16.0,0005.8
,,,,,21:20:41,1.05,13394,16.0,0005.3
,,,,,21:20:42,1.05,13410,16.0,0005.4
,,,,,21:20:43,1.05,13426,15.9,0005.8
,,,,,21:20:44,1.05,13442,16.1,0006.0
,,,,,21:20:45,1.05,13458,16.0,0005.5
,,,,,21:20:46,1.05,13474,15.9,0005.4
,,,,,21:20:47,1.05,13490,16.0,0005.4
,,,,,21:20:48,1.05,13506,16.0,0005.7
,,,,,21:20:49,1.05,13522,16.0,0005.2
,,,,,21:20:50,1.05,13538,15.9,0005.2
,,,,,21:20:51,1.05,13554,16.0,0005.2
,,,,,21:20:52,1.05,13570,16.0,0005.4
,,,,,21:20:53,1.05,13586,16.0,0005.0
,,,,,21:20:54,1.05,13602,16.0,0005.1
,,,,,21:20:55,1.06,13618,15.9,0005.7
,,,,,21:20:56,1.05,13634,16.1,0005.6
,,,,,21:20:57,1.05,13650,15.9,0005.5
,,,,,21:20:58,1.05,13666,16.0,0005.4
,,,,,21:20:59,1.05,13682,15.9,0005.5
,,,,,21:21:00,1.05,13698,16.1,0005.2
,,,,,21:21:01,1.05,13714,15.9,0005.2
,,,,,21:21:02,1.05,13730,16.0,0005.7
,,,,,21:21:03,1.05,13746,16.0,0005.9
,,,,,21:21:04,1.05,13762,16.0,0005.5
,,,,,21:21:05,1.05,13778,16.0,0005.7
,,,,,21:21:06,1.05,13794,15.9,0006.0
,,,,,21:21:07,1.05,13810,16.0,0005.9
,,,,,21:21:08,1.06,13826,16.0,0005.8
,,,,,21:21:09,1.05,13842,16.0,0006.3
,,,,,21:21:10,1.05,13858,15.9,0006.2
,,,,,21:21:11,1.05,13874,16.0,0006.0
,,,,,21:21:12,1.05,13890,16.0,0005.9
,,,,,21:21:13,1.05,13906,16.0,0005.7
,,,,,21:21:14,1.05,13922,16.0,0005.8
,,,,,21:21:15,1.05,13938,15.9,0006.0
,,,,,21:21:16,1.05,13954,16.0,0005.7
,,,,,21:21:17,1.05,13970,16.0,0006.0
,,,,,21:21:18,1.05,13986,16.0,0005.9
,,,,,21:21:19,1.05,14002,15.9,0005.8
,,,,,21:21:20,1.05,14018,16.0,0006.0
,,,,,21:21:21,1.05,14034,16.1,0005.9
,,,,,21:21:22,1.05,14050,15.9,0006.2
,,,,,21:21:23,1.05,14066,16.0,0005.8
,,,,,21:21:24,1.05,14082,15.9,0005.8
,,,,,21:21:25,1.05,14098,16.1,0006.3
,,,,,21:21:26,1.05,14114,15.9,0005.9
,,,,,21:21:27,1.05,14130,16.0,0005.2
,,,,,21:21:28,1.05,14146,15.9,0005.6
,,,,,21:21:29,1.05,14162,16.0,0006.0
,,,,,21:21:30,1.06,14178,16.1,0005.8
,,,,,21:21:31,1.06,14194,15.9,0005.8
,,,,,21:21:32,1.06,14210,16.0,0006.0
,,,,,21:21:33,1.06,14226,15.9,0005.7
,,,,,21:21:34,1.05,14242,16.0,0005.7
,,,,,21:21:35,1.05,14258,16.0,0005.7
,,,,,21:21:36,1.05,14274,16.0,0005.8
,,,,,21:21:37,1.05,14290,15.9,0005.5
,,,,,21:21:38,1.05,14306,16.0,0006.1
,,,,,21:21:39,1.05,14322,16.1,0006.0
,,,,,21:21:40,1.05,14338,15.9,0006.0
,,,,,21:21:41,1.05,14354,16.0,0005.9
,,,,,21:21:42,1.05,14370,15.9,0005.8
,,,,,21:21:43,1.05,14386,16.1,0006.2
,,,,,21:21:44,1.05,14402,15.9,0005.8
,,,,,21:21:45,1.05,14418,16.0,0006.0
,,,,,21:21:46,1.05,14434,15.9,0005.9
,,,,,21:21:47,1.05,14450,16.0,0006.2
,,,,,21:21:48,1.05,14466,16.1,0006.3
,,,,,21:21:49,1.05,14482,15.9,0006.2
,,,,,21:21:50,1.05,14498,16.0,0006.1
,,,,,21:21:51,1.05,14514,15.9,0005.6
,,,,,21:21:52,1.05,14530,16.0,0005.7
,,,,,21:21:53,1.05,14546,16.0,0005.8
,,,,,21:21:54,1.05,14562,16.0,0006.0
,,,,,21:21:55,1.05,14578,15.9,0005.8
,,,,,21:21:56,1.05,14594,16.1,0006.0
,,,,,21:21:57,1.05,14610,15.9,0006.4
,,,,,21:21:58,1.05,14626,16.0,0006.0
,,,,,21:21:59,1.05,14642,16.0,0006.1
,,,,,21:22:00,1.05,14658,15.9,0005.6
,,,,,21:22:01,1.05,14674,16.1,0005.9
,,,,,21:22:02,1.05,14690,15.9,0006.3
,,,,,21:22:03,1.05,14706,16.0,0006.2
,,,,,21:22:04,1.05,14722,15.9,0005.9
,,,,,21:22:05,1.05,14738,16.1,0006.1
,,,,,21:22:06,1.05,14754,15.9,0006.4
,,,,,21:22:07,1.05,14770,16.0,0006.8
,,,,,21:22:08,1.05,14786,15.9,0006.8
,,,,,21:22:09,1.05,14802,15.9,0007.7
,,,,,21:22:10,1.06,14818,16.0,0007.5
,,,,,21:22:11,1.05,14834,15.9,0007.5
,,,,,21:22:12,1.05,14849,16.0,0008.3
,,,,,21:22:13,1.05,14865,15.9,0008.2
,,,,,21:22:14,1.05,14881,16.0,0008.0
,,,,,21:22:15,1.05,14897,15.9,0008.1
,,,,,21:22:16,1.05,14913,15.9,0007.8
,,,,,21:22:17,1.05,14929,16.0,0007.8
,,,,,21:22:18,1.05,14945,15.9,0008.0
,,,,,21:22:19,1.05,14961,15.9,0007.6
,,,,,21:22:20,1.05,14977,16.0,0008.2
,,,,,21:22:21,1.05,14993,15.9,0008.6
,,,,,21:22:22,1.05,15009,15.9,0008.7
,,,,,21:22:23,1.05,15025,16.0,0008.4
,,,,,21:22:24,1.05,15041,15.8,0009.1
,,,,,21:22:25,1.05,15057,15.9,0009.2
,,,,,21:22:26,1.05,15073,16.0,0008.9
,,,,,21:22:27,1.05,15089,15.9,0008.9
,,,,,21:22:28,1.05,15104,15.9,0008.8
,,,,,21:22:29,1.05,15120,16.0,0008.7
,,,,,21:22:30,1.05,15136,15.9,0008.2
,,,,,21:22:31,1.05,15152,15.8,0008.7
,,,,,21:22:32,1.06,15168,16.0,0008.9
,,,,,21:22:33,1.05,15184,15.9,0009.1
,,,,,21:22:34,1.05,15200,15.9,0009.1
,,,,,21:22:35,1.05,15216,15.9,0009.2
,,,,,21:22:36,1.05,15232,16.0,0009.4
,,,,,21:22:37,1.05,15248,15.9,0008.8
,,,,,21:22:38,1.05,15264,15.8,0009.0
,,,,,21:22:39,1.05,15279,16.0,0008.8
,,,,,21:22:40,1.05,15296,15.9,0008.5
,,,,,21:22:41,1.05,15311,15.9,0008.8
,,,,,21:22:42,1.05,15327,16.0,0009.7
,,,,,21:22:43,1.05,15343,15.9,0009.2
,,,,,21:22:44,1.05,15359,15.8,0010.0
,,,,,21:22:45,1.05,15375,15.9,0009.7
,,,,,21:22:46,1.05,15391,16.0,0009.3
,,,,,21:22:47,1.05,15407,15.9,0008.8
,,,,,21:22:48,1.05,15423,15.9,0008.7
,,,,,21:22:49,1.05,15439,15.9,0009.4
,,,,,21:22:50,1.05,15455,15.9,0009.2
,,,,,21:22:51,1.05,15471,15.9,0009.5
,,,,,21:22:52,1.05,15486,15.9,0009.6
,,,,,21:22:53,1.05,15502,16.0,0010.1
,,,,,21:22:54,1.05,15518,15.9,0009.6
,,,,,21:22:55,1.05,15534,15.8,0009.0
,,,,,21:22:56,1.05,15550,16.0,0009.0
,,,,,21:22:57,1.05,15566,15.9,0009.6
,,,,,21:22:58,1.05,15582,15.9,0008.5
,,,,,21:22:59,1.05,15598,15.8,0008.7
,,,,,21:23:00,1.05,15614,16.0,0009.7
,,,,,21:23:01,1.05,15630,15.9,0009.6
,,,,,21:23:02,1.05,15646,15.9,0009.9
,,,,,21:23:03,1.06,15661,15.9,0010.0
,,,,,21:23:04,1.06,15677,16.0,0009.8
,,,,,21:23:05,1.06,15693,15.8,0009.0
,,,,,21:23:06,1.05,15709,15.9,0009.3
,,,,,21:23:07,1.05,15725,15.9,0009.4
,,,,,21:23:08,1.05,15741,16.0,0010.1
,,,,,21:23:09,1.05,15757,15.9,0009.8
,,,,,21:23:10,1.05,15773,15.9,0010.4
,,,,,21:23:11,1.05,15789,15.8,0009.9
,,,,,21:23:12,1.05,15805,16.0,0010.1
,,,,,21:23:13,1.05,15821,15.9,0010.1
,,,,,21:23:14,1.05,15836,15.9,0009.8
,,,,,21:23:15,1.05,15852,15.9,0009.8
,,,,,21:23:16,1.06,15868,16.0,0009.1
,,,,,21:23:17,1.06,15884,15.8,0009.7
,,,,,21:23:18,1.05,15900,15.9,0009.8
,,,,,21:23:19,1.05,15916,15.9,0010.1
,,,,,21:23:20,1.05,15932,15.9,0010.2
,,,,,21:23:21,1.05,15948,15.9,0010.5
,,,,,21:23:22,1.05,15964,15.9,0010.2
,,,,,21:23:23,1.05,15980,15.9,0009.9
,,,,,21:23:24,1.05,15995,15.9,0010.0
,,,,,21:23:25,1.05,16011,15.9,0009.8
,,,,,21:23:26,1.05,16027,15.9,0010.8
,,,,,21:23:27,1.05,16043,15.9,0010.3
,,,,,21:23:28,1.05,16059,15.9,0010.4
,,,,,21:23:29,1.05,16075,15.8,0010.6
,,,,,21:23:30,1.05,16091,16.0,0010.3
,,,,,21:23:31,1.05,16107,15.9,0009.9
,,,,,21:23:32,1.05,16123,15.9,0010.2
,,,,,21:23:33,1.05,16139,15.8,0009.8
,,,,,21:23:34,1.05,16154,16.0,0010.4
,,,,,21:23:35,1.05,16170,15.9,0010.1
,,,,,21:23:36,1.05,16186,15.9,0010.7
,,,,,21:23:37,1.05,16202,15.8,0010.6
,,,,,21:23:38,1.05,16218,15.9,0010.4
,,,,,21:23:39,1.05,16234,16.0,0010.3
,,,,,21:23:40,1.05,16250,15.9,0010.2
,,,,,21:23:41,1.05,16266,15.8,0010.3
,,,,,21:23:42,1.05,16282,15.9,0010.4
,,,,,21:23:43,1.05,16297,15.9,0010.9
,,,,,21:23:44,1.05,16313,15.9,0010.6
,,,,,21:23:45,1.05,16329,15.9,0010.9
,,,,,21:23:46,1.05,16345,15.9,0010.1
,,,,,21:23:47,1.05,16361,15.8,0010.8
,,,,,21:23:48,1.05,16377,15.9,0009.9
,,,,,21:23:49,1.05,16393,16.0,0011.0
,,,,,21:23:50,1.05,16409,15.9,0010.9
,,,,,21:23:51,1.05,16425,15.8,0010.9
,,,,,21:23:52,1.05,16440,15.9,0010.6
,,,,,21:23:53,1.05,16456,15.8,0010.9
,,,,,21:23:54,1.05,16472,16.0,0010.7
,,,,,21:23:55,1.05,16488,15.9,0010.1
,,,,,21:23:56,1.05,16504,15.8,0011.1
,,,,,21:23:57,1.05,16520,15.9,0010.5
,,,,,21:23:58,1.05,16536,15.9,0011.1
,,,,,21:23:59,1.05,16552,15.9,0010.9
,,,,,21:24:00,1.05,16567,15.9,0011.4
,,,,,21:24:01,1.05,16583,15.9,0010.3
,,,,,21:24:02,1.05,16599,15.9,0010.8
,,,,,21:24:03,1.05,16615,15.8,0010.6
,,,,,21:24:04,1.05,16631,15.9,0011.5
,,,,,21:24:05,1.05,16647,15.8,0011.3
,,,,,21:24:06,1.05,16663,16.0,0011.5
,,,,,21:24:07,1.05,16679,15.9,0011.5
,,,,,21:24:08,1.05,16695,15.8,0011.2
,,,,,21:24:09,1.05,16710,15.9,0010.1
,,,,,21:24:10,1.05,16726,15.9,0010.6
,,,,,21:24:11,1.05,16742,15.8,0011.3
,,,,,21:24:12,1.05,16758,16.0,0011.1
,,,,,21:24:13,1.05,16774,15.8,0011.4
,,,,,21:24:14,1.05,16790,15.9,0011.5
,,,,,21:24:15,1.05,16806,15.8,0011.1
,,,,,21:24:16,1.05,16821,15.9,0010.7
,,,,,21:24:17,1.05,16837,15.9,0011.5
,,,,,21:24:18,1.05,16853,15.8,0011.1
,,,,,21:24:19,1.05,16869,16.0,0011.6
,,,,,21:24:20,1.05,16885,15.8,0011.2
,,,,,21:24:21,1.05,16901,15.9,0011.2
,,,,,21:24:22,1.06,16917,15.9,0011.2
,,,,,21:24:23,1.06,16933,15.8,0010.2
,,,,,21:24:24,1.05,16948,15.8,0012.1
,,,,,21:24:25,1.05,16964,15.9,0012.1
,,,,,21:24:26,1.05,16980,15.8,0012.4
,,,,,21:24:27,1.05,16996,15.9,0011.8
,,,,,21:24:28,1.05,17012,15.9,0011.8
,,,,,21:24:29,1.05,17028,15.8,0012.3
,,,,,21:24:30,1.05,17043,15.9,0012.6
,,,,,21:24:31,1.05,17059,15.8,0012.2
,,,,,21:24:32,1.05,17075,15.8,0012.4
,,,,,21:24:33,1.05,17091,15.9,0011.5
,,,,,21:24:34,1.05,17107,15.8,0012.1
,,,,,21:24:35,1.05,17123,15.8,0011.8
,,,,,21:24:36,1.05,17138,15.9,0012.2
,,,,,21:24:37,1.05,17154,15.8,0011.5
,,,,,21:24:38,1.05,17170,15.9,0010.9
,,,,,21:24:39,1.05,17186,15.9,0010.3
,,,,,21:24:40,1.05,17202,15.9,0011.6
,,,,,21:24:41,1.05,17218,15.9,0011.1
,,,,,21:24:42,1.05,17234,15.8,0011.5
,,,,,21:24:43,1.05,17249,15.9,0012.1
,,,,,21:24:44,1.05,17265,15.8,0011.5
,,,,,21:24:45,1.05,17281,15.9,0010.0
,,,,,21:24:46,1.05,17297,15.8,0011.2
,,,,,21:24:47,1.05,17313,15.9,0011.5
,,,,,21:24:48,1.05,17329,15.9,0012.1
,,,,,21:24:49,1.05,17345,15.9,0011.6
,,,,,21:24:50,1.05,17360,15.8,0011.7
,,,,,21:24:51,1.05,17376,15.9,0011.7
,,,,,21:24:52,1.05,17392,15.8,0011.8
,,,,,21:24:53,1.05,17408,15.9,0011.7
,,,,,21:24:54,1.05,17424,15.8,0012.7
,,,,,21:24:55,1.05,17440,15.9,0011.6
,,,,,21:24:56,1.05,17455,15.8,0011.4
,,,,,21:24:57,1.05,17471,15.9,0011.0
,,,,,21:24:58,1.05,17487,15.9,0012.0
,,,,,21:24:59,1.05,17503,15.9,0012.1
,,,,,21:25:00,1.05,17519,15.8,0012.0
,,,,,21:25:01,1.05,17535,15.9,0012.4
,,,,,21:25:02,1.05,17551,15.8,0011.6
,,,,,21:25:03,1.05,17566,15.8,0011.7
,,,,,21:25:04,1.05,17582,15.9,0011.6
,,,,,21:25:05,1.05,17598,15.8,0012.6
,,,,,21:25:06,1.05,17614,15.9,0012.2
,,,,,21:25:07,1.05,17630,15.8,0011.9
,,,,,21:25:08,1.05,17646,15.9,0012.5
,,,,,21:25:09,1.05,17661,15.9,0012.6
,,,,,21:25:10,1.05,17677,15.9,0012.9
,,,,,21:25:11,1.05,17693,15.8,0012.4
,,,,,21:25:12,1.05,17709,15.8,0012.7
,,,,,21:25:13,1.05,17725,15.9,0012.1
,,,,,21:25:14,1.05,17741,15.8,0011.5
,,,,,21:25:15,1.05,17756,15.8,0012.7
,,,,,21:25:16,1.05,17772,15.9,0012.4
,,,,,21:25:17,1.05,17788,15.8,0012.9
,,,,,21:25:18,1.05,17804,15.9,0012.1
,,,,,21:25:19,1.05,17820,15.8,0012.2
,,,,,21:25:20,1.06,17836,15.8,0012.3
,,,,,21:25:21,1.06,17851,15.9,0013.0
,,,,,21:25:22,1.05,17867,15.8,0012.7
,,,,,21:25:23,1.05,17883,15.9,0012.7
,,,,,21:25:24,1.05,17899,15.9,0012.0
,,,,,21:25:25,1.05,17915,15.8,0012.4
,,,,,21:25:26,1.05,17931,15.8,0012.3
,,,,,21:25:27,1.05,17946,15.9,0013.4
,,,,,21:25:28,1.05,17962,15.8,0012.4
,,,,,21:25:29,1.05,17978,15.8,0012.6
,,,,,21:25:30,1.05,17994,15.8,0013.2
,,,,,21:25:31,1.05,18010,15.9,0012.7
,,,,,21:25:32,1.05,18026,15.8,0012.9
,,,,,21:25:33,1.05,18041,15.8,0012.4
,,,,,21:25:34,1.05,18057,15.9,0012.6
,,,,,21:25:35,1.05,18073,15.8,0013.2
,,,,,21:25:36,1.05,18089,15.8,0013.4
,,,,,21:25:37,1.05,18105,15.8,0013.0
,,,,,21:25:38,1.05,18120,15.8,0013.1
,,,,,21:25:39,1.05,18136,15.9,0012.1
,,,,,21:25:40,1.05,18152,15.8,0012.9
,,,,,21:25:41,1.05,18168,15.8,0012.9
,,,,,21:25:42,1.05,18184,15.9,0013.2
,,,,,21:25:43,1.06,18200,15.9,0012.5
,,,,,21:25:44,1.06,18215,15.8,0012.3
,,,,,21:25:45,1.05,18231,15.8,0012.9
,,,,,21:25:46,1.05,18247,15.9,0013.8
,,,,,21:25:47,1.05,18263,15.8,0012.7
,,,,,21:25:48,1.05,18279,15.8,0012.8
,,,,,21:25:49,1.05,18295,15.9,0013.2
,,,,,21:25:50,1.05,18310,15.8,0013.5
,,,,,21:25:51,1.05,18326,15.8,0013.4
,,,,,21:25:52,1.05,18342,15.8,0013.6
,,,,,21:25:53,1.05,18358,15.8,0012.7
,,,,,21:25:54,1.05,18374,15.9,0013.2
,,,,,21:25:55,1.05,18389,15.8,0013.3
,,,,,21:25:56,1.05,18405,15.8,0013.5
,,,,,21:25:57,1.05,18421,15.8,0012.2
,,,,,21:25:58,1.05,18437,15.9,0012.8
,,,,,21:25:59,1.05,18453,15.8,0012.6
,,,,,21:26:00,1.05,18468,15.8,0013.8
,,,,,21:26:01,1.05,18484,15.8,0012.4
,,,,,21:26:02,1.05,18500,15.9,0013.0
,,,,,21:26:03,1.05,18516,15.8,0012.5
,,,,,21:26:04,1.05,18532,15.8,0013.8
,,,,,21:26:05,1.05,18547,15.8,0013.9
,,,,,21:26:06,1.05,18563,15.8,0013.3
,,,,,21:26:07,1.05,18579,15.8,0013.8
,,,,,21:26:08,1.05,18595,15.9,0013.7
,,,,,21:26:09,1.05,18611,15.8,0014.1
,,,,,21:26:10,1.05,18626,15.9,0012.6
,,,,,21:26:11,1.05,18642,15.8,0012.6
,,,,,21:26:12,1.05,18658,15.9,0014.2
,,,,,21:26:13,1.05,18674,15.8,0013.7
,,,,,21:26:14,1.05,18690,15.8,0013.2
,,,,,21:26:15,1.06,18706,15.8,0013.0
,,,,,21:26:16,1.06,18721,15.8,0013.0
,,,,,21:26:17,1.06,18737,15.8,0012.6
,,,,,21:26:18,1.05,18753,15.8,0013.6
,,,,,21:26:19,1.05,18769,15.9,0013.1
,,,,,21:26:20,1.05,18785,15.8,0013.1
,,,,,21:26:21,1.05,18800,15.8,0012.8
,,,,,21:26:22,1.05,18816,15.8,0013.7
,,,,,21:26:23,1.05,18832,15.8,0013.6
,,,,,21:26:24,1.05,18848,15.8,0013.6
,,,,,21:26:25,1.05,18864,15.8,0013.4
,,,,,21:26:26,1.05,18879,15.9,0014.3
,,,,,21:26:27,1.05,18895,15.8,0014.6
,,,,,21:26:28,1.05,18911,15.8,0013.4
,,,,,21:26:29,1.05,18927,15.8,0013.4
,,,,,21:26:30,1.05,18943,15.8,0014.6
,,,,,21:26:31,1.05,18958,15.8,0014.2
,,,,,21:26:32,1.05,18974,15.8,0013.9
,,,,,21:26:33,1.05,18990,15.9,0013.5
,,,,,21:26:34,1.05,19006,15.8,0013.2
,,,,,21:26:35,1.05,19022,15.8,0012.9
,,,,,21:26:36,1.05,19037,15.8,0013.8
,,,,,21:26:37,1.05,19053,15.8,0013.9
,,,,,21:26:38,1.05,19069,15.8,0014.4
,,,,,21:26:39,1.05,19085,15.8,0014.5
,,,,,21:26:40,1.05,19101,15.8,0014.6
,,,,,21:26:41,1.05,19116,15.8,0014.6
,,,,,21:26:42,1.05,19132,15.7,0014.9
,,,,,21:26:43,1.05,19148,15.9,0014.9
,,,,,21:26:44,1.05,19164,15.7,0014.6
,,,,,21:26:45,1.05,19179,15.8,0014.4
,,,,,21:26:46,1.05,19195,15.8,0014.9
,,,,,21:26:47,1.05,19211,15.8,0015.0
,,,,,21:26:48,1.05,19227,15.8,0014.0
,,,,,21:26:49,1.05,19243,15.9,0013.8
,,,,,21:26:50,1.05,19258,15.8,0014.1
,,,,,21:26:51,1.05,19274,15.8,0014.8
,,,,,21:26:52,1.05,19290,15.8,0014.0
,,,,,21:26:53,1.05,19306,15.8,0013.1
,,,,,21:26:54,1.05,19322,15.8,0013.9
,,,,,21:26:55,1.05,19337,15.8,0013.7
,,,,,21:26:56,1.05,19353,15.8,0014.0
,,,,,21:26:57,1.05,19369,15.9,0014.4
,,,,,21:26:58,1.05,19385,15.8,0013.1
,,,,,21:26:59,1.05,19401,15.8,0014.5
,,,,,21:27:00,1.05,19416,15.8,0014.4
,,,,,21:27:01,1.05,19432,15.8,0014.7
,,,,,21:27:02,1.05,19448,15.8,0013.0
,,,,,21:27:03,1.05,19464,15.8,0014.0
,,,,,21:27:04,1.05,19479,15.8,0014.1
,,,,,21:27:05,1.05,19495,15.6,0015.1
,,,,,21:27:06,1.05,19511,15.9,0013.4
,,,,,21:27:07,1.05,19527,15.8,0013.8
,,,,,21:27:08,1.05,19543,15.6,0015.0
,,,,,21:27:09,1.05,19558,15.8,0014.6
,,,,,21:27:10,1.05,19574,15.9,0014.1
,,,,,21:27:11,1.05,19590,15.7,0015.0
,,,,,21:27:12,1.05,19606,15.8,0014.9
,,,,,21:27:13,1.05,19621,16.0,0015.8
,,,,,21:27:14,1.05,19637,15.8,0015.0
,,,,,21:27:15,1.05,19653,16.0,0014.0
,,,,,21:27:16,1.05,19669,15.8,0015.6
,,,,,21:27:17,1.05,19685,16.0,0015.4
,,,,,21:27:18,1.05,19701,16.0,0016.0
,,,,,21:27:19,1.05,19717,15.8,0016.0
,,,,,21:27:20,1.05,19733,15.9,0016.2
,,,,,21:27:21,1.05,19749,15.9,0015.9
,,,,,21:27:22,1.05,19765,16.0,0015.6
,,,,,21:27:23,1.05,19781,15.8,0014.4
,,,,,21:27:24,1.05,19796,16.0,0015.3
,,,,,21:27:25,1.05,19813,15.8,0016.7
,,,,,21:27:26,1.05,19828,15.9,0016.6
,,,,,21:27:27,1.05,19844,15.9,0016.7
,,,,,21:27:28,1.05,19860,15.9,0015.9
,,,,,21:27:29,1.06,19876,15.9,0015.5
,,,,,21:27:30,1.06,19892,15.9,0015.2
,,,,,21:27:31,1.05,19908,15.9,0016.1
,,,,,21:27:32,1.05,19924,15.9,0015.3
,,,,,21:27:33,1.05,19940,15.9,0016.6
,,,,,21:27:34,1.05,19956,15.9,0016.0
,,,,,21:27:35,1.05,19972,15.8,0016.4
,,,,,21:27:36,1.05,19987,16.0,0015.5
,,,,,21:27:37,1.05,20003,15.9,0015.4
,,,,,21:27:38,1.05,20019,15.9,0016.4
,,,,,21:27:39,1.05,20035,15.9,0016.6
,,,,,21:27:40,1.05,20051,15.8,0016.7
,,,,,21:27:41,1.05,20067,16.0,0017.0
,,,,,21:27:42,1.05,20083,15.8,0016.7
,,,,,21:27:43,1.05,20099,15.9,0015.3
,,,,,21:27:44,1.05,20115,15.9,0016.5
,,,,,21:27:45,1.05,20130,15.8,0017.1
,,,,,21:27:46,1.05,20146,15.9,0017.3
,,,,,21:27:47,1.05,20162,15.9,0017.3
,,,,,21:27:48,1.05,20178,15.9,0016.2
,,,,,21:27:49,1.05,20194,15.9,0016.3
,,,,,21:27:50,1.05,20210,15.9,0016.2
,,,,,21:27:51,1.05,20226,15.8,0017.8
,,,,,21:27:52,1.05,20242,15.9,0017.4
,,,,,21:27:53,1.05,20258,15.8,0017.6
,,,,,21:27:54,1.05,20273,15.9,0015.9
,,,,,21:27:55,1.05,20289,15.9,0016.2
,,,,,21:27:56,1.05,20305,15.9,0016.3
,,,,,21:27:57,1.05,20321,15.8,0018.1
,,,,,21:27:58,1.05,20337,16.0,0017.4
,,,,,21:27:59,1.05,20353,15.8,0016.8
,,,,,21:28:00,1.05,20369,15.9,0016.3
,,,,,21:28:01,1.05,20385,15.8,0016.9
,,,,,21:28:02,1.05,20400,16.0,0017.9
,,,,,21:28:03,1.05,20416,15.8,0017.3
,,,,,21:28:04,1.05,20432,15.9,0018.1
,,,,,21:28:05,1.05,20448,15.8,0016.4
,,,,,21:28:06,1.05,20464,15.9,0016.6
,,,,,21:28:07,1.05,20480,15.9,0016.2
,,,,,21:28:08,1.05,20496,15.9,0017.9
,,,,,21:28:09,1.05,20512,15.8,0018.5
,,,,,21:28:10,1.05,20527,15.9,0016.8
,,,,,21:28:11,1.05,20543,15.8,0016.2
,,,,,21:28:12,1.05,20559,15.8,0016.6
,,,,,21:28:13,1.05,20575,16.0,0017.8
,,,,,21:28:14,1.05,20591,15.8,0017.7
,,,,,21:28:15,1.05,20607,15.9,0018.0
,,,,,21:28:16,1.05,20623,15.8,0016.6
,,,,,21:28:17,1.05,20638,15.9,0016.5
,,,,,21:28:18,1.05,20654,15.8,0018.0
,,,,,21:28:19,1.05,20670,16.0,0018.2
,,,,,21:28:20,1.05,20686,15.8,0017.8
,,,,,21:28:21,1.05,20702,15.9,0016.9
,,,,,21:28:22,1.05,20718,15.8,0016.4
,,,,,21:28:23,1.05,20734,15.8,0017.9
,,,,,21:28:24,1.05,20749,15.9,0018.1
,,,,,21:28:25,1.05,20765,15.8,0018.0
,,,,,21:28:26,1.05,20781,15.9,0017.0
,,,,,21:28:27,1.05,20797,15.9,0016.6
,,,,,21:28:28,1.05,20813,15.8,0017.8
,,,,,21:28:29,1.05,20829,15.9,0018.8
,,,,,21:28:30,1.05,20845,15.9,0017.9
,,,,,21:28:31,1.05,20861,15.8,0016.8
,,,,,21:28:32,1.05,20876,15.8,0016.6
,,,,,21:28:33,1.05,20892,15.9,0018.9
,,,,,21:28:34,1.05,20908,15.8,0018.2
,,,,,21:28:35,1.05,20924,15.9,0018.1
,,,,,21:28:36,1.05,20940,15.8,0016.7
,,,,,21:28:37,1.05,20956,15.9,0017.2
,,,,,21:28:38,1.05,20971,15.8,0019.1
,,,,,21:28:39,1.05,20987,16.0,0018.2
,,,,,21:28:40,1.05,21003,15.8,0018.1
,,,,,21:28:41,1.05,21019,15.8,0017.3
,,,,,21:28:42,1.05,21035,15.9,0017.3
,,,,,21:28:43,1.05,21051,15.8,0018.4
,,,,,21:28:44,1.05,21067,15.9,0019.2
,,,,,21:28:45,1.05,21083,15.8,0017.9
,,,,,21:28:46,1.06,21098,15.9,0017.3
,,,,,21:28:47,1.06,21114,15.8,0017.8
,,,,,21:28:48,1.05,21130,15.9,0018.0
,,,,,21:28:49,1.05,21146,15.9,0019.2
,,,,,21:28:50,1.05,21162,15.7,0017.9
,,,,,21:28:51,1.05,21177,15.9,0018.4
,,,,,21:28:52,1.05,21193,15.8,0018.5
,,,,,21:28:53,1.05,21209,15.8,0019.2
,,,,,21:28:54,1.06,21225,15.9,0018.2
,,,,,21:28:55,1.05,21241,15.7,0018.8
,,,,,21:28:56,1.05,21257,15.8,0019.3
,,,,,21:28:57,1.05,21272,15.9,0019.2
,,,,,21:28:58,1.05,21288,15.8,0018.8
,,,,,21:28:59,1.05,21304,15.7,0019.1
,,,,,21:29:00,1.05,21320,15.9,0019.1
,,,,,21:29:01,1.05,21336,15.8,0019.2
,,,,,21:29:02,1.05,21351,15.8,0018.5
,,,,,21:29:03,1.05,21367,15.9,0018.8
,,,,,21:29:04,1.05,21383,15.8,0018.9
,,,,,21:29:05,1.05,21399,15.7,0019.3
,,,,,21:29:06,1.05,21415,15.9,0018.8
,,,,,21:29:07,1.05,21431,15.8,0018.8
,,,,,21:29:08,1.05,21446,15.8,0019.9
,,,,,21:29:09,1.05,21462,15.9,0019.1
,,,,,21:29:10,1.05,21478,15.7,0018.9
,,,,,21:29:11,1.05,21494,15.8,0018.6
,,,,,21:29:12,1.05,21509,15.9,0020.3
,,,,,21:29:13,1.05,21525,15.8,0019.3
,,,,,21:29:14,1.05,21541,15.8,0018.4
,,,,,21:29:15,1.05,21557,15.8,0018.6
,,,,,21:29:16,1.05,21573,15.8,0020.1
,,,,,21:29:17,1.05,21589,15.8,0019.3
,,,,,21:29:18,1.05,21604,15.9,0018.4
,,,,,21:29:19,1.05,21620,15.7,0019.0
,,,,,21:29:20,1.05,21636,15.8,0019.3
,,,,,21:29:21,1.05,21652,15.9,0018.8
,,,,,21:29:22,1.05,21668,15.8,0019.0
,,,,,21:29:23,1.05,21683,15.7,0020.5
,,,,,21:29:24,1.05,21699,15.8,0019.9
,,,,,21:29:25,1.05,21715,15.9,0019.4
,,,,,21:29:26,1.05,21731,15.8,0018.6
,,,,,21:29:27,1.05,21747,15.7,0019.8
,,,,,21:29:28,1.05,21762,15.9,0020.0
,,,,,21:29:29,1.05,21778,15.8,0018.9
,,,,,21:29:30,1.05,21794,15.7,0019.4
,,,,,21:29:31,1.05,21810,15.8,0019.8
,,,,,21:29:32,1.05,21825,15.9,0019.1
,,,,,21:29:33,1.05,21841,15.8,0018.8
,,,,,21:29:34,1.05,21857,15.7,0020.7
,,,,,21:29:35,1.06,21873,15.9,0020.3
,,,,,21:29:36,1.05,21889,15.8,0019.6
,,,,,21:29:37,1.05,21905,15.8,0018.9
,,,,,21:29:38,1.05,21920,15.8,0019.6
,,,,,21:29:39,1.05,21936,15.8,0019.8
,,,,,21:29:40,1.05,21952,15.9,0019.4
,,,,,21:29:41,1.05,21968,15.9,0019.2
,,,,,21:29:42,1.05,21984,15.9,0019.0
,,,,,21:29:43,1.05,22000,15.9,0020.7
,,,,,21:29:44,1.05,22016,15.9,0021.1
,,,,,21:29:45,1.05,22032,16.2,0020.6
,,,,,21:29:46,1.05,22048,15.8,0020.1
,,,,,21:29:47,1.05,22064,15.9,0019.1
,,,,,21:29:48,1.05,22079,16.2,0018.9
,,,,,21:29:49,1.05,22096,15.8,0020.2
,,,,,21:29:50,1.05,22111,16.1,0020.5
,,,,,21:29:51,1.05,22127,15.9,0021.5
,,,,,21:29:52,1.05,22143,15.9,0021.5
,,,,,21:29:53,1.05,22159,16.1,0019.4
,,,,,21:29:54,1.05,22175,15.9,0019.2
,,,,,21:29:55,1.05,22191,15.9,0019.4
,,,,,21:29:56,1.05,22207,16.1,0020.1
,,,,,21:29:57,1.05,22223,15.9,0021.0
,,,,,21:29:58,1.05,22239,15.9,0021.0
,,,,,21:29:59,1.05,22255,16.1,0020.4
,,,,,21:30:00,1.05,22271,15.9,0020.0
,,,,,21:30:01,1.05,22287,15.9,0019.1
,,,,,21:30:02,1.05,22303,16.1,0020.2
,,,,,21:30:03,1.05,22319,15.9,0020.6
,,,,,21:30:04,1.05,22335,15.9,0021.4
,,,,,21:30:05,1.05,22351,15.9,0021.3
,,,,,21:30:06,1.05,22367,16.1,0019.8
,,,,,21:30:07,1.05,22383,15.9,0020.2
,,,,,21:30:08,1.05,22399,15.9,0020.8
,,,,,21:30:09,1.05,22415,16.1,0020.3
,,,,,21:30:10,1.05,22431,15.8,0021.4
,,,,,21:30:11,1.05,22447,15.9,0021.4
,,,,,21:30:12,1.05,22463,16.1,0020.5
,,,,,21:30:13,1.05,22479,15.9,0020.5
,,,,,21:30:14,1.05,22495,15.9,0020.2
,,,,,21:30:15,1.05,22511,16.1,0021.7
,,,,,21:30:16,1.05,22527,15.9,0021.1
,,,,,21:30:17,1.05,22543,15.9,0021.4
,,,,,21:30:18,1.06,22558,15.9,0021.2
,,,,,21:30:19,1.06,22574,16.1,0020.2
,,,,,21:30:20,1.05,22590,15.9,0021.1
,,,,,21:30:21,1.05,22606,15.8,0021.4
,,,,,21:30:22,1.05,22622,16.1,0021.9
,,,,,21:30:23,1.05,22638,15.9,0020.8
,,,,,21:30:24,1.05,22654,15.9,0020.3
,,,,,21:30:25,1.05,22670,16.1,0020.6
,,,,,21:30:26,1.05,22686,15.9,0021.1
,,,,,21:30:27,1.05,22702,15.9,0022.1
,,,,,21:30:28,1.05,22718,15.8,0021.8
,,,,,21:30:29,1.05,22734,16.1,0021.3
,,,,,21:30:30,1.05,22750,15.9,0021.1
,,,,,21:30:31,1.05,22766,15.9,0020.8
,,,,,21:30:32,1.05,22782,16.1,0022.1
,,,,,21:30:33,1.05,22798,15.9,0022.4
,,,,,21:30:34,1.05,22814,15.8,0021.8
,,,,,21:30:35,1.05,22830,15.9,0021.5
,,,,,21:30:36,1.05,22845,16.1,0020.8
,,,,,21:30:37,1.05,22862,15.9,0022.1
,,,,,21:30:38,1.05,22877,15.9,0022.8
,,,,,21:30:39,1.05,22893,16.0,0022.1
,,,,,21:30:40,1.05,22909,15.9,0021.4
,,,,,21:30:41,1.05,22925,15.9,0021.2
,,,,,21:30:42,1.05,22941,15.9,0021.1
,,,,,21:30:43,1.05,22957,16.1,0022.6
,,,,,21:30:44,1.05,22973,15.8,0022.3
,,,,,21:30:45,1.05,22989,15.9,0021.5
,,,,,21:30:46,1.05,23005,15.9,0021.4
,,,,,21:30:47,1.05,23021,16.1,0021.1
,,,,,21:30:48,1.05,23037,15.9,0021.5
,,,,,21:30:49,1.05,23053,15.8,0022.6
,,,,,21:30:50,1.05,23069,16.1,0022.4
,,,,,21:30:51,1.05,23085,15.9,0021.8
,,,,,21:30:52,1.05,23101,15.8,0021.6
,,,,,21:30:53,1.05,23116,15.9,0022.2
,,,,,21:30:54,1.05,23132,16.1,0023.4
,,,,,21:30:55,1.05,23148,15.8,0023.4
,,,,,21:30:56,1.05,23164,15.9,0021.9
,,,,,21:30:57,1.05,23180,15.9,0022.3
,,,,,21:30:58,1.05,23196,16.0,0022.9
,,,,,21:30:59,1.05,23212,15.9,0023.8
,,,,,21:31:00,1.05,23228,15.8,0022.8
,,,,,21:31:01,1.05,23244,15.9,0022.7
,,,,,21:31:02,1.05,23260,16.0,0023.2
,,,,,21:31:03,1.05,23276,15.9,0023.7
,,,,,21:31:04,1.05,23292,15.8,0023.4
,,,,,21:31:05,1.05,23307,15.9,0022.8
,,,,,21:31:06,1.05,23323,15.8,0022.6
,,,,,21:31:07,1.05,23339,16.1,0024.0
,,,,,21:31:08,1.05,23355,15.8,0023.1
,,,,,21:31:09,1.05,23371,15.9,0023.0
,,,,,21:31:10,1.05,23387,15.8,0023.0
,,,,,21:31:11,1.05,23403,16.1,0024.2
,,,,,21:31:12,1.05,23419,15.8,0024.0
,,,,,21:31:13,1.05,23435,15.9,0023.9
,,,,,21:31:14,1.05,23451,15.9,0023.3
,,,,,21:31:15,1.05,23466,16.0,0022.5
,,,,,21:31:16,1.05,23482,15.8,0024.2
,,,,,21:31:17,1.05,23498,15.9,0023.8
,,,,,21:31:18,1.05,23514,15.9,0022.3
,,,,,21:31:19,1.05,23530,15.8,0023.4
,,,,,21:31:20,1.05,23546,16.0,0024.5
,,,,,21:31:21,1.05,23562,15.9,0023.5
,,,,,21:31:22,1.05,23578,15.8,0023.0
,,,,,21:31:23,1.05,23594,15.9,0023.1
,,,,,21:31:24,1.05,23610,16.0,0024.1
,,,,,21:31:25,1.05,23625,15.9,0024.9
,,,,,21:31:26,1.05,23641,15.8,0023.8
,,,,,21:31:27,1.05,23657,15.8,0023.0
,,,,,21:31:28,1.05,23673,15.9,0023.3
,,,,,21:31:29,1.05,23689,16.0,0024.9
,,,,,21:31:30,1.05,23705,15.9,0023.7
,,,,,21:31:31,1.05,23721,15.8,0023.9
,,,,,21:31:32,1.05,23737,15.9,0024.5
,,,,,21:31:33,1.05,23753,15.8,0024.9
,,,,,21:31:34,1.05,23768,16.0,0023.5
,,,,,21:31:35,1.05,23784,15.9,0023.5
,,,,,21:31:36,1.05,23800,15.8,0024.2
,,,,,21:31:37,1.05,23816,15.9,0024.5
,,,,,21:31:38,1.05,23832,16.0,0023.3
,,,,,21:31:39,1.05,23848,15.8,0023.6
,,,,,21:31:40,1.05,23864,15.9,0023.7
,,,,,21:31:41,1.05,23880,15.8,0024.8
,,,,,21:31:42,1.05,23896,15.8,0024.5
,,,,,21:31:43,1.05,23911,16.1,0024.2
,,,,,21:31:44,1.05,23927,15.8,0024.8
,,,,,21:31:45,1.05,23943,15.9,0025.2
,,,,,21:31:46,1.05,23959,15.8,0023.7
,,,,,21:31:47,1.05,23975,15.8,0023.7
,,,,,21:31:48,1.05,23991,16.1,0025.7
,,,,,21:31:49,1.05,24007,15.8,0024.7
,,,,,21:31:50,1.05,24023,15.8,0024.5
,,,,,21:31:51,1.05,24038,15.8,0023.2
,,,,,21:31:52,1.05,24054,15.9,0025.6
,,,,,21:31:53,1.05,24070,16.0,0025.2
,,,,,21:31:54,1.05,24086,15.8,0024.2
,,,,,21:31:55,1.05,24102,15.9,0024.0
,,,,,21:31:56,1.05,24118,15.8,0025.4
,,,,,21:31:57,1.05,24134,15.8,0024.4
,,,,,21:31:58,1.05,24150,16.1,0024.2
,,,,,21:31:59,1.05,24166,15.8,0025.3
,,,,,21:32:00,1.05,24181,15.8,0024.8
,,,,,21:32:01,1.05,24197,15.8,0023.9
,,,,,21:32:02,1.05,24213,15.9,0024.3
,,,,,21:32:03,1.05,24229,15.8,0025.6
,,,,,21:32:04,1.05,24245,16.0,0025.7
,,,,,21:32:05,1.05,24261,15.8,0024.7
,,,,,21:32:06,1.05,24277,15.9,0025.0
,,,,,21:32:07,1.05,24292,15.8,0025.7
,,,,,21:32:08,1.05,24308,15.8,0024.9
,,,,,21:32:09,1.05,24324,15.8,0024.9
,,,,,21:32:10,1.05,24340,16.1,0025.6
,,,,,21:32:11,1.05,24356,15.8,0026.1
,,,,,21:32:12,1.05,24372,15.8,0024.6
,,,,,21:32:13,1.05,24388,15.8,0024.6
,,,,,21:32:14,1.05,24403,15.9,0025.3
,,,,,21:32:15,1.06,24419,15.8,0026.0
,,,,,21:32:16,1.05,24435,16.0,0025.5
,,,,,21:32:17,1.05,24451,15.8,0024.9
,,,,,21:32:18,1.05,24467,15.8,0025.8
,,,,,21:32:19,1.05,24483,15.8,0024.7
,,,,,21:32:20,1.05,24499,15.9,0024.8
,,,,,21:32:21,1.05,24514,15.8,0026.1
,,,,,21:32:22,1.05,24530,15.8,0025.0
,,,,,21:32:23,1.05,24546,16.0,0025.6
,,,,,21:32:24,1.05,24562,15.8,0026.1
,,,,,21:32:25,1.05,24578,15.8,0025.3
,,,,,21:32:26,1.05,24594,15.9,0025.1
,,,,,21:32:27,1.05,24610,15.8,0025.2
,,,,,21:32:28,1.05,24625,15.8,0026.3
,,,,,21:32:29,1.05,24641,15.8,0025.2
,,,,,21:32:30,1.05,24657,16.0,0025.5
,,,,,21:32:31,1.05,24673,15.8,0026.2
,,,,,21:32:32,1.05,24689,15.8,0025.9
,,,,,21:32:33,1.05,24705,15.8,0025.2
,,,,,21:32:34,1.05,24720,15.8,0025.7
,,,,,21:32:35,1.05,24736,15.8,0026.8
,,,,,21:32:36,1.05,24752,15.8,0025.4
,,,,,21:32:37,1.05,24768,15.8,0026.8
,,,,,21:32:38,1.05,24784,16.1,0025.8
,,,,,21:32:39,1.05,24800,15.8,0024.8
,,,,,21:32:40,1.05,24816,15.8,0025.5
,,,,,21:32:41,1.05,24831,15.8,0026.5
,,,,,21:32:42,1.05,24847,15.8,0024.9
,,,,,21:32:43,1.05,24863,15.8,0025.4
,,,,,21:32:44,1.05,24879,15.8,0025.8
,,,,,21:32:45,1.05,24895,15.8,0025.7
,,,,,21:32:46,1.05,24910,16.0,0024.8
,,,,,21:32:47,1.05,24926,15.8,0026.4
,,,,,21:32:48,1.05,24942,15.8,0027.0
,,,,,21:32:49,1.05,24958,15.8,0025.2
,,,,,21:32:50,1.05,24974,15.8,0024.7
,,,,,21:32:51,1.05,24990,15.9,0026.0
,,,,,21:32:52,1.05,25006,15.8,0026.5
,,,,,21:32:53,1.05,25021,15.8,0025.1
,,,,,21:32:54,1.05,25037,16.0,0025.8
,,,,,21:32:55,1.05,25053,15.8,0027.0
,,,,,21:32:56,1.05,25069,15.8,0024.5
,,,,,21:32:57,1.05,25085,15.9,0024.8
,,,,,21:32:58,1.05,25101,15.8,0027.0
,,,,,21:32:59,1.05,25117,15.8,0024.7
,,,,,21:33:00,1.05,25132,15.8,0024.3
,,,,,21:33:01,1.05,25148,16.1,0026.0
,,,,,21:33:02,1.05,25164,15.8,0025.7
,,,,,21:33:03,1.05,25180,15.8,0026.3
,,,,,21:33:04,1.05,25196,15.8,0025.7
,,,,,21:33:05,1.05,25212,15.8,0026.7
,,,,,21:33:06,1.05,25227,15.8,0027.0
,,,,,21:33:07,1.05,25243,15.8,0026.4
,,,,,21:33:08,1.05,25259,15.8,0026.8
,,,,,21:33:09,1.05,25275,15.8,0027.0
,,,,,21:33:10,1.05,25291,15.8,0026.1
,,,,,21:33:11,1.05,25307,15.7,0027.2
,,,,,21:33:12,1.05,25322,16.0,0026.6
,,,,,21:33:13,1.05,25338,15.8,0027.1
,,,,,21:33:14,1.05,25354,15.8,0026.9
,,,,,21:33:15,1.05,25370,15.7,0026.8
,,,,,21:33:16,1.05,25386,15.8,0028.4
,,,,,21:33:17,1.05,25401,15.8,0027.4
,,,,,21:33:18,1.05,25417,15.7,0027.2
,,,,,21:33:19,1.05,25433,15.8,0028.3
,,,,,21:33:20,1.05,25449,15.8,0027.1
,,,,,21:33:21,1.05,25465,15.7,0028.3
,,,,,21:33:22,1.05,25480,15.8,0027.8
,,,,,21:33:23,1.05,25496,15.8,0027.0
,,,,,21:33:24,1.05,25512,15.7,0027.3
,,,,,21:33:25,1.05,25528,15.8,0027.3
,,,,,21:33:26,1.05,25543,15.8,0027.2
,,,,,21:33:27,1.05,25559,15.7,0028.3
,,,,,21:33:28,1.05,25575,15.8,0027.9
,,,,,21:33:29,1.05,25591,15.8,0028.4
,,,,,21:33:30,1.05,25607,15.7,0027.3
,,,,,21:33:31,1.05,25622,15.8,0026.6
,,,,,21:33:32,1.05,25638,15.8,0028.6
,,,,,21:33:33,1.05,25654,15.7,0027.9
,,,,,21:33:34,1.05,25670,15.8,0027.2
,,,,,21:33:35,1.05,25685,15.8,0028.2
,,,,,21:33:36,1.05,25701,15.7,0028.6
,,,,,21:33:37,1.05,25717,15.8,0027.9
,,,,,21:33:38,1.05,25733,15.7,0027.7
,,,,,21:33:39,1.05,25748,15.8,0027.5
,,,,,21:33:40,1.05,25764,15.8,0028.8
,,,,,21:33:41,1.05,25780,15.7,0029.4
,,,,,21:33:42,1.05,25796,15.8,0028.4
,,,,,21:33:43,1.05,25812,15.7,0028.0
,,,,,21:33:44,1.05,25827,15.8,0027.0
,,,,,21:33:45,1.05,25843,15.8,0029.2
,,,,,21:33:46,1.05,25859,15.7,0028.6
,,,,,21:33:47,1.05,25875,15.8,0028.3
,,,,,21:33:48,1.05,25890,15.7,0028.8
,,,,,21:33:49,1.05,25906,15.8,0028.2
,,,,,21:33:50,1.05,25922,15.8,0029.0
,,,,,21:33:51,1.05,25938,15.7,0028.5
,,,,,21:33:52,1.05,25953,15.8,0027.8
,,,,,21:33:53,1.05,25969,15.6,0028.4
,,,,,21:33:54,1.05,25985,15.8,0028.0
,,,,,21:33:55,1.05,26001,15.8,0028.9
,,,,,21:33:56,1.05,26016,15.7,0028.7
,,,,,21:33:57,1.05,26032,15.8,0027.8
,,,,,21:33:58,1.05,26048,15.8,0027.8
,,,,,21:33:59,1.05,26064,15.7,0028.1
,,,,,21:34:00,1.05,26080,15.8,0028.2
,,,,,21:34:01,1.05,26095,15.7,0028.2
,,,,,21:34:02,1.05,26111,15.8,0028.2
,,,,,21:34:03,1.05,26127,15.7,0028.7
,,,,,21:34:04,1.05,26143,15.8,0029.0
,,,,,21:34:05,1.05,26158,15.8,0028.8
,,,,,21:34:06,1.05,26174,15.7,0027.9
,,,,,21:34:07,1.05,26190,15.8,0027.2
,,,,,21:34:08,1.05,26206,15.7,0027.9
,,,,,21:34:09,1.05,26221,15.8,0028.4
,,,,,21:34:10,1.05,26237,15.7,0028.5
,,,,,21:34:11,1.05,26253,15.8,0028.9
,,,,,21:34:12,1.05,26269,15.8,0027.6
,,,,,21:34:13,1.05,26285,15.7,0027.9
,,,,,21:34:14,1.05,26300,15.8,0027.7
,,,,,21:34:15,1.05,26316,15.7,0028.6
,,,,,21:34:16,1.05,26332,15.7,0028.3
,,,,,21:34:17,1.05,26347,15.8,0028.4
,,,,,21:34:18,1.05,26363,15.7,0028.8
,,,,,21:34:19,1.05,26379,15.8,0028.7
,,,,,21:34:20,1.05,26395,15.8,0028.3
,,,,,21:34:21,1.05,26411,15.7,0027.3
,,,,,21:34:22,1.05,26426,15.8,0028.0
,,,,,21:34:23,1.05,26442,15.8,0028.4
,,,,,21:34:24,1.05,26458,15.7,0028.5
,,,,,21:34:25,1.06,26474,15.8,0028.4
,,,,,21:34:26,1.05,26489,15.7,0026.6
,,,,,21:34:27,1.05,26505,15.8,0029.0
,,,,,21:34:28,1.05,26521,15.8,0027.9
,,,,,21:34:29,1.05,26537,15.7,0027.6
,,,,,21:34:30,1.05,26552,15.8,0027.9
,,,,,21:34:31,1.05,26568,15.8,0027.2
,,,,,21:34:32,1.05,26584,15.8,0028.6
,,,,,21:34:33,1.05,26600,15.7,0028.0
,,,,,21:34:34,1.05,26616,15.8,0026.9
,,,,,21:34:35,1.05,26631,15.7,0027.9
,,,,,21:34:36,1.05,26647,15.8,0027.5
,,,,,21:34:37,1.05,26663,15.8,0029.2
,,,,,21:34:38,1.05,26679,15.7,0028.3
,,,,,21:34:39,1.05,26694,15.8,0027.0
,,,,,21:34:40,1.05,26710,15.8,0027.7
,,,,,21:34:41,1.05,26726,15.7,0027.6
,,,,,21:34:42,1.05,26742,15.8,0028.3
,,,,,21:34:43,1.06,26758,15.7,0027.6
,,,,,21:34:44,1.05,26773,15.7,0027.5
,,,,,21:34:45,1.05,26789,15.8,0028.0
,,,,,21:34:46,1.05,26805,15.8,0027.7
,,,,,21:34:47,1.05,26821,15.8,0027.2
,,,,,21:34:48,1.05,26836,15.7,0028.3
,,,,,21:34:49,1.05,26852,15.8,0028.8
,,,,,21:34:50,1.05,26868,15.7,0028.8
,,,,,21:34:51,1.05,26884,15.8,0029.2
,,,,,21:34:52,1.05,26899,15.8,0027.1
,,,,,21:34:53,1.05,26915,15.8,0027.1
,,,,,21:34:54,1.05,26931,15.7,0028.6
,,,,,21:34:55,1.05,26947,15.8,0027.4
,,,,,21:34:56,1.05,26963,15.8,0028.1
,,,,,21:34:57,1.05,26978,15.7,0029.1
,,,,,21:34:58,1.05,26994,15.8,0028.7
,,,,,21:34:59,1.05,27010,15.8,0028.5
,,,,,21:35:00,1.05,27026,15.7,0027.4
,,,,,21:35:01,1.05,27042,15.8,0028.6
,,,,,21:35:02,1.05,27057,15.8,0028.0
,,,,,21:35:03,1.05,27073,15.7,0028.8
,,,,,21:35:04,1.05,27089,15.7,0029.4
,,,,,21:35:05,1.05,27105,15.8,0028.7
,,,,,21:35:06,1.05,27120,15.7,0028.0
,,,,,21:35:07,1.05,27136,15.8,0028.7
,,,,,21:35:08,1.05,27152,15.8,0027.6
,,,,,21:35:09,1.05,27168,15.7,0028.3
,,,,,21:35:10,1.05,27183,15.8,0029.3
,,,,,21:35:11,1.05,27199,15.8,0029.1
,,,,,21:35:12,1.05,27215,15.7,0029.1
,,,,,21:35:13,1.05,27231,15.8,0028.3
,,,,,21:35:14,1.05,27247,15.8,0028.0
,,,,,21:35:15,1.05,27262,15.7,0028.4
,,,,,21:35:16,1.05,27278,15.8,0028.7
,,,,,21:35:17,1.05,27294,15.7,0028.8
,,,,,21:35:18,1.05,27310,15.8,0028.3
,,,,,21:35:19,1.05,27325,15.8,0028.6
,,,,,21:35:20,1.05,27341,15.7,0028.6
,,,,,21:35:21,1.05,27357,15.8,0028.7
,,,,,21:35:22,1.05,27373,15.7,0029.2
,,,,,21:35:23,1.05,27388,15.8,0029.3
,,,,,21:35:24,1.05,27404,15.6,0029.6
,,,,,21:35:25,1.05,27420,15.8,0029.8
,,,,,21:35:26,1.05,27436,15.7,0030.1
,,,,,21:35:27,1.05,27451,15.7,0030.1
,,,,,21:35:28,1.06,27467,15.8,0030.0
,,,,,21:35:29,1.06,27483,15.6,0029.3
,,,,,21:35:30,1.05,27498,15.7,0029.1
,,,,,21:35:31,1.05,27514,15.8,0029.8
,,,,,21:35:32,1.05,27530,15.7,0029.6
,,,,,21:35:33,1.05,27546,15.7,0029.4
,,,,,21:35:34,1.05,27561,15.7,0029.0
,,,,,21:35:35,1.05,27577,15.7,0029.7
,,,,,21:35:36,1.05,27593,15.7,0030.5
,,,,,21:35:37,1.05,27608,15.7,0030.8
,,,,,21:35:38,1.05,27624,15.8,0029.7
,,,,,21:35:39,1.05,27640,15.7,0029.6
,,,,,21:35:40,1.05,27656,15.6,0029.9
,,,,,21:35:41,1.05,27671,15.8,0029.2
,,,,,21:35:42,1.05,27687,15.7,0029.3
,,,,,21:35:43,1.05,27703,15.7,0028.5
,,,,,21:35:44,1.05,27718,15.8,0028.3
,,,,,21:35:45,1.05,27734,15.6,0029.7
,,,,,21:35:46,1.05,27750,15.7,0029.6
,,,,,21:35:47,1.05,27765,15.7,0030.7
,,,,,21:35:48,1.05,27781,15.8,0030.6
,,,,,21:35:49,1.05,27797,15.7,0030.4
,,,,,21:35:50,1.06,27813,15.6,0030.0
,,,,,21:35:51,1.06,27828,15.7,0030.2
,,,,,21:35:52,1.05,27844,15.7,0029.3
,,,,,21:35:53,1.05,27860,15.8,0029.7
,,,,,21:35:54,1.05,27876,15.7,0030.4
,,,,,21:35:55,1.05,27891,15.6,0029.9
,,,,,21:35:56,1.05,27907,15.7,0029.5
,,,,,21:35:57,1.05,27922,15.7,0028.9
,,,,,21:35:58,1.05,27938,15.8,0030.6
,,,,,21:35:59,1.05,27954,15.6,0030.1
,,,,,21:36:00,1.05,27970,15.7,0030.5
,,,,,21:36:01,1.05,27985,15.7,0030.6
,,,,,21:36:02,1.05,28001,15.7,0030.5
,,,,,21:36:03,1.05,28017,15.7,0030.5
,,,,,21:36:04,1.05,28032,15.7,0030.5
,,,,,21:36:05,1.05,28048,15.7,0031.0
,,,,,21:36:06,1.05,28064,15.7,0031.5
,,,,,21:36:07,1.05,28079,15.6,0031.8
,,,,,21:36:08,1.05,28095,15.7,0031.4
,,,,,21:36:09,1.05,28111,15.7,0030.9
,,,,,21:36:10,1.05,28126,15.6,0030.5
,,,,,21:36:11,1.05,28142,15.8,0030.5
,,,,,21:36:12,1.05,28158,15.7,0030.6
,,,,,21:36:13,1.05,28174,15.7,0031.6
,,,,,21:36:14,1.05,28189,15.6,0031.6
,,,,,21:36:15,1.05,28205,15.7,0031.2
,,,,,21:36:16,1.05,28221,15.7,0031.2
,,,,,21:36:17,1.05,28236,15.6,0031.5
,,,,,21:36:18,1.05,28252,15.7,0031.2
,,,,,21:36:19,1.05,28267,15.7,0031.2
,,,,,21:36:20,1.05,28283,15.6,0031.2
,,,,,21:36:21,1.05,28299,15.7,0030.6
,,,,,21:36:22,1.05,28314,15.7,0030.6
,,,,,21:36:23,1.05,28330,15.6,0030.7
,,,,,21:36:24,1.05,28346,15.7,0030.8
,,,,,21:36:25,1.05,28361,15.7,0030.8
,,,,,21:36:26,1.05,28377,15.6,0030.9
,,,,,21:36:27,1.05,28393,15.7,0031.1
,,,,,21:36:28,1.05,28408,15.7,0030.9
,,,,,21:36:29,1.05,28424,15.6,0031.7
,,,,,21:36:30,1.05,28440,15.6,0031.5
,,,,,21:36:31,1.05,28455,15.7,0031.7
,,,,,21:36:32,1.05,28471,15.6,0031.3
,,,,,21:36:33,1.05,28487,15.7,0031.7
,,,,,21:36:34,1.05,28502,15.7,0031.9
,,,,,21:36:35,1.05,28518,15.6,0032.3
,,,,,21:36:36,1.05,28534,15.7,0031.8
,,,,,21:36:37,1.05,28549,15.7,0032.5
,,,,,21:36:38,1.05,28565,15.6,0032.1
,,,,,21:36:39,1.05,28580,15.7,0033.1
,,,,,21:36:40,1.05,28596,15.7,0031.5
,,,,,21:36:41,1.05,28612,15.6,0032.1
,,,,,21:36:42,1.05,28627,15.7,0031.5
,,,,,21:36:43,1.05,28643,15.7,0032.7
,,,,,21:36:44,1.05,28659,15.6,0032.6
,,,,,21:36:45,1.05,28674,15.7,0033.1
,,,,,21:36:46,1.05,28690,15.5,0033.0
,,,,,21:36:47,1.05,28706,15.7,0032.1
,,,,,21:36:48,1.05,28721,15.7,0032.6
,,,,,21:36:49,1.05,28737,15.6,0031.6
,,,,,21:36:50,1.05,28753,15.7,0032.3
,,,,,21:36:51,1.05,28768,15.7,0032.5
,,,,,21:36:52,1.05,28784,15.6,0032.5
,,,,,21:36:53,1.05,28800,15.7,0033.0
,,,,,21:36:54,1.05,28815,15.6,0032.6
,,,,,21:36:55,1.05,28831,15.6,0032.3
,,,,,21:36:56,1.05,28846,15.7,0033.1
,,,,,21:36:57,1.05,28862,15.7,0032.1
,,,,,21:36:58,1.05,28878,15.6,0032.6
,,,,,21:36:59,1.05,28893,15.7,0031.4
,,,,,21:37:00,1.05,28909,15.7,0032.5
,,,,,21:37:01,1.05,28925,15.6,0031.6
,,,,,21:37:02,1.05,28940,15.7,0032.6
,,,,,21:37:03,1.05,28956,15.6,0032.0
,,,,,21:37:04,1.05,28972,15.7,0032.2
,,,,,21:37:05,1.05,28987,15.7,0033.4
,,,,,21:37:06,1.05,29003,15.6,0033.1
,,,,,21:37:07,1.05,29019,15.7,0033.7
,,,,,21:37:08,1.05,29034,15.6,0033.1
,,,,,21:37:09,1.05,29050,15.6,0033.5
,,,,,21:37:10,1.05,29065,15.7,0032.7
,,,,,21:37:11,1.05,29081,15.7,0032.9
,,,,,21:37:12,1.05,29097,15.6,0032.7
,,,,,21:37:13,1.05,29112,15.7,0032.6
,,,,,21:37:14,1.05,29128,15.7,0032.8
,,,,,21:37:15,1.05,29144,15.6,0033.6
,,,,,21:37:16,1.05,29159,15.6,0033.8
,,,,,21:37:17,1.05,29175,15.6,0033.4
,,,,,21:37:18,1.05,29191,15.7,0033.4
,,,,,21:37:19,1.05,29206,15.7,0032.9
,,,,,21:37:20,1.05,29222,15.6,0031.5
,,,,,21:37:21,1.05,29238,15.6,0032.4
,,,,,21:37:22,1.05,29253,15.7,0031.4
,,,,,21:37:23,1.05,29269,15.6,0032.5
,,,,,21:37:24,1.05,29284,15.7,0031.9
,,,,,21:37:25,1.05,29300,15.6,0031.7
,,,,,21:37:26,1.05,29316,15.7,0032.8
,,,,,21:37:27,1.05,29331,15.6,0032.5
,,,,,21:37:28,1.06,29347,15.6,0031.6
,,,,,21:37:29,1.05,29363,15.7,0031.5
,,,,,21:37:30,1.05,29378,15.6,0031.5
,,,,,21:37:31,1.05,29394,15.7,0031.6
,,,,,21:37:32,1.05,29410,15.7,0031.7
,,,,,21:37:33,1.05,29425,15.5,0032.1
,,,,,21:37:34,1.05,29441,15.7,0032.4
,,,,,21:37:35,1.05,29456,15.6,0032.9
,,,,,21:37:36,1.05,29472,15.7,0032.5
,,,,,21:37:37,1.05,29488,15.5,0032.8
,,,,,21:37:38,1.05,29503,15.7,0033.6
,,,,,21:37:39,1.05,29519,15.6,0033.2
,,,,,21:37:40,1.05,29534,15.6,0033.5
,,,,,21:37:41,1.05,29550,15.7,0033.5
,,,,,21:37:42,1.05,29566,15.5,0033.5
,,,,,21:37:43,1.05,29581,15.7,0034.2
,,,,,21:37:44,1.05,29597,15.5,0034.0
,,,,,21:37:45,1.05,29612,15.7,0033.9
,,,,,21:37:46,1.05,29628,15.5,0033.7
,,,,,21:37:47,1.05,29643,15.7,0033.4
,,,,,21:37:48,1.05,29659,15.5,0033.3
,,,,,21:37:49,1.05,29675,15.6,0032.9
,,,,,21:37:50,1.05,29690,15.6,0033.6
,,,,,21:37:51,1.05,29706,15.6,0034.3
,,,,,21:37:52,1.05,29721,15.6,0034.4
,,,,,21:37:53,1.05,29737,15.6,0034.0
,,,,,21:37:54,1.05,29753,15.6,0034.2
,,,,,21:37:55,1.05,29768,15.6,0035.1
,,,,,21:37:56,1.05,29784,15.6,0033.9
,,,,,21:37:57,1.05,29799,15.6,0033.8
,,,,,21:37:58,1.05,29815,15.5,0034.3
,,,,,21:37:59,1.05,29830,15.7,0032.9
,,,,,21:38:00,1.05,29846,15.5,0033.1
,,,,,21:38:01,1.05,29862,15.7,0033.3
,,,,,21:38:02,1.05,29877,15.5,0034.7
,,,,,21:38:03,1.05,29893,15.6,0034.4
,,,,,21:38:04,1.05,29908,15.6,0034.1
,,,,,21:38:05,1.05,29924,15.6,0035.0
,,,,,21:38:06,1.05,29939,15.6,0035.6
,,,,,21:38:07,1.05,29955,15.6,0034.5
,,,,,21:38:08,1.05,29971,15.5,0034.6
,,,,,21:38:09,1.05,29986,15.7,0035.1
,,,,,21:38:10,1.05,30002,15.5,0034.6
,,,,,21:38:11,1.05,30017,15.6,0033.8
,,,,,21:38:12,1.06,30033,15.6,0035.4
,,,,,21:38:13,1.06,30048,15.6,0034.5
,,,,,21:38:14,1.05,30064,15.6,0034.6
,,,,,21:38:15,1.05,30080,15.6,0035.4
,,,,,21:38:16,1.05,30095,15.5,0034.6
,,,,,21:38:17,1.05,30111,15.7,0035.4
,,,,,21:38:18,1.05,30126,15.5,0035.5
,,,,,21:38:19,1.05,30142,15.5,0034.9
,,,,,21:38:20,1.05,30157,15.7,0035.0
,,,,,21:38:21,1.05,30173,15.5,0034.4
,,,,,21:38:22,1.05,30188,15.6,0035.7
,,,,,21:38:23,1.05,30204,15.6,0034.5
,,,,,21:38:24,1.05,30220,15.6,0034.9
,,,,,21:38:25,1.05,30235,15.6,0035.1
,,,,,21:38:26,1.05,30251,15.6,0034.6
,,,,,21:38:27,1.05,30266,15.5,0035.2
,,,,,21:38:28,1.05,30282,15.7,0035.1
,,,,,21:38:29,1.05,30297,15.5,0034.3
,,,,,21:38:30,1.05,30313,15.6,0034.6
,,,,,21:38:31,1.05,30328,15.6,0034.8
,,,,,21:38:32,1.05,30344,15.6,0035.3
,,,,,21:38:33,1.05,30360,15.5,0035.1
,,,,,21:38:34,1.05,30375,15.6,0035.0
,,,,,21:38:35,1.05,30391,15.6,0034.9
,,,,,21:38:36,1.05,30406,15.5,0033.9
,,,,,21:38:37,1.05,30422,15.7,0034.7
,,,,,21:38:38,1.05,30437,15.5,0034.3
,,,,,21:38:39,1.05,30453,15.6,0033.5
,,,,,21:38:40,1.05,30468,15.6,0035.1
,,,,,21:38:41,1.05,30484,15.6,0035.9
,,,,,21:38:42,1.05,30500,15.5,0035.0
,,,,,21:38:43,1.05,30515,15.7,0035.6
,,,,,21:38:44,1.05,30531,15.5,0034.9
,,,,,21:38:45,1.05,30546,15.6,0035.5
,,,,,21:38:46,1.05,30562,15.5,0034.7
,,,,,21:38:47,1.05,30577,15.6,0034.9
,,,,,21:38:48,1.05,30593,15.6,0035.3
,,,,,21:38:49,1.05,30608,15.5,0034.6
,,,,,21:38:50,1.05,30624,15.7,0035.4
,,,,,21:38:51,1.06,30640,15.5,0035.2
,,,,,21:38:52,1.05,30655,15.6,0034.7
,,,,,21:38:53,1.05,30671,15.6,0035.1
,,,,,21:38:54,1.05,30686,15.6,0034.8
,,,,,21:38:55,1.05,30702,15.5,0034.5
,,,,,21:38:56,1.05,30717,15.5,0035.6
,,,,,21:38:57,1.05,30733,15.7,0034.8
,,,,,21:38:58,1.05,30748,15.5,0035.8
,,,,,21:38:59,1.05,30764,15.6,0035.3
,,,,,21:39:00,1.05,30780,15.5,0034.9
,,,,,21:39:01,1.05,30795,15.6,0035.3
,,,,,21:39:02,1.05,30811,15.6,0035.2
,,,,,21:39:03,1.05,30826,15.6,0036.2
,,,,,21:39:04,1.05,30842,15.5,0035.8
,,,,,21:39:05,1.05,30857,15.7,0035.9
,,,,,21:39:06,1.05,30873,15.5,0035.6
,,,,,21:39:07,1.06,30888,15.5,0035.2
,,,,,21:39:08,1.06,30904,15.6,0035.0
,,,,,21:39:09,1.05,30919,15.5,0035.3
,,,,,21:39:10,1.05,30935,15.7,0035.8
,,,,,21:39:11,1.05,30951,15.5,0035.4
,,,,,21:39:12,1.05,30966,15.6,0035.3
,,,,,21:39:13,1.05,30982,15.5,0034.9
,,,,,21:39:14,1.05,30997,15.6,0035.8
,,,,,21:39:15,1.05,31013,15.6,0035.6
,,,,,21:39:16,1.05,31028,15.5,0035.9
,,,,,21:39:17,1.05,31044,15.6,0035.3
,,,,,21:39:18,1.05,31059,15.6,0034.8
,,,,,21:39:19,1.05,31075,15.6,0035.6
,,,,,21:39:20,1.05,31090,15.5,0034.4
,,,,,21:39:21,1.05,31106,15.6,0035.3
,,,,,21:39:22,1.05,31121,15.5,0035.8
,,,,,21:39:23,1.05,31137,15.5,0035.2
,,,,,21:39:24,1.05,31152,15.7,0035.8
,,,,,21:39:25,1.05,31168,15.5,0034.9
,,,,,21:39:26,1.05,31184,15.6,0035.2
,,,,,21:39:27,1.05,31199,15.5,0036.8
,,,,,21:39:28,1.05,31215,15.7,0035.9
,,,,,21:39:29,1.05,31230,15.5,0036.9
,,,,,21:39:30,1.05,31246,15.5,0036.0
,,,,,21:39:31,1.05,31261,15.6,0035.4
,,,,,21:39:32,1.05,31277,15.5,0035.9
,,,,,21:39:33,1.05,31292,15.7,0035.1
,,,,,21:39:34,1.05,31308,15.5,0035.6
,,,,,21:39:35,1.05,31323,15.5,0036.2
,,,,,21:39:36,1.05,31339,15.6,0035.6
,,,,,21:39:37,1.05,31354,15.6,0036.9
,,,,,21:39:38,1.05,31370,15.6,0036.1
,,,,,21:39:39,1.05,31386,15.5,0035.3
,,,,,21:39:40,1.05,31401,15.6,0035.4
,,,,,21:39:41,1.05,31417,15.6,0034.4
,,,,,21:39:42,1.05,31432,15.5,0035.8
,,,,,21:39:43,1.05,31448,15.6,0035.3
,,,,,21:39:44,1.05,31463,15.5,0036.2
,,,,,21:39:45,1.05,31479,15.7,0037.2
,,,,,21:39:46,1.05,31494,15.5,0036.2
,,,,,21:39:47,1.05,31510,15.5,0035.4
,,,,,21:39:48,1.05,31525,15.6,0035.9
,,,,,21:39:49,1.05,31541,15.5,0036.2
,,,,,21:39:50,1.05,31556,15.6,0036.3
,,,,,21:39:51,1.05,31572,15.5,0036.9
,,,,,21:39:52,1.05,31588,15.5,0036.2
,,,,,21:39:53,1.05,31603,15.6,0037.0
,,,,,21:39:54,1.05,31619,15.5,0036.9
,,,,,21:39:55,1.05,31634,15.6,0035.9
,,,,,21:39:56,1.05,31650,15.5,0036.5
,,,,,21:39:57,1.05,31665,15.5,0037.3
,,,,,21:39:58,1.05,31681,15.5,0035.8
,,,,,21:39:59,1.05,31696,15.6,0036.6
,,,,,21:40:00,1.05,31712,15.5,0037.4
,,,,,21:40:01,1.05,31727,15.6,0035.6
,,,,,21:40:02,1.05,31743,15.5,0037.7
,,,,,21:40:03,1.05,31758,15.5,0038.2
,,,,,21:40:04,1.05,31774,15.6,0036.5
,,,,,21:40:05,1.05,31789,15.5,0036.5
,,,,,21:40:06,1.05,31805,15.5,0036.4
,,,,,21:40:07,1.05,31820,15.6,0036.0
,,,,,21:40:08,1.05,31836,15.5,0037.7
,,,,,21:40:09,1.05,31851,15.5,0036.9
,,,,,21:40:10,1.05,31867,15.6,0036.3
,,,,,21:40:11,1.05,31882,15.5,0037.0
,,,,,21:40:12,1.05,31898,15.3,0037.1
,,,,,21:40:13,1.05,31913,15.6,0036.7
,,,,,21:40:14,1.05,31929,15.6,0037.3
,,,,,21:40:15,1.05,31944,15.3,0036.3
,,,,,21:40:16,1.05,31959,15.6,0035.8
,,,,,21:40:17,1.05,31975,15.5,0037.5
,,,,,21:40:18,1.05,31991,15.5,0036.9
,,,,,21:40:19,1.05,32006,15.6,0037.7
,,,,,21:40:20,1.05,32022,15.5,0037.8
,,,,,21:40:21,1.05,32037,15.5,0036.5
,,,,,21:40:22,1.05,32052,15.6,0036.7
,,,,,21:40:23,1.05,32068,15.5,0037.5
,,,,,21:40:24,1.05,32084,15.5,0036.6
,,,,,21:40:25,1.05,32099,15.6,0037.3
,,,,,21:40:26,1.05,32115,15.3,0037.7
,,,,,21:40:27,1.05,32130,15.5,0036.6
,,,,,21:40:28,1.05,32145,15.6,0037.5
,,,,,21:40:29,1.05,32161,15.5,0038.1
,,,,,21:40:30,1.05,32176,15.5,0037.0
,,,,,21:40:31,1.05,32192,15.6,0037.1
,,,,,21:40:32,1.05,32207,15.5,0036.9
,,,,,21:40:33,1.05,32223,15.5,0036.7
,,,,,21:40:34,1.05,32238,15.6,0037.8
,,,,,21:40:35,1.05,32254,15.3,0038.7
,,,,,21:40:36,1.05,32269,15.5,0036.3
,,,,,21:40:37,1.05,32285,15.5,0036.1
,,,,,21:40:38,1.05,32300,15.6,0037.8
,,,,,21:40:39,1.05,32316,15.5,0037.0
,,,,,21:40:40,1.05,32331,15.5,0037.3
,,,,,21:40:41,1.05,32347,15.5,0037.7
,,,,,21:40:42,1.05,32362,15.5,0037.3
,,,,,21:40:43,1.05,32378,15.5,0037.9
,,,,,21:40:44,1.05,32393,15.6,0038.4
,,,,,21:40:45,1.06,32409,15.5,0038.4
,,,,,21:40:46,1.05,32424,15.5,0036.2
,,,,,21:40:47,1.05,32440,15.3,0038.6
,,,,,21:40:48,1.05,32455,15.6,0038.4
,,,,,21:40:49,1.05,32471,15.5,0036.8
,,,,,21:40:50,1.05,32486,15.5,0038.2
,,,,,21:40:51,1.05,32502,15.5,0038.1
,,,,,21:40:52,1.05,32517,15.5,0037.6
,,,,,21:40:53,1.05,32532,15.5,0037.6
,,,,,21:40:54,1.05,32548,15.5,0038.8
,,,,,21:40:55,1.05,32563,15.5,0037.5
,,,,,21:40:56,1.05,32579,15.5,0036.6
,,,,,21:40:57,1.05,32594,15.5,0038.4
,,,,,21:40:58,1.05,32610,15.5,0037.4
,,,,,21:40:59,1.05,32625,15.5,0037.5
,,,,,21:41:00,1.05,32641,15.5,0038.2
,,,,,21:41:01,1.05,32656,15.5,0038.5
,,,,,21:41:02,1.05,32672,15.6,0038.3
,,,,,21:41:03,1.05,32687,15.5,0038.4
,,,,,21:41:04,1.05,32703,15.3,0038.1
,,,,,21:41:05,1.05,32718,15.5,0037.9
,,,,,21:41:06,1.05,32733,15.6,0038.2
,,,,,21:41:07,1.05,32749,15.3,0038.8
,,,,,21:41:08,1.05,32764,15.5,0037.4
,,,,,21:41:09,1.05,32780,15.5,0037.8
,,,,,21:41:10,1.05,32795,15.6,0038.6
,,,,,21:41:11,1.05,32811,15.3,0037.9
,,,,,21:41:12,1.05,32826,15.5,0037.6
,,,,,21:41:13,1.05,32842,15.5,0037.4
,,,,,21:41:14,1.05,32857,15.5,0037.9
,,,,,21:41:15,1.05,32873,15.5,0037.6
,,,,,21:41:16,1.05,32888,15.5,0038.2
,,,,,21:41:17,1.05,32904,15.6,0038.2
,,,,,21:41:18,1.05,32919,15.5,0037.7
,,,,,21:41:19,1.05,32935,15.3,0038.7
,,,,,21:41:20,1.05,32950,15.5,0038.3
,,,,,21:41:21,1.06,32965,15.6,0037.1
,,,,,21:41:22,1.05,32981,15.3,0037.5
,,,,,21:41:23,1.05,32996,15.5,0039.1
,,,,,21:41:24,1.05,33012,15.5,0038.1
,,,,,21:41:25,1.05,33027,15.6,0037.0
,,,,,21:41:26,1.05,33043,15.3,0038.3
,,,,,21:41:27,1.05,33058,15.5,0038.1
,,,,,21:41:28,1.05,33074,15.5,0036.9
,,,,,21:41:29,1.05,33089,15.6,0038.4
,,,,,21:41:30,1.05,33105,15.3,0039.1
,,,,,21:41:31,1.05,33120,15.5,0037.5
,,,,,21:41:32,1.05,33136,15.6,0037.9
,,,,,21:41:33,1.05,33151,15.5,0038.7
,,,,,21:41:34,1.05,33167,15.3,0037.4
,,,,,21:41:35,1.05,33182,15.5,0037.6
,,,,,21:41:36,1.05,33197,15.6,0039.1
,,,,,21:41:37,1.05,33213,15.3,0038.7
,,,,,21:41:38,1.05,33228,15.5,0037.4
,,,,,21:41:39,1.05,33244,15.5,0039.8
,,,,,21:41:40,1.05,33259,15.5,0039.0
,,,,,21:41:41,1.05,33275,15.5,0037.4
,,,,,21:41:42,1.05,33290,15.5,0038.7
,,,,,21:41:43,1.05,33306,15.3,0038.3
,,,,,21:41:44,1.05,33321,15.5,0038.3
,,,,,21:41:45,1.05,33337,15.6,0038.5
,,,,,21:41:46,1.05,33352,15.5,0039.0
,,,,,21:41:47,1.05,33368,15.3,0038.4
,,,,,21:41:48,1.05,33383,15.5,0037.6
,,,,,21:41:49,1.05,33398,15.6,0039.2
,,,,,21:41:50,1.05,33414,15.5,0038.7
,,,,,21:41:51,1.05,33429,15.3,0037.5
,,,,,21:41:52,1.05,33445,15.5,0038.9
,,,,,21:41:53,1.05,33460,15.6,0038.7
,,,,,21:41:54,1.05,33476,15.5,0038.3
,,,,,21:41:55,1.05,33491,15.3,0038.2
,,,,,21:41:56,1.05,33507,15.5,0039.6
,,,,,21:41:57,1.05,33522,15.5,0038.5
,,,,,21:41:58,1.05,33538,15.5,0038.7
,,,,,21:41:59,1.05,33553,15.5,0039.5
,,,,,21:42:00,1.05,33568,15.5,0039.2
,,,,,21:42:01,1.05,33584,15.3,0038.6
,,,,,21:42:02,1.05,33599,15.5,0038.9
,,,,,21:42:03,1.05,33615,15.6,0039.8
,,,,,21:42:04,1.05,33630,15.3,0038.2
,,,,,21:42:05,1.05,33646,15.5,0038.3
,,,,,21:42:06,1.05,33661,15.3,0039.1
,,,,,21:42:07,1.05,33677,15.5,0038.9
,,,,,21:42:08,1.05,33692,15.6,0038.2
,,,,,21:42:09,1.05,33708,15.3,0039.3
,,,,,21:42:10,1.05,33723,15.5,0040.3
,,,,,21:42:11,1.05,33738,15.3,0039.0
,,,,,21:42:12,1.05,33754,15.3,0038.4
,,,,,21:42:13,1.05,33769,15.5,0039.3
,,,,,21:42:14,1.05,33785,15.5,0040.1
,,,,,21:42:15,1.05,33800,15.5,0039.7
,,,,,21:42:16,1.05,33815,15.3,0038.4
,,,,,21:42:17,1.05,33831,15.3,0039.2
,,,,,21:42:18,1.05,33846,15.5,0040.4
,,,,,21:42:19,1.05,33862,15.3,0039.4
,,,,,21:42:20,1.05,33877,15.3,0039.2
,,,,,21:42:21,1.05,33892,15.5,0039.5
,,,,,21:42:22,1.05,33908,15.5,0040.4
,,,,,21:42:23,1.05,33923,15.3,0039.6
,,,,,21:42:24,1.05,33939,15.5,0039.6
,,,,,21:42:25,1.05,33954,15.3,0039.1
,,,,,21:42:26,1.05,33969,15.5,0040.8
,,,,,21:42:27,1.05,33985,15.3,0040.8
,,,,,21:42:28,1.05,34000,15.3,0038.8
,,,,,21:42:29,1.05,34016,15.3,0038.9
,,,,,21:42:30,1.05,34031,15.5,0040.9
,,,,,21:42:31,1.05,34046,15.5,0040.1
,,,,,21:42:32,1.05,34062,15.3,0038.8
,,,,,21:42:33,1.05,34077,15.5,0039.3
,,,,,21:42:34,1.05,34093,15.3,0040.4
,,,,,21:42:35,1.05,34108,15.3,0039.7
,,,,,21:42:36,1.05,34123,15.5,0038.9
,,,,,21:42:37,1.05,34139,15.3,0039.2
,,,,,21:42:38,1.05,34154,15.3,0040.1
,,,,,21:42:39,1.05,34170,15.5,0040.3
,,,,,21:42:40,1.05,34185,15.5,0039.3
,,,,,21:42:41,1.05,34200,15.3,0039.2
,,,,,21:42:42,1.05,34216,15.5,0040.4
,,,,,21:42:43,1.05,34231,15.3,0040.7
,,,,,21:42:44,1.05,34247,15.3,0039.1
,,,,,21:42:45,1.05,34262,15.5,0039.5
,,,,,21:42:46,1.05,34277,15.3,0039.9
,,,,,21:42:47,1.05,34293,15.3,0040.4
,,,,,21:42:48,1.05,34308,15.5,0039.5
,,,,,21:42:49,1.05,34324,15.3,0039.3
,,,,,21:42:50,1.05,34339,15.5,0039.1
,,,,,21:42:51,1.05,34354,15.3,0040.8
,,,,,21:42:52,1.05,34370,15.5,0040.3
,,,,,21:42:53,1.05,34385,15.3,0039.3
,,,,,21:42:54,1.05,34401,15.3,0039.7
,,,,,21:42:55,1.05,34416,15.3,0041.0
,,,,,21:42:56,1.05,34431,15.5,0040.6
,,,,,21:42:57,1.05,34447,15.3,0038.6
,,,,,21:42:58,1.05,34462,15.3,0038.8
,,,,,21:42:59,1.05,34477,15.5,0040.1
,,,,,21:43:00,1.06,34493,15.3,0040.7
,,,,,21:43:01,1.05,34508,15.3,0039.3
,,,,,21:43:02,1.05,34524,15.6,0039.2
,,,,,21:43:03,1.05,34539,15.3,0040.1
,,,,,21:43:04,1.05,34554,15.3,0040.6
,,,,,21:43:05,1.05,34570,15.3,0040.3
,,,,,21:43:06,1.05,34585,15.5,0039.8
,,,,,21:43:07,1.05,34601,15.3,0040.1
,,,,,21:43:08,1.05,34616,15.3,0041.4
,,,,,21:43:09,1.05,34631,15.3,0041.3
,,,,,21:43:10,1.05,34647,15.5,0039.5
,,,,,21:43:11,1.05,34662,15.3,0039.8
,,,,,21:43:12,1.05,34677,15.3,0040.3
,,,,,21:43:13,1.05,34693,15.3,0040.9
,,,,,21:43:14,1.05,34708,15.6,0040.0
,,,,,21:43:15,1.05,34724,15.3,0039.5
,,,,,21:43:16,1.05,34739,15.3,0040.2
,,,,,21:43:17,1.05,34754,15.3,0041.2
,,,,,21:43:18,1.05,34770,15.3,0040.7
,,,,,21:43:19,1.05,34785,15.5,0039.2
,,,,,21:43:20,1.05,34801,15.3,0039.7
,,,,,21:43:21,1.05,34816,15.3,0040.5
,,,,,21:43:22,1.05,34831,15.3,0040.8
,,,,,21:43:23,1.05,34847,15.5,0039.7
,,,,,21:43:24,1.05,34862,15.3,0038.8
,,,,,21:43:25,1.05,34877,15.3,0040.9
,,,,,21:43:26,1.05,34893,15.5,0041.2
,,,,,21:43:27,1.05,34908,15.3,0040.3
,,,,,21:43:28,1.05,34924,15.5,0039.1
,,,,,21:43:29,1.05,34939,15.3,0040.5
,,,,,21:43:30,1.05,34954,15.5,0041.0
,,,,,21:43:31,1.05,34970,15.3,0041.2
,,,,,21:43:32,1.05,34985,15.3,0039.5
,,,,,21:43:33,1.05,35001,15.3,0039.4
,,,,,21:43:34,1.05,35016,15.3,0039.2
,,,,,21:43:35,1.05,35031,15.5,0041.2
,,,,,21:43:36,1.05,35047,15.3,0040.5
,,,,,21:43:37,1.05,35062,15.3,0039.7
,,,,,21:43:38,1.05,35077,15.3,0040.8
,,,,,21:43:39,1.05,35093,15.5,0041.5
,,,,,21:43:40,1.05,35108,15.3,0041.1
,,,,,21:43:41,1.06,35124,15.3,0039.8
,,,,,21:43:42,1.06,35139,15.5,0039.3
,,,,,21:43:43,1.05,35154,15.3,0041.3
,,,,,21:43:44,1.05,35170,15.5,0041.1
,,,,,21:43:45,1.05,35185,15.3,0040.6
,,,,,21:43:46,1.05,35201,15.3,0040.1
,,,,,21:43:47,1.05,35216,15.3,0041.3
,,,,,21:43:48,1.05,35231,15.5,0041.9
,,,,,21:43:49,1.06,35247,15.3,0040.5
,,,,,21:43:50,1.05,35262,15.3,0040.1
,,,,,21:43:51,1.05,35277,15.3,0040.3
,,,,,21:43:52,1.05,35293,15.3,0040.8
,,,,,21:43:53,1.05,35308,15.3,0041.7
,,,,,21:43:54,1.05,35324,15.3,0041.3
,,,,,21:43:55,1.05,35339,15.5,0039.1
,,,,,21:43:56,1.05,35354,15.3,0040.6
,,,,,21:43:57,1.05,35370,15.3,0040.8
,,,,,21:43:58,1.05,35385,15.3,0041.6
,,,,,21:43:59,1.05,35400,15.3,0040.1
,,,,,21:44:00,1.05,35416,15.5,0040.1
,,,,,21:44:01,1.05,35431,15.3,0041.3
,,,,,21:44:02,1.05,35447,15.3,0042.6
,,,,,21:44:03,1.05,35462,15.3,0041.2
,,,,,21:44:04,1.05,35477,15.3,0040.7
,,,,,21:44:05,1.05,35493,15.3,0040.5
,,,,,21:44:06,1.05,35508,15.3,0041.3
,,,,,21:44:07,1.05,35523,15.3,0041.7
,,,,,21:44:08,1.05,35539,15.5,0041.0
,,,,,21:44:09,1.05,35554,15.3,0039.6
,,,,,21:44:10,1.05,35569,15.5,0041.0
,,,,,21:44:11,1.05,35585,15.2,0042.0
,,,,,21:44:12,1.05,35600,15.5,0042.3
,,,,,21:44:13,1.05,35616,15.3,0040.7
,,,,,21:44:14,1.05,35631,15.5,0040.7
,,,,,21:44:15,1.05,35646,15.3,0040.7
,,,,,21:44:16,1.05,35662,15.3,0042.4
,,,,,21:44:17,1.05,35677,15.3,0041.3
,,,,,21:44:18,1.05,35692,15.3,0040.2
,,,,,21:44:19,1.06,35708,15.5,0040.7
,,,,,21:44:20,1.05,35723,15.3,0041.4
,,,,,21:44:21,1.05,35739,15.3,0041.4
,,,,,21:44:22,1.05,35754,15.3,0041.3
,,,,,21:44:23,1.05,35769,15.3,0040.6
,,,,,21:44:24,1.05,35785,15.3,0041.3
,,,,,21:44:25,1.05,35800,15.3,0042.1
,,,,,21:44:26,1.05,35815,15.3,0042.7
,,,,,21:44:27,1.05,35831,15.3,0042.1
,,,,,21:44:28,1.05,35846,15.3,0041.1
,,,,,21:44:29,1.05,35861,15.3,0041.0
,,,,,21:44:30,1.05,35877,15.3,0041.9
,,,,,21:44:31,1.05,35892,15.3,0042.9
,,,,,21:44:32,1.05,35907,15.3,0042.8
,,,,,21:44:33,1.05,35923,15.3,0041.8
,,,,,21:44:34,1.05,35938,15.2,0040.4
,,,,,21:44:35,1.05,35953,15.5,0040.7
,,,,,21:44:36,1.05,35969,15.2,0041.5
,,,,,21:44:37,1.05,35984,15.2,0042.5
,,,,,21:44:38,1.05,35999,15.3,0041.9
,,,,,21:44:39,1.05,36015,15.3,0041.3
,,,,,21:44:40,1.05,36030,15.3,0041.3
,,,,,21:44:41,1.05,36045,15.3,0041.7
,,,,,21:44:42,1.05,36061,15.3,0042.3
,,,,,21:44:43,1.05,36076,15.3,0042.4
,,,,,21:44:44,1.05,36091,15.3,0041.5
,,,,,21:44:45,1.05,36107,15.3,0040.5
,,,,,21:44:46,1.05,36122,15.3,0040.8
,,,,,21:44:47,1.05,36137,15.3,0041.8
,,,,,21:44:48,1.05,36153,15.3,0042.7
,,,,,21:44:49,1.05,36168,15.3,0042.2
,,,,,21:44:50,1.05,36183,15.3,0041.2
,,,,,21:44:51,1.05,36199,15.3,0040.8
,,,,,21:44:52,1.05,36214,15.3,0041.6
,,,,,21:44:53,1.05,36229,15.3,0042.2
,,,,,21:44:54,1.05,36245,15.3,0042.4
,,,,,21:44:55,1.06,36260,15.3,0041.1
,,,,,21:44:56,1.05,36275,15.3,0041.2
,,,,,21:44:57,1.05,36291,15.3,0041.2
,,,,,21:44:58,1.05,36306,15.3,0042.9
,,,,,21:44:59,1.05,36322,15.2,0043.0
,,,,,21:45:00,1.05,36337,15.3,0042.2
,,,,,21:45:01,1.05,36352,15.3,0040.7
,,,,,21:45:02,1.05,36367,15.3,0041.0
,,,,,21:45:03,1.05,36383,15.3,0042.2
,,,,,21:45:04,1.05,36398,15.3,0043.1
,,,,,21:45:05,1.05,36414,15.2,0042.9
,,,,,21:45:06,1.05,36429,15.3,0042.3
,,,,,21:45:07,1.05,36444,15.3,0040.9
,,,,,21:45:08,1.05,36459,15.3,0040.4
,,,,,21:45:09,1.05,36475,15.3,0041.8
,,,,,21:45:10,1.06,36490,15.3,0042.6
,,,,,21:45:11,1.05,36505,15.3,0042.0
,,,,,21:45:12,1.05,36521,15.3,0041.4
,,,,,21:45:13,1.05,36536,15.2,0041.2
,,,,,21:45:14,1.05,36551,15.3,0042.1
,,,,,21:45:15,1.05,36567,15.3,0043.0
,,,,,21:45:16,1.05,36582,15.3,0042.7
,,,,,21:45:17,1.05,36597,15.3,0041.9
,,,,,21:45:18,1.05,36613,15.3,0040.7
,,,,,21:45:19,1.05,36628,15.3,0041.4
,,,,,21:45:20,1.05,36643,15.3,0043.2
,,,,,21:45:21,1.05,36659,15.3,0043.4
,,,,,21:45:22,1.05,36674,15.3,0042.8
,,,,,21:45:23,1.05,36690,15.3,0041.5
,,,,,21:45:24,1.05,36705,15.3,0041.5
,,,,,21:45:25,1.05,36720,15.3,0041.7
,,,,,21:45:26,1.06,36736,15.3,0042.7
,,,,,21:45:27,1.05,36751,15.3,0042.4
,,,,,21:45:28,1.05,36766,15.2,0041.5
,,,,,21:45:29,1.05,36781,15.3,0041.0
,,,,,21:45:30,1.05,36797,15.2,0041.5
,,,,,21:45:31,1.05,36812,15.3,0042.6
,,,,,21:45:32,1.05,36827,15.3,0043.1
,,,,,21:45:33,1.05,36843,15.3,0042.8
,,,,,21:45:34,1.05,36858,15.3,0041.5
,,,,,21:45:35,1.05,36873,15.3,0041.7
,,,,,21:45:36,1.05,36889,15.3,0041.8
,,,,,21:45:37,1.05,36904,15.3,0042.9
,,,,,21:45:38,1.05,36919,15.3,0042.8
,,,,,21:45:39,1.05,36935,15.3,0042.2
,,,,,21:45:40,1.05,36950,15.3,0041.5
,,,,,21:45:41,1.05,36966,15.3,0040.4
,,,,,21:45:42,1.05,36981,15.3,0041.4
,,,,,21:45:43,1.05,36996,15.3,0042.6
,,,,,21:45:44,1.05,37012,15.3,0043.1
,,,,,21:45:45,1.05,37027,15.3,0042.0
,,,,,21:45:46,1.05,37042,15.2,0041.2
,,,,,21:45:47,1.05,37057,15.3,0041.2
,,,,,21:45:48,1.05,37073,15.3,0042.0
,,,,,21:45:49,1.05,37088,15.3,0042.8
,,,,,21:45:50,1.05,37104,15.3,0042.3
,,,,,21:45:51,1.05,37119,15.3,0040.9
,,,,,21:45:52,1.05,37134,15.3,0040.8
,,,,,21:45:53,1.05,37150,15.3,0041.7
,,,,,21:45:54,1.05,37165,15.3,0043.7
,,,,,21:45:55,1.05,37180,15.3,0042.6
,,,,,21:45:56,1.05,37196,15.3,0042.5
,,,,,21:45:57,1.05,37211,15.3,0040.5
,,,,,21:45:58,1.05,37226,15.3,0041.7
,,,,,21:45:59,1.05,37242,15.2,0042.6
,,,,,21:46:00,1.05,37257,15.3,0043.4
,,,,,21:46:01,1.05,37272,15.3,0042.3
,,,,,21:46:02,1.05,37288,15.3,0041.8
,,,,,21:46:03,1.05,37303,15.3,0040.9
,,,,,21:46:04,1.05,37318,15.2,0042.0
,,,,,21:46:05,1.05,37333,15.3,0042.4
,,,,,21:46:06,1.05,37349,15.3,0042.8
,,,,,21:46:07,1.05,37364,15.3,0042.2
,,,,,21:46:08,1.05,37380,15.3,0041.2
,,,,,21:46:09,1.05,37395,15.3,0040.3
,,,,,21:46:10,1.05,37410,15.3,0042.5
,,,,,21:46:11,1.05,37426,15.3,0042.9
,,,,,21:46:12,1.05,37441,15.3,0043.6
,,,,,21:46:13,1.05,37456,15.3,0041.5
,,,,,21:46:14,1.05,37472,15.2,0041.3
,,,,,21:46:15,1.05,37487,15.3,0040.9
,,,,,21:46:16,1.05,37502,15.3,0042.2
,,,,,21:46:17,1.05,37518,15.2,0043.9
,,,,,21:46:18,1.05,37533,15.3,0043.0
,,,,,21:46:19,1.05,37548,15.3,0042.0
,,,,,21:46:20,1.05,37563,15.3,0041.8
,,,,,21:46:21,1.05,37579,15.3,0041.8
,,,,,21:46:22,1.05,37594,15.3,0043.1
,,,,,21:46:23,1.05,37609,15.3,0043.2
,,,,,21:46:24,1.05,37625,15.3,0043.0
,,,,,21:46:25,1.05,37640,15.3,0042.7
,,,,,21:46:26,1.05,37656,15.2,0041.1
,,,,,21:46:27,1.05,37671,15.5,0041.7
,,,,,21:46:28,1.05,37686,15.2,0042.8
,,,,,21:46:29,1.05,37701,15.2,0043.2
,,,,,21:46:30,1.05,37717,15.3,0042.6
,,,,,21:46:31,1.05,37732,15.3,0041.6
,,,,,21:46:32,1.05,37747,15.3,0041.0
,,,,,21:46:33,1.05,37763,15.3,0040.8
,,,,,21:46:34,1.05,37778,15.3,0042.2
,,,,,21:46:35,1.05,37793,15.3,0043.0
,,,,,21:46:36,1.05,37809,15.3,0043.5
,,,,,21:46:37,1.05,37824,15.3,0041.3
,,,,,21:46:38,1.05,37839,15.3,0041.0
,,,,,21:46:39,1.05,37855,15.3,0042.0
,,,,,21:46:40,1.05,37870,15.3,0044.0
,,,,,21:46:41,1.05,37885,15.1,0044.0
,,,,,21:46:42,1.05,37901,15.3,0043.0
,,,,,21:46:43,1.05,37916,15.3,0041.5
,,,,,21:46:44,1.05,37931,15.3,0042.2
,,,,,21:46:45,1.05,37947,15.2,0042.6
,,,,,21:46:46,1.05,37962,15.3,0043.9
,,,,,21:46:47,1.05,37977,15.3,0044.3
,,,,,21:46:48,1.05,37993,15.3,0043.8
,,,,,21:46:49,1.05,38008,15.1,0043.8
,,,,,21:46:50,1.05,38023,15.3,0042.8
,,,,,21:46:51,1.05,38038,15.3,0042.0
,,,,,21:46:52,1.05,38054,15.2,0042.2
,,,,,21:46:53,1.05,38069,15.3,0043.0
,,,,,21:46:54,1.05,38084,15.3,0043.3
,,,,,21:46:55,1.05,38100,15.3,0044.2
,,,,,21:46:56,1.05,38115,15.2,0043.8
,,,,,21:46:57,1.05,38130,15.3,0042.4
,,,,,21:46:58,1.05,38146,15.2,0041.3
,,,,,21:46:59,1.05,38161,15.2,0041.4
,,,,,21:47:00,1.05,38176,15.3,0042.7
,,,,,21:47:01,1.05,38191,15.3,0043.9
,,,,,21:47:02,1.05,38207,15.3,0042.5
,,,,,21:47:03,1.05,38222,15.3,0042.8
,,,,,21:47:04,1.05,38237,15.2,0041.7
,,,,,21:47:05,1.05,38253,15.3,0042.2
,,,,,21:47:06,1.05,38268,15.2,0042.8
,,,,,21:47:07,1.05,38283,15.3,0043.8
,,,,,21:47:08,1.05,38299,15.2,0043.7
,,,,,21:47:09,1.05,38314,15.3,0043.9
,,,,,21:47:10,1.05,38329,15.3,0042.6
,,,,,21:47:11,1.05,38344,15.3,0042.7
,,,,,21:47:12,1.05,38360,15.2,0041.3
,,,,,21:47:13,1.05,38375,15.2,0042.4
,,,,,21:47:14,1.05,38390,15.3,0043.5
,,,,,21:47:15,1.05,38406,15.3,0044.9
,,,,,21:47:16,1.05,38421,15.3,0043.8
,,,,,21:47:17,1.05,38436,15.2,0042.7
,,,,,21:47:18,1.05,38452,15.3,0042.3
,,,,,21:47:19,1.05,38467,15.2,0042.8
,,,,,21:47:20,1.05,38482,15.3,0042.6
,,,,,21:47:21,1.05,38497,15.2,0043.5
,,,,,21:47:22,1.05,38513,15.3,0044.0
,,,,,21:47:23,1.05,38528,15.2,0045.2
,,,,,21:47:24,1.05,38543,15.3,0044.2
,,,,,21:47:25,1.06,38559,15.2,0043.3
,,,,,21:47:26,1.05,38574,15.2,0041.8
,,,,,21:47:27,1.05,38589,15.3,0042.4
,,,,,21:47:28,1.05,38604,15.2,0044.0
,,,,,21:47:29,1.05,38620,15.3,0044.9
,,,,,21:47:30,1.05,38635,15.3,0044.3
,,,,,21:47:31,1.05,38650,15.3,0043.9
,,,,,21:47:32,1.05,38666,15.2,0043.0
,,,,,21:47:33,1.05,38681,15.2,0042.8
,,,,,21:47:34,1.05,38696,15.2,0042.7
,,,,,21:47:35,1.05,38711,15.3,0042.6
,,,,,21:47:36,1.05,38727,15.3,0044.0
,,,,,21:47:37,1.05,38742,15.3,0045.0
,,,,,21:47:38,1.05,38757,15.1,0045.1
,,,,,21:47:39,1.05,38773,15.3,0044.2
,,,,,21:47:40,1.05,38788,15.2,0042.8
,,,,,21:47:41,1.05,38803,15.3,0041.3
,,,,,21:47:42,1.05,38818,15.3,0042.5
,,,,,21:47:43,1.05,38834,15.2,0043.0
,,,,,21:47:44,1.05,38849,15.3,0044.4
,,,,,21:47:45,1.05,38864,15.2,0044.0
,,,,,21:47:46,1.05,38880,15.2,0044.6
,,,,,21:47:47,1.05,38895,15.3,0043.6
,,,,,21:47:48,1.05,38910,15.2,0043.3
,,,,,21:47:49,1.05,38925,15.3,0042.0
,,,,,21:47:50,1.05,38941,15.3,0043.2
,,,,,21:47:51,1.05,38956,15.1,0043.4
,,,,,21:47:52,1.05,38971,15.3,0044.1
,,,,,21:47:53,1.05,38987,15.3,0044.5
,,,,,21:47:54,1.05,39002,15.2,0044.8
,,,,,21:47:55,1.05,39017,15.3,0043.8
,,,,,21:47:56,1.05,39033,15.1,0043.6
,,,,,21:47:57,1.05,39048,15.3,0042.0
,,,,,21:47:58,1.05,39063,15.3,0042.3
,,,,,21:47:59,1.05,39078,15.2,0044.1
,,,,,21:48:00,1.05,39094,15.3,0045.1
,,,,,21:48:01,1.05,39109,15.2,0044.4
,,,,,21:48:02,1.05,39124,15.2,0044.7
,,,,,21:48:03,1.05,39139,15.3,0043.8
,,,,,21:48:04,1.05,39155,15.2,0042.5
,,,,,21:48:05,1.05,39170,15.3,0042.3
,,,,,21:48:06,1.05,39185,15.2,0042.4
,,,,,21:48:07,1.05,39201,15.2,0043.4
,,,,,21:48:08,1.05,39216,15.2,0045.6
,,,,,21:48:09,1.05,39231,15.3,0045.2
,,,,,21:48:10,1.06,39246,15.3,0044.7
,,,,,21:48:11,1.06,39262,15.2,0043.5
,,,,,21:48:12,1.05,39277,15.2,0043.6
,,,,,21:48:13,1.05,39292,15.2,0041.6
,,,,,21:48:14,1.05,39307,15.3,0042.5
,,,,,21:48:15,1.05,39323,15.2,0042.6
,,,,,21:48:16,1.05,39338,15.3,0044.7
,,,,,21:48:17,1.05,39353,15.1,0046.1
,,,,,21:48:18,1.05,39368,15.3,0045.7
,,,,,21:48:19,1.05,39384,15.3,0045.0
,,,,,21:48:20,1.05,39399,15.2,0044.4
,,,,,21:48:21,1.05,39414,15.3,0042.0
,,,,,21:48:22,1.05,39430,15.2,0042.0
,,,,,21:48:23,1.05,39445,15.2,0042.3
,,,,,21:48:24,1.05,39460,15.2,0043.9
,,,,,21:48:25,1.05,39475,15.3,0045.8
,,,,,21:48:26,1.05,39491,15.2,0045.2
,,,,,21:48:27,1.05,39506,15.3,0045.3
,,,,,21:48:28,1.05,39521,15.2,0044.2
,,,,,21:48:29,1.05,39536,15.2,0043.5
,,,,,21:48:30,1.05,39552,15.3,0042.0
,,,,,21:48:31,1.05,39567,15.2,0042.3
,,,,,21:48:32,1.05,39582,15.3,0043.2
,,,,,21:48:33,1.05,39598,15.2,0044.9
,,,,,21:48:34,1.05,39613,15.2,0045.8
,,,,,21:48:35,1.05,39628,15.3,0044.6
,,,,,21:48:36,1.05,39643,15.2,0044.2
,,,,,21:48:37,1.05,39659,15.3,0043.1
,,,,,21:48:38,1.05,39674,15.1,0042.4
,,,,,21:48:39,1.05,39689,15.3,0042.5
,,,,,21:48:40,1.05,39704,15.2,0041.9
,,,,,21:48:41,1.05,39720,15.3,0044.0
,,,,,21:48:42,1.05,39735,15.3,0044.7
,,,,,21:48:43,1.05,39750,15.1,0045.8
,,,,,21:48:44,1.05,39765,15.3,0044.6
,,,,,21:48:45,1.05,39781,15.2,0044.1
,,,,,21:48:46,1.05,39796,15.3,0042.0
,,,,,21:48:47,1.05,39811,15.2,0042.4
,,,,,21:48:48,1.05,39827,15.2,0042.0
,,,,,21:48:49,1.05,39842,15.3,0043.2
,,,,,21:48:50,1.05,39857,15.2,0044.0
,,,,,21:48:51,1.05,39872,15.3,0045.0
,,,,,21:48:52,1.05,39888,15.2,0045.3
,,,,,21:48:53,1.05,39903,15.2,0044.3
,,,,,21:48:54,1.05,39918,15.2,0043.6
,,,,,21:48:55,1.05,39933,15.3,0043.4
,,,,,21:48:56,1.05,39949,15.2,0041.4
,,,,,21:48:57,1.05,39964,15.2,0043.2
,,,,,21:48:58,1.05,39979,15.2,0042.9
,,,,,21:48:59,1.05,39995,15.3,0045.0
,,,,,21:49:00,1.05,40010,15.2,0045.2
,,,,,21:49:01,1.05,40025,15.2,0046.6
,,,,,21:49:02,1.05,40040,15.2,0046.1
,,,,,21:49:03,1.05,40056,15.2,0046.0
,,,,,21:49:04,1.05,40071,15.2,0045.2
,,,,,21:49:05,1.05,40086,15.2,0044.5
,,,,,21:49:06,1.05,40101,15.2,0044.3
,,,,,21:49:07,1.05,40116,15.3,0043.3
,,,,,21:49:08,1.05,40132,15.2,0043.5
,,,,,21:49:09,1.05,40147,15.1,0044.2
,,,,,21:49:10,1.05,40162,15.2,0045.5
,,,,,21:49:11,1.05,40177,15.3,0045.0
,,,,,21:49:12,1.05,40193,15.1,0046.5
,,,,,21:49:13,1.05,40208,15.2,0046.6
,,,,,21:49:14,1.05,40223,15.3,0046.9
,,,,,21:49:15,1.05,40238,15.2,0046.1
,,,,,21:49:16,1.05,40254,15.1,0045.6
,,,,,21:49:17,1.05,40269,15.3,0045.0
,,,,,21:49:18,1.05,40284,15.2,0043.3
,,,,,21:49:19,1.05,40299,15.2,0043.8
,,,,,21:49:20,1.05,40315,15.1,0044.0
,,,,,21:49:21,1.05,40330,15.3,0045.0
,,,,,21:49:22,1.05,40345,15.2,0045.3
,,,,,21:49:23,1.05,40360,15.1,0045.8
,,,,,21:49:24,1.05,40375,15.3,0046.4
,,,,,21:49:25,1.05,40391,15.2,0046.4
,,,,,21:49:26,1.05,40406,15.2,0046.4
,,,,,21:49:27,1.05,40421,15.2,0045.8
,,,,,21:49:28,1.05,40436,15.2,0045.2
,,,,,21:49:29,1.05,40452,15.2,0045.2
,,,,,21:49:30,1.05,40467,15.3,0044.8
,,,,,21:49:31,1.05,40482,15.1,0044.2
,,,,,21:49:32,1.05,40497,15.2,0043.0
,,,,,21:49:33,1.05,40513,15.2,0044.2
,,,,,21:49:34,1.05,40528,15.3,0044.8
,,,,,21:49:35,1.05,40543,15.1,0046.0
,,,,,21:49:36,1.05,40558,15.2,0046.3
,,,,,21:49:37,1.05,40573,15.3,0047.2
,,,,,21:49:38,1.05,40589,15.2,0046.5
,,,,,21:49:39,1.05,40604,15.1,0045.6
,,,,,21:49:40,1.05,40619,15.2,0045.3
,,,,,21:49:41,1.05,40634,15.3,0045.4
,,,,,21:49:42,1.05,40650,15.1,0044.6
,,,,,21:49:43,1.05,40665,15.2,0044.4
,,,,,21:49:44,1.05,40680,15.2,0044.3
,,,,,21:49:45,1.05,40695,15.3,0043.7
,,,,,21:49:46,1.05,40711,15.1,0044.1
,,,,,21:49:47,1.05,40726,15.2,0045.0
,,,,,21:49:48,1.05,40741,15.2,0045.0
,,,,,21:49:49,1.05,40756,15.3,0046.3
,,,,,21:49:50,1.06,40772,15.1,0045.4
,,,,,21:49:51,1.05,40787,15.2,0047.1
,,,,,21:49:52,1.05,40802,15.2,0046.0
,,,,,21:49:53,1.05,40817,15.2,0046.4
,,,,,21:49:54,1.05,40832,15.2,0044.6
,,,,,21:49:55,1.05,40848,15.2,0044.7
,,,,,21:49:56,1.05,40863,15.2,0043.9
,,,,,21:49:57,1.05,40878,15.2,0044.3
,,,,,21:49:58,1.05,40893,15.2,0043.8
,,,,,21:49:59,1.05,40909,15.2,0044.9
,,,,,21:50:00,1.05,40924,15.2,0045.1
,,,,,21:50:01,1.05,40939,15.2,0045.3
,,,,,21:50:02,1.05,40954,15.2,0045.3
,,,,,21:50:03,1.05,40969,15.1,0046.3
,,,,,21:50:04,1.05,40985,15.3,0046.1
,,,,,21:50:05,1.05,41000,15.2,0046.2
,,,,,21:50:06,1.05,41015,15.2,0046.4
,,,,,21:50:07,1.05,41030,15.1,0046.9
,,,,,21:50:08,1.05,41045,15.3,0046.0
,,,,,21:50:09,1.05,41061,15.2,0045.3
,,,,,21:50:10,1.05,41076,15.1,0044.7
,,,,,21:50:11,1.05,41091,15.3,0043.9
,,,,,21:50:12,1.05,41107,15.2,0043.6
,,,,,21:50:13,1.05,41122,15.1,0043.9
,,,,,21:50:14,1.05,41137,15.2,0044.7
,,,,,21:50:15,1.05,41152,15.3,0045.5
,,,,,21:50:16,1.05,41167,15.2,0046.2
,,,,,21:50:17,1.06,41183,15.1,0046.2
,,,,,21:50:18,1.06,41198,15.2,0046.5
,,,,,21:50:19,1.05,41213,15.3,0045.7
,,,,,21:50:20,1.05,41228,15.1,0046.7
,,,,,21:50:21,1.05,41243,15.2,0044.5
,,,,,21:50:22,1.05,41259,15.3,0044.0
,,,,,21:50:23,1.05,41274,15.1,0044.0
,,,,,21:50:24,1.05,41289,15.2,0043.8
,,,,,21:50:25,1.05,41304,15.2,0044.3
,,,,,21:50:26,1.05,41320,15.1,0044.8
,,,,,21:50:27,1.05,41335,15.3,0045.5
,,,,,21:50:28,1.05,41350,15.2,0044.9
,,,,,21:50:29,1.05,41365,15.2,0046.5
,,,,,21:50:30,1.05,41381,15.2,0046.3
,,,,,21:50:31,1.05,41396,15.2,0046.2
,,,,,21:50:32,1.05,41411,15.2,0047.0
,,,,,21:50:33,1.05,41426,15.1,0047.4
,,,,,21:50:34,1.05,41441,15.2,0046.0
,,,,,21:50:35,1.05,41457,15.3,0046.0
,,,,,21:50:36,1.05,41472,15.1,0045.0
,,,,,21:50:37,1.05,41487,15.2,0044.5
,,,,,21:50:38,1.05,41502,15.2,0044.5
,,,,,21:50:39,1.05,41517,15.2,0044.3
,,,,,21:50:40,1.05,41533,15.2,0044.2
,,,,,21:50:41,1.05,41548,15.2,0044.9
,,,,,21:50:42,1.05,41563,15.2,0043.4
,,,,,21:50:43,1.04,41578,15.2,0045.1
,,,,,21:50:44,1.05,41594,15.2,0045.1
,,,,,21:50:45,1.05,41609,15.3,0046.3
,,,,,21:50:46,1.05,41624,15.1,0045.6
,,,,,21:50:47,1.05,41639,15.2,0046.0
,,,,,21:50:48,1.05,41655,15.3,0046.4
,,,,,21:50:49,1.05,41670,15.1,0045.7
,,,,,21:50:50,1.05,41685,15.2,0045.3
,,,,,21:50:51,1.05,41700,15.2,0043.1
,,,,,21:50:52,1.05,41715,15.3,0044.0
,,,,,21:50:53,1.05,41731,15.1,0043.3
,,,,,21:50:54,1.05,41746,15.2,0044.4
,,,,,21:50:55,1.05,41761,15.3,0045.0
,,,,,21:50:56,1.05,41776,15.1,0044.7
,,,,,21:50:57,1.05,41792,15.2,0046.8
,,,,,21:50:58,1.05,41807,15.2,0046.3
,,,,,21:50:59,1.05,41822,15.3,0047.0
,,,,,21:51:00,1.05,41837,15.1,0046.5
,,,,,21:51:01,1.05,41852,15.3,0046.3
,,,,,21:51:02,1.05,41868,15.2,0045.6
,,,,,21:51:03,1.05,41883,15.1,0045.8
,,,,,21:51:04,1.05,41898,15.3,0044.8
,,,,,21:51:05,1.05,41914,15.2,0044.2
,,,,,21:51:06,1.05,41929,15.1,0044.2
,,,,,21:51:07,1.05,41944,15.2,0043.4
,,,,,21:51:08,1.05,41959,15.3,0045.2
,,,,,21:51:09,1.05,41974,15.2,0045.3
,,,,,21:51:10,1.05,41990,15.2,0045.6
,,,,,21:51:11,1.05,42005,15.2,0046.2
,,,,,21:51:12,1.05,42020,15.2,0046.4
,,,,,21:51:13,1.05,42035,15.1,0046.8
,,,,,21:51:14,1.05,42050,15.2,0046.7
,,,,,21:51:15,1.05,42066,15.3,0047.0
,,,,,21:51:16,1.05,42081,15.1,0046.0
,,,,,21:51:17,1.05,42096,15.2,0045.3
,,,,,21:51:18,1.05,42111,15.2,0044.8
,,,,,21:51:19,1.05,42127,15.2,0044.2
,,,,,21:51:20,1.05,42142,15.2,0045.1
,,,,,21:51:21,1.05,42157,15.2,0044.7
,,,,,21:51:22,1.05,42172,15.1,0045.6
,,,,,21:51:23,1.05,42187,15.2,0045.9
,,,,,21:51:24,1.05,42203,15.2,0046.7
,,,,,21:51:25,1.05,42218,15.1,0046.6
,,,,,21:51:26,1.05,42233,15.2,0046.9
,,,,,21:51:27,1.05,42248,15.1,0047.3
,,,,,21:51:28,1.05,42263,15.2,0047.2
,,,,,21:51:29,1.05,42279,15.2,0047.5
,,,,,21:51:30,1.05,42294,15.1,0046.8
,,,,,21:51:31,1.05,42309,15.2,0048.0
,,,,,21:51:32,1.05,42324,15.2,0046.9
,,,,,21:51:33,1.05,42339,15.1,0047.2
,,,,,21:51:34,1.05,42354,15.2,0047.8
,,,,,21:51:35,1.05,42370,15.1,0047.3
,,,,,21:51:36,1.05,42385,15.3,0048.1
,,,,,21:51:37,1.05,42400,15.1,0047.3
,,,,,21:51:38,1.05,42415,15.1,0047.1
,,,,,21:51:39,1.05,42430,15.3,0046.7
,,,,,21:51:40,1.05,42446,15.1,0046.6
,,,,,21:51:41,1.05,42461,15.1,0046.1
,,,,,21:51:42,1.05,42476,15.2,0046.6
,,,,,21:51:43,1.05,42491,15.1,0045.5
,,,,,21:51:44,1.05,42506,15.2,0045.6
,,,,,21:51:45,1.05,42522,15.1,0046.8
,,,,,21:51:46,1.05,42537,15.2,0045.2
,,,,,21:51:47,1.06,42552,15.2,0045.9
,,,,,21:51:48,1.05,42567,15.1,0046.3
,,,,,21:51:49,1.05,42582,15.2,0045.7
,,,,,21:51:50,1.05,42597,15.1,0045.4
,,,,,21:51:51,1.05,42613,15.2,0045.8
,,,,,21:51:52,1.05,42628,15.1,0045.4
,,,,,21:51:53,1.05,42643,15.2,0045.2
,,,,,21:51:54,1.05,42658,15.2,0046.7
,,,,,21:51:55,1.05,42673,15.0,0046.2
,,,,,21:51:56,1.05,42688,15.2,0046.1
,,,,,21:51:57,1.05,42704,15.1,0046.5
,,,,,21:51:58,1.05,42719,15.2,0046.5
,,,,,21:51:59,1.05,42734,15.2,0047.8
,,,,,21:52:00,1.05,42749,15.1,0047.3
,,,,,21:52:01,1.05,42764,15.2,0047.1
,,,,,21:52:02,1.05,42779,15.1,0048.0
,,,,,21:52:03,1.05,42795,15.2,0046.9
,,,,,21:52:04,1.05,42810,15.1,0047.8
,,,,,21:52:05,1.05,42825,15.2,0048.1
,,,,,21:52:06,1.05,42840,15.0,0048.2
,,,,,21:52:07,1.05,42855,15.2,0048.9
,,,,,21:52:08,1.05,42870,15.1,0047.8
,,,,,21:52:09,1.05,42885,15.2,0048.5
,,,,,21:52:10,1.05,42901,15.2,0049.2
,,,,,21:52:11,1.05,42916,15.1,0047.8
,,,,,21:52:12,1.05,42931,15.1,0048.3
,,,,,21:52:13,1.05,42946,15.1,0048.7
,,,,,21:52:14,1.05,42961,15.2,0048.4
,,,,,21:52:15,1.05,42977,15.1,0047.5
,,,,,21:52:16,1.05,42992,15.1,0048.6
,,,,,21:52:17,1.06,43007,15.1,0047.3
,,,,,21:52:18,1.06,43022,15.2,0049.0
,,,,,21:52:19,1.05,43037,15.1,0049.0
,,,,,21:52:20,1.05,43052,15.2,0047.4
,,,,,21:52:21,1.05,43067,15.0,0048.3
,,,,,21:52:22,1.05,43082,15.1,0048.3
,,,,,21:52:23,1.05,43098,15.2,0047.1
,,,,,21:52:24,1.05,43113,15.0,0047.3
,,,,,21:52:25,1.05,43128,15.2,0048.4
,,,,,21:52:26,1.05,43143,15.1,0048.1
,,,,,21:52:27,1.05,43158,15.0,0047.1
,,,,,21:52:28,1.05,43173,15.2,0046.0
,,,,,21:52:29,1.05,43188,15.1,0047.9
,,,,,21:52:30,1.05,43203,15.1,0047.7
,,,,,21:52:31,1.05,43219,15.1,0046.2
,,,,,21:52:32,1.05,43234,15.0,0048.6
,,,,,21:52:33,1.05,43249,15.2,0049.0
,,,,,21:52:34,1.05,43264,15.0,0048.7
,,,,,21:52:35,1.05,43279,15.2,0050.0
,,,,,21:52:36,1.05,43294,15.0,0050.2
,,,,,21:52:37,1.05,43309,15.1,0049.4
,,,,,21:52:38,1.05,43324,15.1,0051.1
,,,,,21:52:39,1.05,43339,15.0,0050.7
,,,,,21:52:40,1.05,43354,15.1,0050.0
,,,,,21:52:41,1.05,43369,15.1,0048.2
,,,,,21:52:42,1.05,43385,15.1,0048.3
,,,,,21:52:43,1.05,43400,14.9,0047.3
,,,,,21:52:44,1.05,43414,14.9,0048.3
,,,,,21:52:45,1.05,43429,14.7,0049.7
,,,,,21:52:46,1.05,43444,14.6,0049.5
,,,,,21:52:47,1.05,43459,14.9,0048.8
,,,,,21:52:48,1.05,43474,14.6,0049.2
,,,,,21:52:49,1.05,43488,14.7,0049.9
,,,,,21:52:50,1.05,43503,14.6,0049.6
,,,,,21:52:51,1.05,43518,14.7,0050.2
,,,,,21:52:52,1.05,43532,14.6,0050.8
,,,,,21:52:53,1.05,43547,14.6,0047.1
,,,,,21:52:54,1.05,43562,14.6,0047.3
,,,,,21:52:55,1.05,43576,14.5,0051.1
,,,,,21:52:56,1.05,43591,14.6,0049.2
,,,,,21:52:57,1.05,43605,14.4,0049.2
,,,,,21:52:58,1.05,43620,14.6,0050.5
,,,,,21:52:59,1.05,43634,14.6,0049.9
,,,,,21:53:00,1.05,43649,14.4,0050.1
,,,,,21:53:01,1.05,43663,14.6,0050.4
,,,,,21:53:02,1.05,43678,14.3,0049.8
,,,,,21:53:03,1.05,43692,14.4,0048.4
,,,,,21:53:04,1.05,43707,14.5,0049.7
,,,,,21:53:05,1.05,43721,14.3,0051.4
,,,,,21:53:06,1.05,43735,14.4,0048.3
,,,,,21:53:07,1.05,43750,14.4,0049.0
,,,,,21:53:08,1.05,43764,14.4,0048.7
,,,,,21:53:09,1.05,43779,14.1,0049.7
,,,,,21:53:10,1.05,43793,14.3,0052.6
,,,,,21:53:11,1.05,43807,14.2,0053.4
,,,,,21:53:12,1.05,43821,14.1,0051.1
,,,,,21:53:13,1.05,43835,14.2,0049.0
,,,,,21:53:14,1.05,43849,14.0,0048.3
,,,,,21:53:15,1.05,43863,14.2,0047.5
,,,,,21:53:16,1.05,43878,14.0,0047.3
,,,,,21:53:17,1.05,43892,13.9,0048.3
,,,,,21:53:18,1.05,43906,14.0,0049.4
,,,,,21:53:19,1.05,43920,14.0,0049.5
,,,,,21:53:20,1.05,43934,14.1,0049.4
,,,,,21:53:21,1.05,43948,14.0,0048.8
,,,,,21:53:22,1.05,43962,14.0,0049.3
,,,,,21:53:23,1.05,43976,14.1,0050.4
,,,,,21:53:24,1.05,43990,14.0,0052.4
,,,,,21:53:25,1.05,44004,13.9,0053.7
,,,,,21:53:26,1.05,44018,13.9,0053.6
,,,,,21:53:27,1.05,44032,13.9,0049.7
,,,,,21:53:28,1.05,44045,13.9,0048.5
,,,,,21:53:29,1.05,44059,13.8,0050.9
,,,,,21:53:30,1.05,44073,13.8,0051.8
,,,,,21:53:31,1.06,44087,13.9,0049.9
,,,,,21:53:32,1.06,44101,13.8,0050.3
,,,,,21:53:33,1.05,44115,13.7,0050.8
,,,,,21:53:34,1.05,44128,13.7,0049.9
,,,,,21:53:35,1.05,44142,13.6,0050.4
,,,,,21:53:36,1.05,44156,13.8,0050.4
,,,,,21:53:37,1.05,44169,13.7,0050.4
,,,,,21:53:38,1.05,44183,13.7,0051.6
,,,,,21:53:39,1.05,44197,13.6,0050.0
,,,,,21:53:40,1.05,44210,13.6,0051.9
,,,,,21:53:41,1.05,44224,13.4,0052.8
,,,,,21:53:42,1.05,44237,13.4,0050.1
,,,,,21:53:43,1.05,44251,13.4,0050.9
,,,,,21:53:44,1.05,44264,13.4,0053.1
,,,,,21:53:45,1.05,44278,13.4,0049.3
,,,,,21:53:46,1.05,44291,13.3,0050.0
,,,,,21:53:47,1.05,44304,13.4,0052.4
,,,,,21:53:48,1.05,44318,13.3,0054.6
,,,,,21:53:49,1.05,44331,13.4,0053.2
,,,,,21:53:50,1.05,44345,13.2,0053.3
,,,,,21:53:51,1.05,44358,13.2,0052.4
,,,,,21:53:52,1.05,44371,13.3,0050.8
,,,,,21:53:53,1.05,44384,13.2,0051.6
,,,,,21:53:54,1.05,44398,13.2,0051.0
,,,,,21:53:55,1.05,44411,13.2,0051.4
,,,,,21:53:56,1.05,44424,13.2,0054.0
,,,,,21:53:57,1.05,44437,13.1,0053.4
,,,,,21:53:58,1.05,44450,12.8,0051.9
,,,,,21:53:59,1.05,44463,12.8,0050.1
,,,,,21:54:00,1.05,44476,12.8,0052.3
,,,,,21:54:01,1.05,44489,12.8,0052.1
,,,,,21:54:02,1.05,44502,12.7,0050.9
,,,,,21:54:03,1.05,44514,12.6,0051.0
,,,,,21:54:04,1.05,44527,12.6,0052.7
,,,,,21:54:05,1.05,44540,12.5,0052.8
,,,,,21:54:06,1.05,44552,12.6,0051.4
,,,,,21:54:07,1.05,44565,12.6,0048.9
,,,,,21:54:08,1.05,44577,12.5,0048.9
,,,,,21:54:09,1.05,44590,12.4,0051.0
,,,,,21:54:10,1.05,44602,12.5,0052.6
,,,,,21:54:11,1.05,44615,12.6,0054.1
,,,,,21:54:12,1.05,44627,12.5,0052.7
,,,,,21:54:13,1.05,44640,12.6,0050.9
,,,,,21:54:14,1.05,44652,12.5,0049.3
,,,,,21:54:15,1.05,44665,12.5,0049.7
,,,,,21:54:16,1.05,44677,12.6,0049.6
,,,,,21:54:17,1.05,44690,12.5,0050.4
,,,,,21:54:18,1.05,44702,12.5,0052.3
,,,,,21:54:19,1.05,44715,12.3,0053.5
,,,,,21:54:20,1.05,44727,12.5,0053.8
,,,,,21:54:21,1.05,44740,12.5,0054.2
,,,,,21:54:22,1.05,44752,12.5,0052.9
,,,,,21:54:23,1.05,44765,12.5,0051.2
,,,,,21:54:24,1.05,44777,12.6,0051.5
,,,,,21:54:25,1.05,44790,12.4,0051.1
,,,,,21:54:26,1.05,44802,12.5,0051.4
,,,,,21:54:27,1.05,44814,12.3,0051.3
,,,,,21:54:28,1.05,44827,12.5,0052.8
,,,,,21:54:29,1.05,44839,12.5,0053.5
,,,,,21:54:30,1.05,44852,12.5,0052.6
,,,,,21:54:31,1.05,44864,12.5,0053.5
,,,,,21:54:32,1.05,44877,12.4,0053.9
,,,,,21:54:33,1.05,44889,12.3,0054.2
,,,,,21:54:34,1.05,44901,12.5,0055.1
,,,,,21:54:35,1.05,44914,12.5,0054.2
,,,,,21:54:36,1.05,44926,12.4,0054.5
,,,,,21:54:37,1.06,44939,12.3,0054.3
,,,,,21:54:38,1.06,44951,12.4,0053.8
,,,,,21:54:39,1.05,44963,12.5,0052.8
,,,,,21:54:40,1.05,44976,12.5,0053.9
,,,,,21:54:41,1.05,44988,12.1,0054.7
,,,,,21:54:42,1.05,45001,12.1,0052.4
,,,,,21:54:43,1.05,45013,11.9,0052.9
,,,,,21:54:44,1.05,45025,12.0,0052.9
,,,,,21:54:45,1.05,45036,11.9,0051.7
,,,,,21:54:46,1.05,45048,11.9,0052.2
,,,,,21:54:47,1.05,45060,12.0,0051.9
,,,,,21:54:48,1.05,45072,11.9,0053.7
,,,,,21:54:49,1.05,45084,11.6,0052.8
,,,,,21:54:50,1.05,45096,11.7,0053.3
,,,,,21:54:51,1.05,45107,11.8,0052.5
,,,,,21:54:52,1.05,45119,11.8,0052.0
,,,,,21:54:53,1.05,45131,11.6,0051.6
,,,,,21:54:54,1.05,45143,11.8,0051.3
,,,,,21:54:55,1.05,45154,11.5,0051.0
,,,,,21:54:56,1.05,45166,11.5,0051.4
,,,,,21:54:57,1.05,45177,11.4,0051.6
,,,,,21:54:58,1.05,45189,11.6,0051.6
,,,,,21:54:59,1.05,45200,11.4,0051.7
,,,,,21:55:00,1.05,45212,11.3,0051.8
,,,,,21:55:01,1.05,45223,11.4,0051.7
,,,,,21:55:02,1.05,45235,11.3,0052.2
,,,,,21:55:03,1.05,45246,11.3,0052.4
,,,,,21:55:04,1.05,45257,11.4,0052.9
,,,,,21:55:05,1.05,45268,11.3,0051.6
,,,,,21:55:06,1.05,45280,11.4,0052.3
,,,,,21:55:07,1.05,45291,11.1,0052.5
,,,,,21:55:08,1.05,45302,11.3,0052.0
,,,,,21:55:09,1.05,45314,11.3,0052.2
,,,,,21:55:10,1.05,45325,11.0,0053.1
,,,,,21:55:11,1.05,45336,11.1,0052.6
,,,,,21:55:12,1.05,45347,11.1,0052.5
,,,,,21:55:13,1.05,45358,11.1,0052.2
,,,,,21:55:14,1.05,45369,10.9,0051.8
,,,,,21:55:15,1.05,45380,11.0,0052.3
,,,,,21:55:16,1.05,45391,10.9,0052.6
,,,,,21:55:17,1.05,45402,11.0,0052.5
,,,,,21:55:18,1.05,45413,10.9,0053.0
,,,,,21:55:19,1.05,45424,10.9,0053.1
,,,,,21:55:20,1.05,45435,11.0,0052.8
,,,,,21:55:21,1.05,45446,10.9,0052.4
,,,,,21:55:22,1.05,45457,11.0,0052.4
,,,,,21:55:23,1.05,45468,10.9,0052.8
,,,,,21:55:24,1.05,45479,10.9,0053.1
,,,,,21:55:25,1.05,45489,11.0,0053.0
,,,,,21:55:26,1.05,45500,10.9,0053.0
,,,,,21:55:27,1.05,45511,11.0,0052.1
,,,,,21:55:28,1.05,45522,10.8,0053.3
,,,,,21:55:29,1.05,45533,11.0,0053.0
,,,,,21:55:30,1.05,45544,10.9,0053.6
,,,,,21:55:31,1.05,45555,10.9,0053.0
,,,,,21:55:32,1.05,45566,10.9,0053.3
,,,,,21:55:33,1.05,45577,11.0,0053.6
,,,,,21:55:34,1.05,45588,10.8,0053.4
,,,,,21:55:35,1.05,45599,11.0,0053.0
,,,,,21:55:36,1.05,45610,10.9,0053.1
,,,,,21:55:37,1.05,45620,10.9,0053.4
,,,,,21:55:38,1.05,45631,11.0,0053.4
,,,,,21:55:39,1.05,45642,10.8,0052.8
,,,,,21:55:40,1.06,45653,10.9,0053.1
,,,,,21:55:41,1.06,45664,10.9,0053.3
,,,,,21:55:42,1.05,45675,10.9,0053.7
,,,,,21:55:43,1.05,45686,10.9,0053.0
,,,,,21:55:44,1.05,45697,10.8,0052.6
,,,,,21:55:45,1.06,45707,11.0,0053.0
,,,,,21:55:46,1.05,45718,10.8,0053.6
,,,,,21:55:47,1.05,45729,11.0,0054.3
,,,,,21:55:48,1.05,45740,10.8,0053.3
,,,,,21:55:49,1.05,45751,10.9,0052.9
,,,,,21:55:50,1.06,45762,10.9,0053.9
,,,,,21:55:51,1.05,45773,10.8,0054.0
,,,,,21:55:52,1.05,45783,11.0,0053.5
,,,,,21:55:53,1.05,45794,10.8,0052.9
,,,,,21:55:54,1.05,45805,10.9,0053.1
,,,,,21:55:55,1.06,45816,10.9,0054.6
,,,,,21:55:56,1.06,45827,10.9,0053.9
,,,,,21:55:57,1.05,45838,10.8,0055.0
,,,,,21:55:58,1.05,45849,10.9,0055.0
,,,,,21:55:59,1.05,45859,10.9,0054.3
,,,,,21:56:00,1.05,45870,10.8,0054.6
,,,,,21:56:01,1.05,45881,10.9,0054.3
,,,,,21:56:02,1.05,45892,10.8,0053.5
,,,,,21:56:03,1.05,45903,10.8,0053.6
,,,,,21:56:04,1.05,45914,10.8,0054.9
,,,,,21:56:05,1.05,45924,10.9,0054.0
,,,,,21:56:06,1.05,45935,10.9,0054.3
,,,,,21:56:07,1.05,45946,10.8,0054.4
,,,,,21:56:08,1.05,45957,10.8,0054.5
,,,,,21:56:09,1.05,45968,10.8,0054.2
,,,,,21:56:10,1.05,45978,10.8,0054.8
,,,,,21:56:11,1.05,45989,10.8,0054.4
,,,,,21:56:12,1.05,46000,10.8,0054.2
,,,,,21:56:13,1.05,46011,10.8,0054.3
,,,,,21:56:14,1.05,46021,10.8,0054.4
,,,,,21:56:15,1.05,46032,10.6,0054.8
,,,,,21:56:16,1.05,46043,10.8,0054.8
,,,,,21:56:17,1.05,46054,10.5,0055.6
,,,,,21:56:18,1.05,46064,10.3,0054.8
,,,,,21:56:19,1.05,46074,10.1,0052.6
,,,,,21:56:20,1.05,46084,10.1,0052.6
,,,,,21:56:21,1.05,46095,10.0,0052.1
,,,,,21:56:22,1.05,46105,09.9,0052.7
,,,,,21:56:23,1.05,46115,09.9,0053.0
,,,,,21:56:24,1.05,46124,09.8,0053.1
,,,,,21:56:25,1.05,46134,09.8,0052.6
,,,,,21:56:26,1.05,46144,09.8,0053.7
,,,,,21:56:27,1.05,46154,09.9,0054.0
,,,,,21:56:28,1.05,46164,09.8,0053.7
,,,,,21:56:29,1.05,46174,09.8,0054.5
,,,,,21:56:30,1.05,46183,09.9,0052.9
,,,,,21:56:31,1.05,46193,09.8,0053.3
,,,,,21:56:32,1.06,46203,09.7,0054.2
,,,,,21:56:33,1.05,46213,09.8,0053.5
,,,,,21:56:34,1.05,46223,09.8,0054.2
,,,,,21:56:35,1.05,46232,09.8,0054.6
,,,,,21:56:36,1.05,46242,09.8,0054.5
,,,,,21:56:37,1.05,46252,09.8,0053.2
,,,,,21:56:38,1.05,46262,09.8,0054.6
,,,,,21:56:39,1.05,46272,09.7,0054.1
,,,,,21:56:40,1.05,46281,09.8,0053.9
,,,,,21:56:41,1.05,46291,09.7,0053.4
,,,,,21:56:42,1.05,46301,09.9,0053.1
,,,,,21:56:43,1.05,46311,09.5,0054.6
,,,,,21:56:44,1.05,46320,09.8,0055.0
,,,,,21:56:45,1.05,46330,09.8,0054.6
,,,,,21:56:46,1.05,46340,09.7,0053.6
,,,,,21:56:47,1.05,46349,09.7,0053.4
,,,,,21:56:48,1.05,46359,09.7,0054.9
,,,,,21:56:49,1.05,46369,09.8,0055.1
,,,,,21:56:50,1.05,46379,09.7,0055.1
,,,,,21:56:51,1.05,46388,09.7,0055.1
,,,,,21:56:52,1.05,46398,09.7,0054.6
,,,,,21:56:53,1.05,46408,09.7,0054.4
,,,,,21:56:54,1.05,46417,09.8,0055.4
,,,,,21:56:55,1.05,46427,09.7,0055.1
,,,,,21:56:56,1.05,46437,09.7,0056.0
,,,,,21:56:57,1.05,46446,09.7,0054.4
,,,,,21:56:58,1.05,46456,09.7,0055.1
,,,,,21:56:59,1.05,46466,09.5,0055.5
,,,,,21:57:00,1.05,46475,09.7,0054.3
,,,,,21:57:01,1.05,46485,09.7,0054.0
,,,,,21:57:02,1.05,46495,09.7,0054.5
,,,,,21:57:03,1.05,46504,09.7,0055.0
,,,,,21:57:04,1.05,46514,09.8,0054.8
,,,,,21:57:05,1.05,46524,09.7,0055.5
,,,,,21:57:06,1.05,46534,09.6,0055.9
,,,,,21:57:07,1.05,46543,09.7,0055.9
,,,,,21:57:08,1.05,46553,09.5,0055.6
,,,,,21:57:09,1.05,46562,09.7,0055.7
,,,,,21:57:10,1.05,46572,09.7,0056.0
,,,,,21:57:11,1.05,46582,09.7,0055.6
,,,,,21:57:12,1.05,46591,09.7,0054.7
,,,,,21:57:13,1.05,46601,09.7,0054.8
,,,,,21:57:14,1.05,46611,09.6,0054.8
,,,,,21:57:15,1.05,46620,09.5,0054.6
,,,,,21:57:16,1.05,46630,09.7,0055.3
,,,,,21:57:17,1.05,46639,09.7,0055.3
,,,,,21:57:18,1.05,46649,09.6,0055.0
,,,,,21:57:19,1.05,46659,09.7,0054.8
,,,,,21:57:20,1.05,46668,09.5,0055.3
,,,,,21:57:21,1.05,46678,09.6,0055.2
,,,,,21:57:22,1.05,46688,09.7,0055.0
,,,,,21:57:23,1.05,46697,09.6,0055.0
,,,,,21:57:24,1.05,46707,09.7,0055.3
,,,,,21:57:25,1.05,46716,09.5,0055.5
,,,,,21:57:26,1.05,46726,09.6,0054.8
,,,,,21:57:27,1.05,46736,09.7,0055.7
,,,,,21:57:28,1.05,46745,09.4,0055.4
,,,,,21:57:29,1.05,46755,09.7,0055.7
,,,,,21:57:30,1.05,46764,09.6,0055.4
,,,,,21:57:31,1.05,46774,09.7,0055.5
,,,,,21:57:32,1.05,46784,09.4,0056.2
,,,,,21:57:33,1.05,46793,09.7,0056.0
,,,,,21:57:34,1.05,46803,09.6,0056.3
,,,,,21:57:35,1.05,46812,09.4,0056.8
,,,,,21:57:36,1.05,46822,09.7,0057.3
,,,,,21:57:37,1.05,46831,09.6,0057.7
,,,,,21:57:38,1.05,46841,09.5,0057.0
,,,,,21:57:39,1.05,46851,09.6,0056.7
,,,,,21:57:40,1.05,46860,09.6,0056.8
,,,,,21:57:41,1.05,46870,09.7,0056.3
,,,,,21:57:42,1.05,46879,09.4,0056.8
,,,,,21:57:43,1.05,46889,09.6,0056.1
,,,,,21:57:44,1.05,46898,09.5,0056.0
,,,,,21:57:45,1.05,46908,09.6,0056.5
,,,,,21:57:46,1.05,46917,09.6,0056.1
,,,,,21:57:47,1.05,46927,09.5,0057.7
,,,,,21:57:48,1.05,46937,09.6,0057.9
,,,,,21:57:49,1.05,46946,09.4,0057.9
,,,,,21:57:50,1.05,46956,09.6,0057.3
,,,,,21:57:51,1.05,46965,09.7,0056.9
,,,,,21:57:52,1.05,46975,09.4,0056.7
,,,,,21:57:53,1.05,46984,09.6,0055.9
,,,,,21:57:54,1.05,46994,09.4,0056.6
,,,,,21:57:55,1.05,47003,09.6,0057.2
,,,,,21:57:56,1.05,47013,09.5,0058.1
,,,,,21:57:57,1.05,47022,09.5,0057.7
,,,,,21:57:58,1.05,47032,09.4,0056.9
,,,,,21:57:59,1.05,47041,09.7,0056.9
,,,,,21:58:00,1.05,47051,09.4,0057.1
,,,,,21:58:01,1.05,47060,09.6,0057.0
,,,,,21:58:02,1.05,47070,09.4,0056.9
,,,,,21:58:03,1.05,47079,09.6,0057.5
,,,,,21:58:04,1.05,47089,09.4,0057.5
,,,,,21:58:05,1.05,47098,09.6,0057.2
,,,,,21:58:06,1.05,47108,09.4,0057.6
,,,,,21:58:07,1.05,47117,09.6,0057.5
,,,,,21:58:08,1.05,47127,09.3,0057.7
,,,,,21:58:09,1.05,47136,09.6,0057.4
,,,,,21:58:10,1.05,47146,09.4,0057.3
,,,,,21:58:11,1.05,47155,09.4,0056.4
,,,,,21:58:12,1.05,47165,09.6,0057.5
,,,,,21:58:13,1.05,47174,09.6,0058.3
,,,,,21:58:14,1.05,47184,09.4,0057.0
,,,,,21:58:15,1.05,47193,09.4,0057.2
,,,,,21:58:16,1.05,47203,09.5,0057.4
,,,,,21:58:17,1.05,47212,09.4,0058.4
,,,,,21:58:18,1.05,47222,09.6,0057.8
,,,,,21:58:19,1.05,47231,09.4,0057.1
,,,,,21:58:20,1.05,47241,09.4,0057.5
,,,,,21:58:21,1.06,47250,09.6,0057.9
,,,,,21:58:22,1.06,47260,09.3,0058.3
,,,,,21:58:23,1.05,47269,09.6,0057.1
,,,,,21:58:24,1.05,47278,09.4,0056.9
,,,,,21:58:25,1.05,47288,09.4,0057.3
,,,,,21:58:26,1.05,47297,09.6,0058.2
,,,,,21:58:27,1.05,47307,09.4,0058.2
,,,,,21:58:28,1.05,47316,09.5,0057.6
,,,,,21:58:29,1.05,47326,09.4,0057.5
,,,,,21:58:30,1.05,47335,09.6,0058.3
,,,,,21:58:31,1.05,47345,09.4,0058.5
,,,,,21:58:32,1.05,47354,09.3,0057.6
,,,,,21:58:33,1.05,47364,09.6,0057.9
,,,,,21:58:34,1.05,47373,09.4,0058.5
,,,,,21:58:35,1.05,47383,09.3,0058.4
,,,,,21:58:36,1.05,47392,09.6,0057.4
,,,,,21:58:37,1.05,47401,09.4,0057.9
,,,,,21:58:38,1.05,47411,09.3,0057.9
,,,,,21:58:39,1.05,47420,09.6,0057.5
,,,,,21:58:40,1.05,47430,09.3,0058.3
,,,,,21:58:41,1.05,47439,09.4,0058.2
,,,,,21:58:42,1.05,47448,09.6,0058.4
,,,,,21:58:43,1.05,47458,09.3,0058.4
,,,,,21:58:44,1.05,47467,09.3,0058.3
,,,,,21:58:45,1.05,47477,09.4,0058.0
,,,,,21:58:46,1.05,47486,09.5,0058.1
,,,,,21:58:47,1.05,47496,09.4,0058.7
,,,,,21:58:48,1.06,47505,09.3,0058.6
,,,,,21:58:49,1.05,47514,09.5,0058.1
,,,,,21:58:50,1.05,47524,09.4,0059.0
,,,,,21:58:51,1.05,47533,09.3,0058.7
,,,,,21:58:52,1.05,47543,09.4,0058.0
,,,,,21:58:53,1.05,47552,09.5,0058.3
,,,,,21:58:54,1.05,47561,09.4,0058.0
,,,,,21:58:55,1.05,47571,09.3,0058.1
,,,,,21:58:56,1.05,47580,09.5,0058.5
,,,,,21:58:57,1.05,47590,09.4,0058.4
,,,,,21:58:58,1.05,47599,09.3,0058.9
,,,,,21:58:59,1.06,47608,09.3,0059.5
,,,,,21:59:00,1.05,47618,09.6,0058.6
,,,,,21:59:01,1.05,47627,09.3,0058.9
,,,,,21:59:02,1.05,47637,09.3,0059.4
,,,,,21:59:03,1.05,47646,09.4,0058.6
,,,,,21:59:04,1.05,47655,09.3,0058.2
,,,,,21:59:05,1.05,47665,09.5,0058.7
,,,,,21:59:06,1.05,47674,09.3,0058.5
,,,,,21:59:07,1.05,47683,09.3,0058.3
,,,,,21:59:08,1.05,47693,09.4,0058.6
,,,,,21:59:09,1.05,47702,09.3,0058.9
,,,,,21:59:10,1.05,47712,09.5,0059.2
,,,,,21:59:11,1.05,47721,09.3,0059.2
,,,,,21:59:12,1.05,47730,09.3,0059.3
,,,,,21:59:13,1.05,47740,09.3,0058.4
,,,,,21:59:14,1.05,47749,09.4,0058.7
,,,,,21:59:15,1.05,47758,09.3,0059.0
,,,,,21:59:16,1.05,47768,09.5,0059.1
,,,,,21:59:17,1.05,47777,09.3,0059.0
,,,,,21:59:18,1.05,47786,09.3,0059.7
,,,,,21:59:19,1.05,47796,09.4,0059.1
,,,,,21:59:20,1.05,47805,09.3,0058.7
,,,,,21:59:21,1.05,47815,09.3,0058.6
,,,,,21:59:22,1.05,47824,09.5,0058.6
,,,,,21:59:23,1.05,47833,09.3,0059.1
,,,,,21:59:24,1.05,47843,09.4,0059.1
,,,,,21:59:25,1.05,47852,09.3,0058.9
,,,,,21:59:26,1.05,47861,09.5,0058.5
,,,,,21:59:27,1.05,47871,09.3,0058.2
,,,,,21:59:28,1.05,47880,09.3,0058.2
,,,,,21:59:29,1.05,47889,09.4,0058.2
,,,,,21:59:30,1.05,47899,09.3,0058.8
,,,,,21:59:31,1.05,47908,09.3,0058.7
,,,,,21:59:32,1.05,47918,09.5,0059.0
,,,,,21:59:33,1.05,47927,09.3,0058.8
,,,,,21:59:34,1.05,47936,09.3,0058.5
,,,,,21:59:35,1.05,47946,09.4,0059.5
,,,,,21:59:36,1.05,47955,09.3,0058.7
,,,,,21:59:37,1.05,47964,09.3,0059.0
,,,,,21:59:38,1.05,47974,09.3,0058.8
,,,,,21:59:39,1.05,47983,09.5,0059.2
,,,,,21:59:40,1.05,47993,09.4,0059.1
,,,,,21:59:41,1.05,48002,09.3,0059.2
,,,,,21:59:42,1.05,48011,09.3,0059.1
,,,,,21:59:43,1.05,48021,09.3,0059.5
,,,,,21:59:44,1.05,48030,09.3,0059.2
,,,,,21:59:45,1.05,48039,09.6,0059.2
,,,,,21:59:46,1.05,48049,09.3,0058.9
,,,,,21:59:47,1.05,48058,09.3,0059.5
,,,,,21:59:48,1.05,48067,09.3,0059.2
,,,,,21:59:49,1.05,48077,09.3,0058.7
,,,,,21:59:50,1.05,48086,09.4,0059.1
,,,,,21:59:51,1.05,48096,09.3,0058.4
,,,,,21:59:52,1.05,48105,09.3,0058.7
,,,,,21:59:53,1.05,48114,09.5,0059.4
,,,,,21:59:54,1.05,48124,09.3,0058.8
,,,,,21:59:55,1.05,48133,09.3,0059.0
,,,,,21:59:56,1.05,48142,09.4,0058.1
,,,,,21:59:57,1.05,48152,09.3,0058.6
,,,,,21:59:58,1.05,48161,09.3,0059.3
,,,,,21:59:59,1.05,48170,09.3,0058.6
,,,,,22:00:00,1.05,48180,09.6,0058.8
,,,,,22:00:01,1.05,48189,09.3,0059.1
,,,,,22:00:02,1.05,48199,09.3,0058.7
,,,,,22:00:03,1.06,48208,09.3,0059.6
,,,,,22:00:04,1.05,48217,09.3,0059.4
,,,,,22:00:05,1.05,48226,09.6,0059.3
,,,,,22:00:06,1.05,48236,09.3,0059.8
,,,,,22:00:07,1.05,48245,09.3,0059.1
,,,,,22:00:08,1.05,48255,09.3,0059.5
,,,,,22:00:09,1.05,48264,09.4,0059.2
,,,,,22:00:10,1.05,48273,09.5,0058.5
,,,,,22:00:11,1.05,48283,09.3,0059.0
,,,,,22:00:12,1.05,48292,09.3,0058.8
,,,,,22:00:13,1.05,48302,09.4,0058.8
,,,,,22:00:14,1.05,48311,09.3,0059.8
,,,,,22:00:15,1.05,48320,09.3,0059.0
,,,,,22:00:16,1.05,48330,09.5,0058.6
,,,,,22:00:17,1.05,48339,09.3,0058.2
,,,,,22:00:18,1.05,48348,09.3,0058.7
,,,,,22:00:19,1.05,48358,09.3,0058.3
,,,,,22:00:20,1.05,48367,09.3,0059.2
,,,,,22:00:21,1.05,48376,09.3,0058.9
,,,,,22:00:22,1.05,48386,09.3,0058.7
,,,,,22:00:23,1.05,48395,09.5,0059.3
,,,,,22:00:24,1.05,48404,09.4,0059.1
,,,,,22:00:25,1.05,48414,09.3,0059.3
,,,,,22:00:26,1.05,48423,09.3,0058.7
,,,,,22:00:27,1.05,48433,09.3,0058.9
,,,,,22:00:28,1.05,48442,09.3,0059.1
,,,,,22:00:29,1.05,48451,09.5,0058.7
,,,,,22:00:30,1.05,48461,09.3,0058.7
,,,,,22:00:31,1.05,48470,09.4,0059.2
,,,,,22:00:32,1.05,48479,09.3,0059.2
,,,,,22:00:33,1.05,48489,09.3,0059.0
,,,,,22:00:34,1.05,48498,09.3,0058.6
,,,,,22:00:35,1.05,48507,09.5,0059.3
,,,,,22:00:36,1.05,48517,09.4,0058.7
,,,,,22:00:37,1.06,48526,09.3,0058.6
,,,,,22:00:38,1.05,48536,09.3,0059.1
,,,,,22:00:39,1.05,48545,09.3,0058.6
,,,,,22:00:40,1.05,48554,09.6,0058.8
,,,,,22:00:41,1.05,48564,09.3,0058.3
,,,,,22:00:42,1.05,48573,09.3,0058.5
,,,,,22:00:43,1.05,48582,09.3,0058.4
,,,,,22:00:44,1.05,48592,09.4,0058.2
,,,,,22:00:45,1.05,48601,09.3,0058.5
,,,,,22:00:46,1.05,48610,09.5,0059.1
,,,,,22:00:47,1.05,48620,09.3,0059.2
,,,,,22:00:48,1.05,48629,09.4,0058.9
,,,,,22:00:49,1.05,48639,09.3,0058.8
,,,,,22:00:50,1.05,48648,09.4,0058.3
,,,,,22:00:51,1.05,48657,09.5,0058.8
,,,,,22:00:52,1.05,48667,09.4,0057.9
,,,,,22:00:53,1.05,48676,09.3,0057.8
,,,,,22:00:54,1.05,48686,09.3,0058.5
,,,,,22:00:55,1.05,48695,09.6,0059.0
,,,,,22:00:56,1.05,48705,09.3,0058.1
,,,,,22:00:57,1.05,48714,09.4,0058.4
,,,,,22:00:58,1.05,48723,09.3,0058.3
,,,,,22:00:59,1.05,48733,09.4,0058.0
,,,,,22:01:00,1.05,48742,09.5,0058.0
,,,,,22:01:01,1.05,48752,09.4,0058.3
,,,,,22:01:02,1.05,48761,09.3,0057.7
,,,,,22:01:03,1.05,48770,09.4,0058.7
,,,,,22:01:04,1.05,48780,09.5,0058.5
,,,,,22:01:05,1.05,48789,09.4,0057.4
,,,,,22:01:06,1.05,48799,09.4,0058.6
,,,,,22:01:07,1.05,48808,09.5,0058.4
,,,,,22:01:08,1.05,48817,09.4,0057.3
,,,,,22:01:09,1.05,48827,09.3,0057.8
,,,,,22:01:10,1.05,48836,09.6,0058.7
,,,,,22:01:11,1.05,48846,09.4,0058.4
,,,,,22:01:12,1.05,48855,09.3,0058.2
,,,,,22:01:13,1.05,48865,09.6,0057.3
,,,,,22:01:14,1.05,48874,09.4,0057.9
,,,,,22:01:15,1.05,48884,09.3,0058.4
,,,,,22:01:16,1.05,48893,09.6,0058.2
,,,,,22:01:17,1.05,48902,09.4,0058.1
,,,,,22:01:18,1.05,48912,09.4,0059.0
,,,,,22:01:19,1.05,48921,09.5,0057.6
,,,,,22:01:20,1.05,48931,09.4,0057.6
,,,,,22:01:21,1.05,48940,09.4,0058.5
,,,,,22:01:22,1.05,48950,09.6,0058.5
,,,,,22:01:23,1.05,48959,09.3,0057.7
,,,,,22:01:24,1.05,48968,09.4,0057.9
,,,,,22:01:25,1.05,48978,09.6,0058.4
,,,,,22:01:26,1.05,48987,09.4,0058.3
,,,,,22:01:27,1.05,48997,09.3,0057.8
,,,,,22:01:28,1.05,49006,09.6,0057.4
,,,,,22:01:29,1.05,49016,09.4,0058.2
,,,,,22:01:30,1.05,49025,09.6,0058.5
,,,,,22:01:31,1.05,49035,09.4,0057.7
,,,,,22:01:32,1.05,49044,09.3,0057.6
,,,,,22:01:33,1.05,49054,09.6,0058.5
,,,,,22:01:34,1.05,49063,09.4,0058.2
,,,,,22:01:35,1.05,49073,09.4,0057.4
,,,,,22:01:36,1.05,49082,09.5,0057.4
,,,,,22:01:37,1.05,49091,09.4,0058.3
,,,,,22:01:38,1.05,49101,09.6,0058.5
,,,,,22:01:39,1.05,49110,09.4,0057.7
,,,,,22:01:40,1.05,49120,09.3,0057.7
,,,,,22:01:41,1.05,49129,09.6,0058.5
,,,,,22:01:42,1.05,49139,09.4,0057.9
,,,,,22:01:43,1.05,49148,09.3,0057.7
,,,,,22:01:44,1.05,49158,09.6,0057.8
,,,,,22:01:45,1.05,49167,09.4,0058.5
,,,,,22:01:46,1.05,49177,09.3,0058.0
,,,,,22:01:47,1.05,49186,09.6,0057.1
,,,,,22:01:48,1.05,49195,09.4,0058.2
,,,,,22:01:49,1.05,49205,09.3,0059.2
,,,,,22:01:50,1.05,49214,09.6,0058.1
,,,,,22:01:51,1.05,49224,09.4,0057.5
,,,,,22:01:52,1.05,49233,09.3,0059.0
,,,,,22:01:53,1.05,49242,09.6,0057.7
,,,,,22:01:54,1.05,49252,09.4,0056.8
,,,,,22:01:55,1.05,49261,09.3,0058.3
,,,,,22:01:56,1.05,49271,09.6,0058.8
,,,,,22:01:57,1.05,49280,09.4,0058.0
,,,,,22:01:58,1.05,49290,09.3,0057.9
,,,,,22:01:59,1.05,49299,09.6,0058.2
,,,,,22:02:00,1.05,49309,09.4,0058.6
,,,,,22:02:01,1.05,49318,09.3,0057.5
,,,,,22:02:02,1.05,49327,09.6,0057.9
,,,,,22:02:03,1.05,49337,09.3,0057.9
,,,,,22:02:04,1.06,49346,09.4,0058.0
,,,,,22:02:05,1.05,49356,09.6,0057.8
,,,,,22:02:06,1.05,49365,09.3,0058.5
,,,,,22:02:07,1.05,49375,09.4,0058.7
,,,,,22:02:08,1.05,49384,09.5,0058.1
,,,,,22:02:09,1.05,49394,09.4,0057.8
,,,,,22:02:10,1.05,49403,09.4,0058.4
,,,,,22:02:11,1.05,49412,09.5,0057.7
,,,,,22:02:12,1.05,49422,09.4,0057.3
,,,,,22:02:13,1.05,49431,09.4,0058.1
,,,,,22:02:14,1.05,49441,09.5,0057.9
,,,,,22:02:15,1.05,49450,09.4,0057.6
,,,,,22:02:16,1.05,49460,09.4,0057.6
,,,,,22:02:17,1.05,49469,09.6,0058.1
,,,,,22:02:18,1.05,49479,09.3,0058.5
,,,,,22:02:19,1.05,49488,09.4,0057.6
,,,,,22:02:20,1.05,49497,09.6,0057.9
,,,,,22:02:21,1.05,49507,09.4,0057.9
,,,,,22:02:22,1.05,49516,09.6,0058.7
,,,,,22:02:23,1.05,49526,09.3,0057.6
,,,,,22:02:24,1.05,49535,09.4,0057.8
,,,,,22:02:25,1.05,49545,09.6,0057.6
,,,,,22:02:26,1.05,49554,09.4,0058.0
,,,,,22:02:27,1.05,49564,09.4,0058.2
,,,,,22:02:28,1.05,49573,09.6,0057.5
,,,,,22:02:29,1.05,49583,09.4,0057.7
,,,,,22:02:30,1.05,49592,09.6,0058.7
,,,,,22:02:31,1.05,49602,09.3,0058.0
,,,,,22:02:32,1.05,49611,09.4,0057.2
,,,,,22:02:33,1.05,49620,09.6,0057.3
,,,,,22:02:34,1.05,49630,09.4,0058.3
,,,,,22:02:35,1.05,49639,09.4,0058.5
,,,,,22:02:36,1.05,49649,09.6,0057.2
,,,,,22:02:37,1.05,49658,09.4,0057.6
,,,,,22:02:38,1.05,49668,09.6,0058.4
,,,,,22:02:39,1.05,49677,09.3,0058.7
,,,,,22:02:40,1.05,49687,09.6,0057.2
,,,,,22:02:41,1.05,49696,09.4,0057.3
,,,,,22:02:42,1.05,49706,09.4,0057.8
,,,,,22:02:43,1.05,49715,09.6,0058.7
,,,,,22:02:44,1.05,49725,09.4,0058.3
,,,,,22:02:45,1.05,49734,09.6,0057.4
,,,,,22:02:46,1.05,49744,09.4,0056.6
,,,,,22:02:47,1.05,49753,09.4,0057.5
,,,,,22:02:48,1.05,49763,09.6,0058.0
,,,,,22:02:49,1.05,49772,09.4,0058.1
,,,,,22:02:50,1.05,49782,09.6,0057.2
,,,,,22:02:51,1.05,49791,09.4,0056.8
,,,,,22:02:52,1.05,49801,09.6,0057.4
,,,,,22:02:53,1.05,49810,09.4,0057.9
,,,,,22:02:54,1.06,49820,09.6,0058.1
,,,,,22:02:55,1.05,49829,09.3,0057.0
,,,,,22:02:56,1.05,49839,09.4,0057.3
,,,,,22:02:57,1.05,49848,09.6,0057.6
,,,,,22:02:58,1.05,49858,09.4,0057.7
,,,,,22:02:59,1.05,49867,09.6,0057.6
,,,,,22:03:00,1.05,49877,09.4,0057.4
,,,,,22:03:01,1.05,49886,09.6,0057.4
,,,,,22:03:02,1.05,49896,09.4,0057.2
,,,,,22:03:03,1.05,49905,09.6,0057.8
,,,,,22:03:04,1.05,49915,09.3,0057.7
,,,,,22:03:05,1.05,49924,09.6,0057.4
,,,,,22:03:06,1.05,49933,09.4,0056.9
,,,,,22:03:07,1.05,49943,09.4,0058.1
,,,,,22:03:08,1.05,49952,09.6,0058.0
,,,,,22:03:09,1.05,49962,09.4,0057.3
,,,,,22:03:10,1.05,49971,09.6,0057.5
,,,,,22:03:11,1.05,49981,09.4,0057.6
,,,,,22:03:12,1.05,49990,09.5,0057.9
,,,,,22:03:13,1.05,50000,09.4,0058.3
,,,,,22:03:14,1.05,50009,09.4,0056.5
,,,,,22:03:15,1.05,50019,09.6,0056.7
,,,,,22:03:16,1.05,50028,09.4,0057.7
,,,,,22:03:17,1.05,50038,09.6,0058.6
,,,,,22:03:18,1.05,50047,09.4,0057.1
,,,,,22:03:19,1.05,50057,09.4,0056.6
,,,,,22:03:20,1.05,50066,09.5,0057.6
,,,,,22:03:21,1.05,50075,09.4,0058.4
,,,,,22:03:22,1.05,50085,09.6,0058.1
,,,,,22:03:23,1.05,50094,09.4,0057.1
,,,,,22:03:24,1.05,50104,09.4,0057.2
,,,,,22:03:25,1.05,50113,09.6,0058.1
,,,,,22:03:26,1.05,50123,09.4,0058.1
,,,,,22:03:27,1.05,50132,09.6,0057.1
,,,,,22:03:28,1.05,50142,09.3,0057.2
,,,,,22:03:29,1.05,50151,09.4,0057.3
,,,,,22:03:30,1.05,50161,09.6,0058.3
,,,,,22:03:31,1.05,50170,09.4,0057.8
,,,,,22:03:32,1.05,50180,09.6,0057.7
,,,,,22:03:33,1.05,50189,09.4,0057.6
,,,,,22:03:34,1.05,50199,09.5,0057.8
,,,,,22:03:35,1.05,50208,09.4,0057.7
,,,,,22:03:36,1.05,50218,09.6,0057.9
,,,,,22:03:37,1.05,50227,09.4,0057.3
,,,,,22:03:38,1.05,50237,09.6,0056.6
,,,,,22:03:39,1.05,50246,09.4,0058.2
,,,,,22:03:40,1.05,50256,09.6,0058.4
,,,,,22:03:41,1.05,50265,09.4,0057.5
,,,,,22:03:42,1.05,50275,09.6,0057.6
,,,,,22:03:43,1.05,50284,09.4,0057.2
,,,,,22:03:44,1.05,50294,09.4,0058.2
,,,,,22:03:45,1.05,50303,09.6,0057.7
,,,,,22:03:46,1.05,50313,09.4,0056.9
,,,,,22:03:47,1.05,50322,09.5,0057.6
,,,,,22:03:48,1.05,50331,09.4,0057.8
,,,,,22:03:49,1.05,50341,09.6,0057.5
,,,,,22:03:50,1.05,50350,09.4,0057.3
,,,,,22:03:51,1.05,50360,09.3,0057.8
,,,,,22:03:52,1.05,50369,09.6,0057.4
,,,,,22:03:53,1.05,50379,09.4,0057.1
,,,,,22:03:54,1.05,50388,09.4,0057.7
,,,,,22:03:55,1.05,50398,09.5,0057.2
,,,,,22:03:56,1.05,50407,09.4,0057.1
,,,,,22:03:57,1.05,50417,09.6,0058.1
,,,,,22:03:58,1.05,50426,09.4,0058.4
,,,,,22:03:59,1.05,50436,09.4,0057.6
,,,,,22:04:00,1.05,50445,09.6,0057.3
,,,,,22:04:01,1.05,50455,09.3,0057.6
,,,,,22:04:02,1.05,50464,09.6,0058.1
,,,,,22:04:03,1.05,50473,09.4,0058.0
,,,,,22:04:04,1.05,50483,09.4,0057.0
,,,,,22:04:05,1.05,50492,09.6,0057.1
,,,,,22:04:06,1.05,50502,09.3,0058.3
,,,,,22:04:07,1.05,50511,09.6,0058.3
,,,,,22:04:08,1.05,50521,09.4,0057.2
,,,,,22:04:09,1.05,50530,09.4,0057.6
,,,,,22:04:10,1.05,50540,09.6,0058.1
,,,,,22:04:11,1.05,50549,09.4,0058.5
,,,,,22:04:12,1.05,50559,09.5,0057.8
,,,,,22:04:13,1.05,50568,09.4,0058.0
,,,,,22:04:14,1.05,50577,09.4,0058.3
,,,,,22:04:15,1.05,50587,09.6,0058.4
,,,,,22:04:16,1.05,50596,09.4,0058.3
,,,,,22:04:17,1.05,50606,09.3,0057.8
,,,,,22:04:18,1.05,50615,09.6,0057.6
,,,,,22:04:19,1.05,50625,09.4,0058.4
,,,,,22:04:20,1.05,50634,09.4,0057.8
,,,,,22:04:21,1.05,50644,09.5,0057.0
,,,,,22:04:22,1.05,50653,09.4,0058.5
,,,,,22:04:23,1.05,50663,09.6,0058.0
,,,,,22:04:24,1.05,50672,09.3,0057.1
,,,,,22:04:25,1.05,50681,09.4,0058.1
,,,,,22:04:26,1.05,50691,09.6,0058.7
,,,,,22:04:27,1.05,50700,09.4,0057.8
,,,,,22:04:28,1.05,50710,09.3,0056.6
,,,,,22:04:29,1.05,50719,09.6,0058.1
,,,,,22:04:30,1.05,50729,09.3,0058.9
,,,,,22:04:31,1.05,50738,09.4,0058.2
,,,,,22:04:32,1.05,50747,09.6,0057.4
,,,,,22:04:33,1.05,50757,09.3,0057.6
,,,,,22:04:34,1.05,50766,09.4,0058.2
,,,,,22:04:35,1.05,50776,09.6,0057.7
,,,,,22:04:36,1.05,50785,09.3,0057.8
,,,,,22:04:37,1.05,50795,09.4,0057.8
,,,,,22:04:38,1.05,50804,09.5,0057.6
,,,,,22:04:39,1.05,50814,09.4,0057.6
,,,,,22:04:40,1.05,50823,09.3,0058.6
,,,,,22:04:41,1.05,50832,09.6,0058.2
,,,,,22:04:42,1.05,50842,09.3,0057.8
,,,,,22:04:43,1.05,50851,09.4,0058.2
,,,,,22:04:44,1.05,50861,09.6,0058.1
,,,,,22:04:45,1.05,50870,09.3,0057.6
,,,,,22:04:46,1.05,50880,09.4,0057.7
,,,,,22:04:47,1.05,50889,09.5,0057.8
,,,,,22:04:48,1.05,50898,09.4,0058.5
,,,,,22:04:49,1.05,50908,09.3,0057.6
,,,,,22:04:50,1.05,50917,09.4,0057.9
,,,,,22:04:51,1.05,50927,09.5,0058.0
,,,,,22:04:52,1.06,50936,09.4,0057.8
,,,,,22:04:53,1.05,50946,09.3,0058.6
,,,,,22:04:54,1.05,50955,09.6,0059.6
,,,,,22:04:55,1.05,50964,09.4,0058.4
,,,,,22:04:56,1.05,50974,09.3,0058.3
,,,,,22:04:57,1.05,50983,09.4,0058.4
,,,,,22:04:58,1.05,50993,09.5,0058.2
,,,,,22:04:59,1.05,51002,09.4,0058.1
,,,,,22:05:00,1.05,51011,09.4,0058.7
,,,,,22:05:01,1.05,51021,09.5,0058.6
,,,,,22:05:02,1.05,51030,09.4,0058.3
,,,,,22:05:03,1.05,51040,09.3,0057.8
,,,,,22:05:04,1.05,51049,09.4,0058.5
,,,,,22:05:05,1.05,51059,09.5,0058.1
,,,,,22:05:06,1.05,51068,09.4,0058.7
,,,,,22:05:07,1.05,51077,09.3,0058.8
,,,,,22:05:08,1.05,51087,09.4,0058.6
,,,,,22:05:09,1.05,51096,09.5,0058.9
,,,,,22:05:10,1.05,51106,09.4,0058.8
,,,,,22:05:11,1.05,51115,09.3,0058.3
,,,,,22:05:12,1.05,51124,09.3,0058.2
,,,,,22:05:13,1.05,51134,09.4,0058.1
,,,,,22:05:14,1.05,51143,09.5,0058.1
,,,,,22:05:15,1.05,51153,09.3,0058.6
,,,,,22:05:16,1.05,51162,09.4,0058.4
,,,,,22:05:17,1.05,51171,09.3,0058.1
,,,,,22:05:18,1.05,51181,09.3,0058.7
,,,,,22:05:19,1.05,51190,09.5,0058.3
,,,,,22:05:20,1.05,51199,09.4,0058.3
,,,,,22:05:21,1.05,51209,09.3,0059.0
,,,,,22:05:22,1.05,51218,09.3,0058.7
,,,,,22:05:23,1.05,51228,09.3,0058.8
,,,,,22:05:24,1.05,51237,09.4,0058.9
,,,,,22:05:25,1.05,51246,09.5,0058.4
,,,,,22:05:26,1.05,51256,09.3,0058.2
,,,,,22:05:27,1.05,51265,09.3,0058.2
,,,,,22:05:28,1.05,51274,09.3,0058.7
,,,,,22:05:29,1.05,51284,09.3,0059.1
,,,,,22:05:30,1.05,51293,09.3,0059.1
,,,,,22:05:31,1.05,51302,09.5,0058.8
,,,,,22:05:32,1.05,51312,09.3,0058.4
,,,,,22:05:33,1.05,51321,09.3,0059.8
,,,,,22:05:34,1.05,51330,09.3,0059.2
,,,,,22:05:35,1.05,51340,09.3,0059.1
,,,,,22:05:36,1.05,51349,09.3,0059.0
,,,,,22:05:37,1.05,51358,09.3,0059.2
,,,,,22:05:38,1.05,51368,09.3,0059.3
,,,,,22:05:39,1.05,51377,09.3,0059.0
,,,,,22:05:40,1.05,51386,09.5,0058.6
,,,,,22:05:41,1.05,51396,09.3,0058.9
,,,,,22:05:42,1.05,51405,09.3,0059.8
,,,,,22:05:43,1.05,51414,09.3,0058.8
,,,,,22:05:44,1.05,51424,09.3,0059.5
,,,,,22:05:45,1.05,51433,09.2,0059.1
,,,,,22:05:46,1.05,51442,09.4,0059.3
,,,,,22:05:47,1.05,51452,09.2,0059.0
,,,,,22:05:48,1.05,51461,09.3,0059.4
,,,,,22:05:49,1.05,51470,09.3,0060.1
,,,,,22:05:50,1.05,51480,09.3,0059.1
,,,,,22:05:51,1.05,51489,09.2,0059.1
,,,,,22:05:52,1.05,51498,09.3,0058.6
,,,,,22:05:53,1.05,51507,09.5,0058.9
,,,,,22:05:54,1.05,51517,09.3,0058.6
,,,,,22:05:55,1.05,51526,09.1,0058.5
,,,,,22:05:56,1.05,51535,09.5,0059.8
,,,,,22:05:57,1.05,51545,09.3,0060.0
,,,,,22:05:58,1.05,51554,09.2,0059.8
,,,,,22:05:59,1.05,51563,09.3,0059.4
,,,,,22:06:00,1.05,51573,09.3,0059.5
,,,,,22:06:01,1.05,51582,09.1,0059.3
,,,,,22:06:02,1.05,51591,09.5,0059.8
,,,,,22:06:03,1.05,51600,09.2,0060.0
,,,,,22:06:04,1.05,51610,09.2,0059.6
,,,,,22:06:05,1.05,51619,09.2,0059.9
,,,,,22:06:06,1.05,51628,09.3,0059.7
,,,,,22:06:07,1.05,51637,09.2,0059.3
,,,,,22:06:08,1.05,51647,09.3,0059.7
,,,,,22:06:09,1.05,51656,09.2,0059.3
,,,,,22:06:10,1.05,51665,09.3,0060.2
,,,,,22:06:11,1.05,51674,09.2,0060.0
,,,,,22:06:12,1.05,51684,09.3,0059.9
,,,,,22:06:13,1.05,51693,09.2,0059.6
,,,,,22:06:14,1.05,51702,09.3,0059.8
,,,,,22:06:15,1.05,51712,09.2,0060.3
,,,,,22:06:16,1.05,51721,09.2,0060.2
,,,,,22:06:17,1.05,51730,09.3,0060.5
,,,,,22:06:18,1.05,51739,09.1,0059.6
,,,,,22:06:19,1.05,51748,09.2,0059.3
,,,,,22:06:20,1.05,51758,09.3,0060.3
,,,,,22:06:21,1.05,51767,09.2,0060.5
,,,,,22:06:22,1.05,51776,09.2,0060.7
,,,,,22:06:23,1.05,51785,09.3,0060.0
,,,,,22:06:24,1.05,51795,09.2,0059.3
,,,,,22:06:25,1.05,51804,09.2,0059.3
,,,,,22:06:26,1.05,51813,09.2,0060.3
,,,,,22:06:27,1.05,51822,09.2,0060.4
,,,,,22:06:28,1.05,51831,09.2,0060.9
,,,,,22:06:29,1.05,51841,09.2,0060.0
,,,,,22:06:30,1.05,51850,09.3,0060.2
,,,,,22:06:31,1.05,51859,09.2,0060.2
,,,,,22:06:32,1.05,51868,09.1,0059.8
,,,,,22:06:33,1.05,51877,09.2,0060.6
,,,,,22:06:34,1.05,51887,09.3,0060.8
,,,,,22:06:35,1.05,51896,09.2,0060.9
,,,,,22:06:36,1.05,51905,09.2,0060.4
,,,,,22:06:37,1.05,51914,09.2,0060.4
,,,,,22:06:38,1.05,51924,09.1,0060.2
,,,,,22:06:39,1.05,51933,09.2,0060.6
,,,,,22:06:40,1.05,51942,09.2,0060.0
,,,,,22:06:41,1.05,51951,09.2,0060.5
,,,,,22:06:42,1.05,51960,09.1,0061.3
,,,,,22:06:43,1.05,51969,09.2,0061.2
,,,,,22:06:44,1.05,51979,09.2,0061.0
,,,,,22:06:45,1.05,51988,09.2,0061.1
,,,,,22:06:46,1.05,51997,09.1,0060.8
,,,,,22:06:47,1.05,52006,09.2,0060.7
,,,,,22:06:48,1.05,52015,09.2,0061.0
,,,,,22:06:49,1.05,52025,09.1,0060.6
,,,,,22:06:50,1.05,52034,09.2,0060.5
,,,,,22:06:51,1.05,52043,09.3,0060.2
,,,,,22:06:52,1.05,52052,09.1,0061.1
,,,,,22:06:53,1.05,52061,09.1,0061.0
,,,,,22:06:54,1.05,52070,09.2,0061.1
,,,,,22:06:55,1.05,52079,09.2,0061.4
,,,,,22:06:56,1.05,52089,09.1,0060.8
,,,,,22:06:57,1.05,52098,09.2,0061.0
,,,,,22:06:58,1.05,52107,09.1,0061.1
,,,,,22:06:59,1.04,52116,09.2,0061.6
,,,,,22:07:00,1.04,52125,09.1,0061.8
,,,,,22:07:01,1.05,52134,09.1,0060.9
,,,,,22:07:02,1.05,52143,09.2,0061.3
,,,,,22:07:03,1.05,52153,09.1,0061.3
,,,,,22:07:04,1.05,52162,09.2,0061.7
,,,,,22:07:05,1.05,52171,09.1,0061.6
,,,,,22:07:06,1.05,52180,09.1,0061.1
,,,,,22:07:07,1.05,52189,09.2,0061.3
,,,,,22:07:08,1.05,52198,09.1,0062.0
,,,,,22:07:09,1.05,52207,09.1,0062.1
,,,,,22:07:10,1.05,52216,09.1,0061.7
,,,,,22:07:11,1.05,52226,09.1,0061.3
,,,,,22:07:12,1.05,52235,09.1,0061.5
,,,,,22:07:13,1.05,52244,09.0,0061.3
,,,,,22:07:14,1.05,52253,09.0,0062.5
,,,,,22:07:15,1.05,52262,09.0,0062.4
,,,,,22:07:16,1.05,52271,08.9,0062.3
,,,,,22:07:17,1.05,52279,08.8,0061.6
,,,,,22:07:18,1.05,52288,08.9,0061.6
,,,,,22:07:19,1.05,52297,09.0,0061.7
,,,,,22:07:20,1.05,52306,08.9,0061.1
,,,,,22:07:21,1.05,52315,08.7,0060.7
,,,,,22:07:22,1.05,52324,08.9,0060.5
,,,,,22:07:23,1.05,52333,08.8,0061.1
,,,,,22:07:24,1.05,52341,08.9,0061.6
,,,,,22:07:25,1.05,52350,08.9,0062.0
,,,,,22:07:26,1.05,52359,08.7,0061.6
,,,,,22:07:27,1.05,52368,08.9,0060.9
,,,,,22:07:28,1.05,52377,08.7,0060.6
,,,,,22:07:29,1.05,52385,08.9,0061.6
,,,,,22:07:30,1.05,52394,08.7,0061.5
,,,,,22:07:31,1.05,52403,08.9,0061.8
,,,,,22:07:32,1.05,52412,08.7,0061.9
,,,,,22:07:33,1.05,52420,08.9,0063.0
,,,,,22:07:34,1.05,52429,08.7,0062.3
,,,,,22:07:35,1.05,52438,08.9,0062.3
,,,,,22:07:36,1.05,52447,08.7,0061.8
,,,,,22:07:37,1.05,52456,09.0,0062.4
,,,,,22:07:38,1.05,52465,08.7,0062.5
,,,,,22:07:39,1.05,52473,08.9,0062.6
,,,,,22:07:40,1.06,52482,08.7,0061.6
,,,,,22:07:41,1.06,52491,08.7,0061.2
,,,,,22:07:42,1.05,52499,08.6,0062.0
,,,,,22:07:43,1.05,52508,08.9,0061.6
,,,,,22:07:44,1.05,52517,08.6,0061.1
,,,,,22:07:45,1.05,52526,08.5,0060.6
,,,,,22:07:46,1.05,52534,08.6,0062.0
,,,,,22:07:47,1.05,52543,08.6,0062.1
,,,,,22:07:48,1.05,52551,08.5,0061.5
,,,,,22:07:49,1.05,52560,08.6,0061.2
,,,,,22:07:50,1.05,52568,08.5,0062.8
,,,,,22:07:51,1.05,52577,08.6,0063.0
,,,,,22:07:52,1.05,52585,08.6,0061.6
,,,,,22:07:53,1.05,52594,08.6,0061.5
,,,,,22:07:54,1.05,52603,08.6,0062.3
,,,,,22:07:55,1.05,52611,08.5,0061.5
,,,,,22:07:56,1.05,52620,08.6,0059.9
,,,,,22:07:57,1.05,52628,08.6,0060.2
,,,,,22:07:58,1.05,52637,08.5,0060.1
,,,,,22:07:59,1.05,52645,08.6,0060.1
,,,,,22:08:00,1.05,52654,08.6,0059.7
,,,,,22:08:01,1.05,52663,08.6,0061.7
,,,,,22:08:02,1.05,52671,08.6,0062.3
,,,,,22:08:03,1.05,52680,08.5,0061.5
,,,,,22:08:04,1.05,52688,08.6,0061.4
,,,,,22:08:05,1.05,52697,08.6,0061.8
,,,,,22:08:06,1.05,52705,08.6,0061.5
,,,,,22:08:07,1.05,52714,08.6,0061.2
,,,,,22:08:08,1.05,52723,08.6,0060.6
,,,,,22:08:09,1.05,52731,08.6,0060.2
,,,,,22:08:10,1.05,52740,08.5,0060.9
,,,,,22:08:11,1.05,52748,08.6,0061.2
,,,,,22:08:12,1.05,52757,08.6,0061.7
,,,,,22:08:13,1.05,52766,08.6,0061.0
,,,,,22:08:14,1.05,52774,08.5,0061.4
,,,,,22:08:15,1.05,52783,08.6,0062.6
,,,,,22:08:16,1.05,52791,08.6,0062.0
,,,,,22:08:17,1.05,52800,08.6,0061.7
,,,,,22:08:18,1.05,52808,08.6,0061.0
,,,,,22:08:19,1.05,52817,08.6,0060.5
,,,,,22:08:20,1.05,52826,08.6,0060.0
,,,,,22:08:21,1.05,52834,08.6,0061.2
,,,,,22:08:22,1.05,52843,08.6,0061.7
,,,,,22:08:23,1.05,52851,08.6,0061.1
,,,,,22:08:24,1.05,52860,08.6,0062.3
,,,,,22:08:25,1.05,52869,08.5,0062.8
,,,,,22:08:26,1.05,52877,08.7,0062.0
,,,,,22:08:27,1.05,52886,08.6,0061.4
,,,,,22:08:28,1.05,52894,08.5,0059.7
,,,,,22:08:29,1.05,52903,08.6,0059.8
,,,,,22:08:30,1.05,52912,08.6,0060.8
,,,,,22:08:31,1.05,52920,08.6,0061.1
,,,,,22:08:32,1.05,52929,08.6,0061.2
,,,,,22:08:33,1.05,52937,08.6,0061.5
,,,,,22:08:34,1.05,52946,08.6,0062.1
,,,,,22:08:35,1.05,52955,08.6,0061.5
,,,,,22:08:36,1.05,52963,08.6,0062.6
,,,,,22:08:37,1.05,52972,08.6,0062.9
,,,,,22:08:38,1.05,52980,08.6,0061.7
,,,,,22:08:39,1.05,52989,08.6,0061.1
,,,,,22:08:40,1.05,52998,08.5,0059.5
,,,,,22:08:41,1.05,53006,08.6,0060.6
,,,,,22:08:42,1.04,53015,08.6,0061.4
,,,,,22:08:43,1.05,53023,08.6,0061.4
,,,,,22:08:44,1.05,53032,08.6,0060.0
,,,,,22:08:45,1.05,53040,08.6,0061.2
,,,,,22:08:46,1.05,53049,08.6,0062.0
,,,,,22:08:47,1.05,53058,08.6,0061.5
,,,,,22:08:48,1.05,53066,08.5,0062.6
,,,,,22:08:49,1.05,53075,08.6,0062.6
,,,,,22:08:50,1.05,53083,08.6,0061.2
,,,,,22:08:51,1.05,53092,08.6,0061.1
,,,,,22:08:52,1.05,53101,08.6,0060.5
,,,,,22:08:53,1.05,53109,08.6,0060.3
,,,,,22:08:54,1.05,53118,08.6,0059.9
,,,,,22:08:55,1.05,53126,08.6,0060.9
,,,,,22:08:56,1.05,53135,08.4,0060.0
,,,,,22:08:57,1.04,53143,08.6,0061.0
,,,,,22:08:58,1.05,53152,08.6,0060.8
,,,,,22:08:59,1.05,53160,08.6,0062.1
,,,,,22:09:00,1.05,53169,08.6,0061.8
,,,,,22:09:01,1.05,53178,08.6,0062.3
,,,,,22:09:02,1.05,53186,08.6,0062.7
,,,,,22:09:03,1.05,53195,08.6,0061.8
,,,,,22:09:04,1.05,53203,08.5,0061.6
,,,,,22:09:05,1.05,53212,08.5,0062.3
,,,,,22:09:06,1.05,53220,08.6,0061.7
,,,,,22:09:07,1.05,53229,08.6,0060.3
,,,,,22:09:08,1.05,53238,08.6,0060.0
,,,,,22:09:09,1.05,53246,08.6,0060.8
,,,,,22:09:10,1.05,53255,08.5,0061.1
,,,,,22:09:11,1.05,53263,08.6,0059.5
,,,,,22:09:12,1.05,53272,08.6,0060.2
,,,,,22:09:13,1.05,53281,08.6,0061.2
,,,,,22:09:14,1.05,53289,08.5,0061.9
,,,,,22:09:15,1.05,53298,08.6,0060.7
,,,,,22:09:16,1.05,53306,08.5,0062.3
,,,,,22:09:17,1.05,53315,08.6,0063.1
,,,,,22:09:18,1.05,53323,08.6,0062.4
,,,,,22:09:19,1.05,53332,08.6,0061.8
,,,,,22:09:20,1.05,53341,08.6,0061.7
,,,,,22:09:21,1.05,53349,08.6,0062.1
,,,,,22:09:22,1.05,53358,08.5,0061.8
,,,,,22:09:23,1.05,53366,08.5,0060.6
,,,,,22:09:24,1.05,53375,08.6,0060.9
,,,,,22:09:25,1.05,53383,08.6,0060.7
,,,,,22:09:26,1.05,53392,08.6,0059.5
,,,,,22:09:27,1.05,53400,08.5,0060.0
,,,,,22:09:28,1.05,53409,08.6,0060.4
,,,,,22:09:29,1.05,53418,08.6,0060.8
,,,,,22:09:30,1.05,53426,08.5,0060.3
,,,,,22:09:31,1.05,53435,08.5,0060.5
,,,,,22:09:32,1.05,53443,08.6,0060.9
,,,,,22:09:33,1.05,53452,08.6,0060.8
,,,,,22:09:34,1.05,53460,08.6,0061.2
,,,,,22:09:35,1.05,53469,08.5,0062.3
,,,,,22:09:36,1.05,53477,08.6,0061.6
,,,,,22:09:37,1.05,53486,08.6,0060.5
,,,,,22:09:38,1.05,53495,08.6,0061.5
,,,,,22:09:39,1.05,53503,08.5,0062.3
,,,,,22:09:40,1.05,53512,08.6,0061.9
,,,,,22:09:41,1.05,53520,08.6,0061.2
,,,,,22:09:42,1.05,53529,08.6,0062.3
,,,,,22:09:43,1.05,53538,08.5,0063.1
,,,,,22:09:44,1.05,53546,08.6,0062.0
,,,,,22:09:45,1.05,53555,08.5,0061.4
,,,,,22:09:46,1.05,53563,08.5,0062.3
,,,,,22:09:47,1.05,53572,08.6,0063.1
,,,,,22:09:48,1.05,53580,08.6,0062.1
,,,,,22:09:49,1.05,53589,08.5,0062.1
,,,,,22:09:50,1.05,53597,08.6,0062.6
,,,,,22:09:51,1.05,53606,08.6,0062.8
,,,,,22:09:52,1.05,53614,08.5,0062.1
,,,,,22:09:53,1.05,53623,08.6,0062.4
,,,,,22:09:54,1.05,53632,08.5,0062.1
,,,,,22:09:55,1.05,53640,08.6,0061.7
,,,,,22:09:56,1.05,53649,08.5,0061.4
,,,,,22:09:57,1.05,53657,08.5,0061.8
,,,,,22:09:58,1.05,53666,08.6,0061.9
,,,,,22:09:59,1.05,53674,08.6,0061.2
,,,,,22:10:00,1.05,53683,08.5,0061.1
,,,,,22:10:01,1.05,53691,08.6,0061.5
,,,,,22:10:02,1.05,53700,08.5,0061.2
,,,,,22:10:03,1.05,53708,08.6,0061.1
,,,,,22:10:04,1.05,53717,08.5,0061.0
,,,,,22:10:05,1.05,53725,08.5,0061.3
,,,,,22:10:06,1.05,53734,08.6,0061.1
,,,,,22:10:07,1.05,53743,08.6,0060.9
,,,,,22:10:08,1.05,53751,08.5,0060.5
,,,,,22:10:09,1.05,53760,08.6,0060.2
,,,,,22:10:10,1.05,53768,08.5,0060.7
,,,,,22:10:11,1.05,53777,08.6,0061.3
,,,,,22:10:12,1.05,53785,08.6,0061.3
,,,,,22:10:13,1.05,53794,08.4,0061.1
,,,,,22:10:14,1.05,53802,08.6,0061.6
,,,,,22:10:15,1.05,53811,08.5,0062.1
,,,,,22:10:16,1.05,53819,08.6,0062.6
,,,,,22:10:17,1.05,53828,08.6,0061.8
,,,,,22:10:18,1.05,53837,08.5,0062.1
,,,,,22:10:19,1.05,53845,08.6,0063.0
,,,,,22:10:20,1.05,53854,08.5,0062.6
,,,,,22:10:21,1.05,53862,08.5,0061.8
,,,,,22:10:22,1.05,53871,08.6,0062.0
,,,,,22:10:23,1.05,53879,08.5,0063.4
,,,,,22:10:24,1.05,53888,08.6,0064.1
,,,,,22:10:25,1.05,53896,08.5,0062.8
,,,,,22:10:26,1.05,53905,08.6,0061.8
,,,,,22:10:27,1.05,53913,08.6,0062.8
,,,,,22:10:28,1.05,53922,08.4,0062.9
,,,,,22:10:29,1.05,53930,08.5,0062.1
,,,,,22:10:30,1.05,53939,08.6,0061.2
,,,,,22:10:31,1.05,53947,08.6,0061.3
,,,,,22:10:32,1.05,53956,08.5,0062.3
,,,,,22:10:33,1.05,53965,08.6,0061.9
,,,,,22:10:34,1.06,53973,08.4,0060.5
,,,,,22:10:35,1.05,53982,08.6,0060.8
,,,,,22:10:36,1.05,53990,08.5,0061.2
,,,,,22:10:37,1.05,53999,08.6,0062.0
,,,,,22:10:38,1.05,54007,08.5,0062.5
,,,,,22:10:39,1.05,54016,08.6,0062.6
,,,,,22:10:40,1.05,54024,08.4,0062.3
,,,,,22:10:41,1.05,54033,08.6,0062.3
,,,,,22:10:42,1.05,54041,08.5,0063.7
,,,,,22:10:43,1.05,54050,08.5,0063.4
,,,,,22:10:44,1.05,54058,08.6,0061.8
,,,,,22:10:45,1.05,54067,08.4,0061.1
,,,,,22:10:46,1.05,54075,08.6,0061.2
,,,,,22:10:47,1.05,54084,08.5,0061.4
,,,,,22:10:48,1.05,54092,08.5,0062.9
,,,,,22:10:49,1.05,54101,08.5,0063.9
,,,,,22:10:50,1.05,54109,08.5,0063.9
,,,,,22:10:51,1.05,54118,08.5,0063.1
,,,,,22:10:52,1.05,54126,08.6,0062.6
,,,,,22:10:53,1.05,54135,08.5,0063.0
,,,,,22:10:54,1.05,54143,08.4,0061.7
,,,,,22:10:55,1.05,54152,08.6,0062.2
,,,,,22:10:56,1.05,54160,08.5,0062.6
,,,,,22:10:57,1.05,54169,08.5,0062.0
,,,,,22:10:58,1.05,54177,08.6,0062.6
,,,,,22:10:59,1.05,54186,08.4,0063.7
,,,,,22:11:00,1.05,54194,08.5,0063.6
,,,,,22:11:01,1.05,54203,08.6,0063.1
,,,,,22:11:02,1.05,54211,08.5,0062.5
,,,,,22:11:03,1.05,54220,08.5,0060.9
,,,,,22:11:04,1.05,54228,08.4,0061.3
,,,,,22:11:05,1.05,54237,08.6,0062.8
,,,,,22:11:06,1.05,54245,08.5,0062.4
,,,,,22:11:07,1.05,54254,08.5,0063.3
,,,,,22:11:08,1.05,54262,08.5,0063.4
,,,,,22:11:09,1.05,54271,08.5,0062.4
,,,,,22:11:10,1.05,54279,08.4,0062.0
,,,,,22:11:11,1.05,54288,08.6,0062.0
,,,,,22:11:12,1.05,54296,08.5,0062.3
,,,,,22:11:13,1.05,54305,08.4,0063.1
,,,,,22:11:14,1.05,54313,08.5,0063.3
,,,,,22:11:15,1.05,54321,08.6,0062.6
,,,,,22:11:16,1.05,54330,08.4,0062.9
,,,,,22:11:17,1.05,54338,08.5,0062.8
,,,,,22:11:18,1.05,54347,08.4,0063.3
,,,,,22:11:19,1.05,54355,08.5,0064.0
,,,,,22:11:20,1.05,54364,08.5,0062.8
,,,,,22:11:21,1.05,54372,08.4,0062.3
,,,,,22:11:22,1.05,54381,08.5,0062.6
,,,,,22:11:23,1.05,54389,08.4,0062.5
,,,,,22:11:24,1.06,54397,08.5,0062.2
,,,,,22:11:25,1.05,54406,08.5,0062.5
,,,,,22:11:26,1.05,54414,08.2,0063.0
,,,,,22:11:27,1.05,54423,08.5,0061.7
,,,,,22:11:28,1.05,54431,08.2,0062.6
,,,,,22:11:29,1.05,54439,08.2,0062.6
,,,,,22:11:30,1.05,54448,08.0,0061.8
,,,,,22:11:31,1.05,54456,07.9,0062.0
,,,,,22:11:32,1.05,54463,08.0,0061.7
,,,,,22:11:33,1.05,54471,07.9,0062.3
,,,,,22:11:34,1.05,54479,08.0,0062.6
,,,,,22:11:35,1.05,54487,07.9,0062.2
,,,,,22:11:36,1.05,54495,08.0,0062.0
,,,,,22:11:37,1.05,54503,08.0,0062.7
,,,,,22:11:38,1.05,54511,07.7,0062.0
,,,,,22:11:39,1.05,54519,08.0,0062.3
,,,,,22:11:40,1.05,54527,08.0,0062.2
,,,,,22:11:41,1.05,54535,07.9,0062.0
,,,,,22:11:42,1.05,54543,08.0,0062.2
,,,,,22:11:43,1.05,54551,08.0,0062.5
,,,,,22:11:44,1.05,54559,08.0,0062.3
,,,,,22:11:45,1.05,54567,07.7,0062.0
,,,,,22:11:46,1.05,54574,08.0,0061.7
,,,,,22:11:47,1.05,54582,08.0,0062.1
,,,,,22:11:48,1.05,54590,08.0,0062.3
,,,,,22:11:49,1.05,54598,08.0,0062.5
,,,,,22:11:50,1.05,54606,07.6,0061.7
,,,,,22:11:51,1.05,54614,07.8,0061.3
,,,,,22:11:52,1.05,54622,08.1,0062.1
,,,,,22:11:53,1.05,54630,08.2,0062.0
,,,,,22:11:54,1.05,54638,08.0,0062.3
,,,,,22:11:55,1.05,54646,08.0,0062.1
,,,,,22:11:56,1.05,54654,07.6,0062.0
,,,,,22:11:57,1.05,54662,08.0,0061.5
,,,,,22:11:58,1.05,54670,07.8,0060.8
,,,,,22:11:59,1.05,54678,07.9,0061.5
,,,,,22:12:00,1.05,54685,07.8,0061.3
,,,,,22:12:01,1.05,54693,07.8,0061.0
,,,,,22:12:02,1.05,54701,07.7,0061.5
,,,,,22:12:03,1.05,54709,07.6,0061.3
,,,,,22:12:04,1.05,54716,07.6,0061.7
,,,,,22:12:05,1.05,54724,07.5,0061.3
,,,,,22:12:06,1.05,54731,07.4,0061.3
,,,,,22:12:07,1.05,54739,07.6,0060.8
,,,,,22:12:08,1.05,54746,07.6,0061.0
,,,,,22:12:09,1.05,54754,07.6,0061.7
,,,,,22:12:10,1.05,54762,07.7,0063.1
,,,,,22:12:11,1.05,54769,07.9,0062.9
,,,,,22:12:12,1.05,54777,08.0,0061.2
,,,,,22:12:13,1.05,54785,08.0,0062.2
,,,,,22:12:14,1.05,54793,08.0,0061.6
,,,,,22:12:15,1.05,54801,08.0,0062.4
,,,,,22:12:16,1.05,54809,08.0,0062.1
,,,,,22:12:17,1.05,54817,08.0,0062.0
,,,,,22:12:18,1.05,54825,08.0,0061.7
,,,,,22:12:19,1.05,54833,08.0,0062.6
,,,,,22:12:20,1.05,54841,08.0,0063.4
,,,,,22:12:21,1.05,54849,07.8,0062.2
,,,,,22:12:22,1.05,54857,06.4,0062.0
,,,,,22:12:23,1.05,54864,08.2,0063.6
,,,,,22:12:24,1.05,54872,08.9,0062.6
,,,,,22:12:25,1.05,54881,09.1,0063.8
,,,,,22:12:26,1.05,54890,08.8,0064.6
,,,,,22:12:27,1.05,54899,08.3,0064.0
,,,,,22:12:28,1.05,54907,07.7,0062.9
,,,,,22:12:29,1.05,54915,07.1,0062.0
,,,,,22:12:30,1.05,54922,07.2,0062.1
,,,,,22:12:31,1.05,54929,07.2,0062.3
,,,,,22:12:32,1.05,54936,06.4,0060.5
,,,,,22:12:33,1.05,54942,06.3,0061.9
,,,,,22:12:34,1.05,54949,07.2,0061.7
,,,,,22:12:35,1.05,54956,07.5,0063.0
,,,,,22:12:36,1.05,54963,07.8,0065.1
,,,,,22:12:37,1.05,54971,07.8,0063.0
,,,,,22:12:38,1.05,54979,07.8,0061.8
,,,,,22:12:39,1.05,54987,07.8,0061.0
,,,,,22:12:40,1.05,54994,07.8,0060.9
,,,,,22:12:41,1.05,55002,07.8,0060.5
,,,,,22:12:42,1.05,55010,07.8,0062.1
,,,,,22:12:43,1.05,55018,07.8,0062.8
,,,,,22:12:44,1.05,55025,07.8,0063.9
,,,,,22:12:45,1.05,55033,07.8,0065.1
,,,,,22:12:46,1.05,55041,07.8,0065.9
,,,,,22:12:47,1.05,55049,07.8,0064.6
,,,,,22:12:48,1.05,55056,07.8,0063.2
,,,,,22:12:49,1.05,55064,07.6,0062.0
,,,,,22:12:50,1.05,55072,07.8,0061.1
,,,,,22:12:51,1.05,55080,07.8,0060.5
,,,,,22:12:52,1.05,55087,07.8,0061.5
,,,,,22:12:53,1.05,55095,07.8,0063.2
,,,,,22:12:54,1.05,55103,07.8,0064.7
,,,,,22:12:55,1.05,55111,07.8,0065.9
,,,,,22:12:56,1.05,55118,07.8,0066.2
,,,,,22:12:57,1.05,55126,07.5,0064.5
,,,,,22:12:58,1.05,55134,07.5,0062.6
,,,,,22:12:59,1.05,55141,07.5,0063.3
,,,,,22:13:00,1.05,55149,07.5,0062.8
,,,,,22:13:01,1.05,55156,07.6,0063.3
,,,,,22:13:02,1.05,55164,07.5,0063.3
,,,,,22:13:03,1.05,55171,07.5,0063.1
,,,,,22:13:04,1.05,55179,07.3,0063.4
,,,,,22:13:05,1.05,55186,07.3,0062.1
,,,,,22:13:06,1.05,55193,07.2,0062.3
,,,,,22:13:07,1.05,55200,07.3,0062.8
,,,,,22:13:08,1.05,55208,07.2,0062.5
,,,,,22:13:09,1.05,55215,07.3,0062.9
,,,,,22:13:10,1.05,55222,07.3,0063.3
,,,,,22:13:11,1.05,55230,07.2,0063.4
,,,,,22:13:12,1.05,55237,07.3,0062.7
,,,,,22:13:13,1.05,55244,07.2,0062.3
,,,,,22:13:14,1.05,55251,07.3,0062.8
,,,,,22:13:15,1.05,55259,07.3,0062.1
,,,,,22:13:16,1.05,55266,07.2,0062.7
,,,,,22:13:17,1.05,55273,07.3,0063.0
,,,,,22:13:18,1.05,55280,07.3,0062.7
,,,,,22:13:19,1.05,55288,07.2,0063.5
,,,,,22:13:20,1.05,55295,07.3,0063.3
,,,,,22:13:21,1.05,55302,07.2,0063.3
,,,,,22:13:22,1.05,55310,07.3,0062.9
,,,,,22:13:23,1.05,55317,07.3,0062.6
,,,,,22:13:24,1.05,55324,07.2,0063.0
,,,,,22:13:25,1.05,55331,07.3,0062.3
,,,,,22:13:26,1.05,55339,07.2,0062.5
,,,,,22:13:27,1.05,55346,07.3,0063.4
,,,,,22:13:28,1.05,55353,07.3,0062.8
,,,,,22:13:29,1.05,55361,07.2,0063.7
,,,,,22:13:30,1.05,55368,07.3,0063.3
,,,,,22:13:31,1.05,55375,07.3,0062.9
,,,,,22:13:32,1.05,55382,07.2,0062.8
,,,,,22:13:33,1.05,55390,07.3,0062.3
,,,,,22:13:34,1.05,55397,07.2,0062.5
,,,,,22:13:35,1.05,55404,07.3,0063.1
,,,,,22:13:36,1.05,55411,07.3,0063.3
,,,,,22:13:37,1.05,55419,07.2,0063.7
,,,,,22:13:38,1.05,55426,07.3,0063.1
,,,,,22:13:39,1.05,55433,07.3,0063.3
,,,,,22:13:40,1.05,55441,07.2,0063.0
,,,,,22:13:41,1.05,55448,07.3,0062.6
,,,,,22:13:42,1.05,55455,07.2,0063.0
,,,,,22:13:43,1.05,55462,07.3,0062.8
,,,,,22:13:44,1.05,55470,07.3,0063.6
,,,,,22:13:45,1.05,55477,07.2,0063.3
,,,,,22:13:46,1.05,55484,07.3,0063.6
,,,,,22:13:47,1.05,55492,07.2,0063.7
,,,,,22:13:48,1.05,55499,07.3,0062.7
,,,,,22:13:49,1.05,55506,07.3,0063.0
,,,,,22:13:50,1.05,55513,07.2,0063.1
,,,,,22:13:51,1.05,55521,07.3,0063.2
,,,,,22:13:52,1.05,55528,07.3,0064.1
,,,,,22:13:53,1.05,55535,07.2,0063.8
,,,,,22:13:54,1.05,55542,07.3,0063.4
,,,,,22:13:55,1.05,55550,07.2,0063.3
,,,,,22:13:56,1.05,55557,07.3,0062.8
,,,,,22:13:57,1.05,55564,07.3,0063.1
,,,,,22:13:58,1.05,55572,07.2,0063.0
,,,,,22:13:59,1.05,55579,07.3,0063.5
,,,,,22:14:00,1.05,55586,07.2,0063.8
,,,,,22:14:01,1.05,55593,07.2,0063.5
,,,,,22:14:02,1.05,55601,07.2,0063.2
,,,,,22:14:03,1.05,55608,07.2,0063.3
,,,,,22:14:04,1.05,55615,07.2,0063.6
,,,,,22:14:05,1.05,55622,07.2,0063.9
,,,,,22:14:06,1.05,55629,07.2,0063.6
,,,,,22:14:07,1.05,55637,07.2,0063.2
,,,,,22:14:08,1.05,55644,07.2,0063.5
,,,,,22:14:09,1.05,55651,07.2,0064.0
,,,,,22:14:10,1.05,55658,07.2,0064.0
,,,,,22:14:11,1.05,55665,07.2,0063.8
,,,,,22:14:12,1.05,55672,07.2,0063.3
,,,,,22:14:13,1.05,55680,07.2,0063.6
,,,,,22:14:14,1.05,55687,07.2,0064.1
,,,,,22:14:15,1.05,55694,07.2,0063.9
,,,,,22:14:16,1.05,55701,07.2,0064.0
,,,,,22:14:17,1.05,55708,07.2,0063.5
,,,,,22:14:18,1.05,55716,07.2,0063.5
,,,,,22:14:19,1.05,55723,07.2,0063.9
,,,,,22:14:20,1.05,55730,07.2,0064.5
,,,,,22:14:21,1.05,55737,07.2,0064.1
,,,,,22:14:22,1.05,55744,07.2,0063.6
,,,,,22:14:23,1.05,55752,07.2,0063.6
,,,,,22:14:24,1.05,55759,07.2,0064.2
,,,,,22:14:25,1.05,55766,07.2,0064.5
,,,,,22:14:26,1.05,55773,07.2,0064.2
,,,,,22:14:27,1.05,55780,07.2,0064.0
,,,,,22:14:28,1.05,55788,07.2,0064.0
,,,,,22:14:29,1.05,55795,07.2,0064.2
,,,,,22:14:30,1.05,55802,07.2,0064.3
,,,,,22:14:31,1.05,55809,07.2,0064.3
,,,,,22:14:32,1.05,55816,07.2,0063.9
,,,,,22:14:33,1.05,55823,07.2,0063.7
,,,,,22:14:34,1.05,55831,07.2,0064.0
,,,,,22:14:35,1.05,55838,07.2,0064.5
,,,,,22:14:36,1.05,55845,07.2,0064.6
,,,,,22:14:37,1.05,55852,07.2,0064.1
,,,,,22:14:38,1.05,55859,07.2,0063.9
,,,,,22:14:39,1.05,55867,07.2,0064.5
,,,,,22:14:40,1.05,55874,07.2,0064.7
,,,,,22:14:41,1.05,55881,07.2,0064.5
,,,,,22:14:42,1.05,55888,07.2,0064.2
,,,,,22:14:43,1.05,55895,07.2,0064.1
,,,,,22:14:44,1.05,55903,07.2,0064.5
,,,,,22:14:45,1.05,55910,07.2,0064.7
,,,,,22:14:46,1.05,55917,07.2,0064.8
,,,,,22:14:47,1.05,55924,07.1,0065.3
,,,,,22:14:48,1.05,55931,07.2,0065.2
,,,,,22:14:49,1.05,55938,07.1,0064.7
,,,,,22:14:50,1.05,55945,07.1,0064.7
,,,,,22:14:51,1.05,55953,07.1,0065.3
,,,,,22:14:52,1.05,55960,07.1,0064.5
,,,,,22:14:53,1.05,55967,07.1,0064.5
,,,,,22:14:54,1.05,55974,07.1,0063.8
,,,,,22:14:55,1.05,55981,06.9,0064.7
,,,,,22:14:56,1.05,55988,07.1,0064.2
,,,,,22:14:57,1.05,55995,06.9,0064.6
,,,,,22:14:58,1.05,56002,07.1,0063.9
,,,,,22:14:59,1.05,56009,06.9,0063.8
,,,,,22:15:00,1.05,56016,07.1,0063.8
,,,,,22:15:01,1.05,56023,06.9,0063.9
,,,,,22:15:02,1.05,56030,07.1,0064.8
,,,,,22:15:03,1.05,56037,06.9,0064.3
,,,,,22:15:04,1.05,56043,07.1,0064.6
,,,,,22:15:05,1.05,56051,06.9,0064.7
,,,,,22:15:06,1.05,56057,07.1,0064.7
,,,,,22:15:07,1.05,56064,06.9,0064.9
,,,,,22:15:08,1.05,56071,07.1,0064.3
,,,,,22:15:09,1.05,56078,06.9,0064.4
,,,,,22:15:10,1.05,56085,06.9,0064.8
,,,,,22:15:11,1.05,56092,07.1,0065.1
,,,,,22:15:12,1.05,56099,06.9,0064.6
,,,,,22:15:13,1.05,56106,07.1,0065.7
,,,,,22:15:14,1.05,56113,06.9,0064.6
,,,,,22:15:15,1.05,56120,07.1,0065.4
,,,,,22:15:16,1.05,56127,06.9,0064.7
,,,,,22:15:17,1.05,56134,07.1,0065.1
,,,,,22:15:18,1.05,56141,06.9,0065.0
,,,,,22:15:19,1.05,56148,07.1,0065.4
,,,,,22:15:20,1.05,56155,06.9,0064.7
,,,,,22:15:21,1.05,56162,06.9,0065.2
,,,,,22:15:22,1.05,56169,07.1,0065.0
,,,,,22:15:23,1.05,56176,06.9,0065.1
,,,,,22:15:24,1.05,56183,07.1,0065.3
,,,,,22:15:25,1.05,56190,06.9,0064.7
,,,,,22:15:26,1.05,56197,07.1,0065.7
,,,,,22:15:27,1.05,56204,06.9,0064.5
,,,,,22:15:28,1.05,56211,07.1,0064.7
,,,,,22:15:29,1.05,56218,06.9,0064.8
,,,,,22:15:30,1.05,56225,07.1,0065.8
,,,,,22:15:31,1.05,56232,06.9,0065.0
,,,,,22:15:32,1.05,56239,07.1,0065.5
,,,,,22:15:33,1.05,56246,06.9,0065.6
,,,,,22:15:34,1.05,56253,07.1,0065.5
,,,,,22:15:35,1.05,56260,06.9,0064.8
,,,,,22:15:36,1.05,56267,07.1,0065.1
,,,,,22:15:37,1.05,56274,06.9,0065.5
,,,,,22:15:38,1.05,56281,06.9,0064.8
,,,,,22:15:39,1.05,56288,07.1,0065.3
,,,,,22:15:40,1.05,56295,06.9,0065.6
,,,,,22:15:41,1.05,56302,07.1,0065.6
,,,,,22:15:42,1.05,56309,06.9,0065.5
,,,,,22:15:43,1.05,56316,07.1,0064.9
,,,,,22:15:44,1.05,56323,06.9,0065.1
,,,,,22:15:45,1.05,56329,07.1,0065.0
,,,,,22:15:46,1.05,56337,06.9,0065.1
,,,,,22:15:47,1.05,56343,07.1,0065.6
,,,,,22:15:48,1.05,56350,06.9,0065.6
,,,,,22:15:49,1.05,56357,07.1,0066.1
,,,,,22:15:50,1.05,56364,06.9,0065.1
,,,,,22:15:51,1.05,56371,06.9,0065.0
,,,,,22:15:52,1.05,56378,07.1,0065.1
,,,,,22:15:53,1.05,56385,06.9,0065.8
,,,,,22:15:54,1.05,56392,07.1,0065.6
,,,,,22:15:55,1.05,56399,06.9,0065.0
,,,,,22:15:56,1.05,56406,07.1,0065.8
,,,,,22:15:57,1.05,56413,06.9,0065.2
,,,,,22:15:58,1.05,56420,07.1,0065.7
,,,,,22:15:59,1.05,56427,06.9,0065.6
,,,,,22:16:00,1.05,56434,07.1,0065.6
,,,,,22:16:01,1.05,56441,06.9,0065.2
,,,,,22:16:02,1.05,56448,07.1,0065.2
,,,,,22:16:03,1.05,56455,06.9,0066.2
,,,,,22:16:04,1.05,56462,06.9,0065.9
,,,,,22:16:05,1.05,56469,07.1,0065.3
,,,,,22:16:06,1.05,56476,06.9,0065.4
,,,,,22:16:07,1.05,56483,07.1,0066.4
,,,,,22:16:08,1.05,56490,06.9,0065.6
,,,,,22:16:09,1.04,56497,07.1,0066.2
,,,,,22:16:10,1.04,56504,06.9,0066.5
,,,,,22:16:11,1.05,56511,07.1,0065.3
,,,,,22:16:12,1.05,56518,06.9,0066.2
,,,,,22:16:13,1.05,56525,07.1,0066.2
,,,,,22:16:14,1.05,56532,06.9,0066.2
,,,,,22:16:15,1.05,56539,06.9,0065.6
,,,,,22:16:16,1.05,56546,07.1,0066.6
,,,,,22:16:17,1.05,56553,06.9,0066.1
,,,,,22:16:18,1.05,56560,07.1,0065.5
,,,,,22:16:19,1.05,56567,06.9,0066.1
,,,,,22:16:20,1.05,56574,07.1,0066.8
,,,,,22:16:21,1.05,56581,06.9,0066.0
,,,,,22:16:22,1.05,56588,07.1,0066.8
,,,,,22:16:23,1.05,56595,06.9,0066.8
,,,,,22:16:24,1.05,56601,07.1,0066.2
,,,,,22:16:25,1.05,56609,06.9,0065.7
,,,,,22:16:26,1.05,56615,07.1,0066.6
,,,,,22:16:27,1.05,56623,06.9,0065.7
,,,,,22:16:28,1.05,56629,06.9,0066.2
,,,,,22:16:29,1.05,56636,07.1,0066.9
,,,,,22:16:30,1.05,56643,06.9,0066.1
,,,,,22:16:31,1.05,56650,07.1,0066.6
,,,,,22:16:32,1.05,56657,06.9,0066.7
,,,,,22:16:33,1.05,56664,07.1,0066.1
,,,,,22:16:34,1.05,56671,06.9,0066.2
,,,,,22:16:35,1.05,56678,07.1,0066.9
,,,,,22:16:36,1.05,56685,06.9,0066.4
,,,,,22:16:37,1.05,56692,07.1,0066.9
,,,,,22:16:38,1.05,56699,06.9,0066.0
,,,,,22:16:39,1.05,56706,07.1,0067.4
,,,,,22:16:40,1.05,56713,06.9,0066.3
,,,,,22:16:41,1.05,56720,06.9,0066.4
,,,,,22:16:42,1.05,56727,07.1,0066.3
,,,,,22:16:43,1.05,56734,06.9,0066.5
,,,,,22:16:44,1.05,56741,07.1,0066.6
,,,,,22:16:45,1.05,56748,06.9,0066.6
,,,,,22:16:46,1.05,56755,07.1,0066.5
,,,,,22:16:47,1.05,56762,06.9,0066.4
,,,,,22:16:48,1.05,56769,07.1,0067.0
,,,,,22:16:49,1.05,56776,06.9,0066.9
,,,,,22:16:50,1.05,56783,07.1,0066.8
,,,,,22:16:51,1.05,56790,06.9,0067.1
,,,,,22:16:52,1.05,56797,06.9,0066.6
,,,,,22:16:53,1.05,56804,07.1,0066.8
,,,,,22:16:54,1.05,56811,06.9,0066.4
,,,,,22:16:55,1.05,56818,07.1,0067.1
,,,,,22:16:56,1.05,56825,06.9,0067.7
,,,,,22:16:57,1.05,56832,07.1,0067.0
,,,,,22:16:58,1.05,56839,06.9,0067.7
,,,,,22:16:59,1.05,56846,07.1,0067.7
,,,,,22:17:00,1.05,56853,06.9,0067.8
,,,,,22:17:01,1.05,56860,07.1,0067.3
,,,,,22:17:02,1.05,56867,06.9,0067.5
,,,,,22:17:03,1.05,56874,06.9,0067.7
,,,,,22:17:04,1.05,56880,06.8,0066.5
,,,,,22:17:05,1.05,56887,06.9,0066.7
,,,,,22:17:06,1.05,56894,06.8,0067.5
,,,,,22:17:07,1.05,56901,06.8,0067.1
,,,,,22:17:08,1.05,56908,06.8,0066.9
,,,,,22:17:09,1.05,56914,06.8,0067.5
,,,,,22:17:10,1.05,56921,06.8,0066.8
,,,,,22:17:11,1.04,56928,06.8,0066.8
,,,,,22:17:12,1.05,56935,06.6,0067.1
,,,,,22:17:13,1.05,56941,06.6,0066.6
,,,,,22:17:14,1.05,56948,06.8,0066.5
,,,,,22:17:15,1.05,56955,06.6,0066.8
,,,,,22:17:16,1.05,56961,06.6,0067.0
,,,,,22:17:17,1.05,56968,06.6,0067.3
,,,,,22:17:18,1.05,56975,06.6,0066.8
,,,,,22:17:19,1.05,56981,06.5,0066.4
,,,,,22:17:20,1.05,56988,06.5,0066.7
,,,,,22:17:21,1.05,56994,06.5,0066.4
,,,,,22:17:22,1.05,57001,06.6,0066.1
,,,,,22:17:23,1.05,57007,06.5,0066.9
,,,,,22:17:24,1.05,57014,06.5,0066.7
,,,,,22:17:25,1.05,57020,06.6,0066.5
,,,,,22:17:26,1.05,57027,06.5,0066.9
,,,,,22:17:27,1.05,57033,06.5,0066.1
,,,,,22:17:28,1.05,57040,06.6,0066.5
,,,,,22:17:29,1.05,57047,06.5,0066.8
,,,,,22:17:30,1.05,57053,06.5,0067.2
,,,,,22:17:31,1.05,57060,06.5,0067.1
,,,,,22:17:32,1.05,57066,06.6,0066.6
,,,,,22:17:33,1.05,57073,06.5,0066.4
,,,,,22:17:34,1.05,57079,06.5,0066.3
,,,,,22:17:35,1.05,57086,06.6,0067.0
,,,,,22:17:36,1.05,57092,06.5,0066.9
,,,,,22:17:37,1.05,57099,06.5,0066.6
,,,,,22:17:38,1.05,57105,06.6,0066.7
,,,,,22:17:39,1.05,57112,06.5,0067.0
,,,,,22:17:40,1.05,57118,06.5,0067.0
,,,,,22:17:41,1.05,57125,06.5,0067.6
,,,,,22:17:42,1.05,57131,06.6,0067.4
,,,,,22:17:43,1.05,57138,06.5,0067.2
,,,,,22:17:44,1.05,57144,06.5,0066.6
,,,,,22:17:45,1.05,57151,06.6,0067.3
,,,,,22:17:46,1.05,57158,06.5,0067.0
,,,,,22:17:47,1.05,57164,06.5,0067.6
,,,,,22:17:48,1.05,57170,06.6,0067.6
,,,,,22:17:49,1.05,57177,06.5,0066.9
,,,,,22:17:50,1.05,57184,06.5,0067.3
,,,,,22:17:51,1.05,57190,06.5,0067.1
,,,,,22:17:52,1.05,57197,06.6,0066.9
,,,,,22:17:53,1.05,57203,06.5,0067.5
,,,,,22:17:54,1.05,57210,06.5,0067.5
,,,,,22:17:55,1.05,57216,06.6,0066.7
,,,,,22:17:56,1.05,57223,06.5,0066.9
,,,,,22:17:57,1.05,57229,06.5,0067.2
,,,,,22:17:58,1.05,57236,06.6,0067.2
,,,,,22:17:59,1.05,57242,06.5,0067.2
,,,,,22:18:00,1.05,57249,06.5,0066.7
,,,,,22:18:01,1.05,57255,06.5,0067.1
,,,,,22:18:02,1.05,57262,06.6,0066.8
,,,,,22:18:03,1.05,57268,06.5,0067.0
,,,,,22:18:04,1.05,57275,06.5,0067.6
,,,,,22:18:05,1.05,57281,06.6,0067.4
,,,,,22:18:06,1.05,57288,06.5,0067.2
,,,,,22:18:07,1.05,57295,06.5,0067.5
,,,,,22:18:08,1.05,57301,06.6,0067.1
,,,,,22:18:09,1.05,57308,06.5,0067.0
,,,,,22:18:10,1.05,57314,06.5,0067.4
,,,,,22:18:11,1.05,57321,06.5,0066.9
,,,,,22:18:12,1.05,57327,06.6,0067.6
,,,,,22:18:13,1.05,57334,06.5,0066.3
,,,,,22:18:14,1.05,57340,06.5,0067.2
,,,,,22:18:15,1.05,57347,06.6,0067.5
,,,,,22:18:16,1.05,57353,06.5,0068.1
,,,,,22:18:17,1.05,57360,06.5,0067.8
,,,,,22:18:18,1.05,57366,06.6,0067.7
,,,,,22:18:19,1.05,57373,06.5,0067.4
,,,,,22:18:20,1.05,57379,06.5,0066.9
,,,,,22:18:21,1.05,57386,06.5,0067.9
,,,,,22:18:22,1.05,57392,06.6,0067.4
,,,,,22:18:23,1.05,57399,06.5,0067.5
,,,,,22:18:24,1.05,57406,06.5,0067.7
,,,,,22:18:25,1.05,57412,06.6,0067.4
,,,,,22:18:26,1.05,57419,06.5,0067.4
,,,,,22:18:27,1.05,57425,06.5,0067.6
,,,,,22:18:28,1.05,57432,05.9,0066.3
,,,,,22:18:29,1.05,57438,05.5,0064.7
,,,,,22:18:30,1.05,57443,05.5,0065.7
,,,,,22:18:31,1.05,57449,05.5,0066.6
,,,,,22:18:32,1.05,57454,05.6,0066.1
,,,,,22:18:33,1.05,57460,05.5,0066.3
,,,,,22:18:34,1.05,57465,05.8,0065.8
,,,,,22:18:35,1.05,57471,05.6,0065.8
,,,,,22:18:36,1.05,57477,05.8,0066.4
,,,,,22:18:37,1.05,57482,05.6,0066.1
,,,,,22:18:38,1.05,57488,05.8,0066.4
,,,,,22:18:39,1.05,57494,05.8,0065.6
,,,,,22:18:40,1.05,57500,05.8,0065.9
,,,,,22:18:41,1.05,57505,05.8,0065.5
,,,,,22:18:42,1.05,57511,05.8,0066.2
,,,,,22:18:43,1.05,57517,05.8,0066.7
,,,,,22:18:44,1.05,57523,05.8,0066.9
,,,,,22:18:45,1.05,57528,05.8,0067.0
,,,,,22:18:46,1.05,57534,05.8,0067.4
,,,,,22:18:47,1.05,57540,05.8,0066.2
,,,,,22:18:48,1.05,57546,05.8,0066.1
,,,,,22:18:49,1.05,57552,05.8,0065.9
,,,,,22:18:50,1.05,57557,05.8,0066.9
,,,,,22:18:51,1.05,57563,05.8,0066.0
,,,,,22:18:52,1.05,57569,05.8,0065.8
,,,,,22:18:53,1.05,57575,05.9,0066.6
,,,,,22:18:54,1.05,57581,05.8,0066.9
,,,,,22:18:55,1.05,57586,05.9,0067.3
,,,,,22:18:56,1.05,57592,05.8,0066.0
,,,,,22:18:57,1.05,57598,05.8,0067.5
,,,,,22:18:58,1.05,57604,05.9,0066.1
,,,,,22:18:59,1.05,57610,05.8,0065.7
,,,,,22:19:00,1.05,57616,05.9,0067.2
,,,,,22:19:01,1.05,57622,05.8,0066.4
,,,,,22:19:02,1.05,57627,05.9,0066.6
,,,,,22:19:03,1.05,57633,05.8,0067.5
,,,,,22:19:04,1.05,57639,05.9,0067.0
,,,,,22:19:05,1.05,57645,05.9,0066.6
,,,,,22:19:06,1.05,57651,05.8,0067.6
,,,,,22:19:07,1.05,57657,05.9,0067.0
,,,,,22:19:08,1.05,57663,05.8,0066.7
,,,,,22:19:09,1.05,57668,05.9,0065.9
,,,,,22:19:10,1.05,57674,05.8,0066.8
,,,,,22:19:11,1.05,57680,05.9,0068.2
,,,,,22:19:12,1.05,57686,05.9,0067.6
,,,,,22:19:13,1.05,57692,05.9,0066.5
,,,,,22:19:14,1.05,57698,05.8,0067.8
,,,,,22:19:15,1.05,57704,05.9,0066.2
,,,,,22:19:16,1.05,57710,05.9,0067.5
,,,,,22:19:17,1.05,57715,05.9,0067.2
,,,,,22:19:18,1.05,57721,05.8,0067.7
,,,,,22:19:19,1.05,57727,05.9,0067.5
,,,,,22:19:20,1.05,57733,05.9,0067.8
,,,,,22:19:21,1.05,57739,05.9,0067.1
,,,,,22:19:22,1.05,57745,05.9,0066.9
,,,,,22:19:23,1.05,57751,05.9,0067.0
,,,,,22:19:24,1.05,57757,05.9,0068.1
,,,,,22:19:25,1.05,57763,05.9,0067.4
,,,,,22:19:26,1.05,57769,06.1,0067.0
,,,,,22:19:27,1.05,57775,05.9,0068.3
,,,,,22:19:28,1.05,57781,05.9,0067.5
,,,,,22:19:29,1.05,57786,05.9,0067.8
,,,,,22:19:30,1.05,57792,05.9,0067.5
,,,,,22:19:31,1.05,57798,05.9,0066.9
,,,,,22:19:32,1.05,57804,06.1,0067.2
,,,,,22:19:33,1.05,57810,05.9,0067.8
,,,,,22:19:34,1.05,57816,05.9,0067.0
,,,,,22:19:35,1.05,57822,05.9,0068.1
,,,,,22:19:36,1.05,57828,05.9,0067.3
,,,,,22:19:37,1.05,57834,05.9,0067.9
,,,,,22:19:38,1.05,57840,05.9,0067.4
,,,,,22:19:39,1.05,57846,05.9,0068.3
,,,,,22:19:40,1.05,57852,05.9,0067.4
,,,,,22:19:41,1.05,57858,05.9,0067.9
,,,,,22:19:42,1.05,57864,05.9,0067.7
,,,,,22:19:43,1.05,57870,05.9,0067.1
,,,,,22:19:44,1.05,57875,05.9,0068.7
,,,,,22:19:45,1.05,57881,05.9,0068.5
,,,,,22:19:46,1.05,57887,05.9,0067.4
,,,,,22:19:47,1.05,57893,05.9,0068.0
,,,,,22:19:48,1.05,57899,05.9,0067.7
,,,,,22:19:49,1.05,57905,05.9,0067.4
,,,,,22:19:50,1.05,57911,06.1,0068.3
,,,,,22:19:51,1.05,57917,05.9,0067.7
,,,,,22:19:52,1.05,57923,05.9,0067.3
,,,,,22:19:53,1.05,57929,05.9,0067.9
,,,,,22:19:54,1.05,57935,05.9,0068.5
,,,,,22:19:55,1.05,57941,05.9,0067.8
,,,,,22:19:56,1.05,57947,05.9,0068.8
,,,,,22:19:57,1.05,57953,05.9,0068.6
,,,,,22:19:58,1.05,57959,05.9,0067.8
,,,,,22:19:59,1.05,57964,05.9,0068.4
,,,,,22:20:00,1.05,57970,05.9,0069.2
,,,,,22:20:01,1.05,57976,05.9,0067.5
,,,,,22:20:02,1.05,57982,05.9,0068.0
,,,,,22:20:03,1.05,57988,05.9,0068.7
,,,,,22:20:04,1.05,57994,05.9,0067.8
,,,,,22:20:05,1.05,58000,05.9,0068.8
,,,,,22:20:06,1.05,58006,05.9,0067.7
,,,,,22:20:07,1.05,58012,05.9,0068.7
,,,,,22:20:08,1.05,58018,05.9,0068.3
,,,,,22:20:09,1.05,58024,05.9,0069.2
,,,,,22:20:10,1.05,58030,05.9,0069.2
,,,,,22:20:11,1.05,58035,05.9,0068.6
,,,,,22:20:12,1.06,58041,05.9,0068.7
,,,,,22:20:13,1.05,58047,05.9,0069.5
,,,,,22:20:14,1.05,58053,05.9,0069.4
,,,,,22:20:15,1.05,58059,05.9,0067.9
,,,,,22:20:16,1.05,58065,05.9,0068.5
,,,,,22:20:17,1.05,58071,05.9,0069.2
,,,,,22:20:18,1.05,58077,05.9,0067.8
,,,,,22:20:19,1.05,58083,05.9,0068.6
,,,,,22:20:20,1.05,58089,05.9,0068.8
,,,,,22:20:21,1.05,58095,05.9,0069.3
,,,,,22:20:22,1.05,58101,05.8,0068.5
,,,,,22:20:23,1.05,58106,06.1,0069.2
,,,,,22:20:24,1.05,58112,05.8,0069.6
,,,,,22:20:25,1.05,58118,05.9,0069.5
,,,,,22:20:26,1.05,58124,05.9,0068.1
,,,,,22:20:27,1.05,58130,05.9,0069.4
,,,,,22:20:28,1.05,58136,05.9,0069.3
,,,,,22:20:29,1.05,58142,05.9,0068.2
,,,,,22:20:30,1.05,58148,05.9,0069.1
,,,,,22:20:31,1.05,58154,05.9,0068.5
,,,,,22:20:32,1.05,58160,05.9,0069.2
,,,,,22:20:33,1.05,58166,05.9,0068.9
,,,,,22:20:34,1.05,58172,05.9,0068.2
,,,,,22:20:35,1.05,58177,05.9,0069.0
,,,,,22:20:36,1.05,58183,05.9,0068.4
,,,,,22:20:37,1.05,58189,05.9,0069.3
,,,,,22:20:38,1.05,58195,05.8,0068.7
,,,,,22:20:39,1.05,58201,05.9,0068.8
,,,,,22:20:40,1.05,58207,05.9,0070.0
,,,,,22:20:41,1.05,58213,05.9,0069.1
,,,,,22:20:42,1.05,58219,05.9,0068.7
,,,,,22:20:43,1.05,58225,05.9,0068.5
,,,,,22:20:44,1.05,58231,05.9,0068.7
,,,,,22:20:45,1.05,58237,05.9,0069.7
,,,,,22:20:46,1.05,58242,05.9,0068.7
,,,,,22:20:47,1.05,58248,05.9,0069.8
,,,,,22:20:48,1.05,58254,05.9,0069.0
,,,,,22:20:49,1.05,58260,05.9,0068.7
,,,,,22:20:50,1.05,58266,05.8,0069.4
,,,,,22:20:51,1.05,58272,05.9,0069.4
,,,,,22:20:52,1.05,58278,05.9,0069.5
,,,,,22:20:53,1.05,58284,05.9,0069.3
,,,,,22:20:54,1.05,58290,05.9,0068.7
,,,,,22:20:55,1.05,58296,05.9,0070.0
,,,,,22:20:56,1.05,58302,05.9,0069.8
,,,,,22:20:57,1.05,58307,05.9,0069.2
,,,,,22:20:58,1.05,58313,05.9,0070.4
,,,,,22:20:59,1.05,58319,05.9,0069.6
,,,,,22:21:00,1.05,58325,05.8,0070.1
,,,,,22:21:01,1.05,58331,05.9,0069.4
,,,,,22:21:02,1.05,58337,05.9,0070.3
,,,,,22:21:03,1.05,58343,05.9,0070.0
,,,,,22:21:04,1.05,58349,05.9,0069.1
,,,,,22:21:05,1.05,58355,05.9,0069.3
,,,,,22:21:06,1.05,58361,05.9,0070.4
,,,,,22:21:07,1.05,58367,05.8,0070.0
,,,,,22:21:08,1.05,58372,05.9,0069.4
,,,,,22:21:09,1.05,58378,05.9,0070.5
,,,,,22:21:10,1.05,58384,05.9,0069.1
,,,,,22:21:11,1.05,58390,05.9,0070.0
,,,,,22:21:12,1.05,58396,05.8,0069.0
,,,,,22:21:13,1.05,58402,05.9,0070.6
,,,,,22:21:14,1.05,58408,05.9,0070.8
,,,,,22:21:15,1.05,58414,05.9,0069.3
,,,,,22:21:16,1.05,58420,05.9,0069.3
,,,,,22:21:17,1.05,58425,05.8,0070.1
,,,,,22:21:18,1.05,58431,05.9,0070.8
,,,,,22:21:19,1.05,58437,05.9,0070.4
,,,,,22:21:20,1.05,58443,05.9,0070.3
,,,,,22:21:21,1.05,58449,05.9,0070.3
,,,,,22:21:22,1.04,58455,05.8,0070.1
,,,,,22:21:23,1.05,58461,05.9,0070.3
,,,,,22:21:24,1.05,58467,05.9,0070.0
,,,,,22:21:25,1.05,58473,05.9,0070.9
,,,,,22:21:26,1.05,58479,05.9,0070.7
,,,,,22:21:27,1.05,58484,05.8,0070.9
,,,,,22:21:28,1.05,58490,05.9,0070.2
,,,,,22:21:29,1.05,58496,05.9,0071.0
,,,,,22:21:30,1.05,58502,05.9,0070.9
,,,,,22:21:31,1.05,58508,05.8,0070.3
,,,,,22:21:32,1.05,58514,05.9,0071.0
,,,,,22:21:33,1.05,58520,05.9,0070.9
,,,,,22:21:34,1.05,58526,05.9,0069.8
,,,,,22:21:35,1.05,58532,05.8,0070.2
,,,,,22:21:36,1.05,58537,05.9,0070.8
,,,,,22:21:37,1.05,58543,05.9,0070.3
,,,,,22:21:38,1.05,58549,05.9,0071.1
,,,,,22:21:39,1.05,58555,05.8,0070.9
,,,,,22:21:40,1.05,58561,05.9,0070.2
,,,,,22:21:41,1.05,58567,05.9,0071.5
,,,,,22:21:42,1.05,58573,05.9,0070.2
,,,,,22:21:43,1.05,58579,05.8,0070.0
,,,,,22:21:44,1.05,58584,05.9,0070.0
,,,,,22:21:45,1.05,58590,05.9,0070.9
,,,,,22:21:46,1.05,58596,05.9,0070.6
,,,,,22:21:47,1.05,58602,05.8,0070.5
,,,,,22:21:48,1.05,58608,05.9,0070.9
,,,,,22:21:49,1.05,58614,05.9,0070.6
,,,,,22:21:50,1.05,58620,05.8,0070.2
,,,,,22:21:51,1.05,58626,05.9,0070.1
,,,,,22:21:52,1.05,58631,05.9,0071.1
,,,,,22:21:53,1.05,58637,05.9,0071.2
,,,,,22:21:54,1.05,58643,05.8,0071.3
,,,,,22:21:55,1.05,58649,05.9,0070.0
,,,,,22:21:56,1.05,58655,05.9,0071.9
,,,,,22:21:57,1.05,58661,05.9,0071.2
,,,,,22:21:58,1.05,58667,05.8,0071.1
,,,,,22:21:59,1.05,58673,05.9,0071.3
,,,,,22:22:00,1.05,58679,05.9,0071.2
,,,,,22:22:01,1.05,58685,05.8,0070.3
,,,,,22:22:02,1.05,58690,05.9,0071.6
,,,,,22:22:03,1.06,58696,05.9,0071.0
,,,,,22:22:04,1.05,58702,05.8,0070.3
,,,,,22:22:05,1.05,58708,05.9,0071.3
,,,,,22:22:06,1.05,58714,05.9,0071.9
,,,,,22:22:07,1.05,58720,05.9,0070.8
,,,,,22:22:08,1.05,58726,05.8,0070.7
,,,,,22:22:09,1.05,58731,05.9,0071.7
,,,,,22:22:10,1.05,58737,05.9,0071.1
,,,,,22:22:11,1.05,58743,05.8,0071.7
,,,,,22:22:12,1.05,58749,05.9,0071.4
,,,,,22:22:13,1.05,58755,05.9,0070.7
,,,,,22:22:14,1.05,58761,05.8,0070.8
,,,,,22:22:15,1.05,58767,05.9,0070.7
,,,,,22:22:16,1.05,58773,05.9,0070.5
,,,,,22:22:17,1.05,58779,05.8,0071.1
,,,,,22:22:18,1.05,58784,05.9,0071.1
,,,,,22:22:19,1.05,58790,05.9,0071.3
,,,,,22:22:20,1.05,58796,05.8,0071.2
,,,,,22:22:21,1.05,58802,05.9,0071.7
,,,,,22:22:22,1.05,58808,05.9,0072.2
,,,,,22:22:23,1.05,58814,05.9,0070.8
,,,,,22:22:24,1.05,58820,05.8,0071.6
,,,,,22:22:25,1.05,58826,05.9,0071.4
,,,,,22:22:26,1.05,58831,05.9,0071.2
,,,,,22:22:27,1.05,58837,05.8,0071.1
,,,,,22:22:28,1.05,58843,05.9,0070.4
,,,,,22:22:29,1.05,58849,05.9,0072.3
,,,,,22:22:30,1.05,58855,05.9,0072.3
,,,,,22:22:31,1.05,58861,05.8,0071.4
,,,,,22:22:32,1.05,58867,05.9,0070.8
,,,,,22:22:33,1.05,58873,05.8,0071.7
,,,,,22:22:34,1.05,58878,05.9,0070.6
,,,,,22:22:35,1.05,58884,05.9,0070.1
,,,,,22:22:36,1.05,58890,05.8,0070.7
,,,,,22:22:37,1.05,58896,05.9,0071.1
,,,,,22:22:38,1.05,58902,05.9,0070.9
,,,,,22:22:39,1.05,58908,05.9,0071.6
,,,,,22:22:40,1.05,58914,05.8,0072.2
,,,,,22:22:41,1.05,58920,05.9,0070.7
,,,,,22:22:42,1.05,58925,05.9,0071.6
,,,,,22:22:43,1.05,58931,05.8,0072.0
,,,,,22:22:44,1.05,58937,05.9,0071.1
,,,,,22:22:45,1.05,58943,05.9,0071.2
,,,,,22:22:46,1.05,58949,05.8,0071.2
,,,,,22:22:47,1.05,58955,05.9,0072.1
,,,,,22:22:48,1.05,58961,05.9,0071.3
,,,,,22:22:49,1.05,58967,05.8,0072.3
,,,,,22:22:50,1.05,58972,05.9,0072.2
,,,,,22:22:51,1.05,58978,05.9,0070.4
,,,,,22:22:52,1.05,58984,05.8,0071.8
,,,,,22:22:53,1.05,58990,05.9,0072.3
,,,,,22:22:54,1.05,58996,05.9,0072.4
,,,,,22:22:55,1.05,59002,05.8,0071.4
,,,,,22:22:56,1.05,59008,05.9,0071.3
,,,,,22:22:57,1.05,59014,05.9,0071.5
,,,,,22:22:58,1.05,59020,05.8,0070.8
,,,,,22:22:59,1.05,59025,05.9,0070.9
,,,,,22:23:00,1.05,59031,05.9,0072.9
,,,,,22:23:01,1.05,59037,05.8,0071.6
,,,,,22:23:02,1.05,59043,05.9,0071.6
,,,,,22:23:03,1.05,59049,05.9,0071.3
,,,,,22:23:04,1.05,59055,05.8,0071.6
,,,,,22:23:05,1.05,59061,05.9,0071.3
,,,,,22:23:06,1.05,59066,05.8,0070.9
,,,,,22:23:07,1.05,59072,05.9,0071.5
,,,,,22:23:08,1.05,59078,05.9,0072.3
,,,,,22:23:09,1.05,59084,05.8,0071.3
,,,,,22:23:10,1.05,59090,05.9,0071.7
,,,,,22:23:11,1.05,59096,05.9,0072.6
,,,,,22:23:12,1.05,59102,05.8,0071.9
,,,,,22:23:13,1.05,59108,05.9,0072.5
,,,,,22:23:14,1.05,59113,05.9,0070.7
,,,,,22:23:15,1.05,59119,05.8,0072.5
,,,,,22:23:16,1.05,59125,05.9,0072.6
,,,,,22:23:17,1.05,59131,05.9,0071.4
,,,,,22:23:18,1.05,59137,05.8,0071.5
,,,,,22:23:19,1.05,59143,05.9,0071.6
,,,,,22:23:20,1.05,59149,05.9,0071.7
,,,,,22:23:21,1.05,59155,05.8,0072.8
,,,,,22:23:22,1.05,59160,05.9,0072.7
,,,,,22:23:23,1.05,59166,05.8,0071.6
,,,,,22:23:24,1.05,59172,05.9,0072.8
,,,,,22:23:25,1.05,59178,05.9,0072.7
,,,,,22:23:26,1.05,59184,05.8,0071.6
,,,,,22:23:27,1.05,59190,05.9,0071.7
,,,,,22:23:28,1.05,59196,05.9,0072.6
,,,,,22:23:29,1.05,59202,05.8,0072.1
,,,,,22:23:30,1.05,59207,05.9,0071.8
,,,,,22:23:31,1.05,59213,05.8,0071.0
,,,,,22:23:32,1.05,59219,05.9,0071.4
,,,,,22:23:33,1.05,59225,05.9,0072.6
,,,,,22:23:34,1.05,59231,05.8,0072.4
,,,,,22:23:35,1.05,59237,05.9,0071.2
,,,,,22:23:36,1.05,59243,05.9,0072.6
,,,,,22:23:37,1.05,59249,05.8,0072.1
,,,,,22:23:38,1.05,59254,05.9,0071.8
,,,,,22:23:39,1.05,59260,05.8,0071.3
,,,,,22:23:40,1.05,59266,05.9,0072.6
,,,,,22:23:41,1.05,59272,05.9,0073.1
,,,,,22:23:42,1.05,59278,05.8,0072.4
,,,,,22:23:43,1.05,59284,05.9,0071.4
,,,,,22:23:44,1.05,59290,05.8,0072.8
,,,,,22:23:45,1.05,59295,05.9,0072.4
,,,,,22:23:46,1.05,59301,05.9,0073.1
,,,,,22:23:47,1.05,59307,05.8,0072.1
,,,,,22:23:48,1.05,59313,05.9,0071.6
,,,,,22:23:49,1.05,59319,05.8,0073.1
,,,,,22:23:50,1.05,59325,05.9,0073.6
,,,,,22:23:51,1.05,59331,05.9,0073.0
,,,,,22:23:52,1.05,59336,05.8,0072.7
,,,,,22:23:53,1.05,59342,05.9,0072.7
,,,,,22:23:54,1.05,59348,05.8,0072.5
,,,,,22:23:55,1.05,59354,05.9,0072.0
,,,,,22:23:56,1.05,59360,05.8,0071.9
,,,,,22:23:57,1.05,59366,05.9,0072.1
,,,,,22:23:58,1.05,59372,05.9,0072.0
,,,,,22:23:59,1.05,59378,05.8,0072.9
,,,,,22:24:00,1.05,59383,05.9,0072.8
,,,,,22:24:01,1.05,59389,05.8,0072.2
,,,,,22:24:02,1.05,59395,05.9,0072.5
,,,,,22:24:03,1.05,59401,05.8,0073.2
,,,,,22:24:04,1.05,59407,05.9,0072.0
,,,,,22:24:05,1.05,59413,05.9,0071.9
,,,,,22:24:06,1.05,59419,05.8,0072.9
,,,,,22:24:07,1.05,59424,05.9,0072.9
,,,,,22:24:08,1.05,59430,05.8,0072.4
,,,,,22:24:09,1.05,59436,05.9,0073.6
,,,,,22:24:10,1.05,59442,05.8,0072.6
,,,,,22:24:11,1.05,59448,05.9,0072.5
,,,,,22:24:12,1.05,59454,05.9,0072.6
,,,,,22:24:13,1.05,59460,05.8,0073.4
,,,,,22:24:14,1.05,59465,05.9,0073.1
,,,,,22:24:15,1.05,59471,05.8,0073.1
,,,,,22:24:16,1.05,59477,05.9,0072.0
,,,,,22:24:17,1.05,59483,05.8,0073.9
,,,,,22:24:18,1.05,59489,05.9,0073.9
,,,,,22:24:19,1.05,59495,05.8,0071.8
,,,,,22:24:20,1.05,59500,05.9,0071.9
,,,,,22:24:21,1.05,59506,05.9,0073.7
,,,,,22:24:22,1.05,59512,05.8,0073.6
,,,,,22:24:23,1.05,59518,05.9,0072.5
,,,,,22:24:24,1.05,59524,05.8,0071.8
,,,,,22:24:25,1.05,59530,05.9,0073.8
,,,,,22:24:26,1.05,59536,05.9,0072.9
,,,,,22:24:27,1.05,59542,05.8,0072.0
,,,,,22:24:28,1.05,59547,05.9,0073.3
,,,,,22:24:29,1.05,59553,05.8,0072.3
,,,,,22:24:30,1.05,59559,05.9,0073.7
,,,,,22:24:31,1.05,59565,05.8,0073.0
,,,,,22:24:32,1.05,59571,05.9,0072.6
,,,,,22:24:33,1.05,59577,05.9,0073.3
,,,,,22:24:34,1.05,59583,05.8,0073.1
,,,,,22:24:35,1.05,59588,05.9,0073.6
,,,,,22:24:36,1.05,59594,05.8,0073.6
,,,,,22:24:37,1.05,59600,05.9,0072.1
,,,,,22:24:38,1.05,59606,05.8,0072.3
,,,,,22:24:39,1.05,59612,05.9,0072.3
,,,,,22:24:40,1.05,59618,05.8,0072.7
,,,,,22:24:41,1.05,59624,05.9,0073.1
,,,,,22:24:42,1.05,59629,05.8,0074.0
,,,,,22:24:43,1.05,59635,05.9,0072.2
,,,,,22:24:44,1.05,59641,05.9,0072.5
,,,,,22:24:45,1.05,59647,05.8,0073.7
,,,,,22:24:46,1.05,59653,05.9,0074.0
,,,,,22:24:47,1.05,59659,05.8,0073.6
,,,,,22:24:48,1.05,59665,05.9,0072.4
,,,,,22:24:49,1.05,59671,05.8,0074.5
,,,,,22:24:50,1.05,59676,05.9,0073.3
,,,,,22:24:51,1.05,59682,05.8,0074.1
,,,,,22:24:52,1.05,59688,05.9,0072.7
,,,,,22:24:53,1.05,59694,05.8,0073.3
,,,,,22:24:54,1.05,59700,05.9,0074.4
,,,,,22:24:55,1.05,59706,05.8,0073.5
,,,,,22:24:56,1.05,59711,05.9,0074.2
,,,,,22:24:57,1.05,59717,05.8,0073.6
,,,,,22:24:58,1.05,59723,05.9,0073.8
,,,,,22:24:59,1.05,59729,05.8,0073.9
,,,,,22:25:00,1.05,59735,05.9,0074.4
,,,,,22:25:01,1.05,59741,05.8,0073.4
,,,,,22:25:02,1.05,59747,05.9,0073.0
,,,,,22:25:03,1.05,59752,05.8,0073.6
,,,,,22:25:04,1.05,59758,05.9,0073.6
,,,,,22:25:05,1.05,59764,05.8,0074.9
,,,,,22:25:06,1.05,59770,05.9,0074.2
,,,,,22:25:07,1.05,59776,05.8,0072.9
,,,,,22:25:08,1.05,59782,05.9,0073.7
,,,,,22:25:09,1.05,59788,05.8,0074.7
,,,,,22:25:10,1.05,59793,05.9,0074.3
,,,,,22:25:11,1.05,59799,05.8,0073.4
,,,,,22:25:12,1.05,59805,05.9,0073.2
,,,,,22:25:13,1.05,59811,05.8,0074.4
,,,,,22:25:14,1.05,59817,05.9,0074.8
,,,,,22:25:15,1.05,59823,05.8,0073.9
,,,,,22:25:16,1.05,59828,05.9,0073.5
,,,,,22:25:17,1.05,59834,05.8,0074.8
,,,,,22:25:18,1.05,59840,05.9,0074.8
,,,,,22:25:19,1.05,59846,05.8,0073.1
,,,,,22:25:20,1.05,59852,05.8,0074.7
,,,,,22:25:21,1.05,59858,05.9,0073.9
,,,,,22:25:22,1.05,59864,05.8,0074.1
,,,,,22:25:23,1.05,59869,05.9,0075.0
,,,,,22:25:24,1.05,59875,05.8,0074.2
,,,,,22:25:25,1.05,59881,05.9,0073.2
,,,,,22:25:26,1.05,59887,05.8,0074.3
,,,,,22:25:27,1.05,59893,05.9,0075.0
,,,,,22:25:28,1.06,59899,05.8,0074.9
,,,,,22:25:29,1.06,59904,05.9,0074.4
,,,,,22:25:30,1.05,59910,05.8,0074.4
,,,,,22:25:31,1.05,59916,05.9,0075.1
,,,,,22:25:32,1.05,59922,05.8,0074.4
,,,,,22:25:33,1.05,59928,05.8,0074.6
,,,,,22:25:34,1.05,59934,05.9,0073.7
,,,,,22:25:35,1.05,59940,05.8,0073.4
,,,,,22:25:36,1.05,59945,05.9,0073.8
,,,,,22:25:37,1.05,59951,05.8,0075.6
,,,,,22:25:38,1.05,59957,05.8,0075.6
,,,,,22:25:39,1.05,59963,05.8,0077.5
,,,,,22:25:40,1.05,59969,05.8,0078.8
,,,,,22:25:41,1.05,59974,05.8,0081.5
,,,,,22:25:42,1.05,59980,05.6,0083.1
,,,,,22:25:43,1.05,59986,05.6,0084.7
,,,,,22:25:44,1.05,59991,05.5,0087.0
,,,,,22:25:45,1.05,59997,05.5,0088.4
,,,,,22:25:46,1.05,60002,05.5,0089.2
,,,,,22:25:47,1.05,60008,05.5,0092.3
,,,,,22:25:48,1.05,60013,05.4,0094.0
,,,,,22:25:49,1.05,60019,05.4,0095.5
,,,,,22:25:50,1.05,60024,05.2,0097.8
,,,,,22:25:51,1.05,60029,05.2,0097.5
,,,,,22:25:52,1.05,60035,05.2,0100.7
,,,,,22:25:53,1.05,60040,05.1,0105.0
,,,,,22:25:54,1.05,60045,05.2,0104.8
,,,,,22:25:55,1.05,60050,01.4,0103.9
,,,,,22:25:56,1.05,60052,00.0,0104.0
,,,,,22:25:57,1.05,60052,00.0,0104.3
,,,,,22:25:58,1.05,60052,00.0,0104.6
,,,,,22:25:59,1.05,60052,00.0,0104.3
,,,,,22:26:00,1.05,60052,00.0,0104.2
,,,,,22:26:01,1.05,60052,00.0,0104.3
,,,,,22:26:02,1.05,60052,00.0,0104.2
,,,,,22:26:03,1.05,60052,00.0,0104.4
,,,,,22:26:04,1.05,60052,00.0,0104.2
,,,,,22:26:05,1.05,60052,00.0,0104.4
,,,,,22:26:06,1.05,60052,00.0,0104.2
,,,,,22:26:07,1.05,60052,00.0,0104.3
,,,,,22:26:08,1.05,60052,00.0,0104.3
,,,,,22:26:09,1.05,60052,00.0,0104.3
,,,,,22:26:10,1.05,60052,00.0,0104.3
,,,,,22:26:11,1.05,60052,00.0,0104.3
,,,,,22:26:12,1.05,60052,00.0,0104.3
,,,,,22:26:13,1.04,60052,00.0,0104.3
,,,,,22:26:14,1.04,60052,00.0,0104.3
,,,,,22:26:15,1.05,60052,00.0,0104.2
,,,,,22:26:16,1.05,60052,00.0,0104.2
,,,,,22:26:17,1.05,60052,00.0,0104.2
,,,,,22:26:18,1.05,60052,00.0,0104.2
,,,,,22:26:19,1.05,60052,00.0,0104.2
,,,,,22:26:20,1.05,60052,00.0,0104.2
,,,,,22:26:21,1.05,60052,00.0,0104.3
,,,,,22:26:22,1.05,60052,00.0,0104.3
,,,,,22:26:23,1.05,60052,00.0,0104.3
,,,,,22:26:24,1.05,60052,00.0,0104.3
,,,,,22:26:25,1.05,60052,00.0,0104.3
,,,,,22:26:26,1.05,60052,00.0,0104.3
,,,,,22:26:27,1.05,60052,00.0,0104.3
,,,,,22:26:28,1.05,60052,00.0,0104.2
,,,,,22:26:29,1.05,60052,00.0,0104.3
,,,,,22:26:30,1.05,60052,00.0,0104.3
,,,,,22:26:31,1.05,60052,00.0,0104.3
,,,,,22:26:32,1.05,60052,00.0,0104.3
,,,,,22:26:33,1.05,60052,00.0,0104.3
,,,,,22:26:34,1.05,60052,00.0,0104.2
,,,,,22:26:35,1.05,60052,00.0,0104.2
,,,,,22:26:36,1.05,60052,00.0,0104.2
,,,,,22:26:37,1.05,60052,00.0,0104.2
,,,,,22:26:38,1.05,60052,00.0,0104.2
,,,,,22:26:39,1.05,60052,00.0,0104.2
,,,,,22:26:40,1.05,60052,00.0,0104.2
,,,,,22:26:41,1.05,60052,00.0,0104.2
,,,,,22:26:42,1.05,60052,00.0,0104.2
,,,,,22:26:43,1.05,60052,00.0,0104.2
,,,,,22:26:44,1.05,60052,00.0,0104.2
,,,,,22:26:45,1.05,60052,00.0,0104.2
,,,,,22:26:46,1.05,60052,00.0,0104.2
,,,,,22:26:47,1.05,60052,00.0,0104.2
,,,,,22:26:48,1.05,60052,00.0,0104.2
,,,,,22:26:49,1.05,60052,00.0,0104.2
,,,,,22:26:50,1.05,60052,00.0,0104.2
,,,,,22:26:51,1.05,60052,00.0,0104.2
,,,,,22:26:52,1.05,60052,00.0,0104.2
,,,,,22:26:53,1.05,60052,00.0,0104.2
,,,,,22:26:54,1.05,60052,00.0,0104.2
,,,,,22:26:55,1.05,60052,00.0,0104.2
,,,,,22:26:56,1.05,60052,00.0,0104.2
,,,,,22:26:57,1.05,60052,00.0,0104.1
,,,,,22:26:58,1.05,60052,00.0,0104.1
,,,,,22:26:59,1.05,60052,00.0,0104.1
,,,,,22:27:00,1.05,60052,00.0,0104.1
,,,,,22:27:01,1.05,60052,00.0,0104.1
,,,,,22:27:02,1.05,60052,00.0,0104.1
,,,,,22:27:03,1.05,60052,00.0,0104.1
,,,,,22:27:04,1.05,60052,00.0,0104.1
,,,,,22:27:05,1.05,60052,00.0,0104.1
,,,,,22:27:06,1.05,60052,00.0,0104.1
,,,,,22:27:07,1.05,60052,00.0,0104.1
,,,,,22:27:08,1.05,60052,00.0,0104.1
,,,,,22:27:09,1.05,60052,00.0,0104.1
,,,,,22:27:10,1.05,60052,00.0,0104.1
,,,,,22:27:11,1.05,60052,00.0,0104.1
,,,,,22:27:12,1.05,60052,00.0,0104.1
,,,,,22:27:13,1.05,60052,00.0,0104.1
,,,,,22:27:14,1.05,60052,00.0,0104.1
,,,,,22:27:15,1.05,60052,00.0,0104.1
,,,,,22:27:16,1.05,60052,00.0,0104.1
,,,,,22:27:17,1.05,60052,00.0,0104.1
,,,,,22:27:18,1.05,60052,00.0,0104.1
,,,,,22:27:19,1.05,60052,00.0,0104.1
,,,,,22:27:20,1.05,60052,00.0,0104.1
,,,,,22:27:21,1.05,60052,00.0,0104.1
,,,,,22:27:22,1.05,60052,00.0,0104.0
,,,,,22:27:23,1.05,60052,00.0,0104.0
,,,,,22:27:24,1.05,60052,00.0,0104.0
,,,,,22:27:25,1.05,60052,00.0,0104.0
,,,,,22:27:26,1.05,60052,00.0,0104.0
,,,,,22:27:27,1.05,60052,00.0,0104.0
,,,,,22:27:28,1.05,60052,00.0,0104.0
,,,,,22:27:29,1.05,60052,00.0,0104.0
,,,,,22:27:30,1.05,60052,00.0,0104.0
,,,,,22:27:31,1.05,60052,00.0,0104.0
,,,,,22:27:32,1.05,60052,00.0,0104.0
,,,,,22:27:33,1.05,60052,00.0,0104.0
,,,,,22:27:34,1.05,60052,00.0,0104.0
,,,,,22:27:35,1.05,60052,00.0,0104.0
,,,,,22:27:36,1.05,60052,00.0,0104.0
,,,,,22:27:37,1.05,60052,00.0,0104.0
,,,,,22:27:38,1.05,60052,00.0,0104.0
,,,,,22:27:39,1.05,60052,00.0,0104.0
,,,,,22:27:40,1.05,60052,00.0,0104.0
,,,,,22:27:41,1.05,60052,00.0,0104.0
,,,,,22:27:42,1.05,60052,00.0,0104.0
,,,,,22:27:43,1.05,60052,00.0,0104.0
,,,,,22:27:44,1.05,60052,00.0,0104.0
,,,,,22:27:45,1.04,60052,00.0,0104.0
,,,,,22:27:46,1.04,60052,00.0,0104.0
,,,,,22:27:47,1.04,60052,00.0,0104.0
,,,,,22:27:48,1.04,60052,00.0,0104.0
,,,,,22:27:49,1.04,60052,00.0,0104.0
,,,,,22:27:50,1.05,60052,00.0,0104.0
,,,,,22:27:51,1.05,60052,00.0,0104.0
,,,,,22:27:52,1.05,60052,00.0,0104.0
,,,,,22:27:53,1.05,60052,00.0,0104.0
,,,,,22:27:54,1.05,60052,00.0,0103.9
,,,,,22:27:55,1.05,60052,00.0,0103.9
,,,,,22:27:56,1.05,60052,00.0,0103.9
,,,,,22:27:57,1.05,60052,00.0,0103.9
,,,,,22:27:58,1.05,60052,00.0,0103.9
,,,,,22:27:59,1.05,60052,00.0,0104.0
,,,,,22:28:00,1.05,60052,00.0,0104.0
,,,,,22:28:01,1.05,60052,00.0,0104.0
,,,,,22:28:02,1.05,60052,00.0,0104.0
,,,,,22:28:03,1.05,60052,00.0,0103.9
,,,,,22:28:04,1.05,60052,00.0,0103.9
,,,,,22:28:05,1.05,60052,00.0,0103.9
,,,,,22:28:06,1.05,60052,00.0,0103.9
,,,,,22:28:07,1.05,60052,00.0,0103.9
,,,,,22:28:08,1.05,60052,00.0,0103.9
,,,,,22:28:09,1.05,60052,00.0,0103.9
,,,,,22:28:10,1.05,60052,00.0,0103.9
,,,,,22:28:11,1.05,60052,00.0,0103.9
,,,,,22:28:12,1.05,60052,00.0,0103.9
,,,,,22:28:13,1.05,60052,00.0,0103.9
,,,,,22:28:14,1.05,60052,00.0,0103.9
,,,,,22:28:15,1.05,60052,00.0,0103.9
,,,,,22:28:16,1.05,60052,00.0,0103.9
,,,,,22:28:17,1.05,60052,00.0,0103.9
,,,,,22:28:18,1.05,60052,00.0,0103.9
,,,,,22:28:19,1.05,60052,00.0,0103.9
,,,,,22:28:20,1.05,60052,00.0,0103.9
,,,,,22:28:21,1.05,60052,00.0,0103.9
,,,,,22:28:22,1.05,60052,00.0,0103.9
,,,,,22:28:23,1.05,60052,00.0,0103.8
,,,,,22:28:24,1.05,60052,00.0,0103.8
,,,,,22:28:25,1.05,60052,00.0,0103.9
,,,,,22:28:26,1.05,60052,00.0,0103.8
,,,,,22:28:27,1.05,60052,00.0,0103.8
,,,,,22:28:28,1.06,60052,00.0,0103.8
,,,,,22:28:29,1.05,60052,00.0,0103.8
,,,,,22:28:30,1.05,60052,00.0,0103.8
,,,,,22:28:31,1.06,60052,00.0,0103.8
,,,,,22:28:32,1.05,60052,00.0,0103.8
,,,,,22:28:33,1.05,60052,00.0,0103.8
,,,,,22:28:34,1.05,60052,00.0,0103.8
,,,,,22:28:35,1.05,60052,00.0,0103.8
,,,,,22:28:36,1.05,60052,00.0,0103.8
,,,,,22:28:37,1.05,60052,00.0,0103.8
,,,,,22:28:38,1.05,60052,00.0,0103.8
,,,,,22:28:39,1.05,60052,00.0,0103.8
,,,,,22:28:40,1.05,60052,00.0,0103.8
,,,,,22:28:41,1.05,60052,00.0,0103.7
,,,,,22:28:42,1.05,60052,00.0,0103.6
,,,,,22:28:43,1.05,60052,00.0,0103.8
,,,,,22:28:44,1.05,60052,00.0,0103.8
,,,,,22:28:45,1.05,60052,00.0,0103.8
,,,,,22:28:46,1.05,60052,00.0,0103.8
,,,,,22:28:47,1.05,60052,00.0,0103.6
,,,,,22:28:48,1.05,60052,00.0,0103.7
,,,,,22:28:49,1.05,60052,00.0,0103.8
,,,,,22:28:50,1.05,60052,00.0,0103.8
,,,,,22:28:51,1.05,60052,00.0,0103.7
,,,,,22:28:52,1.05,60052,00.0,0103.5
,,,,,22:28:53,1.05,60052,00.0,0103.6
,,,,,22:28:54,1.05,60052,00.0,0103.6
,,,,,22:28:55,1.05,60052,00.0,0103.6
,,,,,22:28:56,1.05,60052,00.0,0103.6
,,,,,22:28:57,1.05,60052,00.0,0103.8
,,,,,22:28:58,1.05,60052,00.0,0103.8
,,,,,22:28:59,1.05,60052,00.0,0103.8
,,,,,22:29:00,1.05,60052,00.0,0103.8
,,,,,22:29:01,1.05,60052,00.0,0103.8
,,,,,22:29:02,1.05,60052,00.0,0103.7
,,,,,22:29:03,1.05,60052,00.0,0103.8
,,,,,22:29:04,1.05,60052,00.0,0103.8
,,,,,22:29:05,1.05,60052,00.0,0103.8
,,,,,22:29:06,1.05,60052,00.0,0103.7
,,,,,22:29:07,1.05,60052,00.0,0103.7
,,,,,22:29:08,1.05,60052,00.0,0103.8
,,,,,22:29:09,1.05,60052,00.0,0103.7
,,,,,22:29:10,1.05,60052,00.0,0103.7
,,,,,22:29:11,1.05,60052,00.0,0103.7
,,,,,22:29:12,1.05,60052,00.0,0103.7
,,,,,22:29:13,1.05,60052,00.0,0103.7
,,,,,22:29:14,1.05,60052,00.0,0103.7
,,,,,22:29:15,1.05,60052,00.0,0103.7
,,,,,22:29:16,1.05,60052,00.0,0103.7
,,,,,22:29:17,1.05,60052,00.0,0103.7
,,,,,22:29:18,1.05,60052,00.0,0103.6
,,,,,22:29:19,1.05,60052,00.0,0103.5
,,,,,22:29:20,1.05,60052,00.0,0103.6
,,,,,22:29:21,1.05,60052,00.0,0103.7
,,,,,22:29:22,1.05,60052,00.0,0103.7
,,,,,22:29:23,1.05,60052,00.0,0103.7
,,,,,22:29:24,1.05,60052,00.0,0103.7
,,,,,22:29:25,1.05,60052,00.0,0103.7
,,,,,22:29:26,1.05,60052,00.0,0103.7
,,,,,22:29:27,1.05,60052,00.0,0103.7
,,,,,22:29:28,1.05,60052,00.0,0103.7
,,,,,22:29:29,1.05,60052,00.0,0103.7
,,,,,22:29:30,1.05,60052,00.0,0103.7
,,,,,22:29:31,1.05,60052,00.0,0103.7
,,,,,22:29:32,1.05,60052,00.0,0103.7
,,,,,22:29:33,1.05,60052,00.0,0103.7
,,,,,22:29:34,1.05,60052,00.0,0103.7
,,,,,22:29:35,1.05,60052,00.0,0103.7
,,,,,22:29:36,1.05,60052,00.0,0103.7
,,,,,22:29:37,1.05,60052,00.0,0103.7
,,,,,22:29:38,1.05,60052,00.0,0103.7
,,,,,22:29:39,1.05,60052,00.0,0103.7
,,,,,22:29:40,1.05,60052,00.0,0103.7
,,,,,22:29:41,1.05,60052,00.0,0103.7
,,,,,22:29:42,1.05,60052,00.0,0103.7
,,,,,22:29:43,1.05,60052,00.0,0103.7
,,,,,22:29:44,1.05,60052,00.0,0103.7
,,,,,22:29:45,1.05,60052,00.0,0103.7
,,,,,22:29:46,1.05,60052,00.0,0103.7
,,,,,22:29:47,1.05,60052,00.0,0103.7
,,,,,22:29:48,1.05,60052,00.0,0103.7
,,,,,22:29:49,1.05,60052,00.0,0103.7
,,,,,22:29:50,1.05,60052,00.0,0103.7
,,,,,22:29:51,1.05,60052,00.0,0103.7
,,,,,22:29:52,1.05,60052,00.0,0103.6
,,,,,22:29:53,1.05,60052,00.0,0103.7
,,,,,22:29:54,1.05,60052,00.0,0103.7
,,,,,22:29:55,1.05,60052,00.0,0103.7
,,,,,22:29:56,1.05,60052,00.0,0103.7
,,,,,22:29:57,1.05,60052,00.0,0103.6
,,,,,22:29:58,1.05,60052,00.0,0103.6
,,,,,22:29:59,1.05,60052,00.0,0103.6
,,,,,22:30:00,1.05,60052,00.0,0103.6
,,,,,22:30:01,1.05,60052,00.0,0103.6
,,,,,22:30:02,1.05,60052,00.0,0103.6
,,,,,22:30:03,1.05,60052,00.0,0103.6
,,,,,22:30:04,1.05,60052,00.0,0103.6
,,,,,22:30:05,1.05,60052,00.0,0103.6
,,,,,22:30:06,1.05,60052,00.0,0103.6
,,,,,22:30:07,1.05,60052,00.0,0103.6
,,,,,22:30:08,1.05,60052,00.0,0103.6
,,,,,22:30:09,1.05,60052,00.0,0103.6
,,,,,22:30:10,1.05,60052,00.0,0103.6
,,,,,22:30:11,1.05,60052,00.0,0103.6
,,,,,22:30:12,1.05,60052,00.0,0103.6
,,,,,22:30:13,1.05,60052,00.0,0103.6
,,,,,22:30:14,1.05,60052,00.0,0103.6
,,,,,22:30:15,1.05,60052,00.0,0103.6
,,,,,22:30:16,1.05,60052,00.0,0103.6
,,,,,22:30:17,1.05,60052,00.0,0103.6
,,,,,22:30:18,1.05,60052,00.0,0103.6
,,,,,22:30:19,1.05,60052,00.0,0103.6
,,,,,22:30:20,1.05,60052,00.0,0103.6
,,,,,22:30:21,1.05,60052,00.0,0103.6
,,,,,22:30:22,1.05,60052,00.0,0103.6
,,,,,22:30:23,1.05,60052,00.0,0103.6
,,,,,22:30:24,1.05,60052,00.0,0103.6
,,,,,22:30:25,1.05,60052,00.0,0103.6
,,,,,22:30:26,1.05,60052,00.0,0103.6
,,,,,22:30:27,1.05,60052,00.0,0103.6
,,,,,22:30:28,1.05,60052,00.0,0103.6
,,,,,22:30:29,1.05,60052,00.0,0103.6
,,,,,22:30:30,1.05,60052,00.0,0103.6
,,,,,22:30:31,1.05,60052,00.0,0103.6
,,,,,22:30:32,1.05,60052,00.0,0103.6
,,,,,22:30:33,1.05,60052,00.0,0103.6
,,,,,22:30:34,1.05,60052,00.0,0103.6
,,,,,22:30:35,1.05,60052,00.0,0103.6
,,,,,22:30:36,1.05,60052,00.0,0103.6
,,,,,22:30:37,1.05,60052,00.0,0103.6
,,,,,22:30:38,1.05,60052,00.0,0103.6
,,,,,22:30:39,1.05,60052,00.0,0103.6
,,,,,22:30:40,1.05,60052,00.0,0103.6
,,,,,22:30:41,1.05,60052,00.0,0103.6
,,,,,22:30:42,1.05,60052,00.0,0103.6
,,,,,22:30:43,1.05,60052,00.0,0103.6
,,,,,22:30:44,1.05,60052,00.0,0103.6
,,,,,22:30:45,1.05,60052,00.0,0103.6
,,,,,22:30:46,1.05,60052,00.0,0103.6
,,,,,22:30:47,1.05,60052,00.0,0103.6
,,,,,22:30:48,1.05,60052,00.0,0103.5
,,,,,22:30:49,1.05,60052,00.0,0103.5
,,,,,22:30:50,1.05,60052,00.0,0103.5
,,,,,22:30:51,1.05,60052,00.0,0103.5
,,,,,22:30:52,1.05,60052,00.0,0103.5
,,,,,22:30:53,1.05,60052,00.0,0103.5
,,,,,22:30:54,1.05,60052,00.0,0103.5
,,,,,22:30:55,1.05,60052,00.0,0103.5
,,,,,22:30:56,1.05,60052,00.0,0103.5
,,,,,22:30:57,1.05,60052,00.0,0103.5
,,,,,22:30:58,1.05,60052,00.0,0103.5
,,,,,22:30:59,1.05,60052,00.0,0103.5
,,,,,22:31:00,1.05,60052,00.0,0103.5
,,,,,22:31:01,1.05,60052,00.0,0103.5
,,,,,22:31:02,1.05,60052,00.0,0103.5
,,,,,22:31:03,1.05,60052,00.0,0103.5
,,,,,22:31:04,1.05,60052,00.0,0103.5
,,,,,22:31:05,1.05,60052,00.0,0103.5
,,,,,22:31:06,1.05,60052,00.0,0103.4
,,,,,22:31:07,1.05,60052,00.0,0103.1
,,,,,22:31:08,1.05,60052,00.0,0102.9
,,,,,22:31:09,1.05,60052,00.0,0102.6
,,,,,22:31:10,1.05,60052,00.0,0102.2
,,,,,22:31:11,1.05,60052,00.0,0101.9
,,,,,22:31:12,1.05,60052,00.0,0101.5
,,,,,22:31:13,1.05,60052,00.0,0101.1
,,,,,22:31:14,1.05,60052,00.0,0100.8
,,,,,22:31:15,1.05,60052,00.0,0100.5
,,,,,22:31:16,1.05,60052,00.0,0100.1
,,,,,22:31:17,1.05,60052,00.0,0099.7
,,,,,22:31:18,1.05,60052,00.0,0099.1
,,,,,22:31:19,1.05,60052,00.0,0098.2
,,,,,22:31:20,1.05,60052,00.0,0097.5
,,,,,22:31:21,1.05,60052,00.0,0096.7
,,,,,22:31:22,1.05,60052,00.0,0095.8
,,,,,22:31:23,1.05,60052,00.0,0095.0
,,,,,22:31:24,1.05,60052,00.0,0094.2
,,,,,22:31:25,1.05,60052,00.0,0093.4
,,,,,22:31:26,1.05,60052,00.0,0092.3
,,,,,22:31:27,1.05,60052,00.0,0090.8
,,,,,22:31:28,1.05,60052,00.0,0089.7
,,,,,22:31:29,1.05,60052,00.0,0089.0
,,,,,22:31:30,1.05,60052,00.0,0088.5
,,,,,22:31:31,1.05,60052,00.0,0087.4
,,,,,22:31:32,1.05,60052,00.0,0086.4
,,,,,22:31:33,1.05,60052,00.0,0084.8
,,,,,22:31:34,1.05,60052,00.0,0083.1
,,,,,22:31:35,1.05,60052,00.0,0082.8
,,,,,22:31:36,1.05,60052,00.0,0082.3
,,,,,22:31:37,1.05,60052,00.0,0081.3
,,,,,22:31:38,1.05,60052,00.0,0080.3
,,,,,22:31:39,1.05,60052,00.0,0079.0
,,,,,22:31:40,1.05,60052,00.0,0077.9
,,,,,22:31:41,1.05,60052,00.0,0076.9
,,,,,22:31:42,1.05,60052,00.0,0075.6
,,,,,22:31:43,1.05,60052,00.0,0074.3
,,,,,22:31:44,1.05,60052,00.0,0072.1
,,,,,22:31:45,1.05,60052,00.0,0071.1
,,,,,22:31:46,1.05,60052,00.0,0070.4
,,,,,22:31:47,1.05,60052,00.0,0069.2
,,,,,22:31:48,1.05,60052,00.0,0068.1
,,,,,22:31:49,1.05,60052,00.0,0066.4
,,,,,22:31:50,1.05,60052,00.0,0065.5
,,,,,22:31:51,1.05,60052,00.0,0064.5
,,,,,22:31:52,1.05,60052,00.0,0063.4
,,,,,22:31:53,1.05,60052,00.0,0062.2
,,,,,22:31:54,1.05,60052,00.0,0061.4
,,,,,22:31:55,1.05,60052,00.0,0060.3
,,,,,22:31:56,1.05,60052,00.0,0059.1
,,,,,22:31:57,1.05,60052,00.0,0058.1
,,,,,22:31:58,1.05,60052,00.0,0057.0
,,,,,22:31:59,1.05,60052,00.0,0056.0
,,,,,22:32:00,1.05,60052,00.0,0054.8
,,,,,22:32:01,1.05,60052,00.0,0053.7
,,,,,22:32:02,1.05,60052,00.0,0052.7
,,,,,22:32:03,1.05,60052,00.0,0051.5
,,,,,22:32:04,1.05,60052,00.0,0050.6
,,,,,22:32:05,1.05,60052,00.0,0049.4
,,,,,22:32:06,1.05,60052,00.0,0048.4
,,,,,22:32:07,1.05,60052,00.0,0047.4
,,,,,22:32:08,1.05,60052,00.0,0046.3
,,,,,22:32:09,1.05,60052,00.0,0045.2
,,,,,22:32:10,1.05,60052,00.0,0040.7
,,,,,22:32:11,1.05,60052,00.0,0021.5
,,,,,22:32:12,1.05,60052,00.0,0021.1
,,,,,22:32:13,1.05,60052,00.0,0018.1
,,,,,22:32:14,1.05,60052,00.0,0013.1
,,,,,22:32:15,1.05,60052,00.0,0011.1
,,,,,22:32:16,1.05,60052,00.0,0007.0
,,,,,22:32:17,1.05,60052,00.0,0005.3
,,,,,22:32:18,1.05,60052,00.0,0002.3
,,,,,22:32:19,1.05,60052,00.0,0000.5
,,,,,22:32:20,1.05,60052,00.0,-0001.4
,,,,,22:32:21,1.05,60052,00.0,-0003.0
,,,,,22:32:22,1.05,60052,00.0,-0004.1
,,,,,22:32:23,1.05,60052,00.0,-0004.9
,,,,,22:32:24,1.05,60052,00.0,-0005.3
,,,,,22:32:25,1.05,60052,00.0,-0005.7
,,,,,22:32:26,1.05,60052,00.0,-0005.8
,,,,,22:32:27,1.05,60052,00.0,-0005.8
,,,,,22:32:28,1.05,60052,00.0,-0005.9
,,,,,22:32:29,1.05,60052,00.0,-0005.9
,,,,,22:32:30,1.05,60052,00.0,-0005.9
,,,,,22:32:31,1.05,60052,00.0,-0005.9
,,,,,22:32:32,1.05,60052,00.0,-0005.9
,,,,,22:32:33,1.05,60052,00.0,-0005.9
,,,,,22:32:34,1.05,60052,00.0,-0005.9
,,,,,22:32:35,1.05,60052,00.0,-0005.9
,,,,,22:32:36,1.05,60052,00.0,-0005.9
,,,,,22:32:37,1.05,60052,00.0,-0005.9
,,,,,22:32:38,1.05,60052,00.0,-0005.9
,,,,,22:32:39,1.05,60052,00.0,-0005.9
,,,,,22:32:40,1.05,60052,00.0,-0005.9
,,,,,22:32:41,1.05,60052,00.0,-0005.9
,,,,,22:32:42,1.05,60052,00.0,-0005.9
,,,,,22:32:43,1.05,60052,00.0,-0005.9
,,,,,22:32:44,1.05,60052,00.0,-0005.9
,,,,,22:32:45,1.05,60052,00.0,-0005.9
,,,,,22:32:46,1.05,60052,00.0,-0005.9
,,,,,22:32:47,1.05,60052,00.0,-0006.0
,,,,,22:32:48,1.05,60052,00.0,-0005.9
,,,,,22:32:49,1.05,60052,00.0,-0006.0
,,,,,22:32:50,1.05,60052,00.0,-0006.0
,,,,,22:32:51,1.05,60052,00.0,-0006.0
,,,,,22:32:52,1.05,60052,00.0,-0005.9
,,,,,22:32:53,1.05,60052,00.0,-0006.0
,,,,,22:32:54,1.05,60052,00.0,-0005.9
,,,,,22:32:55,1.05,60052,00.0,-0005.9
,,,,,22:32:56,1.05,60052,00.0,-0005.9
,,,,,22:32:57,1.05,60052,00.0,-0006.0
,,,,,22:32:58,1.05,60052,00.0,-0006.0
,,,,,22:32:59,1.05,60052,00.0,-0005.9
,,,,,22:33:00,1.05,60052,00.0,-0006.0
,,,,,22:33:01,1.05,60052,00.0,-0006.0
,,,,,22:33:02,1.05,60052,00.0,-0006.0
,,,,,22:33:03,1.05,60052,00.0,-0006.0
,,,,,22:33:04,1.05,60052,00.0,-0006.0
,,,,,22:33:05,1.05,60052,00.0,-0006.0
,,,,,22:33:06,1.05,60052,00.0,-0006.0
,,,,,22:33:07,1.05,60052,00.0,-0006.0
,,,,,22:33:08,1.05,60052,00.0,-0006.0
,,,,,22:33:09,1.05,60052,00.0,-0006.0
,,,,,22:33:10,1.05,60052,00.0,-0006.0
,,,,,22:33:11,1.05,60052,00.0,-0006.0
,,,,,22:33:12,1.05,60052,00.0,-0006.0
,,,,,22:33:13,1.05,60052,00.0,-0006.0
,,,,,22:33:14,1.05,60052,00.0,-0006.0
,,,,,22:33:15,1.05,60052,00.0,-0006.0
,,,,,22:33:16,1.05,60052,00.0,-0006.0
,,,,,22:33:17,1.05,60052,00.0,-0006.0
,,,,,22:33:18,1.05,60052,00.0,-0006.0
,,,,,22:33:19,1.05,60052,00.0,-0006.0
,,,,,22:33:20,1.05,60052,00.0,-0006.0
,,,,,22:33:21,1.05,60052,00.0,-0006.0
,,,,,22:33:22,1.05,60052,00.0,-0006.0
,,,,,22:33:23,1.05,60052,00.0,-0006.0
,,,,,22:33:24,1.05,60052,00.0,-0006.0
,,,,,22:33:25,1.05,60052,00.0,-0006.0
,,,,,22:33:26,1.05,60052,00.0,-0006.0
,,,,,22:33:27,1.05,60052,00.0,-0006.0
,,,,,22:33:28,1.05,60052,00.0,-0006.0
,,,,,22:33:29,1.05,60052,00.0,-0006.0
,,,,,22:33:30,1.05,60052,00.0,-0006.0
,,,,,22:33:31,1.05,60052,00.0,-0006.0
,,,,,22:33:32,1.05,60052,00.0,-0006.0
,,,,,22:33:33,1.04,60052,00.0,-0006.0
,,,,,22:33:34,1.05,60052,00.0,-0006.0
,,,,,22:33:35,1.05,60052,00.0,-0006.0
,,,,,22:33:36,1.05,60052,00.0,-0006.0
,,,,,22:33:37,1.05,60052,00.0,-0006.0
,,,,,22:33:38,1.05,60052,00.0,-0006.0
,,,,,22:33:39,1.05,60052,00.0,-0006.0
,,,,,22:33:40,1.05,60052,00.0,-0006.0
,,,,,22:33:41,1.05,60052,00.0,-0006.0
,,,,,22:33:42,1.05,60052,00.0,-0006.0
,,,,,22:33:43,1.05,60052,00.0,-0006.0
,,,,,22:33:44,1.05,60052,00.0,-0006.0
,,,,,22:33:45,1.05,60052,00.0,-0006.0
,,,,,22:33:46,1.05,60052,00.0,-0006.0
,,,,,22:33:47,1.05,60052,00.0,-0006.0
,,,,,22:33:48,1.05,60052,00.0,-0006.0
,,,,,22:33:49,1.05,60052,00.0,-0006.0
,,,,,22:33:50,1.05,60052,00.0,-0006.0
,,,,,22:33:51,1.05,60052,00.0,-0006.0
,,,,,22:33:52,1.05,60052,00.0,-0006.0
,,,,,22:33:53,1.06,60052,00.0,-0006.0
,,,,,22:33:54,1.06,60052,00.0,-0006.0
,,,,,22:33:55,1.05,60052,00.0,-0006.0
,,,,,22:33:56,1.05,60052,00.0,-0006.0
,,,,,22:33:57,1.05,60052,00.0,-0006.0
,,,,,22:33:58,1.05,60052,00.0,-0006.0
,,,,,22:33:59,1.05,60052,00.0,-0006.0
,,,,,22:34:00,1.05,60052,00.0,-0006.0
,,,,,22:34:01,1.05,60052,00.0,-0006.0
,,,,,22:34:02,1.05,60052,00.0,-0006.0
,,,,,22:34:03,1.05,60052,00.0,-0006.0
,,,,,22:34:04,1.05,60052,00.0,-0006.0
,,,,,22:34:05,1.05,60052,00.0,-0006.0
,,,,,22:34:06,1.05,60052,00.0,-0006.0
,,,,,22:34:07,1.05,60052,00.0,-0006.0
,,,,,22:34:08,1.05,60052,00.0,-0006.0
,,,,,22:34:09,1.05,60052,00.0,-0006.0
,,,,,22:34:10,1.05,60052,00.0,-0006.0
,,,,,22:34:11,1.05,60052,00.0,-0006.0
,,,,,22:34:12,1.05,60052,00.0,-0006.0
,,,,,22:34:13,1.05,60052,00.0,-0006.0
,,,,,22:34:14,1.05,60052,00.0,-0006.0
,,,,,22:34:15,1.05,60052,00.0,-0006.0
,,,,,22:34:16,1.06,60052,00.0,-0006.0
,,,,,22:34:17,1.05,60052,00.0,-0006.0
,,,,,22:34:18,1.05,60052,00.0,-0006.0
,,,,,22:34:19,1.05,60052,00.0,-0006.0
,,,,,22:34:20,1.05,60052,00.0,-0006.0
,,,,,22:34:21,1.05,60052,00.0,-0006.0
,,,,,22:34:22,1.05,60052,00.0,-0006.0
,,,,,22:34:23,1.05,60052,00.0,-0006.0
,,,,,22:34:24,1.05,60052,00.0,-0006.0
,,,,,22:34:25,1.05,60052,00.0,-0006.0
,,,,,22:34:26,1.05,60052,00.0,-0006.0
,,,,,22:34:27,1.05,60052,00.0,-0006.0
,,,,,22:34:28,1.05,60052,00.0,-0006.0
,,,,,22:34:29,1.05,60052,00.0,-0006.0
,,,,,22:34:30,1.05,60052,00.0,-0006.0
,,,,,22:34:31,1.05,60052,00.0,-0006.0
,,,,,22:34:32,1.05,60052,00.0,-0006.0
,,,,,22:34:33,1.05,60052,00.0,-0006.0
,,,,,22:34:34,1.05,60052,00.0,-0006.0
,,,,,22:34:35,1.05,60052,00.0,-0006.0
,,,,,22:34:36,1.05,60052,00.0,-0006.0
,,,,,22:34:37,1.05,60052,00.0,-0006.0
,,,,,22:34:38,1.05,60052,00.0,-0006.0
,,,,,22:34:39,1.05,60052,00.0,-0006.0
,,,,,22:34:40,1.05,60052,00.0,-0006.0
,,,,,22:34:41,1.05,60052,00.0,-0006.1
,,,,,22:34:42,1.05,60052,00.0,-0006.0
,,,,,22:34:43,1.05,60052,00.0,-0006.0
,,,,,22:34:44,1.05,60052,00.0,-0006.0
,,,,,22:34:45,1.05,60052,00.0,-0006.0
,,,,,22:34:46,1.05,60052,00.0,-0006.0
,,,,,22:34:47,1.05,60052,00.0,-0006.0
,,,,,22:34:48,1.05,60052,00.0,-0006.0
,,,,,22:34:49,1.05,60052,00.0,-0006.1
,,,,,22:34:50,1.05,60052,00.0,-0006.1
,,,,,22:34:51,1.05,60052,00.0,-0006.1
,,,,,22:34:52,1.05,60052,00.0,-0006.1
,,,,,22:34:53,1.06,60052,00.0,-0006.1
,,,,,22:34:54,1.05,60052,00.0,-0006.1
,,,,,22:34:55,1.05,60052,00.0,-0006.1
,,,,,22:34:56,1.05,60052,00.0,-0006.1
,,,,,22:34:57,1.05,60052,00.0,-0006.1
,,,,,22:34:58,1.05,60052,00.0,-0006.1
,,,,,22:34:59,1.05,60052,00.0,-0006.0
,,,,,22:35:00,1.05,60052,00.0,-0006.1
,,,,,22:35:01,1.05,60052,00.0,-0006.1
,,,,,22:35:02,1.05,60052,00.0,-0006.1
,,,,,22:35:03,1.05,60052,00.0,-0006.0
,,,,,22:35:04,1.05,60052,00.0,-0006.0
,,,,,22:35:05,1.05,60052,00.0,-0006.1
,,,,,22:35:06,1.04,60052,00.0,-0006.1
,,,,,22:35:07,1.05,60052,00.0,-0006.1
,,,,,22:35:08,1.05,60052,00.0,-0006.1
,,,,,22:35:09,1.05,60052,00.0,-0006.0
,,,,,22:35:10,1.05,60052,00.0,-0006.1
,,,,,22:35:11,1.05,60052,00.0,-0006.1
,,,,,22:35:12,1.05,60052,00.0,-0006.0
,,,,,22:35:13,1.05,60052,00.0,-0006.1
,,,,,22:35:14,1.05,60052,00.0,-0006.1
,,,,,22:35:15,1.05,60052,00.0,-0006.1
,,,,,22:35:16,1.05,60052,00.0,-0006.1
,,,,,22:35:17,1.05,60052,00.0,-0006.1
,,,,,22:35:18,1.05,60052,00.0,-0006.1
,,,,,22:35:19,1.05,60052,00.0,-0006.0
,,,,,22:35:20,1.05,60052,00.0,-0006.1
,,,,,22:35:21,1.05,60052,00.0,-0006.1
,,,,,22:35:22,1.05,60052,00.0,-0006.1
,,,,,22:35:23,1.05,60052,00.0,-0006.1
,,,,,22:35:24,1.05,60052,00.0,-0006.0
,,,,,22:35:25,1.05,60052,00.0,-0006.0
,,,,,22:35:26,1.05,60052,00.0,-0006.1
,,,,,22:35:27,1.05,60052,00.0,-0006.1
,,,,,22:35:28,1.05,60052,00.0,-0006.1
,,,,,22:35:29,1.05,60052,00.0,-0006.1
,,,,,22:35:30,1.05,60052,00.0,-0006.1
,,,,,22:35:31,1.05,60052,00.0,-0006.1
,,,,,22:35:32,1.05,60052,00.0,-0006.1
,,,,,22:35:33,1.05,60052,00.0,-0006.1
,,,,,22:35:34,1.05,60052,00.0,-0006.1
,,,,,22:35:35,1.05,60052,00.0,-0006.1
,,,,,22:35:36,1.05,60052,00.0,-0006.1
,,,,,22:35:37,1.05,60052,00.0,-0006.1
,,,,,22:35:38,1.05,60052,00.0,-0006.1
,,,,,22:35:39,1.05,60052,00.0,-0006.1
,,,,,22:35:40,1.05,60052,00.0,-0006.1
,,,,,22:35:41,1.05,60052,00.0,-0006.1
,,,,,22:35:42,1.05,60052,00.0,-0006.1
,,,,,22:35:43,1.05,60052,00.0,-0006.1
,,,,,22:35:44,1.05,60052,00.0,-0006.1
,,,,,22:35:45,1.05,60052,00.0,-0006.1
,,,,,22:35:46,1.05,60052,00.0,-0006.1
,,,,,22:35:47,1.05,60052,00.0,-0006.1
,,,,,22:35:48,1.05,60052,00.0,-0006.1
,,,,,22:35:49,1.05,60052,00.0,-0006.1
,,,,,22:35:50,1.05,60052,00.0,-0006.1
,,,,,22:35:51,1.05,60052,00.0,-0006.1
,,,,,22:35:52,1.05,60052,00.0,-0006.1
,,,,,22:35:53,1.05,60052,00.0,-0006.1
,,,,,22:35:54,1.05,60052,00.0,-0006.1
,,,,,22:35:55,1.05,60052,00.0,-0006.1
,,,,,22:35:56,1.05,60052,00.0,-0006.1
,,,,,22:35:57,1.05,60052,00.0,-0006.1
,,,,,22:35:58,1.05,60052,00.0,-0006.1
,,,,,22:35:59,1.05,60052,00.0,-0006.1
,,,,,22:36:00,1.05,60052,00.0,-0006.1
,,,,,22:36:01,1.05,60052,00.0,-0006.1
,,,,,22:36:02,1.05,60052,00.0,-0006.1
,,,,,22:36:03,1.05,60052,00.0,-0006.1
,,,,,22:36:04,1.05,60052,00.0,-0006.1
,,,,,22:36:05,1.04,60052,00.0,-0006.1
,,,,,22:36:06,1.05,60052,00.0,-0006.1
,,,,,22:36:07,1.05,60052,00.0,-0006.1
,,,,,22:36:08,1.05,60052,00.0,-0006.1
,,,,,22:36:09,1.05,60052,00.0,-0006.1
,,,,,22:36:10,1.05,60052,00.0,-0006.1
,,,,,22:36:11,1.05,60052,00.0,-0006.1
,,,,,22:36:12,1.05,60052,00.0,-0006.1
,,,,,22:36:13,1.05,60052,00.0,-0006.1
,,,,,22:36:14,1.05,60052,00.0,-0006.1
,,,,,22:36:15,1.05,60052,00.0,-0006.1
,,,,,22:36:16,1.05,60052,00.0,-0006.1
,,,,,22:36:17,1.05,60052,00.0,-0006.1
,,,,,22:36:18,1.05,60052,00.0,-0006.1
,,,,,22:36:19,1.05,60052,00.0,-0006.1
,,,,,22:36:20,1.05,60052,00.0,-0006.1
,,,,,22:36:21,1.05,60052,00.0,-0006.1
,,,,,22:36:22,1.05,60052,00.0,-0006.1
,,,,,22:36:23,1.05,60052,00.0,-0006.1
,,,,,22:36:24,1.05,60052,00.0,-0006.1
,,,,,22:36:25,1.05,60052,00.0,-0006.1
,,,,,22:36:26,1.05,60052,00.0,-0006.1
,,,,,22:36:27,1.05,60052,00.0,-0006.1
,,,,,22:36:28,1.05,60052,00.0,-0006.1
,,,,,22:36:29,1.05,60052,00.0,-0006.1
,,,,,22:36:30,1.05,60052,00.0,-0006.1
,,,,,22:36:31,1.05,60052,00.0,-0006.1
,,,,,22:36:32,1.05,60052,00.0,-0006.1
,,,,,22:36:33,1.05,60052,00.0,-0006.1
,,,,,22:36:34,1.05,60052,00.0,-0006.1
,,,,,22:36:35,1.05,60052,00.0,-0006.1
,,,,,22:36:36,1.05,60052,00.0,-0006.1
,,,,,22:36:37,1.05,60052,00.0,-0006.1
,,,,,22:36:38,1.05,60052,00.0,-0006.1
,,,,,22:36:39,1.05,60052,00.0,-0006.1
,,,,,22:36:40,1.05,60052,00.0,-0006.1
,,,,,22:36:41,1.05,60052,00.0,-0006.1
,,,,,22:36:42,1.05,60052,00.0,-0006.1
,,,,,22:36:43,1.05,60052,00.0,-0006.1
,,,,,22:36:44,1.05,60052,00.0,-0006.1
,,,,,22:36:45,1.05,60052,00.0,-0006.1
,,,,,22:36:46,1.05,60052,00.0,-0006.1
,,,,,22:36:47,1.05,60052,00.0,-0006.1
,,,,,22:36:48,1.05,60052,00.0,-0006.1
,,,,,22:36:49,1.05,60052,00.0,-0006.1
,,,,,22:36:50,1.05,60052,00.0,-0006.1
,,,,,22:36:51,1.05,60052,00.0,-0006.1
,,,,,22:36:52,1.05,60052,00.0,-0006.1
,,,,,22:36:53,1.05,60052,00.0,-0006.1
,,,,,22:36:54,1.05,60052,00.0,-0006.1
,,,,,22:36:55,1.05,60052,00.0,-0006.1
,,,,,22:36:56,1.05,60052,00.0,-0006.1
,,,,,22:36:57,1.05,60052,00.0,-0006.1
,,,,,22:36:58,1.05,60052,00.0,-0006.1
,,,,,22:36:59,1.05,60052,00.0,-0006.1
,,,,,22:37:00,1.05,60052,00.0,-0006.1
,,,,,22:37:01,1.05,60052,00.0,-0006.1
,,,,,22:37:02,1.05,60052,00.0,-0006.1
,,,,,22:37:03,1.05,60052,00.0,-0006.1
,,,,,22:37:04,1.05,60052,00.0,-0006.1
,,,,,22:37:05,1.05,60052,00.0,-0006.1
,,,,,22:37:06,1.05,60052,00.0,-0006.1
,,,,,22:37:07,1.05,60052,00.0,-0006.1
,,,,,22:37:08,1.05,60052,00.0,-0006.1
,,,,,22:37:09,1.05,60052,00.0,-0006.0
,,,,,22:37:10,1.05,60052,00.0,-0006.0
,,,,,22:37:11,1.05,60052,00.0,-0006.1
,,,,,22:37:12,1.05,60052,00.0,-0006.1
,,,,,22:37:13,1.05,60052,00.0,-0006.0
,,,,,22:37:14,1.05,60052,00.0,-0006.1
,,,,,22:37:15,1.05,60052,00.0,-0006.1
,,,,,22:37:16,1.05,60052,00.0,-0006.0
,,,,,22:37:17,1.05,60052,00.0,-0006.1
,,,,,22:37:18,1.05,60052,00.0,-0006.1
,,,,,22:37:19,1.05,60052,00.0,-0006.0
,,,,,22:37:20,1.05,60052,00.0,-0006.0
,,,,,22:37:21,1.05,60052,00.0,-0006.0
,,,,,22:37:22,1.05,60052,00.0,-0006.0
,,,,,22:37:23,1.05,60052,00.0,-0006.0
,,,,,22:37:24,1.05,60052,00.0,-0006.0
,,,,,22:37:25,1.05,60052,00.0,-0006.1
,,,,,22:37:26,1.05,60052,00.0,-0006.1
,,,,,22:37:27,1.05,60052,00.0,-0006.1
,,,,,22:37:28,1.05,60052,00.0,-0006.1
,,,,,22:37:29,1.05,60052,00.0,-0006.0
,,,,,22:37:30,1.05,60052,00.0,-0006.0
,,,,,22:37:31,1.05,60052,00.0,-0006.0
,,,,,22:37:32,1.05,60052,00.0,-0006.0
,,,,,22:37:33,1.05,60052,00.0,-0006.1
,,,,,22:37:34,1.05,60052,00.0,-0006.1
,,,,,22:37:35,1.05,60052,00.0,-0006.1
,,,,,22:37:36,1.05,60052,00.0,-0006.1
,,,,,22:37:37,1.05,60052,00.0,-0006.1
,,,,,22:37:38,1.05,60052,00.0,-0006.1
,,,,,22:37:39,1.05,60052,00.0,-0006.1
,,,,,22:37:40,1.05,60052,00.0,-0006.1
,,,,,22:37:41,1.05,60052,00.0,-0006.1
,,,,,22:37:42,1.05,60052,00.0,-0006.0
,,,,,22:37:43,1.05,60052,00.0,-0006.0
,,,,,22:37:44,1.05,60052,00.0,-0006.0
,,,,,22:37:45,1.05,60052,00.0,-0006.1
,,,,,22:37:46,1.05,60052,00.0,-0006.1
,,,,,22:37:47,1.05,60052,00.0,-0006.1
,,,,,22:37:48,1.05,60052,00.0,-0006.0
,,,,,22:37:49,1.05,60052,00.0,-0006.0
,,,,,22:37:50,1.05,0,00.0,-0006.0
,,,,,22:37:51,1.05,0,00.0,-0006.0
,,,,,22:37:52,1.05,0,00.0,-0006.0
,,,,,22:37:53,1.05,0,00.0,-0006.0
,,,,,22:37:54,1.05,0,00.0,-0006.0
,,,,,22:37:55,1.05,0,00.0,-0006.0
,,,,,22:37:56,1.05,0,00.0,-0006.0
,,,,,22:37:57,1.05,0,00.0,-0006.0
,,,,,22:37:58,1.05,0,00.0,-0006.1
,,,,,22:37:59,1.05,0,00.0,-0006.0
,,,,,22:38:00,1.05,0,00.0,-0006.0
,,,,,22:38:01,1.05,0,00.0,-0006.0
,,,,,22:38:02,1.05,0,00.0,-0006.1
,,,,,22:38:03,1.05,0,00.0,-0006.1
,,,,,22:38:04,1.05,0,00.0,-0006.1
,,,,,22:38:05,1.05,0,00.0,-0006.0
,,,,,22:38:06,1.05,0,00.0,-0006.0
,,,,,22:38:07,1.05,0,00.0,-0006.0
,,,,,22:38:08,1.05,0,00.0,-0006.0
,,,,,22:38:09,1.05,0,00.0,-0006.0
,,,,,22:38:10,1.05,0,00.0,-0006.0
,,,,,22:38:11,1.05,0,00.0,-0006.1
,,,,,22:38:12,1.05,0,00.0,-0006.1
,,,,,22:38:13,1.05,0,00.0,-0006.0