Client,Bush,Well,Work,Data,Time,ПлотРец,ОбъемВых,РасВыход,ДавВыход
Злые геологи 2,123,340,Кондуктор 57 мм,22.11.2024,18:30:00,0.99,0,00.0,-0007.5
,,,,,18:30:01,0.99,0,00.0,-0007.5
,,,,,18:30:02,1.00,0,00.0,-0007.5
,,,,,18:30:03,0.99,0,00.0,-0007.5
,,,,,18:30:04,0.99,0,00.0,-0007.5
,,,,,18:30:05,0.99,0,00.4,-0007.4
,,,,,18:30:06,1.00,0,03.7,-0007.3
,,,,,18:30:07,0.99,4,03.9,-0007.2
,,,,,18:30:08,0.99,8,03.9,-0007.1
,,,,,18:30:09,0.99,12,03.8,-0007.0
,,,,,18:30:10,0.99,16,03.9,-0006.9
,,,,,18:30:11,1.00,20,03.8,-0006.8
,,,,,18:30:12,1.00,24,03.8,-0006.7
,,,,,18:30:13,0.99,27,03.8,-0006.5
,,,,,18:30:14,0.99,31,03.9,-0006.3
,,,,,18:30:15,0.99,35,03.8,-0006.1
,,,,,18:30:16,0.99,39,03.8,-0005.9
,,,,,18:30:17,0.99,43,03.8,-0005.8
,,,,,18:30:18,0.99,47,03.8,-0005.6
,,,,,18:30:19,0.99,50,03.7,-0005.4
,,,,,18:30:20,0.99,54,03.8,-0005.0
,,,,,18:30:21,0.99,58,03.8,-0004.8
,,,,,18:30:22,0.99,62,03.8,-0004.7
,,,,,18:30:23,0.99,65,03.8,-0004.4
,,,,,18:30:24,0.99,69,03.8,-0003.9
,,,,,18:30:25,0.99,73,03.7,-0003.8
,,,,,18:30:26,0.99,77,03.8,-0003.4
,,,,,18:30:27,0.99,81,03.8,-0002.6
,,,,,18:30:28,1.00,84,03.7,-0001.5
,,,,,18:30:29,1.00,88,03.7,-0000.6
,,,,,18:30:30,0.99,92,03.7,-0000.1
,,,,,18:30:31,0.99,95,03.7,0000.8
,,,,,18:30:32,0.99,99,03.7,0001.5
,,,,,18:30:33,0.99,103,03.5,0002.2
,,,,,18:30:34,0.99,106,03.7,0002.8
,,,,,18:30:35,0.99,110,03.5,0003.4
,,,,,18:30:36,0.99,113,03.7,0004.1
,,,,,18:30:37,0.99,117,03.5,0004.6
,,,,,18:30:38,0.99,121,03.5,0005.2
,,,,,18:30:39,0.99,124,03.5,0005.8
,,,,,18:30:40,0.99,128,03.5,0006.3
,,,,,18:30:41,0.99,131,03.5,0006.8
,,,,,18:30:42,0.99,135,03.5,0007.4
,,,,,18:30:43,0.99,138,03.5,0007.8
,,,,,18:30:44,0.99,142,03.5,0008.4
,,,,,18:30:45,0.99,145,03.4,0008.9
,,,,,18:30:46,0.99,149,03.5,0009.3
,,,,,18:30:47,0.99,152,03.5,0009.5
,,,,,18:30:48,0.99,156,03.4,0009.9
,,,,,18:30:49,0.99,159,03.5,0010.0
,,,,,18:30:50,0.99,163,03.4,0009.8
,,,,,18:30:51,0.99,166,03.5,0009.7
,,,,,18:30:52,0.99,169,03.5,0009.4
,,,,,18:30:53,0.99,173,03.5,0009.5
,,,,,18:30:54,0.99,177,03.5,0009.2
,,,,,18:30:55,0.99,180,03.5,0009.0
,,,,,18:30:56,0.99,184,03.5,0008.7
,,,,,18:30:57,0.99,187,03.5,0008.6
,,,,,18:30:58,0.99,191,03.5,0008.6
,,,,,18:30:59,0.99,194,03.5,0008.5
,,,,,18:31:00,0.99,198,03.5,0008.5
,,,,,18:31:01,0.99,201,03.9,0008.6
,,,,,18:31:02,0.99,205,04.4,0008.6
,,,,,18:31:03,0.99,210,04.2,0008.8
,,,,,18:31:04,0.99,214,04.2,0008.9
,,,,,18:31:05,0.99,218,04.2,0008.9
,,,,,18:31:06,0.99,222,04.5,0009.2
,,,,,18:31:07,1.00,227,04.4,0009.6
,,,,,18:31:08,0.99,231,04.5,0009.4
,,,,,18:31:09,0.99,236,04.8,0010.0
,,,,,18:31:10,0.99,240,04.7,0010.0
,,,,,18:31:11,0.99,245,04.8,0009.9
,,,,,18:31:12,0.99,250,04.7,0010.0
,,,,,18:31:13,0.99,255,04.7,0010.6
,,,,,18:31:14,0.99,259,04.8,0010.2
,,,,,18:31:15,0.99,264,04.7,0010.7
,,,,,18:31:16,0.99,269,04.7,0010.3
,,,,,18:31:17,0.99,273,04.8,0011.0
,,,,,18:31:18,0.99,278,04.7,0010.4
,,,,,18:31:19,0.99,283,04.7,0010.7
,,,,,18:31:20,0.99,287,04.7,0010.7
,,,,,18:31:21,1.00,292,04.7,0010.9
,,,,,18:31:22,1.00,297,04.8,0010.7
,,,,,18:31:23,0.99,301,04.7,0011.0
,,,,,18:31:24,0.99,306,04.7,0010.9
,,,,,18:31:25,0.99,311,04.7,0011.4
,,,,,18:31:26,0.99,315,04.7,0011.2
,,,,,18:31:27,0.99,320,04.7,0011.6
,,,,,18:31:28,0.99,325,04.8,0011.1
,,,,,18:31:29,0.99,330,04.7,0011.2
,,,,,18:31:30,0.99,334,04.7,0011.8
,,,,,18:31:31,0.99,339,04.7,0011.4
,,,,,18:31:32,1.00,343,04.7,0011.8
,,,,,18:31:33,1.00,348,04.7,0012.1
,,,,,18:31:34,0.99,353,04.8,0012.3
,,,,,18:31:35,0.99,358,04.8,0012.2
,,,,,18:31:36,0.99,362,04.8,0012.6
,,,,,18:31:37,0.99,367,04.9,0012.6
,,,,,18:31:38,0.99,372,05.1,0012.6
,,,,,18:31:39,0.99,377,04.9,0013.2
,,,,,18:31:40,0.99,382,05.1,0013.1
,,,,,18:31:41,0.99,387,04.9,0012.9
,,,,,18:31:42,0.99,392,04.9,0013.2
,,,,,18:31:43,0.99,397,05.1,0013.2
,,,,,18:31:44,0.99,402,04.9,0013.1
,,,,,18:31:45,0.99,407,05.1,0012.9
,,,,,18:31:46,0.99,412,04.9,0013.2
,,,,,18:31:47,0.99,417,05.1,0013.0
,,,,,18:31:48,0.99,422,04.9,0013.1
,,,,,18:31:49,0.99,427,05.1,0012.8
,,,,,18:31:50,0.99,432,04.9,0012.5
,,,,,18:31:51,0.99,437,05.1,0012.6
,,,,,18:31:52,0.99,442,04.9,0012.4
,,,,,18:31:53,0.99,447,05.1,0012.1
,,,,,18:31:54,0.99,452,04.9,0011.9
,,,,,18:31:55,0.99,457,05.1,0011.9
,,,,,18:31:56,0.99,462,05.1,0011.7
,,,,,18:31:57,0.99,467,04.9,0011.4
,,,,,18:31:58,0.99,472,05.1,0011.5
,,,,,18:31:59,0.99,477,05.1,0011.2
,,,,,18:32:00,0.99,482,04.9,0011.1
,,,,,18:32:01,0.99,487,05.1,0010.9
,,,,,18:32:02,0.99,492,05.1,0010.7
,,,,,18:32:03,0.99,497,04.9,0010.5
,,,,,18:32:04,0.99,502,04.1,0009.2
,,,,,18:32:05,0.99,506,03.5,0008.6
,,,,,18:32:06,0.99,510,03.5,0008.3
,,,,,18:32:07,0.99,514,02.3,0006.7
,,,,,18:32:08,0.99,516,00.0,0005.1
,,,,,18:32:09,0.99,516,00.0,0004.6
,,,,,18:32:10,0.99,516,00.0,0003.8
,,,,,18:32:11,0.99,516,00.0,0003.3
,,,,,18:32:12,0.99,516,00.0,0002.9
,,,,,18:32:13,0.99,516,00.0,0002.5
,,,,,18:32:14,0.99,516,00.0,0002.2
,,,,,18:32:15,0.99,516,00.0,0001.9
,,,,,18:32:16,0.99,516,00.0,0001.7
,,,,,18:32:17,0.99,516,00.0,0001.4
,,,,,18:32:18,0.99,516,00.0,0001.2
,,,,,18:32:19,0.99,516,00.0,0001.0
,,,,,18:32:20,0.99,516,00.0,0000.8
,,,,,18:32:21,1.00,516,00.0,0000.6
,,,,,18:32:22,0.99,516,00.0,0000.5
,,,,,18:32:23,0.99,516,00.0,0000.3
,,,,,18:32:24,0.99,516,00.0,0000.2
,,,,,18:32:25,0.99,516,00.0,0000.1
,,,,,18:32:26,0.99,0,00.0,-0000.1
,,,,,18:32:27,0.99,0,00.0,-0000.2
,,,,,18:32:28,0.99,0,00.0,-0000.3
,,,,,18:32:29,0.99,0,00.0,-0000.4
,,,,,18:32:30,0.99,0,00.0,-0000.5
,,,,,18:32:31,0.99,0,00.0,-0000.6
,,,,,18:32:32,0.99,0,00.0,-0000.6
,,,,,18:32:33,0.99,0,00.0,-0000.6
,,,,,18:32:34,0.99,0,00.0,-0000.7
,,,,,18:32:35,0.99,0,00.0,-0000.7
,,,,,18:32:36,0.99,0,00.0,-0000.6
,,,,,18:32:37,0.99,0,00.0,-0000.6
,,,,,18:32:38,0.99,0,00.0,-0000.6
,,,,,18:32:39,0.99,0,00.0,-0000.6
,,,,,18:32:40,0.99,0,00.0,-0000.6
,,,,,18:32:41,0.99,0,00.0,-0000.5
,,,,,18:32:42,0.99,0,00.0,-0000.5
,,,,,18:32:43,0.99,0,00.0,-0000.5
,,,,,18:32:44,0.99,0,00.0,-0000.5
,,,,,18:32:45,0.99,0,00.0,-0000.5
,,,,,18:32:46,0.99,0,00.0,-0000.5
,,,,,18:32:47,0.99,0,00.0,-0000.5
,,,,,18:32:48,0.99,0,00.0,-0000.5
,,,,,18:32:49,0.99,0,00.0,-0000.5
,,,,,18:32:50,0.99,0,00.0,-0000.5
,,,,,18:32:51,0.99,0,00.0,-0000.5
,,,,,18:32:52,1.00,0,00.0,-0000.4
,,,,,18:32:53,1.00,0,00.0,-0000.2
,,,,,18:32:54,0.99,0,00.0,-0000.2
,,,,,18:32:55,0.99,0,00.0,-0000.4
,,,,,18:32:56,0.99,0,00.0,-0000.5
,,,,,18:32:57,0.99,0,00.0,-0000.5
,,,,,18:32:58,0.99,0,00.0,-0000.5
,,,,,18:32:59,0.99,0,00.0,-0000.5
,,,,,18:33:00,0.99,0,00.0,-0000.6
,,,,,18:33:01,0.99,0,00.0,-0000.6
,,,,,18:33:02,0.99,0,00.0,-0000.6
,,,,,18:33:03,0.99,0,00.0,-0000.6
,,,,,18:33:04,0.99,0,00.0,-0000.6
,,,,,18:33:05,0.99,0,00.0,-0000.6
,,,,,18:33:06,0.99,0,00.0,-0000.3
,,,,,18:33:07,0.99,0,00.0,-0000.1
,,,,,18:33:08,0.99,0,00.0,-0000.2
,,,,,18:33:09,0.99,0,00.0,-0000.5
,,,,,18:33:10,0.99,0,00.0,-0000.5
,,,,,18:33:11,1.00,0,00.0,-0000.5
,,,,,18:33:12,0.99,0,00.0,-0000.5
,,,,,18:33:13,0.99,0,00.0,-0000.5
,,,,,18:33:14,0.99,0,00.0,-0000.5
,,,,,18:33:15,0.99,0,00.0,-0000.5
,,,,,18:33:16,0.99,0,00.0,-0000.5
,,,,,18:33:17,0.99,0,00.0,-0000.5
,,,,,18:33:18,0.99,0,00.8,0033.4
,,,,,18:33:19,0.99,1,00.0,0108.0
,,,,,18:33:20,0.99,1,00.0,0107.3
,,,,,18:33:21,0.99,1,00.0,0105.8
,,,,,18:33:22,0.99,1,00.0,0104.8
,,,,,18:33:23,0.99,1,00.0,0104.2
,,,,,18:33:24,0.99,1,00.0,0103.5
,,,,,18:33:25,0.99,1,00.0,0103.0
,,,,,18:33:26,0.99,1,00.0,0102.6
,,,,,18:33:27,0.99,1,00.0,0102.3
,,,,,18:33:28,0.99,1,00.0,0102.2
,,,,,18:33:29,0.99,1,00.0,0102.0
,,,,,18:33:30,0.99,1,00.0,0101.8
,,,,,18:33:31,0.99,1,00.0,0101.6
,,,,,18:33:32,0.99,1,00.0,0101.4
,,,,,18:33:33,0.99,1,00.0,0101.3
,,,,,18:33:34,0.99,1,00.0,0101.1
,,,,,18:33:35,0.99,1,00.0,0101.1
,,,,,18:33:36,0.99,1,00.0,0101.5
,,,,,18:33:37,0.99,1,00.0,0101.5
,,,,,18:33:38,0.99,1,00.0,0101.4
,,,,,18:33:39,0.99,1,00.0,0101.3
,,,,,18:33:40,0.99,1,00.0,0101.2
,,,,,18:33:41,0.99,1,00.0,0101.1
,,,,,18:33:42,0.99,1,00.0,0101.0
,,,,,18:33:43,1.00,1,00.0,0100.9
,,,,,18:33:44,1.00,1,00.0,0100.8
,,,,,18:33:45,0.99,1,00.0,0100.6
,,,,,18:33:46,0.99,1,00.0,0100.5
,,,,,18:33:47,0.99,1,00.0,0100.3
,,,,,18:33:48,0.99,1,00.0,0100.0
,,,,,18:33:49,0.99,1,00.0,0099.6
,,,,,18:33:50,0.99,1,00.0,0099.2
,,,,,18:33:51,0.99,1,00.0,0099.1
,,,,,18:33:52,0.99,1,00.0,0099.0
,,,,,18:33:53,0.99,1,00.0,0098.9
,,,,,18:33:54,0.99,1,00.0,0098.8
,,,,,18:33:55,0.99,1,00.0,0098.8
,,,,,18:33:56,0.99,1,00.0,0098.6
,,,,,18:33:57,0.99,1,00.0,0098.6
,,,,,18:33:58,0.99,1,00.0,0098.5
,,,,,18:33:59,0.99,1,00.0,0098.4
,,,,,18:34:00,0.99,1,00.0,0098.4
,,,,,18:34:01,0.99,1,00.0,0098.3
,,,,,18:34:02,0.99,1,00.0,0098.2
,,,,,18:34:03,0.99,1,00.0,0099.6
,,,,,18:34:04,0.99,1,00.0,0100.1
,,,,,18:34:05,0.99,1,00.0,0100.0
,,,,,18:34:06,0.99,1,00.0,0100.0
,,,,,18:34:07,0.99,1,00.0,0099.9
,,,,,18:34:08,0.99,1,00.0,0099.8
,,,,,18:34:09,0.99,1,00.0,0104.8
,,,,,18:34:10,0.99,1,00.0,0177.7
,,,,,18:34:11,0.99,1,00.0,0207.7
,,,,,18:34:12,0.99,1,00.0,0207.9
,,,,,18:34:13,0.99,1,00.0,0207.4
,,,,,18:34:14,0.99,1,00.0,0206.9
,,,,,18:34:15,0.99,1,00.0,0206.5
,,,,,18:34:16,0.99,1,00.0,0206.2
,,,,,18:34:17,0.99,1,00.0,0206.0
,,,,,18:34:18,0.99,1,00.0,0205.6
,,,,,18:34:19,0.99,1,00.0,0205.5
,,,,,18:34:20,0.99,1,00.0,0205.2
,,,,,18:34:21,0.99,1,00.0,0205.0
,,,,,18:34:22,0.99,1,00.0,0204.8
,,,,,18:34:23,0.99,1,00.0,0204.6
,,,,,18:34:24,0.99,1,00.0,0204.3
,,,,,18:34:25,0.99,1,00.0,0204.2
,,,,,18:34:26,0.99,1,00.0,0204.0
,,,,,18:34:27,0.99,1,00.0,0203.9
,,,,,18:34:28,0.99,1,00.0,0203.7
,,,,,18:34:29,0.99,1,00.0,0203.5
,,,,,18:34:30,0.99,1,00.0,0203.4
,,,,,18:34:31,0.99,1,00.0,0203.3
,,,,,18:34:32,0.99,1,00.0,0203.1
,,,,,18:34:33,1.00,1,00.0,0203.0
,,,,,18:34:34,1.00,1,00.0,0202.8
,,,,,18:34:35,0.99,1,00.0,0202.7
,,,,,18:34:36,0.99,1,00.0,0202.6
,,,,,18:34:37,0.99,1,00.0,0202.5
,,,,,18:34:38,0.99,1,00.0,0202.3
,,,,,18:34:39,0.99,1,00.0,0202.1
,,,,,18:34:40,0.99,1,00.0,0202.0
,,,,,18:34:41,0.99,1,00.0,0201.8
,,,,,18:34:42,0.99,1,00.0,0201.7
,,,,,18:34:43,0.99,1,00.0,0201.6
,,,,,18:34:44,0.99,1,00.0,0201.5
,,,,,18:34:45,0.99,1,00.0,0201.4
,,,,,18:34:46,0.99,1,00.0,0201.3
,,,,,18:34:47,0.99,1,00.0,0201.2
,,,,,18:34:48,0.99,1,00.0,0201.1
,,,,,18:34:49,0.99,1,00.0,0201.0
,,,,,18:34:50,0.99,1,00.0,0200.8
,,,,,18:34:51,0.99,1,00.0,0200.8
,,,,,18:34:52,1.00,1,00.0,0200.6
,,,,,18:34:53,1.00,1,00.0,0200.5
,,,,,18:34:54,0.99,1,00.0,0200.4
,,,,,18:34:55,0.99,1,00.0,0200.3
,,,,,18:34:56,0.99,1,00.0,0200.1
,,,,,18:34:57,0.99,1,00.0,0200.0
,,,,,18:34:58,0.99,1,00.0,0200.0
,,,,,18:34:59,1.00,1,00.0,0199.8
,,,,,18:35:00,1.00,1,00.0,0199.7
,,,,,18:35:01,0.99,1,00.0,0199.6
,,,,,18:35:02,0.99,1,00.0,0199.5
,,,,,18:35:03,0.99,1,00.0,0199.4
,,,,,18:35:04,0.99,1,00.0,0199.3
,,,,,18:35:05,0.99,1,00.0,0199.2
,,,,,18:35:06,0.99,1,00.0,0199.1
,,,,,18:35:07,0.99,1,00.0,0199.0
,,,,,18:35:08,1.00,1,00.0,0198.9
,,,,,18:35:09,0.99,1,00.0,0198.8
,,,,,18:35:10,0.99,1,00.0,0198.7
,,,,,18:35:11,0.99,1,00.0,0198.6
,,,,,18:35:12,0.99,1,00.0,0198.6
,,,,,18:35:13,0.99,1,00.0,0198.4
,,,,,18:35:14,0.99,1,00.0,0198.3
,,,,,18:35:15,0.99,1,00.0,0198.3
,,,,,18:35:16,0.99,1,00.0,0198.2
,,,,,18:35:17,0.99,1,00.0,0198.1
,,,,,18:35:18,0.99,1,00.0,0197.9
,,,,,18:35:19,0.99,1,00.0,0197.8
,,,,,18:35:20,0.99,1,00.0,0197.7
,,,,,18:35:21,0.99,1,00.0,0197.6
,,,,,18:35:22,0.99,1,00.0,0197.6
,,,,,18:35:23,0.99,1,00.0,0197.5
,,,,,18:35:24,0.99,1,00.0,0197.4
,,,,,18:35:25,0.99,1,00.0,0197.4
,,,,,18:35:26,0.99,1,00.0,0197.3
,,,,,18:35:27,0.99,1,00.0,0197.2
,,,,,18:35:28,0.99,1,00.0,0197.1
,,,,,18:35:29,1.00,1,00.0,0197.0
,,,,,18:35:30,1.00,1,00.0,0196.9
,,,,,18:35:31,0.99,1,00.0,0196.8
,,,,,18:35:32,0.99,1,00.0,0196.8
,,,,,18:35:33,0.99,1,00.0,0196.7
,,,,,18:35:34,1.00,1,00.0,0196.6
,,,,,18:35:35,0.99,1,00.0,0196.5
,,,,,18:35:36,0.99,1,00.0,0196.5
,,,,,18:35:37,0.99,1,00.0,0196.4
,,,,,18:35:38,0.99,1,00.0,0196.3
,,,,,18:35:39,0.99,1,00.0,0196.2
,,,,,18:35:40,0.99,1,00.0,0196.1
,,,,,18:35:41,0.99,1,00.0,0196.1
,,,,,18:35:42,0.99,1,00.0,0196.0
,,,,,18:35:43,0.99,1,00.0,0195.9
,,,,,18:35:44,0.99,1,00.0,0195.8
,,,,,18:35:45,0.99,1,00.0,0195.7
,,,,,18:35:46,0.99,1,00.0,0195.7
,,,,,18:35:47,1.00,1,00.0,0195.6
,,,,,18:35:48,1.00,1,00.0,0195.6
,,,,,18:35:49,0.99,1,00.0,0195.5
,,,,,18:35:50,0.99,1,00.0,0195.4
,,,,,18:35:51,0.99,1,00.0,0195.3
,,,,,18:35:52,0.99,1,00.0,0195.3
,,,,,18:35:53,0.99,1,00.0,0195.1
,,,,,18:35:54,0.99,1,00.0,0195.1
,,,,,18:35:55,0.99,1,00.0,0195.0
,,,,,18:35:56,0.99,1,00.0,0194.9
,,,,,18:35:57,0.99,1,00.0,0194.8
,,,,,18:35:58,0.99,1,00.0,0194.8
,,,,,18:35:59,0.99,1,00.0,0194.7
,,,,,18:36:00,0.99,1,00.0,0194.6
,,,,,18:36:01,0.99,1,00.0,0194.5
,,,,,18:36:02,0.99,1,00.0,0194.5
,,,,,18:36:03,0.99,1,00.0,0194.4
,,,,,18:36:04,0.99,1,00.0,0194.3
,,,,,18:36:05,0.99,1,00.0,0194.3
,,,,,18:36:06,0.99,1,00.0,0194.2
,,,,,18:36:07,0.99,1,00.0,0194.1
,,,,,18:36:08,0.99,1,00.0,0194.1
,,,,,18:36:09,0.99,1,00.0,0194.0
,,,,,18:36:10,0.99,1,00.0,0194.0
,,,,,18:36:11,0.99,1,00.0,0193.9
,,,,,18:36:12,0.99,1,00.0,0193.8
,,,,,18:36:13,0.99,1,00.0,0193.8
,,,,,18:36:14,0.99,1,00.0,0193.7
,,,,,18:36:15,0.99,1,00.0,0193.6
,,,,,18:36:16,0.99,1,00.0,0193.5
,,,,,18:36:17,0.99,1,00.0,0193.5
,,,,,18:36:18,0.99,1,00.0,0193.4
,,,,,18:36:19,0.99,1,00.0,0193.2
,,,,,18:36:20,0.99,1,00.0,0188.8
,,,,,18:36:21,1.00,1,00.0,0051.8
,,,,,18:36:22,1.00,1,00.0,-0007.4
,,,,,18:36:23,0.99,1,00.0,-0007.6
,,,,,18:36:24,0.99,1,00.0,-0007.6
,,,,,18:36:25,0.99,1,00.0,-0007.6
,,,,,18:36:26,0.99,1,00.0,-0007.5
,,,,,18:36:27,0.99,1,00.0,-0007.5
,,,,,18:36:28,0.99,1,00.0,-0007.5
,,,,,18:36:29,0.99,1,00.0,-0007.5
,,,,,18:36:30,0.99,1,00.0,-0007.5
,,,,,18:36:31,0.99,1,00.0,-0007.5
,,,,,18:36:32,0.99,1,00.0,-0007.5
,,,,,18:36:33,0.99,1,00.0,-0007.5
,,,,,18:36:34,0.99,1,00.0,-0007.5
,,,,,18:36:35,0.99,1,00.0,-0007.5
,,,,,18:36:36,0.99,1,00.0,-0007.5
,,,,,18:36:37,0.99,1,00.0,-0007.5
,,,,,18:36:38,0.99,1,00.0,-0007.2
,,,,,18:36:39,0.99,1,00.0,-0005.5
,,,,,18:36:40,0.99,1,00.0,-0004.5
,,,,,18:36:41,0.99,1,00.0,-0003.5
,,,,,18:36:42,0.99,0,00.0,-0003.6
,,,,,18:36:43,0.99,0,00.0,-0003.6
,,,,,18:36:44,0.99,0,00.0,-0003.4
,,,,,18:36:45,1.00,0,00.0,-0003.3
,,,,,18:36:46,1.00,0,00.0,-0003.3
,,,,,18:36:47,1.00,0,00.0,-0003.3
,,,,,18:36:48,0.99,0,00.0,-0003.3
,,,,,18:36:49,0.99,0,00.0,-0003.3
,,,,,18:36:50,0.99,0,00.0,-0003.3
,,,,,18:36:51,0.99,0,00.0,-0003.3
,,,,,18:36:52,0.99,0,00.0,-0003.3
,,,,,18:36:53,0.99,0,00.0,-0003.2
,,,,,18:36:54,0.99,0,00.0,-0003.2
,,,,,18:36:55,0.99,0,00.0,-0003.2
,,,,,18:36:56,0.99,0,00.0,-0003.2
,,,,,18:36:57,0.99,0,00.0,-0003.2
,,,,,18:36:58,0.99,0,00.0,-0003.2
,,,,,18:36:59,0.99,0,00.0,-0003.2
,,,,,18:37:00,0.99,0,00.0,-0003.2
,,,,,18:37:01,0.99,0,00.0,-0003.2
,,,,,18:37:02,0.99,0,00.0,-0003.2
,,,,,18:37:03,0.99,0,00.0,-0003.2
,,,,,18:37:04,0.99,0,00.0,-0003.2
,,,,,18:37:05,1.00,0,00.0,-0003.2
,,,,,18:37:06,0.99,0,00.0,-0003.2
,,,,,18:37:07,0.99,0,00.0,-0003.2
,,,,,18:37:08,0.99,0,00.0,-0003.2
,,,,,18:37:09,0.99,0,00.0,-0003.2
,,,,,18:37:10,1.00,0,00.0,-0003.2
,,,,,18:37:11,0.99,0,00.0,-0003.2
,,,,,18:37:12,0.99,0,00.0,-0003.2
,,,,,18:37:13,0.99,0,00.0,-0003.2
,,,,,18:37:14,0.99,0,00.0,-0003.2
,,,,,18:37:15,0.99,0,00.0,-0003.2
,,,,,18:37:16,0.99,0,00.0,-0003.2
,,,,,18:37:17,0.99,0,00.0,-0003.2
,,,,,18:37:18,0.99,0,00.0,-0003.2
,,,,,18:37:19,0.99,0,00.0,-0003.2
,,,,,18:37:20,0.99,0,00.0,-0003.2
,,,,,18:37:21,0.99,0,00.0,-0003.2
,,,,,18:37:22,0.99,0,00.0,-0003.2
,,,,,18:37:23,1.00,0,00.0,-0003.2
,,,,,18:37:24,0.99,0,00.0,-0003.2
,,,,,18:37:25,0.99,0,00.3,-0002.7
,,,,,18:37:26,0.99,0,03.8,-0001.8
,,,,,18:37:27,0.99,4,03.8,-0001.1
,,,,,18:37:28,0.99,8,03.8,-0000.1
,,,,,18:37:29,0.99,12,03.8,0001.0
,,,,,18:37:30,0.99,16,03.8,0002.0
,,,,,18:37:31,0.99,19,03.7,0002.5
,,,,,18:37:32,0.99,23,03.7,0002.9
,,,,,18:37:33,0.99,27,03.5,0003.6
,,,,,18:37:34,0.99,30,03.7,0004.2
,,,,,18:37:35,0.99,34,03.7,0004.8
,,,,,18:37:36,0.99,38,03.5,0005.3
,,,,,18:37:37,0.99,41,03.5,0005.7
,,,,,18:37:38,0.99,45,03.7,0005.7
,,,,,18:37:39,0.99,48,03.5,0005.9
,,,,,18:37:40,0.99,52,03.7,0006.2
,,,,,18:37:41,0.99,55,03.5,0006.3
,,,,,18:37:42,0.99,59,03.7,0006.5
,,,,,18:37:43,0.99,63,03.5,0006.7
,,,,,18:37:44,1.00,66,03.7,0006.7
,,,,,18:37:45,0.99,70,03.5,0006.8
,,,,,18:37:46,0.99,73,03.5,0006.8
,,,,,18:37:47,0.99,77,03.7,0006.8
,,,,,18:37:48,0.99,81,03.5,0006.9
,,,,,18:37:49,0.99,84,03.7,0006.8
,,,,,18:37:50,0.99,88,03.5,0006.8
,,,,,18:37:51,0.99,91,03.7,0006.9
,,,,,18:37:52,0.99,95,03.5,0007.0
,,,,,18:37:53,0.99,98,03.7,0007.1
,,,,,18:37:54,1.00,102,03.5,0007.2
,,,,,18:37:55,1.00,106,03.7,0007.3
,,,,,18:37:56,1.00,109,03.5,0007.4
,,,,,18:37:57,0.99,113,03.5,0007.5
,,,,,18:37:58,0.99,116,03.7,0007.4
,,,,,18:37:59,0.99,120,03.5,0007.5
,,,,,18:38:00,0.99,124,03.7,0007.6
,,,,,18:38:01,0.99,127,03.5,0007.7
,,,,,18:38:02,0.99,131,03.5,0007.8
,,,,,18:38:03,0.99,134,03.5,0007.8
,,,,,18:38:04,0.99,138,03.7,0007.9
,,,,,18:38:05,0.99,141,03.5,0007.9
,,,,,18:38:06,0.99,145,03.5,0007.9
,,,,,18:38:07,0.99,148,03.7,0007.9
,,,,,18:38:08,0.99,152,03.5,0008.0
,,,,,18:38:09,0.99,156,03.5,0008.0
,,,,,18:38:10,0.99,159,03.5,0008.0
,,,,,18:38:11,0.99,163,03.7,0008.1
,,,,,18:38:12,0.99,166,03.5,0008.0
,,,,,18:38:13,0.99,170,03.5,0007.9
,,,,,18:38:14,0.99,173,03.7,0007.8
,,,,,18:38:15,0.99,177,03.5,0007.7
,,,,,18:38:16,0.99,181,03.5,0007.8
,,,,,18:38:17,0.99,184,03.7,0007.6
,,,,,18:38:18,0.99,188,03.5,0007.5
,,,,,18:38:19,0.99,191,03.5,0007.6
,,,,,18:38:20,0.99,195,03.7,0007.5
,,,,,18:38:21,0.99,199,03.5,0007.5
,,,,,18:38:22,0.99,202,03.7,0007.3
,,,,,18:38:23,0.99,206,03.5,0007.4
,,,,,18:38:24,0.99,209,03.7,0007.3
,,,,,18:38:25,0.99,213,03.7,0007.3
,,,,,18:38:26,0.99,217,03.8,0007.2
,,,,,18:38:27,0.99,220,03.9,0007.3
,,,,,18:38:28,0.99,224,04.1,0007.3
,,,,,18:38:29,1.00,228,04.2,0007.3
,,,,,18:38:30,1.00,233,04.2,0007.4
,,,,,18:38:31,0.99,237,04.2,0007.4
,,,,,18:38:32,0.99,241,04.4,0007.6
,,,,,18:38:33,0.99,245,04.2,0007.4
,,,,,18:38:34,0.99,250,04.4,0007.4
,,,,,18:38:35,0.99,254,04.4,0007.4
,,,,,18:38:36,0.99,258,04.5,0007.5
,,,,,18:38:37,0.99,263,04.5,0007.5
,,,,,18:38:38,0.99,267,04.5,0007.3
,,,,,18:38:39,0.99,272,04.7,0007.4
,,,,,18:38:40,0.99,277,04.7,0007.6
,,,,,18:38:41,0.99,281,04.8,0007.6
,,,,,18:38:42,0.99,286,04.8,0007.4
,,,,,18:38:43,0.99,291,04.8,0007.6
,,,,,18:38:44,0.99,296,04.8,0007.6
,,,,,18:38:45,0.99,300,04.8,0007.2
,,,,,18:38:46,0.99,305,04.9,0007.7
,,,,,18:38:47,0.99,310,04.9,0007.2
,,,,,18:38:48,0.99,315,04.9,0007.5
,,,,,18:38:49,0.99,320,04.9,0007.5
,,,,,18:38:50,0.99,325,04.9,0007.3
,,,,,18:38:51,0.99,330,05.1,0007.6
,,,,,18:38:52,0.99,335,05.1,0007.6
,,,,,18:38:53,0.99,340,04.9,0007.5
,,,,,18:38:54,0.99,345,05.1,0007.7
,,,,,18:38:55,0.99,350,04.9,0007.2
,,,,,18:38:56,0.99,355,04.9,0007.5
,,,,,18:38:57,0.99,360,04.9,0007.6
,,,,,18:38:58,0.99,365,04.9,0007.2
,,,,,18:38:59,0.99,370,05.1,0007.5
,,,,,18:39:00,0.99,375,04.9,0007.1
,,,,,18:39:01,0.99,380,04.9,0007.1
,,,,,18:39:02,0.99,385,04.9,0007.3
,,,,,18:39:03,0.99,390,05.1,0007.0
,,,,,18:39:04,0.99,395,04.9,0007.2
,,,,,18:39:05,0.99,400,04.9,0007.3
,,,,,18:39:06,0.99,405,04.9,0007.0
,,,,,18:39:07,0.99,410,05.1,0007.3
,,,,,18:39:08,0.99,415,04.9,0007.3
,,,,,18:39:09,0.99,420,04.9,0007.0
,,,,,18:39:10,0.99,425,04.9,0007.2
,,,,,18:39:11,0.99,429,05.1,0007.0
,,,,,18:39:12,0.99,435,04.9,0007.1
,,,,,18:39:13,0.99,439,04.9,0007.1
,,,,,18:39:14,0.99,444,04.9,0006.8
,,,,,18:39:15,0.99,449,04.9,0006.9
,,,,,18:39:16,0.99,454,05.1,0007.1
,,,,,18:39:17,0.99,459,04.9,0006.7
,,,,,18:39:18,0.99,464,04.9,0007.1
,,,,,18:39:19,0.99,469,05.1,0007.1
,,,,,18:39:20,0.99,474,04.9,0006.7
,,,,,18:39:21,0.99,479,04.9,0007.1
,,,,,18:39:22,0.99,484,04.9,0007.0
,,,,,18:39:23,0.99,489,05.1,0006.7
,,,,,18:39:24,0.99,494,04.9,0007.0
,,,,,18:39:25,0.99,499,04.9,0006.7
,,,,,18:39:26,0.99,504,04.9,0007.0
,,,,,18:39:27,0.99,509,05.1,0007.0
,,,,,18:39:28,0.99,514,04.9,0006.6
,,,,,18:39:29,0.99,519,04.9,0007.0
,,,,,18:39:30,0.99,524,04.9,0006.8
,,,,,18:39:31,0.99,529,05.1,0006.6
,,,,,18:39:32,0.99,534,04.9,0006.9
,,,,,18:39:33,0.99,539,04.9,0006.7
,,,,,18:39:34,1.00,544,05.1,0006.5
,,,,,18:39:35,1.00,549,04.9,0006.8
,,,,,18:39:36,0.99,554,04.9,0006.6
,,,,,18:39:37,0.99,559,04.9,0006.5
,,,,,18:39:38,0.99,564,05.1,0006.8
,,,,,18:39:39,0.99,569,04.9,0006.8
,,,,,18:39:40,0.99,574,05.2,0006.9
,,,,,18:39:41,0.99,579,05.2,0006.9
,,,,,18:39:42,0.99,584,05.2,0007.1
,,,,,18:39:43,0.99,589,05.2,0007.2
,,,,,18:39:44,0.99,595,05.4,0007.1
,,,,,18:39:45,1.00,600,05.2,0007.3
,,,,,18:39:46,1.00,605,05.4,0007.3
,,,,,18:39:47,0.99,611,05.2,0007.2
,,,,,18:39:48,0.99,616,05.4,0007.2
,,,,,18:39:49,0.99,621,05.4,0007.3
,,,,,18:39:50,0.99,626,05.5,0007.5
,,,,,18:39:51,0.99,632,05.5,0007.6
,,,,,18:39:52,0.99,637,05.5,0007.8
,,,,,18:39:53,0.99,643,05.5,0007.9
,,,,,18:39:54,0.99,648,05.6,0008.0
,,,,,18:39:55,0.99,654,05.6,0007.9
,,,,,18:39:56,0.99,660,05.8,0008.0
,,,,,18:39:57,0.99,666,05.8,0008.2
,,,,,18:39:58,0.99,671,05.8,0008.2
,,,,,18:39:59,0.99,677,05.8,0008.5
,,,,,18:40:00,0.99,683,05.9,0008.5
,,,,,18:40:01,1.00,689,05.9,0008.4
,,,,,18:40:02,1.00,695,05.9,0008.5
,,,,,18:40:03,0.99,701,06.1,0008.4
,,,,,18:40:04,0.99,707,06.1,0008.6
,,,,,18:40:05,0.99,713,06.1,0009.0
,,,,,18:40:06,0.99,719,06.2,0009.2
,,,,,18:40:07,1.00,725,06.2,0008.9
,,,,,18:40:08,1.00,731,06.3,0008.9
,,,,,18:40:09,0.99,738,06.3,0008.9
,,,,,18:40:10,0.99,744,06.5,0009.3
,,,,,18:40:11,0.99,750,06.5,0009.2
,,,,,18:40:12,0.99,757,06.6,0009.7
,,,,,18:40:13,0.99,764,06.8,0009.3
,,,,,18:40:14,0.99,770,06.8,0009.7
,,,,,18:40:15,0.99,777,06.8,0009.7
,,,,,18:40:16,0.99,784,06.8,0009.8
,,,,,18:40:17,0.99,791,06.9,0010.1
,,,,,18:40:18,0.99,797,06.9,0010.1
,,,,,18:40:19,0.99,804,07.1,0010.1
,,,,,18:40:20,0.99,811,06.9,0010.2
,,,,,18:40:21,0.99,818,06.9,0010.0
,,,,,18:40:22,0.99,825,07.1,0009.9
,,,,,18:40:23,0.99,832,06.8,0009.8
,,,,,18:40:24,0.99,839,06.9,0009.7
,,,,,18:40:25,0.99,846,06.9,0009.8
,,,,,18:40:26,0.99,853,06.9,0009.8
,,,,,18:40:27,0.99,860,06.9,0010.0
,,,,,18:40:28,0.99,867,06.9,0009.7
,,,,,18:40:29,0.99,874,06.9,0009.6
,,,,,18:40:30,0.99,881,06.9,0010.0
,,,,,18:40:31,0.99,887,06.9,0009.9
,,,,,18:40:32,0.99,894,06.9,0009.7
,,,,,18:40:33,0.99,901,06.8,0009.7
,,,,,18:40:34,0.99,908,06.9,0009.7
,,,,,18:40:35,0.99,915,06.9,0009.8
,,,,,18:40:36,0.99,922,06.9,0009.6
,,,,,18:40:37,0.99,929,06.9,0009.7
,,,,,18:40:38,0.99,936,06.9,0009.4
,,,,,18:40:39,0.99,943,06.9,0009.9
,,,,,18:40:40,0.99,949,06.9,0009.7
,,,,,18:40:41,0.99,956,06.9,0009.5
,,,,,18:40:42,0.99,963,06.9,0009.3
,,,,,18:40:43,0.99,970,06.9,0009.8
,,,,,18:40:44,0.99,977,06.9,0009.6
,,,,,18:40:45,0.99,984,06.9,0009.4
,,,,,18:40:46,0.99,991,06.8,0009.5
,,,,,18:40:47,0.99,998,06.9,0009.4
,,,,,18:40:48,0.99,1005,06.9,0009.7
,,,,,18:40:49,1.00,1012,06.9,0009.4
,,,,,18:40:50,0.99,1018,06.9,0009.2
,,,,,18:40:51,0.99,1025,06.9,0009.5
,,,,,18:40:52,0.99,1032,06.9,0009.4
,,,,,18:40:53,0.99,1039,06.9,0009.3
,,,,,18:40:54,0.99,1046,06.9,0009.2
,,,,,18:40:55,0.99,1053,06.9,0009.5
,,,,,18:40:56,0.99,1060,06.9,0009.3
,,,,,18:40:57,0.99,1067,06.8,0009.8
,,,,,18:40:58,0.99,1074,08.4,0011.2
,,,,,18:40:59,0.99,1082,09.1,0011.2
,,,,,18:41:00,0.99,1091,08.9,0011.4
,,,,,18:41:01,0.99,1100,08.8,0011.3
,,,,,18:41:02,0.99,1109,08.6,0011.1
,,,,,18:41:03,0.99,1117,08.5,0011.1
,,,,,18:41:04,0.99,1126,08.5,0011.1
,,,,,18:41:05,1.00,1134,08.5,0011.1
,,,,,18:41:06,1.00,1143,08.5,0011.2
,,,,,18:41:07,0.99,1151,08.6,0010.9
,,,,,18:41:08,0.99,1160,08.5,0010.8
,,,,,18:41:09,0.99,1169,08.5,0011.1
,,,,,18:41:10,0.99,1177,08.6,0010.8
,,,,,18:41:11,0.99,1186,08.5,0010.4
,,,,,18:41:12,0.99,1194,08.5,0010.4
,,,,,18:41:13,0.99,1203,08.6,0010.7
,,,,,18:41:14,0.99,1211,08.5,0010.6
,,,,,18:41:15,0.99,1220,08.5,0010.7
,,,,,18:41:16,0.99,1228,08.6,0010.9
,,,,,18:41:17,0.99,1237,08.5,0010.5
,,,,,18:41:18,0.99,1245,08.5,0010.1
,,,,,18:41:19,0.99,1254,08.6,0010.9
,,,,,18:41:20,0.99,1263,08.6,0010.9
,,,,,18:41:21,0.99,1271,08.5,0010.8
,,,,,18:41:22,0.99,1280,08.6,0010.7
,,,,,18:41:23,0.99,1288,08.5,0011.1
,,,,,18:41:24,0.99,1297,08.5,0011.1
,,,,,18:41:25,0.99,1305,08.6,0010.9
,,,,,18:41:26,0.99,1314,08.5,0010.9
,,,,,18:41:27,1.00,1322,08.5,0011.1
,,,,,18:41:28,0.99,1331,08.6,0010.5
,,,,,18:41:29,0.99,1340,08.5,0010.7
,,,,,18:41:30,0.99,1348,08.5,0010.5
,,,,,18:41:31,0.99,1357,08.6,0010.7
,,,,,18:41:32,0.99,1365,08.5,0010.6
,,,,,18:41:33,0.99,1374,08.5,0010.7
,,,,,18:41:34,0.99,1382,08.6,0010.9
,,,,,18:41:35,0.99,1391,08.5,0010.7
,,,,,18:41:36,0.99,1399,08.5,0010.6
,,,,,18:41:37,0.99,1408,08.6,0010.9
,,,,,18:41:38,0.99,1416,08.5,0011.1
,,,,,18:41:39,0.99,1425,08.5,0010.8
,,,,,18:41:40,1.00,1433,08.6,0010.7
,,,,,18:41:41,1.00,1442,08.5,0010.5
,,,,,18:41:42,1.00,1451,08.5,0010.6
,,,,,18:41:43,0.99,1459,08.8,0010.4
,,,,,18:41:44,0.99,1468,08.5,0010.7
,,,,,18:41:45,0.99,1476,08.5,0010.9
,,,,,18:41:46,0.99,1485,08.6,0010.7
,,,,,18:41:47,0.99,1493,08.5,0010.8
,,,,,18:41:48,0.99,1502,08.5,0010.8
,,,,,18:41:49,0.99,1511,08.6,0010.7
,,,,,18:41:50,1.00,1519,08.5,0010.9
,,,,,18:41:51,0.99,1528,08.6,0010.5
,,,,,18:41:52,0.99,1536,08.5,0010.4
,,,,,18:41:53,0.99,1545,08.5,0010.3
,,,,,18:41:54,0.99,1553,08.6,0010.4
,,,,,18:41:55,0.99,1562,08.5,0010.1
,,,,,18:41:56,0.99,1570,08.6,0010.1
,,,,,18:41:57,0.99,1579,08.5,0010.4
,,,,,18:41:58,0.99,1587,08.5,0010.5
,,,,,18:41:59,0.99,1596,09.1,0010.9
,,,,,18:42:00,0.99,1605,09.2,0011.6
,,,,,18:42:01,0.99,1614,09.0,0011.7
,,,,,18:42:02,0.99,1623,09.2,0011.4
,,,,,18:42:03,0.99,1632,09.1,0011.2
,,,,,18:42:04,0.99,1642,09.2,0011.6
,,,,,18:42:05,0.99,1651,09.2,0011.7
,,,,,18:42:06,0.99,1660,09.2,0011.6
,,,,,18:42:07,0.99,1669,09.3,0011.2
,,,,,18:42:08,0.99,1678,09.1,0011.5
,,,,,18:42:09,0.99,1687,09.4,0011.5
,,,,,18:42:10,0.99,1697,09.3,0011.7
,,,,,18:42:11,0.99,1706,09.3,0012.0
,,,,,18:42:12,0.99,1715,09.3,0012.0
,,,,,18:42:13,0.99,1725,09.3,0011.9
,,,,,18:42:14,0.99,1734,09.4,0011.9
,,,,,18:42:15,0.99,1743,09.3,0012.0
,,,,,18:42:16,0.99,1752,09.3,0011.4
,,,,,18:42:17,0.99,1762,09.2,0011.9
,,,,,18:42:18,0.99,1771,09.3,0011.7
,,,,,18:42:19,0.99,1780,09.3,0011.8
,,,,,18:42:20,0.99,1789,09.2,0011.4
,,,,,18:42:21,1.00,1799,09.3,0011.6
,,,,,18:42:22,0.99,1808,09.3,0011.2
,,,,,18:42:23,0.99,1817,09.3,0011.0
,,,,,18:42:24,0.99,1826,09.2,0011.2
,,,,,18:42:25,0.99,1836,09.2,0011.2
,,,,,18:42:26,0.99,1845,09.3,0011.4
,,,,,18:42:27,0.99,1854,09.2,0011.4
,,,,,18:42:28,1.00,1863,09.3,0011.3
,,,,,18:42:29,0.99,1872,09.2,0011.5
,,,,,18:42:30,0.99,1882,09.3,0011.5
,,,,,18:42:31,0.99,1891,09.3,0011.6
,,,,,18:42:32,0.99,1900,09.2,0011.2
,,,,,18:42:33,1.00,1909,09.3,0011.2
,,,,,18:42:34,1.00,1918,09.2,0010.9
,,,,,18:42:35,0.99,1928,09.4,0011.4
,,,,,18:42:36,0.99,1937,09.7,0011.6
,,,,,18:42:37,0.99,1947,09.6,0011.6
,,,,,18:42:38,0.99,1956,09.7,0011.8
,,,,,18:42:39,0.99,1966,09.8,0012.4
,,,,,18:42:40,0.99,1976,09.9,0012.1
,,,,,18:42:41,0.99,1986,10.0,0012.5
,,,,,18:42:42,0.99,1996,10.1,0012.8
,,,,,18:42:43,0.99,2006,10.1,0012.6
,,,,,18:42:44,0.99,2016,10.1,0013.0
,,,,,18:42:45,0.99,2026,10.2,0012.5
,,,,,18:42:46,0.99,2036,10.1,0012.2
,,,,,18:42:47,0.99,2046,10.2,0013.1
,,,,,18:42:48,0.99,2057,10.2,0012.7
,,,,,18:42:49,0.99,2067,10.5,0012.9
,,,,,18:42:50,0.99,2077,10.6,0013.0
,,,,,18:42:51,0.99,2088,10.6,0013.3
,,,,,18:42:52,0.99,2099,10.4,0013.6
,,,,,18:42:53,0.99,2109,10.7,0012.9
,,,,,18:42:54,0.99,2120,10.7,0013.1
,,,,,18:42:55,0.99,2130,10.7,0013.4
,,,,,18:42:56,0.99,2141,10.8,0013.9
,,,,,18:42:57,0.99,2152,10.5,0013.4
,,,,,18:42:58,0.99,2162,10.8,0013.7
,,,,,18:42:59,0.99,2173,10.8,0013.7
,,,,,18:43:00,0.99,2184,10.9,0013.8
,,,,,18:43:01,0.99,2195,10.9,0014.3
,,,,,18:43:02,0.99,2206,10.9,0014.0
,,,,,18:43:03,0.99,2217,11.0,0013.7
,,,,,18:43:04,0.99,2228,11.1,0014.2
,,,,,18:43:05,1.00,2239,11.2,0014.6
,,,,,18:43:06,1.00,2250,11.2,0014.4
,,,,,18:43:07,0.99,2261,11.4,0014.3
,,,,,18:43:08,0.99,2273,11.4,0014.9
,,,,,18:43:09,0.99,2284,11.2,0014.6
,,,,,18:43:10,0.99,2295,11.4,0014.5
,,,,,18:43:11,0.99,2306,11.4,0014.4
,,,,,18:43:12,1.00,2318,11.5,0014.7
,,,,,18:43:13,1.00,2329,11.2,0014.9
,,,,,18:43:14,1.00,2341,11.5,0015.0
,,,,,18:43:15,0.99,2352,11.7,0014.4
,,,,,18:43:16,0.99,2364,11.6,0015.2
,,,,,18:43:17,0.99,2375,11.8,0015.5
,,,,,18:43:18,0.99,2387,11.8,0015.4
,,,,,18:43:19,0.99,2399,11.9,0015.5
,,,,,18:43:20,0.99,2411,12.0,0015.5
,,,,,18:43:21,0.99,2423,12.2,0016.1
,,,,,18:43:22,0.99,2435,11.9,0015.7
,,,,,18:43:23,0.99,2447,12.2,0015.6
,,,,,18:43:24,0.99,2459,12.2,0015.9
,,,,,18:43:25,0.99,2471,12.2,0016.1
,,,,,18:43:26,0.99,2484,12.2,0015.8
,,,,,18:43:27,0.99,2496,12.2,0015.8
,,,,,18:43:28,0.99,2508,12.2,0016.1
,,,,,18:43:29,1.00,2520,12.2,0015.7
,,,,,18:43:30,1.00,2532,12.2,0015.8
,,,,,18:43:31,1.00,2545,12.2,0015.6
,,,,,18:43:32,0.99,2557,12.2,0016.0
,,,,,18:43:33,0.99,2569,12.2,0015.9
,,,,,18:43:34,0.99,2581,12.2,0016.2
,,,,,18:43:35,0.99,2593,12.2,0015.6
,,,,,18:43:36,0.99,2606,12.2,0015.8
,,,,,18:43:37,0.99,2618,12.2,0015.9
,,,,,18:43:38,0.99,2630,12.2,0016.1
,,,,,18:43:39,0.99,2642,12.2,0016.1
,,,,,18:43:40,0.99,2654,12.2,0016.2
,,,,,18:43:41,0.99,2667,12.2,0016.0
,,,,,18:43:42,0.99,2679,12.3,0016.2
,,,,,18:43:43,0.99,2691,12.2,0015.9
,,,,,18:43:44,0.99,2703,12.2,0016.2
,,,,,18:43:45,0.99,2716,12.1,0016.0
,,,,,18:43:46,1.00,2728,12.2,0015.9
,,,,,18:43:47,0.99,2740,12.2,0016.2
,,,,,18:43:48,0.99,2752,12.3,0016.0
,,,,,18:43:49,0.99,2764,12.2,0015.9
,,,,,18:43:50,0.99,2777,12.2,0015.6
,,,,,18:43:51,0.99,2789,12.2,0015.8
,,,,,18:43:52,0.99,2801,12.2,0015.8
,,,,,18:43:53,0.99,2813,12.2,0016.0
,,,,,18:43:54,0.99,2825,12.3,0015.6
,,,,,18:43:55,0.99,2838,12.2,0015.6
,,,,,18:43:56,0.99,2850,12.1,0015.9
,,,,,18:43:57,0.99,2862,12.2,0015.9
,,,,,18:43:58,0.99,2874,12.2,0015.6
,,,,,18:43:59,0.99,2886,12.3,0015.6
,,,,,18:44:00,0.99,2899,12.2,0015.8
,,,,,18:44:01,0.99,2911,12.2,0015.9
,,,,,18:44:02,1.00,2923,12.2,0015.7
,,,,,18:44:03,0.99,2935,12.2,0015.5
,,,,,18:44:04,0.99,2947,12.2,0015.6
,,,,,18:44:05,0.99,2960,12.3,0015.5
,,,,,18:44:06,0.99,2972,12.2,0015.7
,,,,,18:44:07,0.99,2984,12.2,0015.6
,,,,,18:44:08,1.00,2996,12.2,0015.7
,,,,,18:44:09,0.99,3009,12.2,0015.8
,,,,,18:44:10,0.99,3021,12.3,0015.6
,,,,,18:44:11,0.99,3033,12.4,0016.1
,,,,,18:44:12,0.99,3046,12.4,0016.6
,,,,,18:44:13,0.99,3058,12.6,0016.8
,,,,,18:44:14,1.00,3071,12.7,0016.8
,,,,,18:44:15,1.00,3083,12.7,0016.5
,,,,,18:44:16,1.00,3096,12.7,0016.7
,,,,,18:44:17,1.00,3109,12.7,0016.6
,,,,,18:44:18,1.00,3121,12.8,0016.5
,,,,,18:44:19,0.99,3134,12.9,0016.8
,,,,,18:44:20,0.99,3147,12.8,0016.6
,,,,,18:44:21,0.99,3160,12.9,0016.6
,,,,,18:44:22,0.99,3173,12.9,0016.6
,,,,,18:44:23,0.99,3186,13.1,0016.7
,,,,,18:44:24,0.99,3199,13.1,0017.0
,,,,,18:44:25,0.99,3212,12.9,0017.4
,,,,,18:44:26,1.00,3225,13.1,0017.2
,,,,,18:44:27,0.99,3238,12.9,0016.9
,,,,,18:44:28,0.99,3251,13.2,0016.6
,,,,,18:44:29,0.99,3264,12.9,0016.7
,,,,,18:44:30,0.99,3277,13.2,0017.0
,,,,,18:44:31,0.99,3290,12.9,0016.8
,,,,,18:44:32,0.99,3303,13.2,0016.5
,,,,,18:44:33,0.99,3316,12.9,0016.6
,,,,,18:44:34,0.99,3329,13.2,0016.8
,,,,,18:44:35,0.99,3342,12.9,0016.8
,,,,,18:44:36,1.00,3355,13.2,0017.1
,,,,,18:44:37,0.99,3368,12.9,0017.1
,,,,,18:44:38,0.99,3381,13.1,0016.7
,,,,,18:44:39,0.99,3394,13.0,0016.7
,,,,,18:44:40,0.99,3407,13.1,0016.9
,,,,,18:44:41,0.99,3420,13.2,0017.2
,,,,,18:44:42,0.99,3433,12.9,0017.1
,,,,,18:44:43,0.99,3446,13.2,0016.4
,,,,,18:44:44,1.00,3459,12.9,0016.5
,,,,,18:44:45,0.99,3472,13.2,0016.6
,,,,,18:44:46,0.99,3485,12.9,0016.9
,,,,,18:44:47,0.99,3498,13.2,0016.7
,,,,,18:44:48,0.99,3512,12.9,0016.2
,,,,,18:44:49,0.99,3524,13.2,0016.2
,,,,,18:44:50,0.99,3538,12.9,0016.1
,,,,,18:44:51,0.99,3551,13.1,0016.6
,,,,,18:44:52,0.99,3564,13.2,0016.4
,,,,,18:44:53,0.99,3577,12.9,0016.4
,,,,,18:44:54,0.99,3590,13.2,0016.3
,,,,,18:44:55,0.99,3603,12.9,0016.4
,,,,,18:44:56,0.99,3616,13.2,0017.1
,,,,,18:44:57,0.99,3629,13.0,0017.0
,,,,,18:44:58,0.99,3642,13.1,0017.1
,,,,,18:44:59,0.99,3655,13.0,0016.5
,,,,,18:45:00,0.99,3668,13.1,0016.5
,,,,,18:45:01,0.99,3681,13.0,0016.8
,,,,,18:45:02,0.99,3694,13.1,0016.9
,,,,,18:45:03,0.99,3707,13.2,0017.0
,,,,,18:45:04,0.99,3720,12.9,0016.5
,,,,,18:45:05,0.99,3733,13.2,0016.2
,,,,,18:45:06,0.99,3746,12.9,0016.3
,,,,,18:45:07,0.99,3759,13.2,0016.9
,,,,,18:45:08,0.99,3772,12.9,0016.5
,,,,,18:45:09,0.99,3785,13.2,0016.5
,,,,,18:45:10,0.99,3798,12.9,0016.6
,,,,,18:45:11,0.99,3811,13.2,0016.6
,,,,,18:45:12,0.99,3825,12.9,0016.7
,,,,,18:45:13,0.99,3837,13.2,0016.7
,,,,,18:45:14,0.99,3851,12.9,0016.7
,,,,,18:45:15,0.99,3864,13.2,0016.5
,,,,,18:45:16,0.99,3877,13.1,0015.8
,,,,,18:45:17,0.99,3890,13.0,0015.9
,,,,,18:45:18,1.00,3903,13.1,0016.1
,,,,,18:45:19,1.00,3916,13.0,0016.3
,,,,,18:45:20,1.00,3929,13.2,0016.7
,,,,,18:45:21,1.00,3942,13.1,0016.8
,,,,,18:45:22,0.99,3955,13.3,0016.8
,,,,,18:45:23,0.99,3968,13.2,0016.5
,,,,,18:45:24,0.99,3982,13.4,0016.9
,,,,,18:45:25,0.99,3995,13.4,0017.0
,,,,,18:45:26,0.99,4008,13.4,0016.9
,,,,,18:45:27,0.99,4022,13.6,0017.2
,,,,,18:45:28,0.99,4035,13.5,0017.9
,,,,,18:45:29,0.99,4049,13.5,0017.2
,,,,,18:45:30,0.99,4062,13.6,0016.9
,,,,,18:45:31,0.99,4076,13.8,0017.7
,,,,,18:45:32,0.99,4090,13.5,0017.3
,,,,,18:45:33,0.99,4103,13.8,0016.8
,,,,,18:45:34,0.99,4117,13.6,0016.6
,,,,,18:45:35,1.00,4131,13.9,0017.0
,,,,,18:45:36,1.00,4145,13.9,0017.3
,,,,,18:45:37,0.99,4158,13.9,0017.5
,,,,,18:45:38,0.99,4172,14.0,0017.2
,,,,,18:45:39,1.00,4186,14.0,0017.3
,,,,,18:45:40,1.00,4200,14.0,0018.0
,,,,,18:45:41,0.99,4214,14.0,0018.4
,,,,,18:45:42,0.99,4228,13.9,0018.6
,,,,,18:45:43,0.99,4242,14.0,0018.9
,,,,,18:45:44,0.99,4256,14.0,0017.7
,,,,,18:45:45,0.99,4270,14.0,0017.0
,,,,,18:45:46,0.99,4284,13.9,0017.5
,,,,,18:45:47,0.99,4298,14.1,0017.2
,,,,,18:45:48,1.00,4312,13.9,0017.8
,,,,,18:45:49,1.00,4326,14.1,0018.1
,,,,,18:45:50,1.00,4340,13.9,0018.1
,,,,,18:45:51,1.00,4354,13.9,0018.7
,,,,,18:45:52,0.99,4368,14.1,0018.7
,,,,,18:45:53,0.99,4382,13.9,0017.6
,,,,,18:45:54,0.99,4396,14.0,0016.8
,,,,,18:45:55,0.99,4410,14.0,0017.1
,,,,,18:45:56,0.99,4424,14.0,0017.3
,,,,,18:45:57,0.99,4438,14.0,0017.8
,,,,,18:45:58,0.99,4452,13.9,0018.3
,,,,,18:45:59,0.99,4466,14.0,0018.3
,,,,,18:46:00,0.99,4480,14.0,0018.5
,,,,,18:46:01,0.99,4494,14.0,0018.1
,,,,,18:46:02,1.00,4508,14.0,0017.5
,,,,,18:46:03,0.99,4522,14.0,0017.3
,,,,,18:46:04,0.99,4536,14.0,0017.1
,,,,,18:46:05,0.99,4550,13.9,0017.1
,,,,,18:46:06,0.99,4564,14.0,0017.9
,,,,,18:46:07,0.99,4578,14.0,0018.5
,,,,,18:46:08,0.99,4592,14.0,0018.4
,,,,,18:46:09,0.99,4606,14.0,0017.9
,,,,,18:46:10,0.99,4620,14.0,0017.0
,,,,,18:46:11,0.99,4634,14.0,0016.9
,,,,,18:46:12,0.99,4648,13.9,0017.0
,,,,,18:46:13,0.99,4662,14.1,0017.8
,,,,,18:46:14,0.99,4676,13.9,0018.6
,,,,,18:46:15,0.99,4690,14.1,0018.5
,,,,,18:46:16,0.99,4704,13.9,0017.5
,,,,,18:46:17,0.99,4718,14.0,0017.2
,,,,,18:46:18,1.00,4732,14.0,0017.0
,,,,,18:46:19,0.99,4746,14.0,0017.1
,,,,,18:46:20,0.99,4760,14.0,0018.0
,,,,,18:46:21,0.99,4774,14.0,0018.4
,,,,,18:46:22,0.99,4788,13.9,0018.1
,,,,,18:46:23,0.99,4802,14.1,0017.8
,,,,,18:46:24,0.99,4816,13.9,0016.7
,,,,,18:46:25,0.99,4830,14.1,0016.9
,,,,,18:46:26,0.99,4844,14.0,0018.4
,,,,,18:46:27,0.99,4858,14.4,0018.0
,,,,,18:46:28,0.99,4872,14.2,0017.9
,,,,,18:46:29,0.99,4886,14.4,0018.3
,,,,,18:46:30,0.99,4901,14.3,0017.7
,,,,,18:46:31,0.99,4915,14.4,0018.1
,,,,,18:46:32,0.99,4929,14.3,0018.3
,,,,,18:46:33,0.99,4944,14.5,0018.8
,,,,,18:46:34,0.99,4958,14.6,0018.9
,,,,,18:46:35,0.99,4973,14.5,0018.8
,,,,,18:46:36,0.99,4987,14.6,0018.5
,,,,,18:46:37,0.99,5002,14.5,0018.5
,,,,,18:46:38,0.99,5016,14.6,0019.1
,,,,,18:46:39,0.99,5031,14.7,0019.0
,,,,,18:46:40,0.99,5046,14.7,0018.4
,,,,,18:46:41,0.99,5060,14.6,0018.8
,,,,,18:46:42,0.99,5075,14.7,0018.7
,,,,,18:46:43,0.99,5090,14.8,0018.8
,,,,,18:46:44,0.99,5105,14.6,0018.8
,,,,,18:46:45,0.99,5119,14.8,0018.9
,,,,,18:46:46,0.99,5134,14.8,0019.0
,,,,,18:46:47,0.99,5149,15.0,0019.4
,,,,,18:46:48,0.99,5164,14.7,0019.1
,,,,,18:46:49,0.99,5178,14.8,0019.6
,,,,,18:46:50,1.00,5193,15.0,0019.1
,,,,,18:46:51,1.00,5208,15.0,0019.2
,,,,,18:46:52,0.99,5223,15.0,0020.2
,,,,,18:46:53,0.99,5238,15.2,0019.7
,,,,,18:46:54,0.99,5253,15.0,0019.3
,,,,,18:46:55,0.99,5268,15.1,0019.9
,,,,,18:46:56,0.99,5283,15.0,0019.6
,,,,,18:46:57,0.99,5298,15.1,0019.1
,,,,,18:46:58,0.99,5313,15.0,0019.1
,,,,,18:46:59,0.99,5328,15.0,0020.0
,,,,,18:47:00,0.99,5343,15.1,0019.4
,,,,,18:47:01,0.99,5358,15.0,0018.8
,,,,,18:47:02,0.99,5373,15.2,0019.3
,,,,,18:47:03,0.99,5389,15.0,0019.8
,,,,,18:47:04,0.99,5404,15.1,0018.7
,,,,,18:47:05,1.00,5419,15.0,0019.4
,,,,,18:47:06,0.99,5434,15.1,0019.3
,,,,,18:47:07,0.99,5449,15.0,0019.3
,,,,,18:47:08,0.99,5464,15.1,0019.0
,,,,,18:47:09,0.99,5479,15.0,0019.4
,,,,,18:47:10,0.99,5494,15.1,0019.7
,,,,,18:47:11,0.99,5509,15.0,0019.7
,,,,,18:47:12,0.99,5524,15.2,0019.3
,,,,,18:47:13,0.99,5539,15.0,0019.9
,,,,,18:47:14,0.99,5554,15.1,0019.5
,,,,,18:47:15,0.99,5569,15.0,0018.9
,,,,,18:47:16,0.99,5584,15.1,0019.2
,,,,,18:47:17,0.99,5599,15.0,0020.1
,,,,,18:47:18,0.99,5614,15.1,0019.6
,,,,,18:47:19,0.99,5629,15.0,0018.9
,,,,,18:47:20,0.99,5644,15.1,0019.6
,,,,,18:47:21,0.99,5659,15.1,0019.8
,,,,,18:47:22,0.99,5674,15.1,0019.4
,,,,,18:47:23,0.99,5689,15.0,0019.4
,,,,,18:47:24,0.99,5704,15.1,0019.8
,,,,,18:47:25,0.99,5719,15.0,0019.2
,,,,,18:47:26,0.99,5734,15.1,0018.8
,,,,,18:47:27,0.99,5749,15.0,0019.6
,,,,,18:47:28,0.99,5764,15.1,0020.3
,,,,,18:47:29,0.99,5779,15.0,0019.3
,,,,,18:47:30,0.99,5794,15.2,0018.9
,,,,,18:47:31,0.99,5809,15.0,0019.4
,,,,,18:47:32,0.99,5824,15.1,0020.0
,,,,,18:47:33,0.99,5839,15.0,0019.5
,,,,,18:47:34,0.99,5854,15.1,0018.7
,,,,,18:47:35,0.99,5869,15.0,0019.4
,,,,,18:47:36,0.99,5884,15.1,0019.6
,,,,,18:47:37,0.99,5899,15.1,0018.9
,,,,,18:47:38,0.99,5914,15.1,0019.0
,,,,,18:47:39,0.99,5929,15.0,0019.7
,,,,,18:47:40,0.99,5944,15.1,0019.0
,,,,,18:47:41,0.99,5960,15.0,0018.8
,,,,,18:47:42,0.99,5974,15.1,0019.7
,,,,,18:47:43,0.99,5990,15.1,0019.8
,,,,,18:47:44,0.99,6005,15.0,0019.2
,,,,,18:47:45,0.99,6020,15.1,0018.6
,,,,,18:47:46,0.99,6035,15.1,0019.6
,,,,,18:47:47,0.99,6050,15.1,0019.9
,,,,,18:47:48,1.00,6065,15.0,0019.3
,,,,,18:47:49,1.00,6080,15.1,0018.9
,,,,,18:47:50,1.00,6095,15.0,0019.8
,,,,,18:47:51,0.99,6110,15.1,0019.7
,,,,,18:47:52,0.99,6125,15.0,0018.7
,,,,,18:47:53,0.99,6140,15.1,0019.6
,,,,,18:47:54,0.99,6155,15.1,0019.5
,,,,,18:47:55,0.99,6170,15.1,0019.1
,,,,,18:47:56,0.99,6185,15.0,0018.9
,,,,,18:47:57,0.99,6200,15.1,0019.7
,,,,,18:47:58,0.99,6215,15.1,0020.0
,,,,,18:47:59,0.99,6230,15.0,0018.8
,,,,,18:48:00,0.99,6245,15.1,0019.3
,,,,,18:48:01,0.99,6260,15.0,0019.5
,,,,,18:48:02,0.99,6275,15.2,0019.6
,,,,,18:48:03,0.99,6290,15.0,0019.2
,,,,,18:48:04,0.99,6305,15.1,0019.1
,,,,,18:48:05,0.99,6320,15.0,0019.7
,,,,,18:48:06,0.99,6335,15.1,0019.7
,,,,,18:48:07,0.99,6350,15.1,0018.9
,,,,,18:48:08,0.99,6365,15.0,0019.3
,,,,,18:48:09,0.99,6380,15.1,0019.8
,,,,,18:48:10,0.99,6395,15.0,0018.6
,,,,,18:48:11,0.99,6410,15.2,0018.8
,,,,,18:48:12,0.99,6426,15.0,0019.2
,,,,,18:48:13,0.99,6441,15.1,0019.5
,,,,,18:48:14,0.99,6456,15.0,0018.8
,,,,,18:48:15,1.00,6471,15.1,0018.8
,,,,,18:48:16,0.99,6486,15.0,0020.1
,,,,,18:48:17,0.99,6501,15.1,0019.7
,,,,,18:48:18,0.99,6516,15.1,0019.1
,,,,,18:48:19,0.99,6531,15.1,0019.4
,,,,,18:48:20,0.99,6546,15.1,0019.8
,,,,,18:48:21,0.99,6561,15.0,0019.3
,,,,,18:48:22,0.99,6576,15.1,0019.0
,,,,,18:48:23,0.99,6591,15.1,0019.1
,,,,,18:48:24,0.99,6606,15.0,0019.5
,,,,,18:48:25,0.99,6621,15.1,0018.7
,,,,,18:48:26,0.99,6636,15.0,0018.6
,,,,,18:48:27,0.99,6651,15.1,0019.6
,,,,,18:48:28,0.99,6666,15.2,0019.2
,,,,,18:48:29,0.99,6681,15.0,0018.9
,,,,,18:48:30,0.99,6696,14.9,0018.7
,,,,,18:48:31,0.99,6711,15.8,0022.5
,,,,,18:48:32,0.99,6727,17.9,0023.3
,,,,,18:48:33,0.99,6745,18.5,0024.3
,,,,,18:48:34,0.99,6763,17.9,0024.5
,,,,,18:48:35,0.99,6781,17.6,0023.2
,,,,,18:48:36,0.99,6799,17.2,0022.4
,,,,,18:48:37,0.99,6816,16.6,0021.6
,,,,,18:48:38,0.99,6833,16.2,0022.0
,,,,,18:48:39,0.99,6849,16.2,0022.2
,,,,,18:48:40,0.99,6865,16.1,0022.0
,,,,,18:48:41,0.99,6881,16.1,0021.6
,,,,,18:48:42,0.99,6897,16.1,0022.0
,,,,,18:48:43,0.99,6913,16.1,0020.7
,,,,,18:48:44,1.00,6930,16.2,0020.8
,,,,,18:48:45,1.00,6946,16.1,0020.6
,,,,,18:48:46,0.99,6962,16.1,0020.6
,,,,,18:48:47,0.99,6978,16.0,0020.6
,,,,,18:48:48,0.99,6994,16.5,0021.7
,,,,,18:48:49,0.99,7010,16.4,0021.3
,,,,,18:48:50,0.99,7027,15.5,0019.2
,,,,,18:48:51,0.99,7042,15.1,0018.9
,,,,,18:48:52,0.99,7057,15.5,0019.0
,,,,,18:48:53,0.99,7073,15.2,0018.5
,,,,,18:48:54,0.99,7088,15.5,0018.2
,,,,,18:48:55,0.99,7104,15.5,0018.9
,,,,,18:48:56,0.99,7119,15.5,0018.4
,,,,,18:48:57,0.99,7135,15.6,0018.1
,,,,,18:48:58,0.99,7150,15.7,0018.7
,,,,,18:48:59,0.99,7166,15.7,0019.3
,,,,,18:49:00,0.99,7182,16.1,0020.0
,,,,,18:49:01,0.99,7198,16.0,0021.3
,,,,,18:49:02,0.99,7214,16.4,0021.7
,,,,,18:49:03,0.99,7230,17.3,0022.9
,,,,,18:49:04,0.99,7248,17.5,0023.6
,,,,,18:49:05,0.99,7265,17.6,0023.7
,,,,,18:49:06,0.99,7283,17.3,0022.3
,,,,,18:49:07,0.99,7300,16.9,0021.6
,,,,,18:49:08,0.99,7317,17.1,0022.0
,,,,,18:49:09,0.99,7334,17.1,0024.0
,,,,,18:49:10,0.99,7351,17.0,0023.8
,,,,,18:49:11,0.99,7368,17.0,0023.8
,,,,,18:49:12,0.99,7385,17.1,0023.7
,,,,,18:49:13,0.99,7402,17.0,0023.0
,,,,,18:49:14,0.99,7419,17.1,0022.2
,,,,,18:49:15,0.99,7436,17.1,0021.8
,,,,,18:49:16,0.99,7454,17.1,0023.5
,,,,,18:49:17,0.99,7471,17.1,0024.3
,,,,,18:49:18,0.99,7488,17.0,0023.9
,,,,,18:49:19,0.99,7505,17.1,0022.9
,,,,,18:49:20,0.99,7522,17.1,0022.2
,,,,,18:49:21,0.99,7539,17.0,0022.6
,,,,,18:49:22,1.00,7556,17.3,0023.4
,,,,,18:49:23,0.99,7574,17.1,0023.6
,,,,,18:49:24,0.99,7591,17.1,0023.2
,,,,,18:49:25,1.00,7608,17.0,0023.0
,,,,,18:49:26,0.99,7625,17.1,0022.6
,,,,,18:49:27,0.99,7642,17.3,0023.0
,,,,,18:49:28,0.99,7659,17.1,0023.0
,,,,,18:49:29,0.99,7676,17.1,0022.9
,,,,,18:49:30,0.99,7694,17.1,0022.1
,,,,,18:49:31,0.99,7711,17.1,0022.5
,,,,,18:49:32,0.99,7728,17.1,0023.9
,,,,,18:49:33,0.99,7745,17.3,0023.0
,,,,,18:49:34,0.99,7762,17.1,0022.9
,,,,,18:49:35,0.99,7779,17.1,0022.0
,,,,,18:49:36,0.99,7796,17.3,0022.3
,,,,,18:49:37,1.00,7814,17.1,0024.1
,,,,,18:49:38,1.00,7831,17.1,0022.6
,,,,,18:49:39,1.00,7848,17.1,0021.9
,,,,,18:49:40,0.99,7865,17.3,0023.4
,,,,,18:49:41,0.99,7882,17.1,0023.5
,,,,,18:49:42,0.99,7900,17.3,0023.1
,,,,,18:49:43,0.99,7917,17.1,0022.2
,,,,,18:49:44,1.00,7934,17.3,0022.9
,,,,,18:49:45,0.99,7951,17.3,0023.0
,,,,,18:49:46,0.99,7969,17.3,0022.5
,,,,,18:49:47,0.99,7986,17.3,0021.7
,,,,,18:49:48,0.99,8003,17.1,0022.3
,,,,,18:49:49,0.99,8020,17.3,0023.3
,,,,,18:49:50,0.99,8037,17.1,0022.3
,,,,,18:49:51,0.99,8055,17.3,0022.8
,,,,,18:49:52,0.99,8072,17.3,0023.6
,,,,,18:49:53,0.99,8089,17.1,0022.6
,,,,,18:49:54,0.99,8106,17.3,0022.8
,,,,,18:49:55,0.99,8124,17.1,0023.1
,,,,,18:49:56,0.99,8141,17.3,0023.7
,,,,,18:49:57,1.00,8158,17.3,0022.3
,,,,,18:49:58,1.00,8175,17.1,0021.7
,,,,,18:49:59,0.99,8192,17.3,0023.5
,,,,,18:50:00,0.99,8210,17.3,0023.0
,,,,,18:50:01,0.99,8227,17.3,0021.6
,,,,,18:50:02,0.99,8244,17.3,0022.6
,,,,,18:50:03,1.00,8261,17.3,0022.5
,,,,,18:50:04,1.00,8279,17.5,0021.5
,,,,,18:50:05,1.00,8296,17.5,0022.3
,,,,,18:50:06,1.00,8314,17.4,0022.8
,,,,,18:50:07,0.99,8331,17.5,0022.4
,,,,,18:50:08,0.99,8349,17.3,0022.0
,,,,,18:50:09,0.99,8366,17.5,0021.7
,,,,,18:50:10,0.99,8383,17.5,0022.8
,,,,,18:50:11,0.99,8401,17.3,0023.0
,,,,,18:50:12,0.99,8418,17.5,0022.2
,,,,,18:50:13,0.99,8436,17.3,0022.5
,,,,,18:50:14,0.99,8453,17.5,0021.9
,,,,,18:50:15,0.99,8470,17.4,0022.9
,,,,,18:50:16,0.99,8488,17.4,0021.7
,,,,,18:50:17,1.00,8505,17.5,0021.1
,,,,,18:50:18,0.99,8523,17.3,0021.7
,,,,,18:50:19,0.99,8540,17.5,0022.3
,,,,,18:50:20,0.99,8557,17.5,0021.8
,,,,,18:50:21,0.99,8575,17.4,0021.2
,,,,,18:50:22,1.00,8592,17.4,0021.8
,,,,,18:50:23,0.99,8610,17.5,0021.4
,,,,,18:50:24,1.00,8627,17.5,0021.3
,,,,,18:50:25,1.00,8645,17.4,0022.3
,,,,,18:50:26,1.00,8662,17.4,0021.5
,,,,,18:50:27,0.99,8679,17.5,0022.1
,,,,,18:50:28,0.99,8697,17.5,0021.3
,,,,,18:50:29,0.99,8714,17.3,0023.3
,,,,,18:50:30,0.99,8732,17.5,0022.7
,,,,,18:50:31,0.99,8749,17.4,0022.3
,,,,,18:50:32,0.99,8767,17.4,0022.6
,,,,,18:50:33,0.99,8784,17.5,0023.5
,,,,,18:50:34,0.99,8801,17.4,0023.0
,,,,,18:50:35,0.99,8819,17.4,0021.5
,,,,,18:50:36,0.99,8836,17.5,0022.3
,,,,,18:50:37,0.99,8854,17.4,0022.1
,,,,,18:50:38,0.99,8871,17.5,0022.1
,,,,,18:50:39,0.99,8889,17.3,0021.4
,,,,,18:50:40,0.99,8906,17.4,0023.0
,,,,,18:50:41,0.99,8923,17.3,0022.3
,,,,,18:50:42,0.99,8941,17.4,0022.8
,,,,,18:50:43,0.99,8958,17.4,0022.9
,,,,,18:50:44,0.99,8975,17.3,0022.3
,,,,,18:50:45,0.99,8993,17.3,0022.5
,,,,,18:50:46,0.99,9010,17.3,0022.4
,,,,,18:50:47,0.99,9027,17.4,0022.0
,,,,,18:50:48,0.99,9044,17.3,0022.6
,,,,,18:50:49,0.99,9062,17.3,0022.5
,,,,,18:50:50,0.99,9079,17.4,0022.5
,,,,,18:50:51,1.00,9096,17.3,0022.9
,,,,,18:50:52,0.99,9114,17.3,0022.8
,,,,,18:50:53,0.99,9131,17.3,0021.7
,,,,,18:50:54,0.99,9148,17.3,0022.6
,,,,,18:50:55,0.99,9165,17.3,0022.9
,,,,,18:50:56,0.99,9183,17.3,0022.8
,,,,,18:50:57,0.99,9200,17.1,0022.8
,,,,,18:50:58,0.99,9217,17.4,0023.4
,,,,,18:50:59,0.99,9234,17.4,0023.6
,,,,,18:51:00,0.99,9252,17.5,0022.7
,,,,,18:51:01,0.99,9269,17.4,0023.2
,,,,,18:51:02,0.99,9287,17.6,0022.7
,,,,,18:51:03,0.99,9304,17.8,0022.8
,,,,,18:51:04,1.00,9322,17.6,0024.1
,,,,,18:51:05,1.00,9340,17.9,0024.2
,,,,,18:51:06,0.99,9358,17.6,0023.0
,,,,,18:51:07,0.99,9375,17.8,0023.5
,,,,,18:51:08,0.99,9393,17.9,0023.7
,,,,,18:51:09,0.99,9411,17.8,0024.5
,,,,,18:51:10,0.99,9429,17.9,0024.2
,,,,,18:51:11,0.99,9447,17.9,0022.8
,,,,,18:51:12,0.99,9465,17.8,0024.1
,,,,,18:51:13,0.99,9482,17.8,0024.2
,,,,,18:51:14,0.99,9500,17.9,0024.9
,,,,,18:51:15,0.99,9518,17.9,0023.5
,,,,,18:51:16,0.99,9536,17.9,0023.6
,,,,,18:51:17,0.99,9554,17.8,0025.0
,,,,,18:51:18,0.99,9572,17.9,0024.7
,,,,,18:51:19,0.99,9590,17.9,0024.0
,,,,,18:51:20,0.99,9607,17.9,0023.2
,,,,,18:51:21,0.99,9625,18.2,0023.2
,,,,,18:51:22,0.99,9644,17.8,0024.5
,,,,,18:51:23,0.99,9661,18.2,0025.2
,,,,,18:51:24,0.99,9680,17.9,0024.9
,,,,,18:51:25,0.99,9697,18.1,0023.5
,,,,,18:51:26,0.99,9716,18.0,0024.4
,,,,,18:51:27,0.99,9734,18.1,0024.3
,,,,,18:51:28,0.99,9752,18.1,0024.0
,,,,,18:51:29,0.99,9770,18.2,0024.7
,,,,,18:51:30,0.99,9788,18.2,0024.5
,,,,,18:51:31,0.99,9806,18.0,0024.0
,,,,,18:51:32,0.99,9824,18.2,0024.2
,,,,,18:51:33,0.99,9842,18.2,0024.7
,,,,,18:51:34,0.99,9861,18.1,0025.3
,,,,,18:51:35,0.99,9879,18.3,0024.5
,,,,,18:51:36,0.99,9897,18.1,0024.3
,,,,,18:51:37,0.99,9915,18.2,0024.9
,,,,,18:51:38,0.99,9933,18.0,0025.1
,,,,,18:51:39,0.99,9951,18.2,0024.8
,,,,,18:51:40,0.99,9969,18.2,0024.8
,,,,,18:51:41,0.99,9988,18.2,0024.5
,,,,,18:51:42,0.99,10006,18.2,0024.9
,,,,,18:51:43,0.99,10024,18.2,0024.7
,,,,,18:51:44,0.99,10042,18.1,0024.7
,,,,,18:51:45,1.00,10060,18.2,0024.6
,,,,,18:51:46,1.00,10078,18.2,0024.9
,,,,,18:51:47,1.00,10097,18.2,0024.6
,,,,,18:51:48,0.99,10115,18.2,0023.9
,,,,,18:51:49,0.99,10133,18.0,0025.1
,,,,,18:51:50,0.99,10151,18.1,0024.6
,,,,,18:51:51,0.99,10169,17.9,0023.5
,,,,,18:51:52,0.99,10187,17.9,0023.8
,,,,,18:51:53,0.99,10205,18.0,0024.8
,,,,,18:51:54,0.99,10223,17.9,0025.1
,,,,,18:51:55,0.99,10241,17.9,0024.7
,,,,,18:51:56,0.99,10259,18.1,0024.0
,,,,,18:51:57,0.99,10277,17.9,0023.9
,,,,,18:51:58,0.99,10295,17.9,0024.2
,,,,,18:51:59,0.99,10313,18.0,0024.5
,,,,,18:52:00,0.99,10331,18.1,0025.2
,,,,,18:52:01,0.99,10349,17.9,0024.2
,,,,,18:52:02,0.99,10367,17.9,0024.6
,,,,,18:52:03,0.99,10385,18.0,0023.5
,,,,,18:52:04,0.99,10403,18.1,0023.7
,,,,,18:52:05,0.99,10421,17.9,0023.5
,,,,,18:52:06,0.99,10439,17.9,0025.0
,,,,,18:52:07,0.99,10457,17.9,0024.5
,,,,,18:52:08,0.99,10475,18.2,0023.8
,,,,,18:52:09,0.99,10493,17.9,0024.0
,,,,,18:52:10,0.99,10511,18.0,0024.0
,,,,,18:52:11,1.00,10529,17.9,0024.3
,,,,,18:52:12,0.99,10547,18.1,0024.2
,,,,,18:52:13,0.99,10565,17.9,0024.2
,,,,,18:52:14,0.99,10583,18.0,0024.3
,,,,,18:52:15,0.99,10601,17.9,0024.4
,,,,,18:52:16,0.99,10619,18.1,0023.8
,,,,,18:52:17,0.99,10637,17.9,0024.2
,,,,,18:52:18,0.99,10655,17.9,0025.2
,,,,,18:52:19,0.99,10673,18.2,0023.6
,,,,,18:52:20,0.99,10691,17.9,0023.3
,,,,,18:52:21,0.99,10709,17.9,0024.2
,,,,,18:52:22,0.99,10727,17.9,0024.0
,,,,,18:52:23,0.99,10745,18.2,0024.9
,,,,,18:52:24,0.99,10763,17.9,0023.8
,,,,,18:52:25,0.99,10781,17.9,0024.7
,,,,,18:52:26,0.99,10799,18.2,0024.5
,,,,,18:52:27,0.99,10817,17.9,0023.9
,,,,,18:52:28,0.99,10835,17.9,0023.9
,,,,,18:52:29,0.99,10853,18.2,0023.5
,,,,,18:52:30,0.99,10871,17.9,0025.0
,,,,,18:52:31,0.99,10889,17.9,0023.8
,,,,,18:52:32,0.99,10907,17.9,0024.0
,,,,,18:52:33,0.99,10925,18.0,0023.2
,,,,,18:52:34,0.99,10943,18.1,0023.6
,,,,,18:52:35,0.99,10961,18.0,0024.8
,,,,,18:52:36,0.99,10979,17.9,0024.4
,,,,,18:52:37,0.99,10997,17.9,0024.0
,,,,,18:52:38,0.99,11015,18.1,0024.3
,,,,,18:52:39,0.99,11033,18.0,0025.4
,,,,,18:52:40,0.99,11051,17.9,0024.8
,,,,,18:52:41,0.99,11069,18.1,0024.2
,,,,,18:52:42,0.99,11087,18.0,0024.5
,,,,,18:52:43,0.99,11105,17.9,0024.6
,,,,,18:52:44,0.99,11123,17.9,0024.9
,,,,,18:52:45,0.99,11141,18.2,0024.6
,,,,,18:52:46,0.99,11159,17.9,0024.4
,,,,,18:52:47,0.99,11177,17.9,0023.9
,,,,,18:52:48,0.99,11195,18.2,0023.7
,,,,,18:52:49,0.99,11213,17.9,0023.8
,,,,,18:52:50,0.99,11231,17.9,0023.6
,,,,,18:52:51,0.99,11249,18.0,0024.3
,,,,,18:52:52,0.99,11267,18.1,0024.4
,,,,,18:52:53,0.99,11285,17.9,0023.7
,,,,,18:52:54,0.99,11303,17.9,0024.2
,,,,,18:52:55,0.99,11321,17.9,0024.8
,,,,,18:52:56,0.99,11339,18.1,0024.2
,,,,,18:52:57,0.99,11357,18.0,0024.4
,,,,,18:52:58,0.99,11375,17.9,0024.2
,,,,,18:52:59,0.99,11393,17.9,0024.5
,,,,,18:53:00,0.99,11411,18.2,0023.8
,,,,,18:53:01,0.99,11429,17.9,0023.3
,,,,,18:53:02,0.99,11447,17.9,0023.8
,,,,,18:53:03,0.99,11465,18.2,0024.4
,,,,,18:53:04,0.99,11483,17.9,0024.5
,,,,,18:53:05,0.99,11501,17.9,0024.5
,,,,,18:53:06,0.99,11519,18.0,0024.2
,,,,,18:53:07,0.99,11537,18.1,0024.8
,,,,,18:53:08,0.99,11555,17.9,0024.0
,,,,,18:53:09,0.99,11573,18.0,0024.0
,,,,,18:53:10,0.99,11591,18.1,0023.8
,,,,,18:53:11,0.99,11609,17.9,0024.5
,,,,,18:53:12,0.99,11627,17.9,0023.4
,,,,,18:53:13,0.99,11645,17.9,0024.0
,,,,,18:53:14,1.00,11663,18.2,0024.1
,,,,,18:53:15,1.00,11681,17.9,0024.1
,,,,,18:53:16,1.00,11699,18.0,0024.2
,,,,,18:53:17,0.99,11717,18.1,0024.6
,,,,,18:53:18,0.99,11735,18.0,0023.4
,,,,,18:53:19,0.99,11753,17.9,0022.7
,,,,,18:53:20,0.99,11771,18.2,0023.5
,,,,,18:53:21,0.99,11789,17.9,0024.8
,,,,,18:53:22,0.99,11807,17.9,0024.7
,,,,,18:53:23,0.99,11825,17.9,0024.3
,,,,,18:53:24,0.99,11843,18.2,0023.2
,,,,,18:53:25,0.99,11861,17.9,0023.9
,,,,,18:53:26,0.99,11879,17.9,0024.2
,,,,,18:53:27,0.99,11897,18.1,0025.0
,,,,,18:53:28,0.99,11915,18.0,0024.6
,,,,,18:53:29,0.99,11933,17.9,0024.5
,,,,,18:53:30,0.99,11951,18.0,0024.0
,,,,,18:53:31,0.99,11969,17.9,0023.7
,,,,,18:53:32,0.99,11987,18.1,0023.9
,,,,,18:53:33,0.99,12005,17.9,0024.7
,,,,,18:53:34,0.99,12023,18.0,0024.5
,,,,,18:53:35,0.99,12041,18.1,0024.9
,,,,,18:53:36,0.99,12059,18.0,0024.4
,,,,,18:53:37,0.99,12077,17.9,0024.3
,,,,,18:53:38,0.99,12095,18.1,0024.4
,,,,,18:53:39,0.99,12113,17.9,0024.9
,,,,,18:53:40,0.99,12131,18.0,0024.0
,,,,,18:53:41,0.99,12149,18.1,0024.2
,,,,,18:53:42,0.99,12167,18.0,0024.9
,,,,,18:53:43,1.00,12185,17.9,0024.5
,,,,,18:53:44,0.99,12203,18.1,0024.5
,,,,,18:53:45,0.99,12221,18.0,0024.5
,,,,,18:53:46,0.99,12239,17.9,0024.5
,,,,,18:53:47,0.99,12257,18.0,0023.8
,,,,,18:53:48,0.99,12275,18.1,0024.3
,,,,,18:53:49,0.99,12293,17.9,0024.3
,,,,,18:53:50,0.99,12311,18.2,0024.5
,,,,,18:53:51,0.99,12329,17.9,0024.1
,,,,,18:53:52,0.99,12347,17.9,0025.2
,,,,,18:53:53,0.99,12365,18.2,0024.0
,,,,,18:53:54,0.99,12383,18.0,0024.6
,,,,,18:53:55,0.99,12401,17.9,0024.5
,,,,,18:53:56,0.99,12419,18.1,0025.1
,,,,,18:53:57,0.99,12437,18.0,0024.4
,,,,,18:53:58,0.99,12455,17.9,0024.5
,,,,,18:53:59,0.99,12473,18.2,0024.2
,,,,,18:54:00,0.99,12491,17.9,0025.0
,,,,,18:54:01,0.99,12509,18.0,0023.7
,,,,,18:54:02,0.99,12527,18.1,0024.8
,,,,,18:54:03,0.99,12545,18.0,0023.8
,,,,,18:54:04,0.99,12563,17.9,0024.4
,,,,,18:54:05,0.99,12581,18.1,0024.2
,,,,,18:54:06,0.99,12599,18.0,0024.0
,,,,,18:54:07,0.99,12618,18.1,0023.7
,,,,,18:54:08,0.99,12636,18.0,0024.1
,,,,,18:54:09,0.99,12654,17.9,0024.0
,,,,,18:54:10,0.99,12672,18.2,0023.9
,,,,,18:54:11,0.99,12690,17.9,0024.3
,,,,,18:54:12,0.99,12708,18.0,0024.2
,,,,,18:54:13,0.99,12726,18.1,0024.5
,,,,,18:54:14,0.99,12744,18.0,0024.9
,,,,,18:54:15,0.99,12762,17.9,0023.5
,,,,,18:54:16,0.99,12780,18.2,0023.1
,,,,,18:54:17,0.99,12798,17.9,0024.2
,,,,,18:54:18,0.99,12816,18.1,0024.9
,,,,,18:54:19,0.99,12834,18.0,0024.4
,,,,,18:54:20,0.99,12852,18.2,0023.7
,,,,,18:54:21,0.99,12870,17.9,0024.2
,,,,,18:54:22,0.99,12888,18.0,0024.8
,,,,,18:54:23,0.99,12906,18.1,0024.5
,,,,,18:54:24,0.99,12924,17.9,0024.2
,,,,,18:54:25,0.99,12942,18.0,0024.9
,,,,,18:54:26,0.99,12960,18.2,0024.4
,,,,,18:54:27,1.00,12978,17.9,0024.7
,,,,,18:54:28,1.00,12996,17.9,0024.1
,,,,,18:54:29,1.00,13014,18.2,0024.4
,,,,,18:54:30,0.99,13032,17.9,0024.3
,,,,,18:54:31,0.99,13050,17.9,0024.2
,,,,,18:54:32,0.99,13068,18.2,0024.3
,,,,,18:54:33,0.99,13086,17.9,0023.9
,,,,,18:54:34,0.99,13104,18.2,0024.0
,,,,,18:54:35,0.99,13123,17.9,0023.6
,,,,,18:54:36,0.99,13140,18.2,0024.7
,,,,,18:54:37,0.99,13159,17.9,0023.9
,,,,,18:54:38,0.99,13177,18.0,0024.5
,,,,,18:54:39,0.99,13195,18.1,0024.2
,,,,,18:54:40,0.99,13213,17.9,0024.4
,,,,,18:54:41,0.99,13231,18.0,0024.8
,,,,,18:54:42,0.99,13249,18.2,0024.2
,,,,,18:54:43,0.99,13267,17.9,0023.8
,,,,,18:54:44,0.99,13285,17.9,0024.5
,,,,,18:54:45,0.99,13303,18.2,0024.7
,,,,,18:54:46,0.99,13321,18.0,0023.6
,,,,,18:54:47,0.99,13339,18.1,0024.8
,,,,,18:54:48,0.99,13357,18.0,0023.9
,,,,,18:54:49,0.99,13375,18.1,0023.9
,,,,,18:54:50,0.99,13393,18.0,0025.2
,,,,,18:54:51,0.99,13411,17.9,0024.7
,,,,,18:54:52,0.99,13429,18.2,0024.6
,,,,,18:54:53,0.99,13447,18.0,0024.6
,,,,,18:54:54,0.99,13465,17.9,0024.4
,,,,,18:54:55,0.99,13483,18.2,0023.5
,,,,,18:54:56,0.99,13501,17.9,0023.5
,,,,,18:54:57,0.99,13519,18.2,0023.4
,,,,,18:54:58,0.99,13538,17.9,0024.1
,,,,,18:54:59,0.99,13555,18.2,0024.5
,,,,,18:55:00,0.99,13574,18.0,0023.7
,,,,,18:55:01,0.99,13592,17.9,0024.5
,,,,,18:55:02,0.99,13610,18.2,0024.5
,,,,,18:55:03,0.99,13628,17.9,0024.3
,,,,,18:55:04,0.99,13646,18.2,0023.6
,,,,,18:55:05,0.99,13664,17.9,0023.8
,,,,,18:55:06,0.99,13682,18.0,0024.2
,,,,,18:55:07,0.99,13700,18.1,0024.2
,,,,,18:55:08,0.99,13718,18.0,0024.1
,,,,,18:55:09,0.99,13736,18.1,0024.6
,,,,,18:55:10,0.99,13754,18.0,0024.0
,,,,,18:55:11,0.99,13772,18.2,0024.5
,,,,,18:55:12,0.99,13790,17.9,0024.3
,,,,,18:55:13,0.99,13808,18.2,0023.7
,,,,,18:55:14,0.99,13826,17.9,0024.5
,,,,,18:55:15,0.99,13844,18.0,0024.3
,,,,,18:55:16,0.99,13862,18.1,0023.8
,,,,,18:55:17,0.99,13880,18.0,0024.4
,,,,,18:55:18,0.99,13898,18.1,0024.6
,,,,,18:55:19,0.99,13917,18.0,0024.2
,,,,,18:55:20,0.99,13935,18.1,0024.7
,,,,,18:55:21,1.00,13953,18.0,0024.2
,,,,,18:55:22,1.00,13971,18.1,0023.8
,,,,,18:55:23,1.00,13989,18.0,0024.7
,,,,,18:55:24,0.99,14007,18.0,0024.6
,,,,,18:55:25,0.99,14025,18.1,0024.6
,,,,,18:55:26,0.99,14043,18.0,0023.7
,,,,,18:55:27,0.99,14061,18.1,0025.1
,,,,,18:55:28,0.99,14079,18.0,0024.4
,,,,,18:55:29,0.99,14097,18.2,0024.7
,,,,,18:55:30,0.99,14115,18.1,0024.2
,,,,,18:55:31,0.99,14133,18.0,0024.8
,,,,,18:55:32,0.99,14151,18.0,0023.7
,,,,,18:55:33,0.99,14169,18.1,0024.2
,,,,,18:55:34,1.00,14187,18.0,0023.9
,,,,,18:55:35,1.00,14205,18.1,0024.0
,,,,,18:55:36,0.99,14224,18.0,0023.9
,,,,,18:55:37,0.99,14242,18.2,0023.8
,,,,,18:55:38,0.99,14260,17.9,0024.7
,,,,,18:55:39,0.99,14278,18.2,0024.5
,,,,,18:55:40,0.99,14296,18.0,0024.5
,,,,,18:55:41,0.99,14314,18.1,0023.8
,,,,,18:55:42,0.99,14332,18.0,0023.8
,,,,,18:55:43,0.99,14350,18.2,0023.8
,,,,,18:55:44,0.99,14368,17.9,0023.6
,,,,,18:55:45,0.99,14386,18.0,0024.9
,,,,,18:55:46,0.99,14404,18.1,0024.3
,,,,,18:55:47,0.99,14422,18.2,0023.3
,,,,,18:55:48,0.99,14440,17.9,0023.8
,,,,,18:55:49,0.99,14458,18.2,0023.9
,,,,,18:55:50,0.99,14477,18.0,0024.6
,,,,,18:55:51,0.99,14495,18.1,0024.4
,,,,,18:55:52,0.99,14513,18.0,0024.1
,,,,,18:55:53,0.99,14531,18.2,0023.5
,,,,,18:55:54,0.99,14549,18.0,0023.5
,,,,,18:55:55,0.99,14567,18.1,0023.9
,,,,,18:55:56,0.99,14585,18.0,0024.8
,,,,,18:55:57,0.99,14603,18.2,0024.0
,,,,,18:55:58,0.99,14621,17.9,0024.8
,,,,,18:55:59,0.99,14639,18.2,0024.4
,,,,,18:56:00,0.99,14657,18.0,0024.1
,,,,,18:56:01,0.99,14675,18.1,0023.6
,,,,,18:56:02,0.99,14693,18.0,0024.2
,,,,,18:56:03,0.99,14711,18.2,0024.2
,,,,,18:56:04,0.99,14730,17.9,0023.7
,,,,,18:56:05,1.00,14748,18.2,0024.5
,,,,,18:56:06,1.00,14766,17.9,0024.6
,,,,,18:56:07,1.00,14784,18.2,0023.8
,,,,,18:56:08,0.99,14802,18.0,0024.7
,,,,,18:56:09,0.99,14820,18.2,0024.2
,,,,,18:56:10,0.99,14838,18.0,0024.1
,,,,,18:56:11,0.99,14856,18.1,0024.2
,,,,,18:56:12,0.99,14874,18.0,0024.2
,,,,,18:56:13,0.99,14892,18.2,0024.0
,,,,,18:56:14,0.99,14910,18.1,0023.9
,,,,,18:56:15,0.99,14928,18.0,0023.8
,,,,,18:56:16,0.99,14946,18.0,0024.2
,,,,,18:56:17,0.99,14965,18.2,0024.7
,,,,,18:56:18,0.99,14983,17.9,0024.5
,,,,,18:56:19,0.99,15001,18.2,0023.1
,,,,,18:56:20,0.99,15019,18.2,0023.7
,,,,,18:56:21,0.99,15037,17.9,0024.1
,,,,,18:56:22,0.99,15055,18.0,0024.5
,,,,,18:56:23,0.99,15073,18.2,0023.5
,,,,,18:56:24,0.99,15091,18.2,0024.2
,,,,,18:56:25,0.99,15109,17.9,0023.5
,,,,,18:56:26,0.99,15127,18.2,0024.6
,,,,,18:56:27,0.99,15145,18.0,0024.0
,,,,,18:56:28,0.99,15163,18.2,0023.6
,,,,,18:56:29,0.99,15182,17.9,0023.5
,,,,,18:56:30,0.99,15200,18.2,0024.4
,,,,,18:56:31,0.99,15218,18.0,0024.4
,,,,,18:56:32,0.99,15236,18.2,0024.4
,,,,,18:56:33,0.99,15254,18.1,0023.4
,,,,,18:56:34,0.99,15272,18.0,0024.2
,,,,,18:56:35,0.99,15290,18.2,0023.6
,,,,,18:56:36,0.99,15308,18.0,0024.3
,,,,,18:56:37,0.99,15326,18.2,0023.8
,,,,,18:56:38,0.99,15344,18.2,0023.0
,,,,,18:56:39,0.99,15363,17.9,0024.2
,,,,,18:56:40,0.99,15381,18.0,0024.8
,,,,,18:56:41,0.99,15399,18.2,0023.6
,,,,,18:56:42,0.99,15417,18.1,0023.6
,,,,,18:56:43,0.99,15435,18.0,0023.5
,,,,,18:56:44,0.99,15453,18.2,0023.2
,,,,,18:56:45,0.99,15471,18.0,0024.0
,,,,,18:56:46,0.99,15489,18.2,0023.2
,,,,,18:56:47,0.99,15507,18.1,0023.7
,,,,,18:56:48,0.99,15525,18.0,0024.7
,,,,,18:56:49,0.99,15543,18.2,0023.6
,,,,,18:56:50,0.99,15562,18.0,0023.6
,,,,,18:56:51,0.99,15580,18.2,0023.6
,,,,,18:56:52,0.99,15598,17.9,0023.4
,,,,,18:56:53,0.99,15616,18.2,0024.3
,,,,,18:56:54,1.00,15634,18.0,0024.7
,,,,,18:56:55,1.00,15652,18.2,0024.0
,,,,,18:56:56,0.99,15670,18.0,0024.1
,,,,,18:56:57,0.99,15688,18.1,0023.0
,,,,,18:56:58,0.99,15706,18.2,0024.1
,,,,,18:56:59,0.99,15724,18.0,0023.8
,,,,,18:57:00,0.99,15742,18.2,0024.6
,,,,,18:57:01,0.99,15761,18.0,0023.8
,,,,,18:57:02,0.99,15779,18.2,0023.0
,,,,,18:57:03,0.99,15797,18.2,0023.3
,,,,,18:57:04,0.99,15815,18.0,0024.1
,,,,,18:57:05,0.99,15833,18.2,0024.0
,,,,,18:57:06,0.99,15851,18.2,0024.0
,,,,,18:57:07,0.99,15869,18.0,0023.4
,,,,,18:57:08,0.99,15888,18.2,0024.2
,,,,,18:57:09,0.99,15906,18.0,0023.7
,,,,,18:57:10,0.99,15924,18.2,0023.7
,,,,,18:57:11,0.99,15942,18.0,0023.8
,,,,,18:57:12,0.99,15960,18.1,0023.6
,,,,,18:57:13,0.99,15978,18.2,0024.3
,,,,,18:57:14,0.99,15996,18.0,0023.4
,,,,,18:57:15,0.99,16014,18.2,0023.8
,,,,,18:57:16,0.99,16032,18.0,0024.0
,,,,,18:57:17,0.99,16050,18.2,0024.6
,,,,,18:57:18,0.99,16069,17.9,0024.9
,,,,,18:57:19,0.99,16087,18.3,0024.5
,,,,,18:57:20,0.99,16105,18.1,0024.9
,,,,,18:57:21,0.99,16123,18.0,0024.1
,,,,,18:57:22,0.99,16141,18.2,0023.5
,,,,,18:57:23,0.99,16159,18.2,0023.3
,,,,,18:57:24,0.99,16177,18.0,0024.9
,,,,,18:57:25,0.99,16195,18.2,0024.7
,,,,,18:57:26,0.99,16214,18.0,0024.1
,,,,,18:57:27,0.99,16232,18.2,0023.2
,,,,,18:57:28,0.99,16250,18.1,0023.8
,,,,,18:57:29,0.99,16268,18.0,0023.7
,,,,,18:57:30,0.99,16286,18.2,0024.7
,,,,,18:57:31,0.99,16304,18.2,0023.4
,,,,,18:57:32,0.99,16322,17.9,0023.6
,,,,,18:57:33,0.99,16340,18.2,0024.4
,,,,,18:57:34,0.99,16358,18.0,0024.2
,,,,,18:57:35,0.99,16376,18.2,0024.4
,,,,,18:57:36,0.99,16395,18.0,0024.3
,,,,,18:57:37,0.99,16413,18.2,0023.4
,,,,,18:57:38,0.99,16431,18.2,0024.3
,,,,,18:57:39,0.99,16449,18.0,0023.8
,,,,,18:57:40,0.99,16467,18.1,0023.6
,,,,,18:57:41,0.99,16485,18.2,0024.1
,,,,,18:57:42,0.99,16503,18.2,0024.3
,,,,,18:57:43,0.99,16521,18.0,0024.2
,,,,,18:57:44,0.99,16539,18.2,0023.2
,,,,,18:57:45,0.99,16558,18.2,0023.8
,,,,,18:57:46,0.99,16576,18.0,0024.0
,,,,,18:57:47,0.99,16594,18.2,0023.8
,,,,,18:57:48,0.99,16612,18.0,0024.0
,,,,,18:57:49,0.99,16630,18.2,0024.6
,,,,,18:57:50,0.99,16648,18.0,0024.2
,,,,,18:57:51,0.99,16666,18.2,0023.6
,,,,,18:57:52,0.99,16684,18.2,0023.5
,,,,,18:57:53,0.99,16703,17.9,0024.5
,,,,,18:57:54,0.99,16721,18.2,0024.2
,,,,,18:57:55,1.00,16739,18.2,0023.6
,,,,,18:57:56,1.00,16757,18.0,0023.8
,,,,,18:57:57,1.00,16775,18.2,0024.7
,,,,,18:57:58,0.99,16793,18.2,0024.4
,,,,,18:57:59,0.99,16811,18.2,0024.5
,,,,,18:58:00,0.99,16830,18.0,0024.4
,,,,,18:58:01,0.99,16848,18.2,0024.9
,,,,,18:58:02,0.99,16866,18.2,0024.7
,,,,,18:58:03,0.99,16884,18.0,0024.4
,,,,,18:58:04,0.99,16902,18.2,0024.5
,,,,,18:58:05,0.99,16920,18.2,0024.0
,,,,,18:58:06,1.00,16938,18.0,0024.8
,,,,,18:58:07,1.00,16956,18.1,0024.5
,,,,,18:58:08,0.99,16974,18.2,0024.6
,,,,,18:58:09,0.99,16993,18.0,0024.0
,,,,,18:58:10,0.99,17011,18.2,0023.9
,,,,,18:58:11,0.99,17029,18.0,0024.4
,,,,,18:58:12,0.99,17047,18.2,0024.0
,,,,,18:58:13,0.99,17065,18.2,0023.8
,,,,,18:58:14,0.99,17083,17.9,0023.9
,,,,,18:58:15,0.99,17101,18.3,0024.8
,,,,,18:58:16,0.99,17119,18.1,0023.8
,,,,,18:58:17,0.99,17138,18.0,0023.3
,,,,,18:58:18,0.99,17156,18.2,0024.4
,,,,,18:58:19,0.99,17174,18.0,0024.1
,,,,,18:58:20,1.00,17192,18.2,0023.1
,,,,,18:58:21,0.99,17210,18.0,0023.9
,,,,,18:58:22,0.99,17228,18.2,0024.0
,,,,,18:58:23,0.99,17246,18.2,0023.1
,,,,,18:58:24,0.99,17264,18.0,0023.3
,,,,,18:58:25,0.99,17282,18.2,0024.2
,,,,,18:58:26,0.99,17301,18.2,0024.2
,,,,,18:58:27,0.99,17319,18.0,0024.3
,,,,,18:58:28,0.99,17337,18.2,0023.8
,,,,,18:58:29,0.99,17355,18.2,0023.6
,,,,,18:58:30,0.99,17373,18.0,0023.9
,,,,,18:58:31,0.99,17391,18.2,0024.9
,,,,,18:58:32,0.99,17409,18.0,0024.9
,,,,,18:58:33,0.99,17427,18.2,0024.2
,,,,,18:58:34,0.99,17446,18.0,0023.5
,,,,,18:58:35,0.99,17464,18.2,0024.0
,,,,,18:58:36,0.99,17482,18.2,0024.3
,,,,,18:58:37,0.99,17500,18.0,0023.7
,,,,,18:58:38,0.99,17518,18.2,0024.2
,,,,,18:58:39,0.99,17536,18.0,0024.2
,,,,,18:58:40,0.99,17554,18.2,0023.6
,,,,,18:58:41,0.99,17572,18.2,0023.3
,,,,,18:58:42,0.99,17591,18.0,0024.3
,,,,,18:58:43,0.99,17609,18.2,0024.9
,,,,,18:58:44,0.99,17627,18.1,0024.2
,,,,,18:58:45,0.99,17645,18.1,0023.3
,,,,,18:58:46,0.99,17663,18.2,0023.9
,,,,,18:58:47,1.00,17681,18.0,0023.9
,,,,,18:58:48,1.00,17699,18.3,0023.8
,,,,,18:58:49,1.00,17718,18.1,0024.0
,,,,,18:58:50,1.00,17736,18.0,0024.2
,,,,,18:58:51,0.99,17754,18.2,0023.4
,,,,,18:58:52,0.99,17772,18.2,0023.1
,,,,,18:58:53,0.99,17790,18.0,0023.3
,,,,,18:58:54,1.00,17808,18.2,0024.3
,,,,,18:58:55,1.00,17826,18.0,0024.5
,,,,,18:58:56,0.99,17844,18.2,0023.7
,,,,,18:58:57,0.99,17862,18.2,0023.1
,,,,,18:58:58,0.99,17881,18.0,0023.0
,,,,,18:58:59,0.99,17899,18.2,0023.1
,,,,,18:59:00,0.99,17917,18.2,0024.4
,,,,,18:59:01,0.99,17935,18.0,0023.4
,,,,,18:59:02,0.99,17953,18.2,0023.8
,,,,,18:59:03,0.99,17971,18.3,0023.1
,,,,,18:59:04,0.99,17990,18.2,0023.8
,,,,,18:59:05,0.99,18008,18.0,0023.4
,,,,,18:59:06,0.99,18026,18.2,0023.6
,,,,,18:59:07,1.00,18044,18.2,0023.9
,,,,,18:59:08,0.99,18062,18.3,0023.9
,,,,,18:59:09,0.99,18080,18.3,0023.4
,,,,,18:59:10,0.99,18099,18.2,0024.2
,,,,,18:59:11,0.99,18117,18.3,0023.2
,,,,,18:59:12,0.99,18135,18.3,0022.9
,,,,,18:59:13,0.99,18153,18.4,0023.5
,,,,,18:59:14,0.99,18172,18.3,0023.0
,,,,,18:59:15,0.99,18190,18.3,0023.3
,,,,,18:59:16,0.99,18208,18.4,0023.4
,,,,,18:59:17,0.99,18227,18.3,0022.6
,,,,,18:59:18,0.99,18245,18.3,0024.0
,,,,,18:59:19,0.99,18263,18.3,0022.7
,,,,,18:59:20,0.99,18282,18.3,0023.6
,,,,,18:59:21,0.99,18300,18.3,0022.4
,,,,,18:59:22,0.99,18318,18.3,0023.4
,,,,,18:59:23,0.99,18337,18.3,0023.7
,,,,,18:59:24,0.99,18355,18.3,0022.7
,,,,,18:59:25,0.99,18373,18.3,0023.4
,,,,,18:59:26,0.99,18391,18.4,0024.2
,,,,,18:59:27,0.99,18410,18.3,0023.6
,,,,,18:59:28,0.99,18428,18.3,0022.9
,,,,,18:59:29,0.99,18446,18.3,0023.5
,,,,,18:59:30,0.99,18465,18.3,0024.4
,,,,,18:59:31,0.99,18483,18.3,0023.6
,,,,,18:59:32,0.99,18501,18.3,0023.2
,,,,,18:59:33,0.99,18520,18.3,0023.4
,,,,,18:59:34,0.99,18538,18.3,0024.4
,,,,,18:59:35,0.99,18556,18.3,0023.9
,,,,,18:59:36,0.99,18574,18.3,0023.0
,,,,,18:59:37,0.99,18593,18.3,0022.8
,,,,,18:59:38,1.00,18611,18.3,0023.8
,,,,,18:59:39,0.99,18629,18.3,0023.3
,,,,,18:59:40,0.99,18648,18.3,0023.6
,,,,,18:59:41,0.99,18666,18.3,0022.9
,,,,,18:59:42,0.99,18684,18.3,0023.5
,,,,,18:59:43,0.99,18703,18.3,0024.3
,,,,,18:59:44,0.99,18721,18.4,0022.8
,,,,,18:59:45,0.99,18739,18.3,0023.4
,,,,,18:59:46,0.99,18758,18.4,0023.8
,,,,,18:59:47,0.99,18776,18.2,0022.7
,,,,,18:59:48,0.99,18794,18.4,0023.1
,,,,,18:59:49,0.99,18813,18.3,0023.0
,,,,,18:59:50,0.99,18831,18.3,0023.5
,,,,,18:59:51,0.99,18849,18.2,0023.7
,,,,,18:59:52,0.99,18867,18.3,0023.2
,,,,,18:59:53,0.99,18886,18.4,0023.2
,,,,,18:59:54,0.99,18904,18.3,0024.0
,,,,,18:59:55,0.99,18922,18.3,0022.8
,,,,,18:59:56,0.99,18941,18.3,0024.1
,,,,,18:59:57,0.99,18959,18.3,0024.4
,,,,,18:59:58,0.99,18977,18.3,0023.7
,,,,,18:59:59,0.99,18995,18.3,0023.7
,,,,,19:00:00,0.99,19014,18.3,0023.5
,,,,,19:00:01,0.99,19032,18.4,0024.0
,,,,,19:00:02,0.99,19050,18.3,0023.3
,,,,,19:00:03,0.99,19069,18.3,0023.6
,,,,,19:00:04,0.99,19087,18.3,0023.5
,,,,,19:00:05,0.99,19105,18.3,0022.9
,,,,,19:00:06,0.99,19124,18.4,0023.2
,,,,,19:00:07,0.99,19142,18.3,0024.1
,,,,,19:00:08,0.99,19160,18.4,0022.4
,,,,,19:00:09,0.99,19179,18.3,0023.2
,,,,,19:00:10,0.99,19197,18.4,0023.3
,,,,,19:00:11,0.99,19215,18.3,0022.8
,,,,,19:00:12,0.99,19234,18.3,0024.5
,,,,,19:00:13,0.99,19252,18.3,0023.4
,,,,,19:00:14,0.99,19270,18.4,0024.2
,,,,,19:00:15,0.99,19289,18.3,0024.0
,,,,,19:00:16,0.99,19307,18.3,0022.7
,,,,,19:00:17,0.99,19325,18.3,0023.5
,,,,,19:00:18,0.99,19344,18.4,0024.2
,,,,,19:00:19,0.99,19362,18.3,0022.7
,,,,,19:00:20,0.99,19380,18.3,0023.8
,,,,,19:00:21,0.99,19399,18.3,0024.5
,,,,,19:00:22,0.99,19417,18.3,0024.3
,,,,,19:00:23,0.99,19435,18.3,0023.4
,,,,,19:00:24,0.99,19453,18.4,0022.9
,,,,,19:00:25,0.99,19472,18.3,0023.3
,,,,,19:00:26,0.99,19490,18.3,0023.0
,,,,,19:00:27,0.99,19509,18.3,0023.1
,,,,,19:00:28,0.99,19527,18.3,0023.7
,,,,,19:00:29,0.99,19545,18.3,0022.7
,,,,,19:00:30,0.99,19563,18.3,0023.5
,,,,,19:00:31,1.00,19582,18.4,0023.4
,,,,,19:00:32,0.99,19600,18.3,0022.8
,,,,,19:00:33,0.99,19618,18.3,0024.1
,,,,,19:00:34,0.99,19637,18.3,0023.2
,,,,,19:00:35,0.99,19655,18.4,0023.0
,,,,,19:00:36,0.99,19673,18.3,0023.8
,,,,,19:00:37,0.99,19692,18.3,0022.6
,,,,,19:00:38,0.99,19710,18.3,0023.8
,,,,,19:00:39,0.99,19728,18.4,0023.7
,,,,,19:00:40,0.99,19747,18.3,0022.5
,,,,,19:00:41,0.99,19765,18.3,0023.5
,,,,,19:00:42,0.99,19783,18.4,0023.3
,,,,,19:00:43,0.99,19802,18.4,0023.1
,,,,,19:00:44,0.99,19820,18.3,0024.2
,,,,,19:00:45,0.99,19838,18.3,0024.0
,,,,,19:00:46,0.99,19857,18.3,0023.8
,,,,,19:00:47,0.99,19875,18.2,0024.3
,,,,,19:00:48,0.99,19893,18.4,0023.9
,,,,,19:00:49,0.99,19912,18.4,0023.4
,,,,,19:00:50,0.99,19930,18.3,0022.8
,,,,,19:00:51,0.99,19948,18.3,0023.3
,,,,,19:00:52,0.99,19967,18.2,0023.8
,,,,,19:00:53,1.00,19985,18.5,0023.1
,,,,,19:00:54,1.00,20003,18.2,0023.7
,,,,,19:00:55,0.99,20021,18.3,0023.2
,,,,,19:00:56,0.99,20040,18.3,0022.3
,,,,,19:00:57,0.99,20058,18.3,0023.8
,,,,,19:00:58,0.99,20076,18.3,0023.4
,,,,,19:00:59,0.99,20095,18.3,0022.8
,,,,,19:01:00,0.99,20113,18.4,0024.5
,,,,,19:01:01,0.99,20131,18.3,0022.8
,,,,,19:01:02,0.99,20150,18.3,0022.8
,,,,,19:01:03,0.99,20168,18.4,0023.3
,,,,,19:01:04,0.99,20186,18.3,0023.3
,,,,,19:01:05,0.99,20205,18.3,0023.7
,,,,,19:01:06,1.00,20223,18.3,0022.8
,,,,,19:01:07,1.00,20241,18.4,0023.3
,,,,,19:01:08,1.00,20260,18.3,0024.0
,,,,,19:01:09,1.00,20278,18.3,0023.2
,,,,,19:01:10,0.99,20296,18.3,0023.7
,,,,,19:01:11,0.99,20314,18.3,0023.5
,,,,,19:01:12,0.99,20333,18.4,0023.7
,,,,,19:01:13,0.99,20351,18.3,0023.5
,,,,,19:01:14,0.99,20369,18.3,0022.7
,,,,,19:01:15,0.99,20388,18.3,0023.5
,,,,,19:01:16,0.99,20406,18.3,0023.7
,,,,,19:01:17,0.99,20424,18.4,0023.5
,,,,,19:01:18,0.99,20443,18.3,0023.1
,,,,,19:01:19,0.99,20461,18.3,0023.8
,,,,,19:01:20,0.99,20479,18.3,0022.7
,,,,,19:01:21,0.99,20498,18.4,0024.0
,,,,,19:01:22,0.99,20516,18.3,0023.2
,,,,,19:01:23,0.99,20534,18.3,0022.5
,,,,,19:01:24,0.99,20553,18.3,0023.7
,,,,,19:01:25,0.99,20571,18.4,0023.6
,,,,,19:01:26,0.99,20589,18.3,0023.4
,,,,,19:01:27,0.99,20608,18.2,0024.3
,,,,,19:01:28,0.99,20626,18.3,0023.0
,,,,,19:01:29,0.99,20644,18.4,0023.5
,,,,,19:01:30,0.99,20663,18.4,0023.3
,,,,,19:01:31,0.99,20681,18.3,0023.3
,,,,,19:01:32,0.99,20699,18.3,0025.0
,,,,,19:01:33,0.99,20718,18.4,0023.3
,,,,,19:01:34,0.99,20736,18.3,0023.5
,,,,,19:01:35,0.99,20754,18.3,0023.6
,,,,,19:01:36,0.99,20773,18.3,0023.6
,,,,,19:01:37,0.99,20791,18.4,0023.4
,,,,,19:01:38,0.99,20809,18.3,0023.2
,,,,,19:01:39,0.99,20828,18.3,0022.7
,,,,,19:01:40,0.99,20846,18.3,0023.3
,,,,,19:01:41,0.99,20864,18.3,0022.7
,,,,,19:01:42,0.99,20882,18.4,0023.7
,,,,,19:01:43,0.99,20901,18.3,0024.4
,,,,,19:01:44,0.99,20919,18.3,0022.5
,,,,,19:01:45,0.99,20937,18.3,0023.8
,,,,,19:01:46,0.99,20956,18.4,0024.2
,,,,,19:01:47,0.99,20974,18.3,0023.3
,,,,,19:01:48,0.99,20992,18.3,0024.0
,,,,,19:01:49,0.99,21011,18.3,0022.8
,,,,,19:01:50,0.99,21029,18.4,0022.7
,,,,,19:01:51,0.99,21047,18.3,0023.8
,,,,,19:01:52,0.99,21066,18.3,0023.2
,,,,,19:01:53,0.99,21084,18.3,0023.3
,,,,,19:01:54,0.99,21102,18.3,0023.7
,,,,,19:01:55,0.99,21121,18.5,0022.7
,,,,,19:01:56,1.00,21139,18.3,0023.2
,,,,,19:01:57,1.00,21157,18.3,0023.7
,,,,,19:01:58,1.00,21176,18.4,0023.1
,,,,,19:01:59,1.00,21194,18.4,0023.7
,,,,,19:02:00,0.99,21213,18.4,0022.7
,,,,,19:02:01,0.99,21231,18.3,0022.5
,,,,,19:02:02,0.99,21249,18.3,0023.7
,,,,,19:02:03,0.99,21268,18.4,0023.5
,,,,,19:02:04,0.99,21286,18.3,0023.7
,,,,,19:02:05,0.99,21304,18.3,0025.1
,,,,,19:02:06,0.99,21323,18.4,0023.5
,,,,,19:02:07,1.00,21341,18.3,0023.6
,,,,,19:02:08,1.00,21359,18.3,0024.3
,,,,,19:02:09,1.00,21378,18.3,0024.0
,,,,,19:02:10,1.00,21396,18.3,0024.0
,,,,,19:02:11,0.99,21414,18.4,0023.7
,,,,,19:02:12,0.99,21433,18.3,0023.4
,,,,,19:02:13,0.99,21451,18.3,0024.7
,,,,,19:02:14,0.99,21469,18.4,0022.9
,,,,,19:02:15,0.99,21488,18.4,0023.0
,,,,,19:02:16,0.99,21506,18.3,0024.7
,,,,,19:02:17,0.99,21524,18.4,0023.2
,,,,,19:02:18,0.99,21543,18.3,0023.1
,,,,,19:02:19,0.99,21561,18.3,0023.5
,,,,,19:02:20,0.99,21579,18.5,0023.0
,,,,,19:02:21,0.99,21598,18.3,0023.3
,,,,,19:02:22,0.99,21616,18.3,0023.3
,,,,,19:02:23,0.99,21634,18.4,0022.3
,,,,,19:02:24,0.99,21653,18.3,0023.8
,,,,,19:02:25,0.99,21671,18.3,0024.2
,,,,,19:02:26,0.99,21689,18.4,0022.3
,,,,,19:02:27,1.00,21708,18.3,0024.2
,,,,,19:02:28,0.99,21726,18.3,0023.4
,,,,,19:02:29,0.99,21744,18.3,0022.9
,,,,,19:02:30,0.99,21763,18.4,0024.0
,,,,,19:02:31,0.99,21781,18.3,0023.6
,,,,,19:02:32,0.99,21799,18.3,0024.7
,,,,,19:02:33,0.99,21818,18.3,0023.5
,,,,,19:02:34,1.00,21836,18.4,0022.8
,,,,,19:02:35,0.99,21854,18.3,0024.6
,,,,,19:02:36,0.99,21873,18.3,0024.1
,,,,,19:02:37,0.99,21891,18.3,0023.3
,,,,,19:02:38,1.00,21909,18.4,0023.4
,,,,,19:02:39,1.00,21928,18.3,0022.5
,,,,,19:02:40,1.00,21946,18.3,0022.5
,,,,,19:02:41,0.99,21964,18.4,0024.4
,,,,,19:02:42,0.99,21983,18.3,0022.4
,,,,,19:02:43,0.99,22001,18.4,0022.1
,,,,,19:02:44,0.99,22019,18.3,0024.4
,,,,,19:02:45,0.99,22038,18.5,0023.1
,,,,,19:02:46,0.99,22056,18.3,0022.4
,,,,,19:02:47,1.00,22075,18.4,0023.2
,,,,,19:02:48,1.00,22093,18.3,0023.5
,,,,,19:02:49,0.99,22111,18.3,0023.1
,,,,,19:02:50,0.99,22130,18.5,0023.7
,,,,,19:02:51,0.99,22148,18.3,0022.8
,,,,,19:02:52,0.99,22166,18.5,0022.9
,,,,,19:02:53,0.99,22185,18.3,0024.5
,,,,,19:02:54,0.99,22203,18.5,0023.5
,,,,,19:02:55,0.99,22222,18.3,0022.7
,,,,,19:02:56,0.99,22240,18.6,0022.8
,,,,,19:02:57,0.99,22259,18.4,0024.5
,,,,,19:02:58,0.99,22277,18.4,0023.4
,,,,,19:02:59,0.99,22296,18.5,0021.9
,,,,,19:03:00,0.99,22314,18.5,0021.3
,,,,,19:03:01,0.99,22333,18.4,0023.8
,,,,,19:03:02,0.99,22351,18.4,0022.9
,,,,,19:03:03,0.99,22369,18.4,0021.8
,,,,,19:03:04,0.99,22388,18.4,0023.5
,,,,,19:03:05,0.99,22406,18.6,0023.7
,,,,,19:03:06,0.99,22425,18.4,0022.2
,,,,,19:03:07,0.99,22443,18.4,0021.4
,,,,,19:03:08,0.99,22462,18.5,0021.3
,,,,,19:03:09,0.99,22480,18.5,0024.2
,,,,,19:03:10,0.99,22499,18.4,0023.3
,,,,,19:03:11,0.99,22517,18.5,0022.7
,,,,,19:03:12,0.99,22536,18.5,0021.3
,,,,,19:03:13,0.99,22554,18.3,0023.7
,,,,,19:03:14,0.99,22573,18.6,0023.8
,,,,,19:03:15,0.99,22591,18.5,0021.8
,,,,,19:03:16,0.99,22610,18.5,0020.8
,,,,,19:03:17,0.99,22628,18.4,0022.2
,,,,,19:03:18,0.99,22647,18.4,0023.3
,,,,,19:03:19,0.99,22665,18.5,0023.2
,,,,,19:03:20,0.99,22684,18.5,0022.2
,,,,,19:03:21,0.99,22702,18.5,0021.9
,,,,,19:03:22,0.99,22721,18.5,0023.5
,,,,,19:03:23,0.99,22739,18.5,0024.1
,,,,,19:03:24,0.99,22758,18.5,0023.3
,,,,,19:03:25,0.99,22776,18.4,0022.2
,,,,,19:03:26,0.99,22795,18.5,0022.4
,,,,,19:03:27,0.99,22813,18.6,0022.9
,,,,,19:03:28,0.99,22832,18.4,0023.4
,,,,,19:03:29,0.99,22850,18.5,0022.0
,,,,,19:03:30,0.99,22869,18.5,0022.6
,,,,,19:03:31,0.99,22887,18.5,0023.4
,,,,,19:03:32,0.99,22906,18.4,0023.6
,,,,,19:03:33,0.99,22924,18.5,0022.7
,,,,,19:03:34,0.99,22943,18.5,0022.7
,,,,,19:03:35,0.99,22961,18.4,0023.6
,,,,,19:03:36,1.00,22980,18.5,0023.8
,,,,,19:03:37,1.00,22998,18.5,0023.2
,,,,,19:03:38,1.00,23017,18.3,0022.9
,,,,,19:03:39,0.99,23035,18.5,0022.7
,,,,,19:03:40,0.99,23054,18.4,0023.9
,,,,,19:03:41,0.99,23072,18.4,0022.2
,,,,,19:03:42,0.99,23091,18.3,0022.8
,,,,,19:03:43,0.99,23109,18.4,0023.3
,,,,,19:03:44,0.99,23127,18.4,0023.3
,,,,,19:03:45,0.99,23146,18.3,0022.8
,,,,,19:03:46,0.99,23164,18.3,0024.5
,,,,,19:03:47,0.99,23182,18.4,0023.3
,,,,,19:03:48,0.99,23201,18.3,0022.8
,,,,,19:03:49,1.00,23219,18.3,0023.6
,,,,,19:03:50,1.00,23237,18.3,0022.7
,,,,,19:03:51,0.99,23256,18.3,0024.0
,,,,,19:03:52,0.99,23274,18.4,0023.7
,,,,,19:03:53,0.99,23292,18.3,0022.9
,,,,,19:03:54,1.00,23311,18.3,0023.4
,,,,,19:03:55,1.00,23329,18.3,0024.1
,,,,,19:03:56,0.99,23347,18.3,0023.9
,,,,,19:03:57,0.99,23365,18.2,0024.2
,,,,,19:03:58,0.99,23384,18.3,0023.1
,,,,,19:03:59,0.99,23402,18.3,0024.4
,,,,,19:04:00,0.99,23420,18.3,0023.6
,,,,,19:04:01,0.99,23438,18.3,0024.7
,,,,,19:04:02,1.00,23457,18.2,0023.8
,,,,,19:04:03,1.00,23475,18.3,0024.2
,,,,,19:04:04,1.00,23493,18.3,0023.6
,,,,,19:04:05,0.99,23512,18.3,0023.4
,,,,,19:04:06,0.99,23530,18.3,0024.8
,,,,,19:04:07,0.99,23548,18.3,0023.4
,,,,,19:04:08,0.99,23566,18.2,0024.7
,,,,,19:04:09,0.99,23585,18.3,0023.8
,,,,,19:04:10,0.99,23603,18.3,0023.4
,,,,,19:04:11,0.99,23621,18.3,0024.0
,,,,,19:04:12,0.99,23639,18.3,0023.8
,,,,,19:04:13,0.99,23658,18.3,0024.4
,,,,,19:04:14,0.99,23676,18.3,0024.1
,,,,,19:04:15,0.99,23694,18.2,0022.7
,,,,,19:04:16,0.99,23712,18.4,0024.6
,,,,,19:04:17,0.99,23731,18.3,0023.5
,,,,,19:04:18,0.99,23749,18.3,0023.6
,,,,,19:04:19,0.99,23768,18.2,0024.4
,,,,,19:04:20,0.99,23786,18.3,0023.5
,,,,,19:04:21,0.99,23804,18.3,0025.1
,,,,,19:04:22,0.99,23822,18.3,0023.8
,,,,,19:04:23,0.99,23841,18.3,0024.5
,,,,,19:04:24,1.00,23859,18.3,0023.0
,,,,,19:04:25,0.99,23877,18.3,0024.4
,,,,,19:04:26,0.99,23895,18.2,0023.8
,,,,,19:04:27,0.99,23914,18.2,0023.7
,,,,,19:04:28,0.99,23932,18.1,0022.3
,,,,,19:04:29,0.99,23950,18.0,0022.1
,,,,,19:04:30,0.99,23968,18.0,0022.5
,,,,,19:04:31,0.99,23986,17.8,0021.4
,,,,,19:04:32,0.99,24004,17.5,0022.4
,,,,,19:04:33,0.99,24021,17.7,0023.3
,,,,,19:04:34,0.99,24039,17.7,0023.6
,,,,,19:04:35,0.99,24056,17.5,0021.9
,,,,,19:04:36,0.99,24074,17.6,0021.9
,,,,,19:04:37,0.99,24092,17.3,0022.4
,,,,,19:04:38,0.99,24109,17.3,0021.3
,,,,,19:04:39,0.99,24126,17.3,0020.5
,,,,,19:04:40,0.99,24144,15.7,0020.1
,,,,,19:04:41,0.99,24159,16.0,0020.4
,,,,,19:04:42,0.99,24175,16.0,0020.3
,,,,,19:04:43,0.99,24191,16.0,0018.8
,,,,,19:04:44,0.99,24207,16.0,0020.9
,,,,,19:04:45,0.99,24223,16.1,0019.9
,,,,,19:04:46,0.99,24239,15.8,0019.9
,,,,,19:04:47,0.99,24255,15.7,0019.8
,,,,,19:04:48,0.99,24271,15.7,0020.1
,,,,,19:04:49,1.00,24287,15.6,0019.5
,,,,,19:04:50,1.00,24302,15.9,0019.2
,,,,,19:04:51,0.99,24318,15.6,0020.2
,,,,,19:04:52,0.99,24334,15.6,0019.6
,,,,,19:04:53,0.99,24349,15.5,0019.7
,,,,,19:04:54,0.99,24365,15.5,0019.7
,,,,,19:04:55,1.00,24380,15.6,0018.9
,,,,,19:04:56,1.00,24396,15.3,0019.1
,,,,,19:04:57,1.00,24411,15.2,0019.1
,,,,,19:04:58,0.99,24426,15.3,0018.6
,,,,,19:04:59,0.99,24442,13.0,0015.6
,,,,,19:05:00,0.99,24455,13.0,0015.2
,,,,,19:05:01,0.99,24468,12.8,0014.8
,,,,,19:05:02,1.00,24480,13.1,0015.5
,,,,,19:05:03,1.00,24494,13.0,0015.0
,,,,,19:05:04,1.00,24507,12.8,0015.0
,,,,,19:05:05,1.00,24519,13.0,0014.9
,,,,,19:05:06,0.99,24532,12.9,0014.6
,,,,,19:05:07,0.99,24545,12.7,0014.8
,,,,,19:05:08,0.99,24558,12.9,0014.6
,,,,,19:05:09,0.99,24571,12.7,0012.6
,,,,,19:05:10,0.99,24583,10.1,0011.4
,,,,,19:05:11,0.99,24594,09.9,0010.4
,,,,,19:05:12,0.99,24603,09.7,0010.1
,,,,,19:05:13,0.99,24613,09.7,0009.7
,,,,,19:05:14,0.99,24623,09.9,0009.7
,,,,,19:05:15,0.99,24633,09.7,0009.9
,,,,,19:05:16,0.99,24642,09.9,0009.7
,,,,,19:05:17,0.99,24652,09.7,0009.6
,,,,,19:05:18,0.99,24662,09.9,0009.6
,,,,,19:05:19,0.99,24672,09.9,0009.5
,,,,,19:05:20,0.99,24682,09.7,0009.3
,,,,,19:05:21,0.99,24692,09.9,0009.3
,,,,,19:05:22,1.00,24701,09.9,0009.5
,,,,,19:05:23,0.99,24711,09.7,0009.5
,,,,,19:05:24,0.99,24721,09.9,0009.7
,,,,,19:05:25,0.99,24731,09.7,0009.7
,,,,,19:05:26,0.99,24741,09.9,0009.7
,,,,,19:05:27,0.99,24750,09.7,0009.8
,,,,,19:05:28,0.99,24760,09.7,0010.0
,,,,,19:05:29,0.99,24770,09.9,0009.9
,,,,,19:05:30,0.99,24780,09.7,0010.1
,,,,,19:05:31,1.00,24790,09.9,0010.0
,,,,,19:05:32,0.99,24799,09.7,0009.8
,,,,,19:05:33,0.99,24809,09.9,0009.8
,,,,,19:05:34,0.99,24819,09.7,0010.4
,,,,,19:05:35,0.99,24829,09.7,0010.2
,,,,,19:05:36,0.99,24838,09.9,0009.9
,,,,,19:05:37,0.99,24848,09.7,0009.7
,,,,,19:05:38,0.99,24858,09.9,0010.1
,,,,,19:05:39,0.99,24868,09.7,0010.5
,,,,,19:05:40,0.99,24878,09.7,0010.2
,,,,,19:05:41,0.99,24887,09.9,0010.1
,,,,,19:05:42,0.99,24897,09.7,0010.0
,,,,,19:05:43,0.99,24907,09.7,0010.1
,,,,,19:05:44,0.99,24917,09.9,0010.2
,,,,,19:05:45,1.00,24927,09.7,0010.1
,,,,,19:05:46,0.99,24936,09.7,0009.9
,,,,,19:05:47,0.99,24946,09.9,0010.3
,,,,,19:05:48,0.99,24956,09.7,0010.3
,,,,,19:05:49,0.99,24966,09.9,0010.2
,,,,,19:05:50,0.99,24976,09.7,0010.1
,,,,,19:05:51,0.99,24985,09.7,0010.1
,,,,,19:05:52,1.00,24995,09.9,0010.7
,,,,,19:05:53,0.99,25005,09.7,0010.6
,,,,,19:05:54,0.99,25015,09.7,0010.4
,,,,,19:05:55,0.99,25024,09.7,0010.0
,,,,,19:05:56,0.99,25034,09.9,0010.3
,,,,,19:05:57,1.00,25044,09.7,0010.4
,,,,,19:05:58,0.99,25054,09.9,0010.7
,,,,,19:05:59,0.99,25063,09.7,0010.3
,,,,,19:06:00,0.99,25073,09.7,0010.3
,,,,,19:06:01,1.00,25083,09.9,0010.5
,,,,,19:06:02,0.99,25093,09.7,0010.5
,,,,,19:06:03,0.99,25103,09.7,0009.9
,,,,,19:06:04,0.99,25112,09.9,0010.4
,,,,,19:06:05,0.99,25122,09.7,0010.8
,,,,,19:06:06,0.99,25132,09.7,0010.6
,,,,,19:06:07,0.99,25142,09.7,0010.4
,,,,,19:06:08,0.99,25151,09.9,0010.1
,,,,,19:06:09,0.99,25161,09.7,0010.4
,,,,,19:06:10,0.99,25171,09.7,0010.8
,,,,,19:06:11,0.99,25181,09.9,0010.9
,,,,,19:06:12,0.99,25191,09.7,0010.5
,,,,,19:06:13,0.99,25200,09.7,0010.5
,,,,,19:06:14,0.99,25210,09.9,0010.7
,,,,,19:06:15,0.99,25220,09.7,0010.9
,,,,,19:06:16,0.99,25230,09.7,0010.4
,,,,,19:06:17,0.99,25239,09.7,0010.5
,,,,,19:06:18,0.99,25249,09.9,0010.5
,,,,,19:06:19,0.99,25259,09.7,0010.6
,,,,,19:06:20,1.00,25269,09.7,0010.9
,,,,,19:06:21,1.00,25278,09.9,0010.9
,,,,,19:06:22,0.99,25288,09.7,0010.5
,,,,,19:06:23,1.00,25298,09.7,0010.1
,,,,,19:06:24,1.00,25308,09.9,0010.6
,,,,,19:06:25,0.99,25318,09.7,0011.0
,,,,,19:06:26,0.99,25327,09.7,0010.9
,,,,,19:06:27,0.99,25337,09.7,0010.4
,,,,,19:06:28,0.99,25347,09.9,0010.6
,,,,,19:06:29,0.99,25357,09.7,0010.6
,,,,,19:06:30,0.99,25366,09.7,0010.6
,,,,,19:06:31,0.99,25376,09.9,0010.4
,,,,,19:06:32,0.99,25386,09.7,0010.5
,,,,,19:06:33,0.99,25396,09.7,0010.4
,,,,,19:06:34,0.99,25405,09.7,0010.7
,,,,,19:06:35,0.99,25415,09.9,0010.6
,,,,,19:06:36,0.99,25425,09.7,0010.4
,,,,,19:06:37,0.99,25435,09.7,0010.6
,,,,,19:06:38,1.00,25444,09.7,0010.5
,,,,,19:06:39,1.00,25454,09.9,0010.9
,,,,,19:06:40,0.99,25464,09.7,0010.8
,,,,,19:06:41,0.99,25474,09.7,0010.9
,,,,,19:06:42,0.99,25483,09.7,0011.0
,,,,,19:06:43,0.99,25493,09.9,0011.2
,,,,,19:06:44,0.99,25503,09.7,0011.2
,,,,,19:06:45,0.99,25513,09.7,0010.6
,,,,,19:06:46,0.99,25523,09.9,0010.4
,,,,,19:06:47,0.99,25532,09.7,0010.6
,,,,,19:06:48,0.99,25542,09.7,0011.1
,,,,,19:06:49,0.99,25552,09.7,0011.1
,,,,,19:06:50,0.99,25562,09.9,0010.6
,,,,,19:06:51,0.99,25571,09.7,0010.9
,,,,,19:06:52,0.99,25581,09.7,0011.0
,,,,,19:06:53,0.99,25591,09.7,0011.1
,,,,,19:06:54,0.99,25601,09.9,0010.4
,,,,,19:06:55,0.99,25611,09.6,0010.4
,,,,,19:06:56,0.99,25620,09.4,0010.3
,,,,,19:06:57,0.99,25630,09.4,0010.3
,,,,,19:06:58,0.99,25639,09.3,0010.2
,,,,,19:06:59,0.99,25648,09.4,0010.2
,,,,,19:07:00,0.99,25658,09.3,0010.3
,,,,,19:07:01,0.99,25667,09.3,0010.1
,,,,,19:07:02,0.99,25676,09.3,0010.2
,,,,,19:07:03,0.99,25686,09.3,0010.2
,,,,,19:07:04,0.99,25695,09.4,0010.2
,,,,,19:07:05,1.00,25704,09.3,0009.9
,,,,,19:07:06,1.00,25714,09.4,0010.3
,,,,,19:07:07,1.00,25723,09.3,0010.4
,,,,,19:07:08,0.99,25733,09.3,0010.1
,,,,,19:07:09,0.99,25742,09.4,0010.4
,,,,,19:07:10,0.99,25751,09.3,0010.1
,,,,,19:07:11,0.99,25761,09.3,0010.1
,,,,,19:07:12,0.99,25770,09.4,0010.4
,,,,,19:07:13,0.99,25779,09.3,0010.0
,,,,,19:07:14,0.99,25789,09.4,0010.3
,,,,,19:07:15,0.99,25798,09.3,0010.0
,,,,,19:07:16,0.99,25807,09.3,0010.1
,,,,,19:07:17,0.99,25817,09.4,0010.3
,,,,,19:07:18,0.99,25826,09.3,0010.2
,,,,,19:07:19,0.99,25835,09.3,0010.1
,,,,,19:07:20,0.99,25845,09.4,0010.3
,,,,,19:07:21,0.99,25854,09.2,0009.7
,,,,,19:07:22,0.99,25863,09.0,0009.8
,,,,,19:07:23,0.99,25872,09.0,0009.7
,,,,,19:07:24,0.99,25881,08.9,0009.4
,,,,,19:07:25,0.99,25890,08.9,0009.2
,,,,,19:07:26,0.99,25899,08.7,0009.4
,,,,,19:07:27,0.99,25908,08.6,0009.2
,,,,,19:07:28,0.99,25917,08.6,0008.9
,,,,,19:07:29,0.99,25925,08.5,0009.4
,,,,,19:07:30,0.99,25934,08.5,0009.3
,,,,,19:07:31,1.00,25942,08.3,0008.8
,,,,,19:07:32,0.99,25950,08.2,0008.7
,,,,,19:07:33,0.99,25959,08.2,0008.4
,,,,,19:07:34,0.99,25967,08.2,0008.4
,,,,,19:07:35,0.99,25975,08.0,0008.6
,,,,,19:07:36,0.99,25983,08.0,0008.6
,,,,,19:07:37,0.99,25991,08.0,0008.7
,,,,,19:07:38,0.99,25999,08.0,0008.6
,,,,,19:07:39,0.99,26007,08.0,0008.7
,,,,,19:07:40,0.99,26015,08.0,0008.7
,,,,,19:07:41,0.99,26023,08.0,0008.6
,,,,,19:07:42,0.99,26031,08.0,0008.5
,,,,,19:07:43,0.99,26039,08.0,0008.5
,,,,,19:07:44,0.99,26047,08.0,0008.6
,,,,,19:07:45,0.99,26055,08.0,0008.4
,,,,,19:07:46,1.00,26063,08.0,0008.6
,,,,,19:07:47,1.00,26071,08.0,0008.6
,,,,,19:07:48,0.99,26079,08.0,0008.5
,,,,,19:07:49,0.99,26087,08.0,0008.4
,,,,,19:07:50,1.00,26095,08.2,0008.5
,,,,,19:07:51,0.99,26104,07.9,0008.5
,,,,,19:07:52,0.99,26112,08.0,0008.7
,,,,,19:07:53,0.99,26120,08.2,0008.6
,,,,,19:07:54,0.99,26128,08.0,0008.5
,,,,,19:07:55,0.99,26136,08.0,0008.5
,,,,,19:07:56,0.99,26144,07.9,0008.4
,,,,,19:07:57,0.99,26152,08.2,0008.3
,,,,,19:07:58,0.99,26160,08.0,0008.5
,,,,,19:07:59,0.99,26168,08.0,0008.4
,,,,,19:08:00,0.99,26176,08.0,0008.5
,,,,,19:08:01,1.00,26184,08.0,0008.5
,,,,,19:08:02,1.00,26192,08.0,0008.4
,,,,,19:08:03,1.00,26200,08.0,0008.7
,,,,,19:08:04,0.99,26208,08.0,0008.3
,,,,,19:08:05,0.99,26216,08.0,0008.6
,,,,,19:08:06,0.99,26224,08.0,0008.5
,,,,,19:08:07,0.99,26232,08.0,0008.6
,,,,,19:08:08,0.99,26240,08.0,0008.3
,,,,,19:08:09,0.99,26248,08.0,0008.5
,,,,,19:08:10,0.99,26256,07.9,0008.6
,,,,,19:08:11,0.99,26264,08.2,0008.7
,,,,,19:08:12,0.99,26272,08.0,0008.5
,,,,,19:08:13,0.99,26280,08.0,0008.7
,,,,,19:08:14,0.99,26288,07.9,0008.4
,,,,,19:08:15,0.99,26296,08.0,0008.7
,,,,,19:08:16,0.99,26304,08.0,0008.7
,,,,,19:08:17,0.99,26312,08.0,0008.4
,,,,,19:08:18,0.99,26320,08.0,0008.5
,,,,,19:08:19,0.99,26329,08.0,0008.7
,,,,,19:08:20,1.00,26337,08.0,0008.5
,,,,,19:08:21,1.00,26345,07.8,0007.6
,,,,,19:08:22,1.00,26352,04.2,0004.7
,,,,,19:08:23,1.00,26357,05.1,0005.0
,,,,,19:08:24,0.99,26362,05.5,0005.0
,,,,,19:08:25,0.99,26367,05.5,0005.0
,,,,,19:08:26,0.99,26373,05.5,0004.8
,,,,,19:08:27,0.99,26378,05.5,0004.9
,,,,,19:08:28,0.99,26384,05.5,0005.0
,,,,,19:08:29,0.99,26389,05.5,0005.0
,,,,,19:08:30,0.99,26395,05.5,0004.9
,,,,,19:08:31,0.99,26400,05.5,0004.8
,,,,,19:08:32,0.99,26406,05.5,0004.9
,,,,,19:08:33,0.99,26411,05.5,0004.8
,,,,,19:08:34,0.99,26417,05.5,0004.9
,,,,,19:08:35,0.99,26422,05.5,0005.0
,,,,,19:08:36,0.99,26428,05.5,0005.0
,,,,,19:08:37,0.99,26433,05.5,0005.0
,,,,,19:08:38,0.99,26439,05.5,0005.1
,,,,,19:08:39,0.99,26444,05.5,0005.3
,,,,,19:08:40,0.99,26450,05.5,0005.5
,,,,,19:08:41,0.99,26455,05.5,0005.4
,,,,,19:08:42,0.99,26461,05.5,0005.4
,,,,,19:08:43,0.99,26466,05.5,0005.4
,,,,,19:08:44,0.99,26472,05.5,0005.4
,,,,,19:08:45,0.99,26477,05.5,0005.5
,,,,,19:08:46,0.99,26483,05.5,0005.5
,,,,,19:08:47,0.99,26488,05.5,0005.5
,,,,,19:08:48,0.99,26494,05.5,0005.5
,,,,,19:08:49,0.99,26499,05.5,0005.5
,,,,,19:08:50,0.99,26505,05.5,0005.4
,,,,,19:08:51,0.99,26510,05.5,0005.2
,,,,,19:08:52,0.99,26516,05.5,0005.3
,,,,,19:08:53,0.99,26521,05.5,0005.2
,,,,,19:08:54,0.99,26527,05.5,0005.1
,,,,,19:08:55,0.99,26532,05.5,0005.1
,,,,,19:08:56,0.99,26538,05.5,0005.1
,,,,,19:08:57,1.00,26543,05.5,0005.2
,,,,,19:08:58,0.99,26549,05.5,0005.2
,,,,,19:08:59,0.99,26554,05.5,0005.4
,,,,,19:09:00,0.99,26560,05.5,0005.4
,,,,,19:09:01,0.99,26565,05.5,0005.6
,,,,,19:09:02,1.00,26571,05.5,0005.5
,,,,,19:09:03,1.00,26576,05.5,0005.6
,,,,,19:09:04,0.99,26582,05.4,0005.5
,,,,,19:09:05,0.99,26587,05.5,0005.3
,,,,,19:09:06,0.99,26592,05.5,0005.1
,,,,,19:09:07,0.99,26598,05.5,0005.2
,,,,,19:09:08,0.99,26603,05.5,0005.2
,,,,,19:09:09,0.99,26609,05.5,0005.3
,,,,,19:09:10,0.99,26614,05.6,0005.5
,,,,,19:09:11,0.99,26620,05.4,0005.6
,,,,,19:09:12,0.99,26625,05.5,0005.7
,,,,,19:09:13,0.99,26631,05.5,0005.7
,,,,,19:09:14,0.99,26636,05.5,0005.6
,,,,,19:09:15,1.00,26642,05.5,0005.5
,,,,,19:09:16,1.00,26647,05.5,0005.7
,,,,,19:09:17,0.99,26653,05.5,0005.4
,,,,,19:09:18,0.99,26658,05.5,0005.3
,,,,,19:09:19,0.99,26664,05.5,0005.2
,,,,,19:09:20,0.99,26669,05.5,0005.5
,,,,,19:09:21,0.99,26675,05.5,0005.2
,,,,,19:09:22,0.99,26680,05.1,0004.5
,,,,,19:09:23,0.99,26685,04.7,0004.2
,,,,,19:09:24,0.99,26690,04.2,0003.4
,,,,,19:09:25,0.99,26694,03.8,0003.5
,,,,,19:09:26,0.99,26698,03.7,0003.2
,,,,,19:09:27,0.99,26702,03.7,0003.2
,,,,,19:09:28,0.99,26706,03.7,0003.3
,,,,,19:09:29,0.99,26709,03.7,0003.2
,,,,,19:09:30,0.99,26713,03.7,0003.0
,,,,,19:09:31,1.00,26717,03.8,0002.9
,,,,,19:09:32,1.00,26720,03.7,0003.0
,,,,,19:09:33,0.99,26724,03.7,0003.2
,,,,,19:09:34,0.99,26728,03.8,0002.8
,,,,,19:09:35,0.99,26731,03.7,0003.0
,,,,,19:09:36,0.99,26735,03.7,0002.9
,,,,,19:09:37,0.99,26739,03.8,0002.9
,,,,,19:09:38,0.99,26743,03.7,0003.1
,,,,,19:09:39,0.99,26746,03.8,0003.0
,,,,,19:09:40,0.99,26750,03.7,0003.1
,,,,,19:09:41,0.99,26754,03.8,0003.2
,,,,,19:09:42,0.99,26758,03.7,0003.2
,,,,,19:09:43,0.99,26761,03.8,0002.9
,,,,,19:09:44,0.99,26765,03.7,0003.3
,,,,,19:09:45,0.99,26769,03.7,0002.9
,,,,,19:09:46,0.99,26772,03.7,0003.0
,,,,,19:09:47,0.99,26776,03.7,0003.0
,,,,,19:09:48,0.99,26780,03.7,0003.0
,,,,,19:09:49,0.99,26783,03.7,0002.9
,,,,,19:09:50,0.99,26787,01.4,0001.5
,,,,,19:09:51,0.99,26788,00.0,0001.0
,,,,,19:09:52,0.99,26788,00.0,0000.6
,,,,,19:09:53,0.99,26788,00.0,0000.3
,,,,,19:09:54,0.99,26788,00.0,0000.2
,,,,,19:09:55,0.99,26788,00.0,0000.0
,,,,,19:09:56,0.99,26788,00.0,-0000.1
,,,,,19:09:57,0.99,26788,00.0,-0000.1
,,,,,19:09:58,0.99,26788,00.0,-0000.2
,,,,,19:09:59,0.99,26788,00.0,-0000.2
,,,,,19:10:00,0.99,26788,00.0,-0000.4
,,,,,19:10:01,0.99,26788,00.0,-0000.4
,,,,,19:10:02,0.99,26788,00.0,-0000.5
,,,,,19:10:03,0.99,26788,00.0,-0000.6
,,,,,19:10:04,0.99,26788,00.0,-0000.6
,,,,,19:10:05,0.99,26788,00.0,-0000.7
,,,,,19:10:06,0.99,26788,00.0,-0000.7
,,,,,19:10:07,0.99,26788,00.0,-0000.8
,,,,,19:10:08,0.99,26788,00.0,-0000.8
,,,,,19:10:09,1.00,26788,00.0,-0000.9
,,,,,19:10:10,0.99,26788,00.0,-0000.9
,,,,,19:10:11,0.99,26788,00.0,-0000.9
,,,,,19:10:12,0.99,26788,00.0,-0001.0
,,,,,19:10:13,0.99,26788,00.0,-0001.0
,,,,,19:10:14,0.99,26788,00.0,-0001.0
,,,,,19:10:15,0.99,26788,00.0,-0001.0
,,,,,19:10:16,0.99,26788,00.0,-0001.0
,,,,,19:10:17,0.99,26788,00.0,-0001.1
,,,,,19:10:18,0.99,26788,00.0,-0001.1
,,,,,19:10:19,0.99,26788,00.0,-0001.1
,,,,,19:10:20,0.99,26788,00.0,-0001.1
,,,,,19:10:21,1.00,26788,00.0,-0001.2
,,,,,19:10:22,1.00,26788,00.0,-0001.2
,,,,,19:10:23,0.99,26788,00.0,-0001.2
,,,,,19:10:24,0.99,26788,00.0,-0001.2
,,,,,19:10:25,0.99,26788,00.0,-0001.2
,,,,,19:10:26,0.99,26788,00.0,-0001.2
,,,,,19:10:27,0.99,26788,00.0,-0001.2
,,,,,19:10:28,0.99,26788,00.0,-0001.2
,,,,,19:10:29,0.99,26788,00.0,-0001.2
,,,,,19:10:30,0.99,26788,00.0,-0001.2
,,,,,19:10:31,0.99,26788,00.0,-0001.2
,,,,,19:10:32,0.99,26788,00.0,-0001.2
,,,,,19:10:33,0.99,26788,00.0,-0001.2
,,,,,19:10:34,1.00,26788,00.0,-0001.2
,,,,,19:10:35,1.00,26788,00.0,-0001.3
,,,,,19:10:36,0.99,26788,00.0,-0001.3
,,,,,19:10:37,0.99,26788,00.0,-0001.3
,,,,,19:10:38,0.99,26788,00.0,-0001.3
,,,,,19:10:39,0.99,26788,00.0,-0001.3
,,,,,19:10:40,0.99,26788,00.0,-0001.3
,,,,,19:10:41,0.99,26788,00.0,-0001.3
,,,,,19:10:42,0.99,26788,00.0,-0001.3
,,,,,19:10:43,0.99,26788,00.0,-0001.3
,,,,,19:10:44,0.99,26788,00.0,-0001.3
,,,,,19:10:45,0.99,26788,00.0,-0001.3
,,,,,19:10:46,0.99,26788,00.0,-0001.3
,,,,,19:10:47,0.99,26788,00.0,-0001.3
,,,,,19:10:48,0.99,26788,00.0,-0001.4
,,,,,19:10:49,0.99,26788,00.0,-0001.4
,,,,,19:10:50,0.99,26788,00.0,-0001.4
,,,,,19:10:51,0.99,26788,00.0,-0001.4
,,,,,19:10:52,0.99,26788,00.0,-0001.4
,,,,,19:10:53,0.99,26788,00.0,-0001.4
,,,,,19:10:54,0.99,26788,00.0,-0001.4
,,,,,19:10:55,0.99,26788,00.0,-0001.4
,,,,,19:10:56,0.99,26788,00.0,-0001.4
,,,,,19:10:57,0.99,26788,00.0,-0001.4
,,,,,19:10:58,0.99,26788,00.0,-0001.4
,,,,,19:10:59,0.99,26788,00.0,-0001.4
,,,,,19:11:00,0.99,26788,00.0,-0001.4
,,,,,19:11:01,0.99,26788,00.0,-0001.4
,,,,,19:11:02,0.99,26788,00.0,-0001.4
,,,,,19:11:03,1.00,26788,00.0,-0001.4
,,,,,19:11:04,1.00,26788,00.0,-0001.4
,,,,,19:11:05,1.00,26788,00.0,-0001.4
,,,,,19:11:06,0.99,26788,00.0,-0001.4
,,,,,19:11:07,0.99,26788,00.0,-0001.4
,,,,,19:11:08,0.99,26788,00.0,-0001.4
,,,,,19:11:09,0.99,26788,00.0,-0001.4
,,,,,19:11:10,0.99,26788,00.0,-0001.4
,,,,,19:11:11,0.99,26788,00.0,-0001.4
,,,,,19:11:12,0.99,26788,00.0,-0001.4
,,,,,19:11:13,0.99,26788,00.0,-0001.4
,,,,,19:11:14,0.99,26788,00.0,-0001.4
,,,,,19:11:15,0.99,26788,00.0,-0001.4
,,,,,19:11:16,0.99,26788,00.0,-0001.4
,,,,,19:11:17,0.99,26788,00.0,-0001.4
,,,,,19:11:18,0.99,26788,00.0,-0001.4
,,,,,19:11:19,0.99,26788,00.0,-0001.4
,,,,,19:11:20,0.99,26788,00.0,-0001.4
,,,,,19:11:21,0.99,26788,00.0,-0001.4
,,,,,19:11:22,0.99,26788,00.0,-0001.4
,,,,,19:11:23,0.99,26788,00.0,-0001.4
,,,,,19:11:24,0.99,26788,00.0,-0001.4
,,,,,19:11:25,0.99,26788,00.0,-0001.4
,,,,,19:11:26,0.99,26788,00.0,-0001.4
,,,,,19:11:27,0.99,26788,00.0,-0001.4
,,,,,19:11:28,0.99,26788,00.0,-0001.4
,,,,,19:11:29,0.99,26788,00.0,-0001.4
,,,,,19:11:30,0.99,26788,00.0,-0001.4
,,,,,19:11:31,0.99,26788,00.0,-0001.4
,,,,,19:11:32,0.99,26788,00.0,-0001.4
,,,,,19:11:33,0.99,26788,00.0,-0001.4
,,,,,19:11:34,0.99,26788,00.0,-0001.4
,,,,,19:11:35,0.99,26788,00.0,-0001.4
,,,,,19:11:36,0.99,26788,00.0,-0001.4
,,,,,19:11:37,0.99,26788,00.0,-0001.4
,,,,,19:11:38,0.99,26788,00.0,-0001.4
,,,,,19:11:39,0.99,26788,00.0,-0001.4
,,,,,19:11:40,0.99,26788,00.0,-0001.4
,,,,,19:11:41,0.99,26788,00.0,-0001.4
,,,,,19:11:42,0.99,26788,00.0,-0001.4
,,,,,19:11:43,0.99,26788,00.7,-0000.9
,,,,,19:11:44,0.99,26789,03.8,0000.3
,,,,,19:11:45,0.99,26793,03.8,0000.6
,,,,,19:11:46,0.99,26797,03.5,0001.5
,,,,,19:11:47,0.99,26800,03.7,0002.0
,,,,,19:11:48,0.99,26804,03.5,0002.8
,,,,,19:11:49,1.00,26807,03.7,0003.3
,,,,,19:11:50,1.00,26811,03.7,0003.7
,,,,,19:11:51,0.99,26815,03.5,0004.0
,,,,,19:11:52,0.99,26818,03.7,0004.2
,,,,,19:11:53,0.99,26822,03.7,0004.4
,,,,,19:11:54,0.99,26826,03.7,0004.4
,,,,,19:11:55,0.99,26829,03.7,0004.5
,,,,,19:11:56,0.99,26833,03.5,0004.6
,,,,,19:11:57,0.99,26836,03.7,0004.7
,,,,,19:11:58,0.99,26840,03.7,0004.8
,,,,,19:11:59,0.99,26844,03.7,0004.9
,,,,,19:12:00,0.99,26847,03.7,0004.9
,,,,,19:12:01,0.99,26851,03.5,0005.1
,,,,,19:12:02,0.99,26855,03.7,0005.0
,,,,,19:12:03,0.99,26858,03.7,0005.2
,,,,,19:12:04,0.99,26862,03.7,0005.3
,,,,,19:12:05,0.99,26866,03.5,0005.3
,,,,,19:12:06,0.99,26869,03.7,0005.4
,,,,,19:12:07,0.99,26873,03.7,0005.6
,,,,,19:12:08,0.99,26877,03.5,0005.7
,,,,,19:12:09,0.99,26880,03.7,0005.7
,,,,,19:12:10,0.99,26884,03.7,0005.5
,,,,,19:12:11,0.99,26887,03.7,0005.5
,,,,,19:12:12,0.99,26891,03.5,0005.5
,,,,,19:12:13,0.99,26895,03.7,0005.5
,,,,,19:12:14,0.99,26898,03.7,0005.5
,,,,,19:12:15,0.99,26902,03.7,0005.4
,,,,,19:12:16,1.00,26906,03.5,0005.4
,,,,,19:12:17,0.99,26909,03.7,0005.2
,,,,,19:12:18,0.99,26913,02.8,0004.0
,,,,,19:12:19,0.99,26916,00.0,0002.6
,,,,,19:12:20,0.99,26916,00.0,0002.4
,,,,,19:12:21,0.99,26916,00.0,0001.9
,,,,,19:12:22,0.99,26916,00.0,0001.6
,,,,,19:12:23,0.99,26916,00.0,0001.4
,,,,,19:12:24,0.99,26916,00.0,0001.2
,,,,,19:12:25,1.00,26916,00.0,0001.0
,,,,,19:12:26,0.99,26916,00.0,0000.9
,,,,,19:12:27,0.99,26916,00.0,0000.7
,,,,,19:12:28,0.99,26916,00.0,0000.6
,,,,,19:12:29,0.99,26916,00.0,0000.5
,,,,,19:12:30,0.99,26916,00.0,0000.4
,,,,,19:12:31,0.99,26916,00.0,0000.3
,,,,,19:12:32,0.99,26916,00.0,0000.2
,,,,,19:12:33,0.99,26916,00.1,0000.5
,,,,,19:12:34,0.99,26916,03.5,0002.2
,,,,,19:12:35,0.99,26919,03.8,0002.2
,,,,,19:12:36,0.99,26923,03.5,0003.0
,,,,,19:12:37,0.99,26927,03.7,0003.2
,,,,,19:12:38,0.99,26930,03.5,0003.2
,,,,,19:12:39,0.99,26934,03.7,0003.4
,,,,,19:12:40,0.99,26937,03.7,0003.5
,,,,,19:12:41,0.99,26941,03.7,0003.5
,,,,,19:12:42,0.99,26945,03.7,0003.7
,,,,,19:12:43,0.99,26948,03.7,0003.9
,,,,,19:12:44,0.99,26952,03.5,0004.1
,,,,,19:12:45,0.99,26956,03.7,0004.1
,,,,,19:12:46,0.99,26959,03.7,0004.2
,,,,,19:12:47,0.99,26963,03.7,0004.2
,,,,,19:12:48,0.99,26967,03.7,0004.2
,,,,,19:12:49,0.99,26970,03.7,0004.4
,,,,,19:12:50,0.99,26974,03.7,0004.4
,,,,,19:12:51,0.99,26978,03.7,0004.4
,,,,,19:12:52,0.99,26981,03.7,0004.4
,,,,,19:12:53,0.99,26985,03.5,0004.6
,,,,,19:12:54,0.99,26988,03.7,0004.6
,,,,,19:12:55,0.99,26992,03.7,0004.6
,,,,,19:12:56,0.99,26996,03.7,0004.6
,,,,,19:12:57,0.99,26999,03.7,0004.6
,,,,,19:12:58,1.00,27003,03.7,0004.7
,,,,,19:12:59,0.99,27007,03.7,0004.7
,,,,,19:13:00,0.99,27010,03.7,0004.7
,,,,,19:13:01,0.99,27014,03.7,0004.6
,,,,,19:13:02,0.99,27018,03.7,0004.5
,,,,,19:13:03,0.99,27021,03.5,0004.6
,,,,,19:13:04,0.99,27025,03.7,0004.6
,,,,,19:13:05,0.99,27029,03.7,0004.6
,,,,,19:13:06,0.99,27032,03.7,0004.7
,,,,,19:13:07,0.99,27036,03.7,0004.6
,,,,,19:13:08,0.99,27040,03.7,0004.6
,,,,,19:13:09,0.99,27043,03.7,0004.6
,,,,,19:13:10,0.99,27047,03.7,0004.6
,,,,,19:13:11,0.99,27051,03.7,0004.6
,,,,,19:13:12,0.99,27054,03.7,0004.7
,,,,,19:13:13,0.99,27058,03.7,0004.5
,,,,,19:13:14,0.99,27062,03.5,0004.6
,,,,,19:13:15,1.00,27065,03.8,0004.9
,,,,,19:13:16,0.99,27069,04.5,0004.8
,,,,,19:13:17,0.99,27074,04.8,0005.0
,,,,,19:13:18,0.99,27078,04.5,0004.7
,,,,,19:13:19,0.99,27083,04.5,0004.9
,,,,,19:13:20,0.99,27087,04.4,0004.9
,,,,,19:13:21,0.99,27092,04.5,0005.4
,,,,,19:13:22,0.99,27096,04.5,0004.8
,,,,,19:13:23,0.99,27101,04.5,0005.2
,,,,,19:13:24,0.99,27105,04.5,0005.2
,,,,,19:13:25,0.99,27110,04.4,0004.7
,,,,,19:13:26,0.99,27114,04.5,0005.2
,,,,,19:13:27,0.99,27119,04.5,0004.7
,,,,,19:13:28,0.99,27123,04.5,0005.0
,,,,,19:13:29,0.99,27128,04.5,0005.1
,,,,,19:13:30,0.99,27132,04.5,0004.6
,,,,,19:13:31,0.99,27137,04.5,0005.1
,,,,,19:13:32,0.99,27141,04.5,0004.6
,,,,,19:13:33,0.99,27146,04.5,0004.7
,,,,,19:13:34,0.99,27150,04.5,0005.1
,,,,,19:13:35,0.99,27155,04.5,0004.5
,,,,,19:13:36,0.99,27159,04.4,0005.0
,,,,,19:13:37,0.99,27164,04.5,0004.7
,,,,,19:13:38,0.99,27168,04.5,0004.6
,,,,,19:13:39,0.99,27173,04.5,0005.0
,,,,,19:13:40,0.99,27177,04.5,0004.5
,,,,,19:13:41,0.99,27182,04.5,0005.1
,,,,,19:13:42,1.00,27186,04.5,0004.4
,,,,,19:13:43,0.99,27191,04.5,0004.7
,,,,,19:13:44,0.99,27195,04.5,0004.4
,,,,,19:13:45,0.99,27200,04.5,0004.5
,,,,,19:13:46,0.99,27204,04.5,0004.7
,,,,,19:13:47,0.99,27209,04.5,0004.3
,,,,,19:13:48,0.99,27213,04.5,0004.9
,,,,,19:13:49,0.99,27218,04.5,0004.6
,,,,,19:13:50,0.99,27222,04.5,0004.4
,,,,,19:13:51,0.99,27227,04.5,0004.8
,,,,,19:13:52,0.99,27231,04.5,0004.2
,,,,,19:13:53,0.99,27236,04.5,0004.7
,,,,,19:13:54,0.99,27240,04.5,0004.3
,,,,,19:13:55,0.99,27245,04.4,0004.4
,,,,,19:13:56,0.99,27249,04.5,0004.2
,,,,,19:13:57,0.99,27254,04.5,0004.2
,,,,,19:13:58,0.99,27258,04.5,0004.4
,,,,,19:13:59,0.99,27263,04.5,0004.3
,,,,,19:14:00,0.99,27267,04.5,0004.6
,,,,,19:14:01,0.99,27272,04.5,0004.2
,,,,,19:14:02,0.99,27276,04.5,0004.6
,,,,,19:14:03,0.99,27281,04.5,0004.3
,,,,,19:14:04,0.99,27285,04.5,0004.1
,,,,,19:14:05,0.99,27290,04.5,0004.5
,,,,,19:14:06,1.00,27294,04.5,0004.2
,,,,,19:14:07,0.99,27299,04.5,0004.3
,,,,,19:14:08,0.99,27303,04.5,0004.2
,,,,,19:14:09,0.99,27308,04.5,0004.1
,,,,,19:14:10,0.99,27312,04.5,0004.6
,,,,,19:14:11,0.99,27317,04.5,0004.1
,,,,,19:14:12,0.99,27321,04.5,0004.3
,,,,,19:14:13,0.99,27326,04.5,0004.3
,,,,,19:14:14,0.99,27330,04.5,0004.2
,,,,,19:14:15,0.99,27335,04.5,0004.6
,,,,,19:14:16,0.99,27339,04.5,0004.1
,,,,,19:14:17,0.99,27344,04.5,0004.6
,,,,,19:14:18,0.99,27348,04.5,0004.1
,,,,,19:14:19,0.99,27353,04.5,0004.5
,,,,,19:14:20,0.99,27357,04.5,0004.1
,,,,,19:14:21,0.99,27362,04.5,0004.5
,,,,,19:14:22,0.99,27366,04.4,0004.0
,,,,,19:14:23,0.99,27371,04.7,0004.3
,,,,,19:14:24,0.99,27376,04.4,0004.6
,,,,,19:14:25,0.99,27380,04.5,0004.1
,,,,,19:14:26,0.99,27384,04.5,0004.3
,,,,,19:14:27,0.99,27389,04.5,0004.2
,,,,,19:14:28,0.99,27393,04.5,0004.2
,,,,,19:14:29,0.99,27398,04.5,0004.5
,,,,,19:14:30,0.99,27402,04.5,0004.1
,,,,,19:14:31,0.99,27407,04.5,0004.5
,,,,,19:14:32,0.99,27411,04.5,0004.1
,,,,,19:14:33,0.99,27416,04.5,0004.2
,,,,,19:14:34,0.99,27420,04.5,0004.5
,,,,,19:14:35,0.99,27425,04.5,0004.1
,,,,,19:14:36,0.99,27430,04.5,0004.5
,,,,,19:14:37,0.99,27434,04.5,0004.2
,,,,,19:14:38,0.99,27439,04.5,0004.4
,,,,,19:14:39,0.99,27443,04.5,0004.1
,,,,,19:14:40,0.99,27448,04.5,0004.6
,,,,,19:14:41,0.99,27452,04.5,0004.2
,,,,,19:14:42,0.99,27457,04.5,0004.2
,,,,,19:14:43,0.99,27461,04.5,0004.6
,,,,,19:14:44,0.99,27466,04.5,0004.1
,,,,,19:14:45,0.99,27470,04.5,0004.6
,,,,,19:14:46,1.00,27475,04.5,0004.0
,,,,,19:14:47,1.00,27479,04.5,0004.3
,,,,,19:14:48,0.99,27484,04.5,0004.3
,,,,,19:14:49,0.99,27488,04.5,0004.0
,,,,,19:14:50,0.99,27493,04.5,0004.3
,,,,,19:14:51,0.99,27497,04.5,0003.9
,,,,,19:14:52,0.99,27502,04.5,0004.1
,,,,,19:14:53,0.99,27506,04.5,0004.3
,,,,,19:14:54,0.99,27511,04.4,0004.0
,,,,,19:14:55,0.99,27515,04.5,0004.5
,,,,,19:14:56,0.99,27520,04.5,0004.0
,,,,,19:14:57,0.99,27524,04.5,0004.2
,,,,,19:14:58,0.99,27529,04.5,0004.3
,,,,,19:14:59,0.99,27533,04.5,0004.0
,,,,,19:15:00,0.99,27538,04.5,0004.2
,,,,,19:15:01,0.99,27542,04.5,0004.3
,,,,,19:15:02,0.99,27547,04.5,0004.2
,,,,,19:15:03,0.99,27551,04.5,0004.6
,,,,,19:15:04,0.99,27556,04.5,0004.0
,,,,,19:15:05,0.99,27560,04.5,0004.5
,,,,,19:15:06,0.99,27565,04.5,0004.3
,,,,,19:15:07,0.99,27569,04.5,0004.3
,,,,,19:15:08,0.99,27574,04.5,0004.4
,,,,,19:15:09,0.99,27578,04.5,0004.2
,,,,,19:15:10,0.99,27583,04.5,0004.4
,,,,,19:15:11,0.99,27587,04.2,0003.9
,,,,,19:15:12,0.99,27592,03.5,0003.3
,,,,,19:15:13,0.99,27595,00.3,0001.9
,,,,,19:15:14,0.99,27595,00.0,0001.6
,,,,,19:15:15,0.99,27595,00.0,0001.1
,,,,,19:15:16,0.99,27595,00.0,0000.7
,,,,,19:15:17,0.99,27595,00.0,0000.5
,,,,,19:15:18,0.99,27595,00.0,0000.3
,,,,,19:15:19,0.99,27595,00.0,0000.2
,,,,,19:15:20,0.99,0,00.0,0000.1
,,,,,19:15:21,0.99,0,00.0,-0000.0
,,,,,19:15:22,0.99,0,00.0,-0000.1
,,,,,19:15:23,0.99,0,00.0,-0000.2
,,,,,19:15:24,0.99,0,00.0,-0000.3
,,,,,19:15:25,0.99,0,00.0,-0000.4
,,,,,19:15:26,0.99,0,00.0,-0000.5
,,,,,19:15:27,0.99,0,00.0,-0000.6
,,,,,19:15:28,0.99,0,00.0,-0000.6
,,,,,19:15:29,0.99,0,00.0,-0000.7
,,,,,19:15:30,0.99,0,00.0,-0000.7
,,,,,19:15:31,0.99,0,00.0,-0000.8
,,,,,19:15:32,0.99,0,00.0,-0000.8
,,,,,19:15:33,0.99,0,00.0,-0000.9
,,,,,19:15:34,0.99,0,00.0,-0000.9
,,,,,19:15:35,0.99,0,00.0,-0000.9
,,,,,19:15:36,0.99,0,00.0,-0001.0
,,,,,19:15:37,0.99,0,00.0,-0001.0
,,,,,19:15:38,0.99,0,00.0,-0001.0
,,,,,19:15:39,0.99,0,00.0,-0001.1
,,,,,19:15:40,0.99,0,00.0,-0001.1
,,,,,19:15:41,0.99,0,00.0,-0001.1
,,,,,19:15:42,0.99,0,00.0,-0001.2
,,,,,19:15:43,0.99,0,00.0,-0001.2
,,,,,19:15:44,0.98,0,00.0,-0001.2
,,,,,19:15:45,0.99,0,00.0,-0001.2
,,,,,19:15:46,0.99,0,00.0,-0001.2
,,,,,19:15:47,0.99,0,00.0,-0001.2
,,,,,19:15:48,0.99,0,00.0,-0001.2
,,,,,19:15:49,0.99,0,00.0,-0001.2
,,,,,19:15:50,0.99,0,00.0,-0001.2
,,,,,19:15:51,0.99,0,00.0,-0001.2
,,,,,19:15:52,0.98,0,00.0,-0001.2
,,,,,19:15:53,0.98,0,00.0,-0001.3
,,,,,19:15:54,0.98,0,00.0,-0001.3
,,,,,19:15:55,0.98,0,00.0,-0001.3
,,,,,19:15:56,0.98,0,00.0,-0001.3
,,,,,19:15:57,0.98,0,00.0,-0001.3
,,,,,19:15:58,0.98,0,00.0,-0001.4
,,,,,19:15:59,0.98,0,00.0,-0001.4
,,,,,19:16:00,0.98,0,00.0,-0001.4
,,,,,19:16:01,0.98,0,00.0,-0001.3
,,,,,19:16:02,0.98,0,00.0,-0001.3
,,,,,19:16:03,0.98,0,00.0,-0001.3
,,,,,19:16:04,0.98,0,00.0,-0001.3
,,,,,19:16:05,0.98,0,00.0,-0001.2
,,,,,19:16:06,0.98,0,00.0,-0001.2
,,,,,19:16:07,0.98,0,00.0,-0001.3
,,,,,19:16:08,0.98,0,00.0,-0001.3
,,,,,19:16:09,0.98,0,00.0,-0001.3
,,,,,19:16:10,0.99,0,00.0,-0001.3
,,,,,19:16:11,0.99,0,00.0,-0001.4
,,,,,19:16:12,0.98,0,00.0,-0001.4
,,,,,19:16:13,0.98,0,00.0,-0001.4
,,,,,19:16:14,0.99,0,00.0,-0001.4
,,,,,19:16:15,0.99,0,00.0,-0001.4
,,,,,19:16:16,0.99,0,00.0,-0001.4
,,,,,19:16:17,0.99,0,00.0,-0001.4
,,,,,19:16:18,0.99,0,00.0,-0001.4
,,,,,19:16:19,0.98,0,00.0,-0001.4
,,,,,19:16:20,0.98,0,00.0,-0001.4
,,,,,19:16:21,0.98,0,00.0,-0001.4
,,,,,19:16:22,0.99,0,00.0,-0001.4
,,,,,19:16:23,0.99,0,00.0,-0001.4
,,,,,19:16:24,0.99,0,00.0,-0001.4
,,,,,19:16:25,0.99,0,00.0,-0001.4
,,,,,19:16:26,0.99,0,00.0,-0001.4
,,,,,19:16:27,0.99,0,00.0,-0001.4
,,,,,19:16:28,0.99,0,00.0,-0001.4
,,,,,19:16:29,0.99,0,00.0,-0001.4
,,,,,19:16:30,0.99,0,00.0,-0001.4
,,,,,19:16:31,0.99,0,00.0,-0001.4
,,,,,19:16:32,0.99,0,00.0,-0001.4
,,,,,19:16:33,0.99,0,00.0,-0001.4
,,,,,19:16:34,0.99,0,00.0,-0001.4
,,,,,19:16:35,0.99,0,00.0,-0001.4
,,,,,19:16:36,0.99,0,00.0,-0001.4
,,,,,19:16:37,0.99,0,00.0,-0001.4
,,,,,19:16:38,0.99,0,00.0,-0001.4
,,,,,19:16:39,0.99,0,00.0,-0001.4
,,,,,19:16:40,0.99,0,00.0,-0001.4
,,,,,19:16:41,0.99,0,00.0,-0001.4
,,,,,19:16:42,1.00,0,00.0,-0001.4
,,,,,19:16:43,1.01,0,00.0,-0001.4
,,,,,19:16:44,1.02,0,00.0,-0001.4
,,,,,19:16:45,1.02,0,00.0,-0001.4
,,,,,19:16:46,1.03,0,00.0,-0001.4
,,,,,19:16:47,1.04,0,00.0,-0001.4
,,,,,19:16:48,1.05,0,00.0,-0001.4
,,,,,19:16:49,1.05,0,00.0,-0001.4
,,,,,19:16:50,1.06,0,00.0,-0001.4
,,,,,19:16:51,1.07,0,00.0,-0001.5
,,,,,19:16:52,1.08,0,00.0,-0001.5
,,,,,19:16:53,1.09,0,00.0,-0001.5
,,,,,19:16:54,1.10,0,00.0,-0001.5
,,,,,19:16:55,1.10,0,00.0,-0001.5
,,,,,19:16:56,1.11,0,00.0,-0001.5
,,,,,19:16:57,1.13,0,00.0,-0001.5
,,,,,19:16:58,1.14,0,00.0,-0001.5
,,,,,19:16:59,1.15,0,00.0,-0001.5
,,,,,19:17:00,1.16,0,00.0,-0001.5
,,,,,19:17:01,1.17,0,00.0,-0001.5
,,,,,19:17:02,1.18,0,00.0,-0001.5
,,,,,19:17:03,1.19,0,00.0,-0001.5
,,,,,19:17:04,1.20,0,00.0,-0001.5
,,,,,19:17:05,1.21,0,00.0,-0001.5
,,,,,19:17:06,1.22,0,00.0,-0001.5
,,,,,19:17:07,1.23,0,00.0,-0001.6
,,,,,19:17:08,1.24,0,00.0,-0001.6
,,,,,19:17:09,1.25,0,00.0,-0001.6
,,,,,19:17:10,1.26,0,00.0,-0001.6
,,,,,19:17:11,1.28,0,00.0,-0001.6
,,,,,19:17:12,1.29,0,00.0,-0001.6
,,,,,19:17:13,1.29,0,00.0,-0001.6
,,,,,19:17:14,1.30,0,00.0,-0001.5
,,,,,19:17:15,1.32,0,00.0,-0001.5
,,,,,19:17:16,1.33,0,00.0,-0001.5
,,,,,19:17:17,1.34,0,00.0,-0001.5
,,,,,19:17:18,1.34,0,00.0,-0001.5
,,,,,19:17:19,1.34,0,00.0,-0001.6
,,,,,19:17:20,1.34,0,00.0,-0001.5
,,,,,19:17:21,1.34,0,00.0,-0001.5
,,,,,19:17:22,1.34,0,00.0,-0001.5
,,,,,19:17:23,1.34,0,00.0,-0001.5
,,,,,19:17:24,1.34,0,00.0,-0001.5
,,,,,19:17:25,1.34,0,00.0,-0001.5
,,,,,19:17:26,1.34,0,00.0,-0001.5
,,,,,19:17:27,1.34,0,00.0,-0001.5
,,,,,19:17:28,1.33,0,00.0,-0001.5
,,,,,19:17:29,1.33,0,00.0,-0001.5
,,,,,19:17:30,1.33,0,00.0,-0001.5
,,,,,19:17:31,1.33,0,00.0,-0001.5
,,,,,19:17:32,1.33,0,00.0,-0001.5
,,,,,19:17:33,1.33,0,00.0,-0001.5
,,,,,19:17:34,1.33,0,00.0,-0001.5
,,,,,19:17:35,1.33,0,00.0,-0001.5
,,,,,19:17:36,1.33,0,00.0,-0001.5
,,,,,19:17:37,1.33,0,00.0,-0001.5
,,,,,19:17:38,1.33,0,00.0,-0001.6
,,,,,19:17:39,1.33,0,00.0,-0001.5
,,,,,19:17:40,1.33,0,00.0,-0001.5
,,,,,19:17:41,1.33,0,00.0,-0001.5
,,,,,19:17:42,1.33,0,00.0,-0001.5
,,,,,19:17:43,1.33,0,00.0,-0001.5
,,,,,19:17:44,1.33,0,00.0,-0001.6
,,,,,19:17:45,1.33,0,00.0,-0001.6
,,,,,19:17:46,1.33,0,00.0,-0001.5
,,,,,19:17:47,1.34,0,00.0,-0001.5
,,,,,19:17:48,1.34,0,00.0,-0001.5
,,,,,19:17:49,1.34,0,00.0,-0001.5
,,,,,19:17:50,1.34,0,00.0,-0001.5
,,,,,19:17:51,1.34,0,00.0,-0001.5
,,,,,19:17:52,1.34,0,00.0,-0001.5
,,,,,19:17:53,1.34,0,00.0,-0001.5
,,,,,19:17:54,1.35,0,00.0,-0001.5
,,,,,19:17:55,1.35,0,00.0,-0001.5
,,,,,19:17:56,1.35,0,00.0,-0001.5
,,,,,19:17:57,1.34,0,00.0,-0001.5
,,,,,19:17:58,1.34,0,00.0,-0001.5
,,,,,19:17:59,1.34,0,00.0,-0001.5
,,,,,19:18:00,1.35,0,00.0,-0001.5
,,,,,19:18:01,1.35,0,00.0,-0001.5
,,,,,19:18:02,1.35,0,00.0,-0001.5
,,,,,19:18:03,1.35,0,00.0,-0001.5
,,,,,19:18:04,1.35,0,00.0,-0001.5
,,,,,19:18:05,1.35,0,00.0,-0001.5
,,,,,19:18:06,1.36,0,00.0,-0001.5
,,,,,19:18:07,1.36,0,00.0,-0001.5
,,,,,19:18:08,1.36,0,00.0,-0001.5
,,,,,19:18:09,1.36,0,00.0,-0001.5
,,,,,19:18:10,1.36,0,00.0,-0001.5
,,,,,19:18:11,1.37,0,00.0,-0001.5
,,,,,19:18:12,1.37,0,00.0,-0001.5
,,,,,19:18:13,1.37,0,00.0,-0001.5
,,,,,19:18:14,1.37,0,00.0,-0001.5
,,,,,19:18:15,1.37,0,00.0,-0001.5
,,,,,19:18:16,1.37,0,00.0,-0001.5
,,,,,19:18:17,1.37,0,00.0,-0001.5
,,,,,19:18:18,1.37,0,00.0,-0001.5
,,,,,19:18:19,1.37,0,00.0,-0001.5
,,,,,19:18:20,1.37,0,00.0,-0001.5
,,,,,19:18:21,1.37,0,00.0,-0001.5
,,,,,19:18:22,1.36,0,00.0,-0001.5
,,,,,19:18:23,1.36,0,00.0,-0001.5
,,,,,19:18:24,1.36,0,00.0,-0001.5
,,,,,19:18:25,1.36,0,00.0,-0001.5
,,,,,19:18:26,1.36,0,00.0,-0001.5
,,,,,19:18:27,1.35,0,00.0,-0001.5
,,,,,19:18:28,1.35,0,00.0,-0001.5
,,,,,19:18:29,1.35,0,00.0,-0001.5
,,,,,19:18:30,1.36,0,00.0,-0001.5
,,,,,19:18:31,1.36,0,00.0,-0001.5
,,,,,19:18:32,1.36,0,00.0,-0001.5
,,,,,19:18:33,1.36,0,00.0,-0001.5
,,,,,19:18:34,1.36,0,00.0,-0001.5
,,,,,19:18:35,1.36,0,00.0,-0001.5
,,,,,19:18:36,1.36,0,00.0,-0001.5
,,,,,19:18:37,1.36,0,00.0,-0001.5
,,,,,19:18:38,1.36,0,00.0,-0001.5
,,,,,19:18:39,1.35,0,00.0,-0001.5
,,,,,19:18:40,1.35,0,00.0,-0001.5
,,,,,19:18:41,1.35,0,00.0,-0001.5
,,,,,19:18:42,1.35,0,00.0,-0001.5
,,,,,19:18:43,1.34,0,00.0,-0001.5
,,,,,19:18:44,1.34,0,00.0,-0001.5
,,,,,19:18:45,1.34,0,00.0,-0001.5
,,,,,19:18:46,1.34,0,00.0,-0001.5
,,,,,19:18:47,1.34,0,00.0,-0001.5
,,,,,19:18:48,1.33,0,00.0,-0001.5
,,,,,19:18:49,1.33,0,00.0,-0001.5
,,,,,19:18:50,1.33,0,00.0,-0001.5
,,,,,19:18:51,1.33,0,00.0,-0001.5
,,,,,19:18:52,1.32,0,00.0,-0001.5
,,,,,19:18:53,1.32,0,00.0,-0001.5
,,,,,19:18:54,1.32,0,00.0,-0001.5
,,,,,19:18:55,1.31,0,00.0,-0001.5
,,,,,19:18:56,1.31,0,00.0,-0001.5
,,,,,19:18:57,1.31,0,00.0,-0001.5
,,,,,19:18:58,1.31,0,00.0,-0001.5
,,,,,19:18:59,1.31,0,00.0,-0001.5
,,,,,19:19:00,1.31,0,00.0,-0001.5
,,,,,19:19:01,1.31,0,00.0,-0001.5
,,,,,19:19:02,1.31,0,00.0,-0001.5
,,,,,19:19:03,1.31,0,00.0,-0001.5
,,,,,19:19:04,1.31,0,00.0,-0001.5
,,,,,19:19:05,1.31,0,00.0,-0001.5
,,,,,19:19:06,1.31,0,00.0,-0001.5
,,,,,19:19:07,1.30,0,00.0,-0001.5
,,,,,19:19:08,1.30,0,00.0,-0001.5
,,,,,19:19:09,1.30,0,00.0,-0001.5
,,,,,19:19:10,1.30,0,00.0,-0001.5
,,,,,19:19:11,1.30,0,00.0,-0001.5
,,,,,19:19:12,1.30,0,00.0,-0001.5
,,,,,19:19:13,1.30,0,00.0,-0001.5
,,,,,19:19:14,1.30,0,00.0,-0001.5
,,,,,19:19:15,1.30,0,00.0,-0001.5
,,,,,19:19:16,1.30,0,00.0,-0001.5
,,,,,19:19:17,1.30,0,00.0,-0001.5
,,,,,19:19:18,1.30,0,00.0,-0001.5
,,,,,19:19:19,1.30,0,00.0,-0001.5
,,,,,19:19:20,1.30,0,00.0,-0001.5
,,,,,19:19:21,1.30,0,00.0,-0001.5
,,,,,19:19:22,1.30,0,00.0,-0001.5
,,,,,19:19:23,1.30,0,00.0,-0001.5
,,,,,19:19:24,1.30,0,00.0,-0001.5
,,,,,19:19:25,1.30,0,00.0,-0001.5
,,,,,19:19:26,1.30,0,00.0,-0001.5
,,,,,19:19:27,1.30,0,00.0,-0001.6
,,,,,19:19:28,1.30,0,00.0,-0001.6
,,,,,19:19:29,1.30,0,00.0,-0001.6
,,,,,19:19:30,1.30,0,00.0,-0001.6
,,,,,19:19:31,1.30,0,00.0,-0001.6
,,,,,19:19:32,1.30,0,00.0,-0001.6
,,,,,19:19:33,1.30,0,00.0,-0001.6
,,,,,19:19:34,1.30,0,00.0,-0001.6
,,,,,19:19:35,1.31,0,00.0,-0001.6
,,,,,19:19:36,1.31,0,00.0,-0001.6
,,,,,19:19:37,1.31,0,00.0,-0001.5
,,,,,19:19:38,1.31,0,00.0,-0001.6
,,,,,19:19:39,1.31,0,00.0,-0001.6
,,,,,19:19:40,1.31,0,00.0,-0001.5
,,,,,19:19:41,1.31,0,00.0,-0001.5
,,,,,19:19:42,1.31,0,00.0,-0001.4
,,,,,19:19:43,1.31,0,00.0,-0001.5
,,,,,19:19:44,1.31,0,00.0,-0001.6
,,,,,19:19:45,1.31,0,00.0,-0001.6
,,,,,19:19:46,1.31,0,00.0,-0001.6
,,,,,19:19:47,1.31,0,00.0,-0001.6
,,,,,19:19:48,1.31,0,00.0,-0001.6
,,,,,19:19:49,1.31,0,00.0,-0001.6
,,,,,19:19:50,1.31,0,00.0,-0001.6
,,,,,19:19:51,1.31,0,00.0,-0001.6
,,,,,19:19:52,1.31,0,00.0,-0001.6
,,,,,19:19:53,1.31,0,00.0,-0001.6
,,,,,19:19:54,1.31,0,00.0,-0001.6
,,,,,19:19:55,1.31,0,00.0,-0001.6
,,,,,19:19:56,1.31,0,00.0,-0001.6
,,,,,19:19:57,1.31,0,00.0,-0001.6
,,,,,19:19:58,1.31,0,00.0,-0001.6
,,,,,19:19:59,1.31,0,00.0,-0001.6
,,,,,19:20:00,1.31,0,00.0,-0001.6
,,,,,19:20:01,1.31,0,00.0,-0001.6
,,,,,19:20:02,1.31,0,00.0,-0001.6
,,,,,19:20:03,1.31,0,00.0,-0001.6
,,,,,19:20:04,1.31,0,00.0,-0001.6
,,,,,19:20:05,1.31,0,00.0,-0001.6
,,,,,19:20:06,1.31,0,00.0,-0001.6
,,,,,19:20:07,1.31,0,00.0,-0001.6
,,,,,19:20:08,1.31,0,00.0,-0001.6
,,,,,19:20:09,1.31,0,00.0,-0001.6
,,,,,19:20:10,1.31,0,00.0,-0001.6
,,,,,19:20:11,1.31,0,00.0,-0001.6
,,,,,19:20:12,1.31,0,00.0,-0001.6
,,,,,19:20:13,1.31,0,00.0,-0001.6
,,,,,19:20:14,1.31,0,00.0,-0001.6
,,,,,19:20:15,1.31,0,00.0,-0001.6
,,,,,19:20:16,1.31,0,00.0,-0001.6
,,,,,19:20:17,1.31,0,00.0,-0001.6
,,,,,19:20:18,1.31,0,00.0,-0001.6
,,,,,19:20:19,1.31,0,00.0,-0001.6
,,,,,19:20:20,1.31,0,00.0,-0001.6
,,,,,19:20:21,1.31,0,00.0,-0001.6
,,,,,19:20:22,1.31,0,00.0,-0001.6
,,,,,19:20:23,1.31,0,00.0,-0001.6
,,,,,19:20:24,1.31,0,00.0,-0001.6
,,,,,19:20:25,1.31,0,00.0,-0001.6
,,,,,19:20:26,1.31,0,00.0,-0001.6
,,,,,19:20:27,1.31,0,00.0,-0001.6
,,,,,19:20:28,1.31,0,00.0,-0001.6
,,,,,19:20:29,1.31,0,00.0,-0001.6
,,,,,19:20:30,1.31,0,00.0,-0001.6
,,,,,19:20:31,1.31,0,00.0,-0001.6
,,,,,19:20:32,1.31,0,00.0,-0001.6
,,,,,19:20:33,1.31,0,00.0,-0001.6
,,,,,19:20:34,1.31,0,00.0,-0001.6
,,,,,19:20:35,1.31,0,00.0,-0001.6
,,,,,19:20:36,1.31,0,00.0,-0001.6
,,,,,19:20:37,1.31,0,00.0,-0001.6
,,,,,19:20:38,1.31,0,00.0,-0001.6
,,,,,19:20:39,1.32,0,00.0,-0001.6
,,,,,19:20:40,1.32,0,00.0,-0001.6
,,,,,19:20:41,1.32,0,00.0,-0001.6
,,,,,19:20:42,1.32,0,00.0,-0001.6
,,,,,19:20:43,1.32,0,00.0,-0001.6
,,,,,19:20:44,1.32,0,00.0,-0001.6
,,,,,19:20:45,1.32,0,00.0,-0001.7
,,,,,19:20:46,1.32,0,00.0,-0001.7
,,,,,19:20:47,1.31,0,00.0,-0001.7
,,,,,19:20:48,1.31,0,00.0,-0001.7
,,,,,19:20:49,1.31,0,00.0,-0001.7
,,,,,19:20:50,1.31,0,00.0,-0001.7
,,,,,19:20:51,1.31,0,00.0,-0001.7
,,,,,19:20:52,1.31,0,00.0,-0001.7
,,,,,19:20:53,1.31,0,00.0,-0001.6
,,,,,19:20:54,1.31,0,00.0,-0001.6
,,,,,19:20:55,1.31,0,00.0,-0001.6
,,,,,19:20:56,1.31,0,00.0,-0001.6
,,,,,19:20:57,1.31,0,00.0,-0001.6
,,,,,19:20:58,1.31,0,00.0,-0001.6
,,,,,19:20:59,1.31,0,00.0,-0001.6
,,,,,19:21:00,1.31,0,00.0,-0001.6
,,,,,19:21:01,1.31,0,00.0,-0001.6
,,,,,19:21:02,1.31,0,00.0,-0001.6
,,,,,19:21:03,1.31,0,00.0,-0001.6
,,,,,19:21:04,1.31,0,00.0,-0001.6
,,,,,19:21:05,1.31,0,00.0,-0001.6
,,,,,19:21:06,1.31,0,00.0,-0001.6
,,,,,19:21:07,1.31,0,00.0,-0001.6
,,,,,19:21:08,1.31,0,00.0,-0001.6
,,,,,19:21:09,1.31,0,00.0,-0001.6
,,,,,19:21:10,1.31,0,00.0,-0001.6
,,,,,19:21:11,1.31,0,00.0,-0001.6
,,,,,19:21:12,1.31,0,00.0,-0001.6
,,,,,19:21:13,1.31,0,00.0,-0001.6
,,,,,19:21:14,1.31,0,00.0,-0001.6
,,,,,19:21:15,1.31,0,00.0,-0001.6
,,,,,19:21:16,1.31,0,00.0,-0001.6
,,,,,19:21:17,1.31,0,00.0,-0001.6
,,,,,19:21:18,1.31,0,00.0,-0001.6
,,,,,19:21:19,1.31,0,00.0,-0001.6
,,,,,19:21:20,1.31,0,00.0,-0001.6
,,,,,19:21:21,1.31,0,00.0,-0001.6
,,,,,19:21:22,1.31,0,00.0,-0001.6
,,,,,19:21:23,1.31,0,00.0,-0001.6
,,,,,19:21:24,1.31,0,00.0,-0001.6
,,,,,19:21:25,1.31,0,00.0,-0001.6
,,,,,19:21:26,1.31,0,00.0,-0001.5
,,,,,19:21:27,1.31,0,00.0,-0001.5
,,,,,19:21:28,1.31,0,00.0,-0001.6
,,,,,19:21:29,1.31,0,00.0,-0001.6
,,,,,19:21:30,1.31,0,00.0,-0001.6
,,,,,19:21:31,1.31,0,00.0,-0001.6
,,,,,19:21:32,1.31,0,00.0,-0001.6
,,,,,19:21:33,1.31,0,00.0,-0001.6
,,,,,19:21:34,1.31,0,00.0,-0001.6
,,,,,19:21:35,1.31,0,00.0,-0001.6
,,,,,19:21:36,1.31,0,00.0,-0001.5
,,,,,19:21:37,1.31,0,00.0,-0001.6
,,,,,19:21:38,1.31,0,00.0,-0001.6
,,,,,19:21:39,1.31,0,00.0,-0001.5
,,,,,19:21:40,1.31,0,00.0,-0001.6
,,,,,19:21:41,1.31,0,00.0,-0001.5
,,,,,19:21:42,1.31,0,00.0,-0001.6
,,,,,19:21:43,1.31,0,00.0,-0001.6
,,,,,19:21:44,1.31,0,00.0,-0001.6
,,,,,19:21:45,1.31,0,00.0,-0001.6
,,,,,19:21:46,1.31,0,00.0,-0001.5
,,,,,19:21:47,1.31,0,00.0,-0001.6
,,,,,19:21:48,1.31,0,00.0,-0001.6
,,,,,19:21:49,1.31,0,00.0,-0001.6
,,,,,19:21:50,1.31,0,00.0,-0001.6
,,,,,19:21:51,1.31,0,00.0,-0001.6
,,,,,19:21:52,1.31,0,00.0,-0001.6
,,,,,19:21:53,1.31,0,00.0,-0001.6
,,,,,19:21:54,1.31,0,00.0,-0001.6
,,,,,19:21:55,1.31,0,00.0,-0001.6
,,,,,19:21:56,1.31,0,00.0,-0001.6
,,,,,19:21:57,1.31,0,00.0,-0001.6
,,,,,19:21:58,1.31,0,00.0,-0001.6
,,,,,19:21:59,1.31,0,00.0,-0001.6
,,,,,19:22:00,1.31,0,00.0,-0001.6
,,,,,19:22:01,1.31,0,00.0,-0001.6
,,,,,19:22:02,1.31,0,01.0,-0001.0
,,,,,19:22:03,1.31,1,03.8,0000.3
,,,,,19:22:04,1.31,5,03.7,0000.9
,,,,,19:22:05,1.31,8,03.5,0002.1
,,,,,19:22:06,1.31,12,03.7,0003.0
,,,,,19:22:07,1.31,16,03.5,0003.6
,,,,,19:22:08,1.31,19,03.7,0004.2
,,,,,19:22:09,1.31,23,03.7,0004.7
,,,,,19:22:10,1.31,27,03.5,0005.1
,,,,,19:22:11,1.31,30,03.7,0005.4
,,,,,19:22:12,1.31,34,03.5,0005.6
,,,,,19:22:13,1.31,37,03.7,0005.8
,,,,,19:22:14,1.31,41,03.5,0006.0
,,,,,19:22:15,1.31,44,03.7,0006.0
,,,,,19:22:16,1.31,48,03.7,0006.0
,,,,,19:22:17,1.31,52,03.5,0006.1
,,,,,19:22:18,1.31,55,03.7,0005.9
,,,,,19:22:19,1.31,59,03.7,0006.0
,,,,,19:22:20,1.31,63,03.7,0006.2
,,,,,19:22:21,1.31,66,03.7,0006.3
,,,,,19:22:22,1.31,70,03.8,0006.5
,,,,,19:22:23,1.31,74,03.8,0006.4
,,,,,19:22:24,1.31,78,04.2,0006.8
,,,,,19:22:25,1.31,82,04.5,0007.2
,,,,,19:22:26,1.31,86,04.7,0007.2
,,,,,19:22:27,1.31,91,04.8,0007.7
,,,,,19:22:28,1.31,96,04.8,0007.4
,,,,,19:22:29,1.31,101,04.9,0007.8
,,,,,19:22:30,1.31,105,04.9,0008.2
,,,,,19:22:31,1.31,110,05.2,0008.2
,,,,,19:22:32,1.31,116,05.2,0008.6
,,,,,19:22:33,1.31,121,05.1,0008.9
,,,,,19:22:34,1.31,126,05.2,0009.1
,,,,,19:22:35,1.31,131,05.1,0009.4
,,,,,19:22:36,1.31,136,05.2,0009.5
,,,,,19:22:37,1.31,141,05.2,0009.5
,,,,,19:22:38,1.31,147,05.1,0009.6
,,,,,19:22:39,1.31,152,05.2,0009.6
,,,,,19:22:40,1.31,157,05.1,0009.5
,,,,,19:22:41,1.31,162,05.2,0009.4
,,,,,19:22:42,1.31,167,05.2,0009.4
,,,,,19:22:43,1.31,172,05.1,0009.4
,,,,,19:22:44,1.31,178,05.2,0009.3
,,,,,19:22:45,1.31,183,05.2,0009.2
,,,,,19:22:46,1.31,188,05.1,0008.9
,,,,,19:22:47,1.31,193,05.2,0008.8
,,,,,19:22:48,1.31,198,05.2,0008.4
,,,,,19:22:49,1.31,203,05.1,0008.2
,,,,,19:22:50,1.31,209,05.2,0007.9
,,,,,19:22:51,1.31,214,05.2,0007.7
,,,,,19:22:52,1.31,219,05.1,0007.8
,,,,,19:22:53,1.31,224,05.2,0007.7
,,,,,19:22:54,1.31,229,05.2,0007.5
,,,,,19:22:55,1.31,234,05.2,0007.2
,,,,,19:22:56,1.31,240,05.1,0007.1
,,,,,19:22:57,1.31,245,05.2,0006.9
,,,,,19:22:58,1.31,250,05.2,0006.8
,,,,,19:22:59,1.31,255,05.2,0006.9
,,,,,19:23:00,1.31,260,05.1,0006.7
,,,,,19:23:01,1.31,266,05.2,0006.6
,,,,,19:23:02,1.31,271,05.2,0006.6
,,,,,19:23:03,1.31,276,05.2,0006.4
,,,,,19:23:04,1.31,281,05.2,0006.3
,,,,,19:23:05,1.30,286,05.2,0006.5
,,,,,19:23:06,1.30,292,05.1,0006.4
,,,,,19:23:07,1.30,297,05.2,0006.5
,,,,,19:23:08,1.30,302,05.2,0006.3
,,,,,19:23:09,1.30,307,05.2,0006.2
,,,,,19:23:10,1.30,312,05.2,0006.3
,,,,,19:23:11,1.30,318,05.4,0006.7
,,,,,19:23:12,1.30,323,05.8,0007.7
,,,,,19:23:13,1.30,329,05.8,0007.8
,,,,,19:23:14,1.30,334,05.8,0008.1
,,,,,19:23:15,1.30,340,06.1,0008.5
,,,,,19:23:16,1.30,346,06.2,0008.8
,,,,,19:23:17,1.30,353,06.2,0008.9
,,,,,19:23:18,1.30,359,06.2,0008.9
,,,,,19:23:19,1.30,365,06.1,0008.9
,,,,,19:23:20,1.30,371,06.2,0008.9
,,,,,19:23:21,1.30,377,06.2,0008.9
,,,,,19:23:22,1.30,383,06.2,0008.8
,,,,,19:23:23,1.29,390,06.2,0008.8
,,,,,19:23:24,1.29,396,06.1,0008.7
,,,,,19:23:25,1.29,402,06.2,0008.4
,,,,,19:23:26,1.29,408,06.2,0008.3
,,,,,19:23:27,1.29,414,06.2,0008.2
,,,,,19:23:28,1.29,420,06.1,0008.1
,,,,,19:23:29,1.29,427,06.2,0008.1
,,,,,19:23:30,1.29,433,06.2,0008.1
,,,,,19:23:31,1.29,439,06.2,0008.2
,,,,,19:23:32,1.29,445,06.1,0008.2
,,,,,19:23:33,1.29,451,06.2,0008.3
,,,,,19:23:34,1.29,457,06.2,0008.4
,,,,,19:23:35,1.29,464,06.2,0008.4
,,,,,19:23:36,1.29,470,06.2,0008.4
,,,,,19:23:37,1.29,476,06.1,0008.4
,,,,,19:23:38,1.29,482,06.2,0008.2
,,,,,19:23:39,1.30,488,06.2,0008.0
,,,,,19:23:40,1.30,494,06.2,0008.0
,,,,,19:23:41,1.30,501,06.2,0008.0
,,,,,19:23:42,1.30,507,06.1,0008.0
,,,,,19:23:43,1.31,513,06.2,0008.2
,,,,,19:23:44,1.31,519,06.2,0008.3
,,,,,19:23:45,1.31,525,06.2,0008.4
,,,,,19:23:46,1.32,532,06.2,0008.5
,,,,,19:23:47,1.32,538,06.1,0008.5
,,,,,19:23:48,1.32,544,06.2,0008.6
,,,,,19:23:49,1.32,550,06.2,0008.6
,,,,,19:23:50,1.32,556,06.2,0008.5
,,,,,19:23:51,1.32,562,06.2,0008.5
,,,,,19:23:52,1.31,569,06.1,0008.3
,,,,,19:23:53,1.31,575,06.2,0008.2
,,,,,19:23:54,1.31,581,06.2,0008.0
,,,,,19:23:55,1.31,587,06.2,0007.9
,,,,,19:23:56,1.31,593,06.2,0007.8
,,,,,19:23:57,1.31,600,06.2,0007.9
,,,,,19:23:58,1.31,606,06.1,0007.9
,,,,,19:23:59,1.30,612,06.2,0008.1
,,,,,19:24:00,1.30,618,06.2,0008.1
,,,,,19:24:01,1.31,624,06.2,0008.2
,,,,,19:24:02,1.31,630,06.2,0008.0
,,,,,19:24:03,1.31,637,06.8,0008.6
,,,,,19:24:04,1.31,643,07.7,0008.6
,,,,,19:24:05,1.31,651,07.0,0008.1
,,,,,19:24:06,1.31,658,06.1,0008.4
,,,,,19:24:07,1.31,664,06.3,0008.2
,,,,,19:24:08,1.31,670,06.3,0008.5
,,,,,19:24:09,1.31,677,07.6,0009.3
,,,,,19:24:10,1.31,684,08.1,0010.2
,,,,,19:24:11,1.31,692,08.2,0009.9
,,,,,19:24:12,1.31,701,08.1,0010.2
,,,,,19:24:13,1.32,709,08.2,0010.3
,,,,,19:24:14,1.31,717,08.1,0010.7
,,,,,19:24:15,1.31,725,08.2,0010.2
,,,,,19:24:16,1.31,733,08.2,0010.1
,,,,,19:24:17,1.31,741,08.2,0010.2
,,,,,19:24:18,1.31,750,08.4,0010.4
,,,,,19:24:19,1.31,758,08.5,0010.9
,,,,,19:24:20,1.31,766,08.7,0010.9
,,,,,19:24:21,1.32,775,08.9,0011.4
,,,,,19:24:22,1.32,784,08.8,0011.6
,,,,,19:24:23,1.31,793,09.1,0012.2
,,,,,19:24:24,1.31,802,09.3,0011.7
,,,,,19:24:25,1.31,811,09.3,0011.7
,,,,,19:24:26,1.31,821,09.5,0012.0
,,,,,19:24:27,1.31,830,09.7,0012.4
,,,,,19:24:28,1.31,840,09.9,0012.6
,,,,,19:24:29,1.31,850,09.9,0012.8
,,,,,19:24:30,1.31,860,10.3,0013.7
,,,,,19:24:31,1.31,870,10.6,0014.2
,,,,,19:24:32,1.31,880,11.0,0014.8
,,,,,19:24:33,1.31,891,11.3,0015.3
,,,,,19:24:34,1.31,903,11.6,0015.3
,,,,,19:24:35,1.31,914,11.5,0016.1
,,,,,19:24:36,1.31,926,11.7,0015.7
,,,,,19:24:37,1.31,938,11.7,0015.5
,,,,,19:24:38,1.31,949,11.6,0015.7
,,,,,19:24:39,1.31,961,11.8,0015.4
,,,,,19:24:40,1.31,973,11.8,0016.8
,,,,,19:24:41,1.31,984,11.9,0016.7
,,,,,19:24:42,1.31,996,12.1,0016.3
,,,,,19:24:43,1.31,1008,12.2,0016.9
,,,,,19:24:44,1.31,1021,12.2,0017.1
,,,,,19:24:45,1.31,1033,12.2,0016.9
,,,,,19:24:46,1.31,1045,12.3,0016.7
,,,,,19:24:47,1.31,1057,12.3,0016.8
,,,,,19:24:48,1.31,1070,12.2,0016.8
,,,,,19:24:49,1.31,1082,12.3,0016.7
,,,,,19:24:50,1.31,1094,12.4,0016.8
,,,,,19:24:51,1.31,1106,12.2,0016.8
,,,,,19:24:52,1.31,1119,12.3,0016.5
,,,,,19:24:53,1.31,1131,12.2,0016.6
,,,,,19:24:54,1.31,1143,12.3,0016.6
,,,,,19:24:55,1.31,1155,12.2,0016.7
,,,,,19:24:56,1.31,1167,12.3,0016.9
,,,,,19:24:57,1.31,1180,12.3,0016.6
,,,,,19:24:58,1.31,1192,12.2,0016.6
,,,,,19:24:59,1.32,1204,12.3,0016.3
,,,,,19:25:00,1.32,1217,12.2,0016.3
,,,,,19:25:01,1.32,1229,12.3,0016.2
,,,,,19:25:02,1.32,1241,12.3,0016.2
,,,,,19:25:03,1.32,1253,12.2,0016.4
,,,,,19:25:04,1.32,1265,12.3,0016.1
,,,,,19:25:05,1.32,1278,12.2,0015.8
,,,,,19:25:06,1.32,1290,12.3,0016.4
,,,,,19:25:07,1.32,1302,12.4,0016.1
,,,,,19:25:08,1.32,1315,12.2,0016.1
,,,,,19:25:09,1.32,1327,12.3,0015.8
,,,,,19:25:10,1.32,1339,12.3,0016.1
,,,,,19:25:11,1.32,1351,12.3,0016.2
,,,,,19:25:12,1.31,1364,12.3,0015.8
,,,,,19:25:13,1.31,1376,12.3,0016.1
,,,,,19:25:14,1.31,1388,12.2,0016.1
,,,,,19:25:15,1.32,1400,12.3,0015.8
,,,,,19:25:16,1.32,1413,12.2,0015.9
,,,,,19:25:17,1.32,1425,12.3,0015.8
,,,,,19:25:18,1.32,1437,12.4,0015.9
,,,,,19:25:19,1.32,1450,12.2,0015.9
,,,,,19:25:20,1.32,1462,12.3,0015.6
,,,,,19:25:21,1.32,1474,12.3,0015.4
,,,,,19:25:22,1.32,1486,12.2,0015.9
,,,,,19:25:23,1.32,1499,12.4,0015.8
,,,,,19:25:24,1.32,1511,12.3,0015.5
,,,,,19:25:25,1.32,1523,12.2,0015.9
,,,,,19:25:26,1.32,1535,12.3,0016.2
,,,,,19:25:27,1.32,1548,12.4,0015.7
,,,,,19:25:28,1.32,1560,12.2,0015.8
,,,,,19:25:29,1.32,1572,12.3,0016.0
,,,,,19:25:30,1.32,1585,12.3,0016.1
,,,,,19:25:31,1.31,1597,12.3,0015.5
,,,,,19:25:32,1.31,1609,12.3,0015.3
,,,,,19:25:33,1.31,1621,12.3,0015.5
,,,,,19:25:34,1.31,1634,12.2,0015.7
,,,,,19:25:35,1.31,1646,12.4,0015.5
,,,,,19:25:36,1.31,1658,12.3,0015.6
,,,,,19:25:37,1.30,1671,12.2,0015.4
,,,,,19:25:38,1.30,1683,12.4,0015.5
,,,,,19:25:39,1.30,1695,12.3,0015.7
,,,,,19:25:40,1.30,1708,12.2,0015.6
,,,,,19:25:41,1.29,1720,12.3,0015.9
,,,,,19:25:42,1.29,1732,12.4,0015.5
,,,,,19:25:43,1.29,1744,12.2,0015.6
,,,,,19:25:44,1.29,1757,12.3,0015.6
,,,,,19:25:45,1.30,1769,12.3,0015.9
,,,,,19:25:46,1.30,1781,12.4,0015.9
,,,,,19:25:47,1.30,1794,12.2,0015.3
,,,,,19:25:48,1.30,1806,12.3,0015.2
,,,,,19:25:49,1.30,1818,12.4,0015.3
,,,,,19:25:50,1.30,1830,12.2,0015.4
,,,,,19:25:51,1.30,1843,12.3,0015.4
,,,,,19:25:52,1.30,1855,12.4,0015.3
,,,,,19:25:53,1.30,1867,12.2,0015.5
,,,,,19:25:54,1.30,1880,12.3,0015.3
,,,,,19:25:55,1.30,1892,12.3,0015.7
,,,,,19:25:56,1.30,1904,12.3,0015.6
,,,,,19:25:57,1.30,1916,12.3,0015.4
,,,,,19:25:58,1.30,1929,12.3,0015.3
,,,,,19:25:59,1.30,1941,12.3,0015.1
,,,,,19:26:00,1.31,1953,12.3,0015.3
,,,,,19:26:01,1.31,1966,12.3,0015.2
,,,,,19:26:02,1.31,1978,12.4,0015.6
,,,,,19:26:03,1.31,1990,12.2,0015.5
,,,,,19:26:04,1.31,2002,12.3,0015.3
,,,,,19:26:05,1.31,2015,12.4,0014.9
,,,,,19:26:06,1.31,2027,12.2,0015.0
,,,,,19:26:07,1.31,2039,12.3,0014.9
,,,,,19:26:08,1.31,2052,12.4,0015.6
,,,,,19:26:09,1.32,2064,12.2,0015.5
,,,,,19:26:10,1.32,2076,12.3,0015.4
,,,,,19:26:11,1.32,2088,12.4,0015.2
,,,,,19:26:12,1.32,2101,12.3,0015.0
,,,,,19:26:13,1.32,2113,12.2,0015.0
,,,,,19:26:14,1.32,2125,12.4,0015.1
,,,,,19:26:15,1.32,2138,12.3,0015.4
,,,,,19:26:16,1.32,2150,12.3,0015.5
,,,,,19:26:17,1.32,2162,12.3,0015.3
,,,,,19:26:18,1.32,2175,12.3,0015.1
,,,,,19:26:19,1.32,2187,12.4,0014.8
,,,,,19:26:20,1.31,2199,12.2,0014.7
,,,,,19:26:21,1.31,2212,12.3,0015.3
,,,,,19:26:22,1.31,2224,12.4,0015.2
,,,,,19:26:23,1.31,2236,12.2,0015.1
,,,,,19:26:24,1.31,2248,12.3,0014.8
,,,,,19:26:25,1.30,2261,12.4,0015.2
,,,,,19:26:26,1.30,2273,12.3,0014.8
,,,,,19:26:27,1.30,2285,12.3,0014.7
,,,,,19:26:28,1.30,2298,12.3,0014.6
,,,,,19:26:29,1.30,2310,12.3,0014.8
,,,,,19:26:30,1.30,2322,12.3,0015.1
,,,,,19:26:31,1.30,2335,12.3,0015.1
,,,,,19:26:32,1.30,2347,12.3,0015.4
,,,,,19:26:33,1.30,2359,12.4,0015.3
,,,,,19:26:34,1.30,2372,12.2,0015.1
,,,,,19:26:35,1.30,2384,12.4,0014.7
,,,,,19:26:36,1.31,2396,12.3,0014.9
,,,,,19:26:37,1.31,2408,12.3,0014.6
,,,,,19:26:38,1.31,2421,12.3,0014.9
,,,,,19:26:39,1.31,2433,12.4,0014.8
,,,,,19:26:40,1.31,2445,12.3,0015.0
,,,,,19:26:41,1.31,2458,12.3,0015.1
,,,,,19:26:42,1.31,2470,12.3,0015.1
,,,,,19:26:43,1.31,2482,12.3,0015.3
,,,,,19:26:44,1.31,2495,12.3,0015.1
,,,,,19:26:45,1.31,2507,12.3,0015.3
,,,,,19:26:46,1.32,2519,12.4,0015.3
,,,,,19:26:47,1.32,2532,12.3,0015.4
,,,,,19:26:48,1.32,2544,12.3,0014.9
,,,,,19:26:49,1.32,2556,12.3,0015.0
,,,,,19:26:50,1.32,2568,12.3,0014.9
,,,,,19:26:51,1.33,2581,12.4,0014.9
,,,,,19:26:52,1.33,2593,12.2,0014.9
,,,,,19:26:53,1.33,2605,12.3,0015.2
,,,,,19:26:54,1.33,2618,12.4,0015.3
,,,,,19:26:55,1.33,2630,12.2,0015.0
,,,,,19:26:56,1.33,2642,12.4,0015.0
,,,,,19:26:57,1.34,2655,12.3,0014.8
,,,,,19:26:58,1.34,2667,12.4,0014.8
,,,,,19:26:59,1.34,2679,12.2,0014.4
,,,,,19:27:00,1.34,2691,12.4,0014.6
,,,,,19:27:01,1.34,2704,12.3,0014.2
,,,,,19:27:02,1.35,2716,12.3,0014.4
,,,,,19:27:03,1.35,2728,12.3,0014.5
,,,,,19:27:04,1.35,2741,12.3,0014.5
,,,,,19:27:05,1.35,2753,12.4,0014.5
,,,,,19:27:06,1.35,2765,12.3,0014.8
,,,,,19:27:07,1.35,2778,12.3,0015.3
,,,,,19:27:08,1.35,2790,12.3,0015.1
,,,,,19:27:09,1.35,2802,12.4,0015.3
,,,,,19:27:10,1.35,2815,12.3,0014.8
,,,,,19:27:11,1.34,2827,12.3,0014.9
,,,,,19:27:12,1.34,2839,12.3,0014.8
,,,,,19:27:13,1.34,2852,12.4,0015.0
,,,,,19:27:14,1.33,2864,12.3,0014.8
,,,,,19:27:15,1.33,2876,12.3,0014.8
,,,,,19:27:16,1.33,2889,12.3,0014.6
,,,,,19:27:17,1.32,2901,12.4,0014.4
,,,,,19:27:18,1.32,2913,12.2,0014.5
,,,,,19:27:19,1.32,2925,12.4,0014.5
,,,,,19:27:20,1.32,2938,12.3,0014.5
,,,,,19:27:21,1.31,2950,12.3,0014.6
,,,,,19:27:22,1.31,2963,12.3,0014.8
,,,,,19:27:23,1.31,2975,12.3,0014.8
,,,,,19:27:24,1.30,2987,12.4,0014.7
,,,,,19:27:25,1.30,2999,12.3,0014.9
,,,,,19:27:26,1.30,3012,12.3,0014.6
,,,,,19:27:27,1.30,3024,12.3,0015.1
,,,,,19:27:28,1.30,3036,12.4,0015.1
,,,,,19:27:29,1.30,3049,12.3,0015.2
,,,,,19:27:30,1.30,3061,12.3,0014.9
,,,,,19:27:31,1.30,3073,12.3,0015.0
,,,,,19:27:32,1.30,3086,12.4,0014.8
,,,,,19:27:33,1.30,3098,12.3,0014.6
,,,,,19:27:34,1.30,3110,12.3,0014.8
,,,,,19:27:35,1.30,3123,12.3,0014.9
,,,,,19:27:36,1.30,3135,12.4,0014.9
,,,,,19:27:37,1.30,3147,12.3,0014.6
,,,,,19:27:38,1.30,3160,12.3,0014.7
,,,,,19:27:39,1.30,3172,12.3,0014.5
,,,,,19:27:40,1.30,3184,12.4,0014.6
,,,,,19:27:41,1.30,3197,12.3,0014.6
,,,,,19:27:42,1.30,3209,12.3,0014.4
,,,,,19:27:43,1.30,3221,12.3,0014.6
,,,,,19:27:44,1.30,3234,12.4,0014.4
,,,,,19:27:45,1.30,3246,12.3,0014.7
,,,,,19:27:46,1.31,3258,12.3,0014.5
,,,,,19:27:47,1.31,3270,12.3,0014.8
,,,,,19:27:48,1.31,3283,12.4,0014.5
,,,,,19:27:49,1.31,3295,12.2,0014.7
,,,,,19:27:50,1.31,3307,12.4,0014.7
,,,,,19:27:51,1.31,3320,12.3,0014.9
,,,,,19:27:52,1.31,3332,12.4,0014.9
,,,,,19:27:53,1.31,3344,12.3,0014.6
,,,,,19:27:54,1.31,3357,12.3,0014.9
,,,,,19:27:55,1.31,3369,12.4,0014.5
,,,,,19:27:56,1.31,3381,12.3,0014.7
,,,,,19:27:57,1.31,3394,12.4,0014.5
,,,,,19:27:58,1.31,3406,12.2,0014.6
,,,,,19:27:59,1.31,3418,12.4,0014.5
,,,,,19:28:00,1.31,3431,12.3,0014.5
,,,,,19:28:01,1.31,3443,12.4,0014.7
,,,,,19:28:02,1.31,3455,12.2,0014.6
,,,,,19:28:03,1.31,3468,12.4,0014.7
,,,,,19:28:04,1.31,3480,12.3,0014.5
,,,,,19:28:05,1.31,3492,12.4,0014.7
,,,,,19:28:06,1.31,3505,12.3,0014.6
,,,,,19:28:07,1.31,3517,12.3,0014.3
,,,,,19:28:08,1.31,3529,12.4,0014.3
,,,,,19:28:09,1.31,3542,12.3,0014.2
,,,,,19:28:10,1.31,3554,12.3,0014.4
,,,,,19:28:11,1.31,3566,12.4,0013.9
,,,,,19:28:12,1.31,3579,12.3,0014.1
,,,,,19:28:13,1.30,3591,12.4,0014.2
,,,,,19:28:14,1.30,3603,12.4,0014.4
,,,,,19:28:15,1.30,3616,12.2,0014.7
,,,,,19:28:16,1.30,3628,12.4,0014.5
,,,,,19:28:17,1.30,3640,12.3,0014.6
,,,,,19:28:18,1.31,3653,12.4,0014.5
,,,,,19:28:19,1.31,3665,12.2,0014.6
,,,,,19:28:20,1.31,3677,12.4,0014.5
,,,,,19:28:21,1.31,3690,12.3,0014.7
,,,,,19:28:22,1.32,3702,12.4,0014.6
,,,,,19:28:23,1.31,3714,12.3,0014.5
,,,,,19:28:24,1.31,3727,12.3,0014.8
,,,,,19:28:25,1.31,3739,12.4,0014.6
,,,,,19:28:26,1.31,3751,12.3,0014.7
,,,,,19:28:27,1.30,3764,12.4,0014.7
,,,,,19:28:28,1.30,3776,12.3,0014.6
,,,,,19:28:29,1.30,3788,12.3,0014.8
,,,,,19:28:30,1.30,3801,12.4,0014.5
,,,,,19:28:31,1.30,3813,12.3,0014.7
,,,,,19:28:32,1.30,3825,12.3,0014.3
,,,,,19:28:33,1.30,3838,12.3,0014.7
,,,,,19:28:34,1.30,3850,12.4,0014.6
,,,,,19:28:35,1.31,3862,12.4,0014.6
,,,,,19:28:36,1.31,3875,12.2,0014.4
,,,,,19:28:37,1.31,3887,12.4,0014.5
,,,,,19:28:38,1.31,3899,12.3,0014.6
,,,,,19:28:39,1.31,3912,12.4,0014.1
,,,,,19:28:40,1.31,3924,12.3,0014.5
,,,,,19:28:41,1.31,3936,12.3,0014.2
,,,,,19:28:42,1.31,3949,12.4,0014.2
,,,,,19:28:43,1.30,3961,12.3,0014.1
,,,,,19:28:44,1.30,3973,12.4,0013.9
,,,,,19:28:45,1.30,3986,12.2,0014.1
,,,,,19:28:46,1.30,3998,12.4,0014.1
,,,,,19:28:47,1.29,4010,12.4,0014.4
,,,,,19:28:48,1.29,4023,12.3,0014.1
,,,,,19:28:49,1.29,4035,12.4,0014.0
,,,,,19:28:50,1.30,4047,12.2,0014.3
,,,,,19:28:51,1.30,4060,12.4,0014.0
,,,,,19:28:52,1.30,4072,12.3,0014.5
,,,,,19:28:53,1.30,4084,12.4,0014.5
,,,,,19:28:54,1.30,4097,12.3,0014.8
,,,,,19:28:55,1.30,4109,12.3,0014.5
,,,,,19:28:56,1.31,4121,12.4,0014.4
,,,,,19:28:57,1.31,4134,12.4,0014.5
,,,,,19:28:58,1.31,4146,12.2,0014.1
,,,,,19:28:59,1.31,4158,12.4,0014.5
,,,,,19:29:00,1.31,4171,12.3,0014.1
,,,,,19:29:01,1.31,4183,12.4,0014.2
,,,,,19:29:02,1.31,4195,12.3,0014.2
,,,,,19:29:03,1.31,4208,12.3,0014.4
,,,,,19:29:04,1.30,4220,12.4,0014.2
,,,,,19:29:05,1.30,4232,12.3,0014.1
,,,,,19:29:06,1.30,4245,12.4,0014.1
,,,,,19:29:07,1.30,4257,12.2,0013.9
,,,,,19:29:08,1.30,4269,12.4,0013.9
,,,,,19:29:09,1.30,4282,12.4,0013.8
,,,,,19:29:10,1.30,4294,12.3,0013.8
,,,,,19:29:11,1.30,4306,12.4,0013.9
,,,,,19:29:12,1.31,4319,12.3,0014.2
,,,,,19:29:13,1.31,4331,12.3,0014.4
,,,,,19:29:14,1.31,4343,12.4,0014.4
,,,,,19:29:15,1.31,4356,12.4,0014.6
,,,,,19:29:16,1.31,4368,12.3,0014.5
,,,,,19:29:17,1.31,4381,12.3,0014.2
,,,,,19:29:18,1.30,4393,12.3,0014.5
,,,,,19:29:19,1.30,4405,12.4,0014.1
,,,,,19:29:20,1.30,4417,12.4,0014.3
,,,,,19:29:21,1.29,4430,12.2,0013.9
,,,,,19:29:22,1.29,4442,12.4,0014.3
,,,,,19:29:23,1.29,4454,12.4,0014.0
,,,,,19:29:24,1.29,4467,12.3,0014.0
,,,,,19:29:25,1.29,4479,12.4,0014.3
,,,,,19:29:26,1.30,4492,12.3,0014.1
,,,,,19:29:27,1.30,4504,12.3,0014.3
,,,,,19:29:28,1.30,4516,12.4,0014.0
,,,,,19:29:29,1.30,4529,12.3,0014.4
,,,,,19:29:30,1.30,4541,12.3,0014.6
,,,,,19:29:31,1.30,4553,12.4,0014.4
,,,,,19:29:32,1.30,4566,12.4,0014.2
,,,,,19:29:33,1.31,4578,12.3,0014.1
,,,,,19:29:34,1.31,4590,12.4,0014.3
,,,,,19:29:35,1.31,4603,12.2,0013.9
,,,,,19:29:36,1.31,4615,12.4,0014.1
,,,,,19:29:37,1.31,4627,12.4,0014.0
,,,,,19:29:38,1.32,4640,12.3,0013.7
,,,,,19:29:39,1.32,4652,12.4,0014.1
,,,,,19:29:40,1.31,4664,12.3,0014.0
,,,,,19:29:41,1.31,4677,12.3,0014.2
,,,,,19:29:42,1.31,4689,12.4,0014.1
,,,,,19:29:43,1.30,4701,12.4,0014.1
,,,,,19:29:44,1.30,4714,12.3,0014.2
,,,,,19:29:45,1.30,4726,12.3,0013.8
,,,,,19:29:46,1.30,4738,12.4,0014.4
,,,,,19:29:47,1.30,4751,12.3,0014.1
,,,,,19:29:48,1.30,4763,12.4,0013.9
,,,,,19:29:49,1.30,4775,12.3,0013.7
,,,,,19:29:50,1.30,4788,12.3,0013.7
,,,,,19:29:51,1.30,4800,12.4,0013.9
,,,,,19:29:52,1.30,4812,12.4,0013.9
,,,,,19:29:53,1.30,4825,12.3,0014.2
,,,,,19:29:54,1.30,4837,12.4,0014.2
,,,,,19:29:55,1.30,4850,12.3,0014.0
,,,,,19:29:56,1.30,4862,12.4,0014.1
,,,,,19:29:57,1.31,4874,12.3,0013.7
,,,,,19:29:58,1.31,4887,12.4,0014.1
,,,,,19:29:59,1.31,4899,12.2,0013.7
,,,,,19:30:00,1.31,4911,12.4,0014.1
,,,,,19:30:01,1.31,4924,12.4,0013.9
,,,,,19:30:02,1.31,4936,12.3,0014.1
,,,,,19:30:03,1.30,4948,12.4,0014.5
,,,,,19:30:04,1.30,4961,12.3,0013.9
,,,,,19:30:05,1.30,4973,12.3,0014.2
,,,,,19:30:06,1.30,4985,12.4,0013.9
,,,,,19:30:07,1.30,4998,12.4,0013.6
,,,,,19:30:08,1.29,5010,12.4,0014.0
,,,,,19:30:09,1.29,5022,12.2,0013.7
,,,,,19:30:10,1.29,5035,12.4,0014.1
,,,,,19:30:11,1.29,5047,12.4,0013.9
,,,,,19:30:12,1.29,5059,12.3,0014.0
,,,,,19:30:13,1.29,5072,12.4,0014.1
,,,,,19:30:14,1.30,5084,12.3,0013.7
,,,,,19:30:15,1.30,5096,12.3,0014.1
,,,,,19:30:16,1.30,5109,12.4,0013.9
,,,,,19:30:17,1.30,5121,12.4,0014.0
,,,,,19:30:18,1.30,5134,12.4,0013.9
,,,,,19:30:19,1.30,5146,12.2,0013.7
,,,,,19:30:20,1.30,5158,12.4,0014.2
,,,,,19:30:21,1.30,5171,12.4,0014.0
,,,,,19:30:22,1.30,5183,12.3,0014.1
,,,,,19:30:23,1.30,5195,12.4,0013.8
,,,,,19:30:24,1.30,5208,12.4,0014.0
,,,,,19:30:25,1.30,5220,12.3,0014.0
,,,,,19:30:26,1.30,5232,12.3,0013.9
,,,,,19:30:27,1.30,5245,12.4,0014.3
,,,,,19:30:28,1.30,5257,12.4,0014.2
,,,,,19:30:29,1.31,5269,12.3,0014.1
,,,,,19:30:30,1.31,5282,12.3,0013.9
,,,,,19:30:31,1.31,5294,12.4,0013.4
,,,,,19:30:32,1.31,5306,12.4,0014.0
,,,,,19:30:33,1.31,5319,12.3,0013.8
,,,,,19:30:34,1.31,5331,12.4,0014.3
,,,,,19:30:35,1.31,5344,12.3,0014.2
,,,,,19:30:36,1.31,5356,12.4,0013.9
,,,,,19:30:37,1.30,5368,12.3,0014.0
,,,,,19:30:38,1.30,5381,12.4,0013.4
,,,,,19:30:39,1.30,5393,12.4,0013.7
,,,,,19:30:40,1.29,5405,12.3,0013.6
,,,,,19:30:41,1.29,5418,12.3,0013.9
,,,,,19:30:42,1.29,5430,12.4,0014.4
,,,,,19:30:43,1.30,5442,12.4,0013.8
,,,,,19:30:44,1.30,5455,12.4,0013.7
,,,,,19:30:45,1.30,5467,12.2,0013.6
,,,,,19:30:46,1.30,5479,12.4,0013.6
,,,,,19:30:47,1.30,5492,12.4,0013.7
,,,,,19:30:48,1.30,5504,12.3,0013.7
,,,,,19:30:49,1.30,5516,12.4,0014.0
,,,,,19:30:50,1.30,5529,12.4,0013.8
,,,,,19:30:51,1.30,5541,12.3,0013.9
,,,,,19:30:52,1.31,5554,12.3,0013.8
,,,,,19:30:53,1.31,5566,12.4,0013.4
,,,,,19:30:54,1.31,5578,12.4,0013.8
,,,,,19:30:55,1.31,5591,12.3,0013.7
,,,,,19:30:56,1.31,5603,12.3,0013.9
,,,,,19:30:57,1.31,5615,12.4,0014.0
,,,,,19:30:58,1.30,5628,12.3,0013.7
,,,,,19:30:59,1.30,5640,12.4,0013.8
,,,,,19:31:00,1.30,5652,12.4,0013.5
,,,,,19:31:01,1.30,5665,12.3,0013.7
,,,,,19:31:02,1.30,5677,12.3,0013.7
,,,,,19:31:03,1.30,5689,12.4,0013.7
,,,,,19:31:04,1.30,5702,12.4,0014.0
,,,,,19:31:05,1.31,5714,12.4,0014.0
,,,,,19:31:06,1.31,5727,12.4,0014.0
,,,,,19:31:07,1.31,5739,12.2,0013.9
,,,,,19:31:08,1.31,5751,12.4,0013.7
,,,,,19:31:09,1.31,5764,12.4,0014.1
,,,,,19:31:10,1.31,5776,12.4,0014.0
,,,,,19:31:11,1.31,5788,12.3,0014.2
,,,,,19:31:12,1.31,5801,12.3,0014.0
,,,,,19:31:13,1.31,5813,12.4,0013.7
,,,,,19:31:14,1.31,5825,12.4,0013.7
,,,,,19:31:15,1.30,5838,12.3,0013.5
,,,,,19:31:16,1.30,5850,12.4,0014.1
,,,,,19:31:17,1.30,5863,12.4,0013.9
,,,,,19:31:18,1.30,5875,12.3,0013.9
,,,,,19:31:19,1.30,5887,12.4,0014.0
,,,,,19:31:20,1.30,5900,12.3,0013.6
,,,,,19:31:21,1.30,5912,12.4,0014.0
,,,,,19:31:22,1.30,5924,12.4,0014.0
,,,,,19:31:23,1.30,5937,12.3,0013.9
,,,,,19:31:24,1.30,5949,12.4,0014.2
,,,,,19:31:25,1.30,5961,12.4,0013.8
,,,,,19:31:26,1.31,5974,12.3,0014.1
,,,,,19:31:27,1.31,5986,12.4,0014.0
,,,,,19:31:28,1.31,5999,12.4,0013.9
,,,,,19:31:29,1.31,6011,12.3,0014.2
,,,,,19:31:30,1.31,6023,12.3,0013.5
,,,,,19:31:31,1.31,6036,12.4,0013.8
,,,,,19:31:32,1.31,6048,12.4,0013.6
,,,,,19:31:33,1.32,6060,12.4,0013.8
,,,,,19:31:34,1.32,6073,12.3,0014.4
,,,,,19:31:35,1.32,6085,12.3,0013.9
,,,,,19:31:36,1.32,6097,12.4,0013.7
,,,,,19:31:37,1.32,6110,12.3,0013.6
,,,,,19:31:38,1.32,6122,12.4,0013.9
,,,,,19:31:39,1.32,6134,12.4,0014.4
,,,,,19:31:40,1.32,6147,12.4,0014.0
,,,,,19:31:41,1.31,6159,12.3,0013.8
,,,,,19:31:42,1.31,6172,12.3,0013.7
,,,,,19:31:43,1.31,6184,12.4,0013.8
,,,,,19:31:44,1.30,6196,12.4,0014.2
,,,,,19:31:45,1.30,6209,12.4,0014.0
,,,,,19:31:46,1.30,6221,12.2,0014.0
,,,,,19:31:47,1.30,6233,12.4,0013.8
,,,,,19:31:48,1.30,6246,12.4,0013.5
,,,,,19:31:49,1.30,6258,12.4,0013.7
,,,,,19:31:50,1.30,6270,12.3,0013.7
,,,,,19:31:51,1.31,6283,12.4,0014.2
,,,,,19:31:52,1.31,6295,12.3,0014.0
,,,,,19:31:53,1.31,6307,12.3,0013.9
,,,,,19:31:54,1.31,6320,12.4,0014.0
,,,,,19:31:55,1.31,6332,12.4,0013.4
,,,,,19:31:56,1.31,6345,12.4,0013.4
,,,,,19:31:57,1.31,6357,12.3,0013.3
,,,,,19:31:58,1.32,6369,12.3,0013.6
,,,,,19:31:59,1.32,6382,12.4,0014.4
,,,,,19:32:00,1.32,6394,12.3,0013.7
,,,,,19:32:01,1.31,6406,12.4,0013.9
,,,,,19:32:02,1.31,6419,12.4,0013.6
,,,,,19:32:03,1.31,6431,12.4,0013.4
,,,,,19:32:04,1.31,6444,12.3,0013.6
,,,,,19:32:05,1.30,6456,12.3,0013.7
,,,,,19:32:06,1.30,6468,12.4,0013.9
,,,,,19:32:07,1.30,6480,12.4,0013.7
,,,,,19:32:08,1.30,6493,12.4,0013.5
,,,,,19:32:09,1.30,6505,12.4,0013.5
,,,,,19:32:10,1.30,6518,12.2,0013.5
,,,,,19:32:11,1.31,6530,12.4,0014.2
,,,,,19:32:12,1.31,6542,12.4,0013.7
,,,,,19:32:13,1.31,6555,12.4,0013.6
,,,,,19:32:14,1.31,6567,12.3,0013.5
,,,,,19:32:15,1.30,6579,12.4,0013.1
,,,,,19:32:16,1.30,6592,12.4,0013.7
,,,,,19:32:17,1.30,6604,12.3,0014.0
,,,,,19:32:18,1.30,6617,12.3,0013.7
,,,,,19:32:19,1.30,6629,12.4,0013.8
,,,,,19:32:20,1.30,6641,12.4,0013.5
,,,,,19:32:21,1.30,6654,12.4,0013.7
,,,,,19:32:22,1.30,6666,12.4,0014.3
,,,,,19:32:23,1.30,6678,12.3,0013.8
,,,,,19:32:24,1.31,6691,12.3,0013.6
,,,,,19:32:25,1.31,6703,12.4,0013.5
,,,,,19:32:26,1.31,6715,12.4,0014.0
,,,,,19:32:27,1.31,6728,12.4,0013.9
,,,,,19:32:28,1.31,6740,12.4,0013.4
,,,,,19:32:29,1.31,6753,12.4,0013.8
,,,,,19:32:30,1.30,6765,12.3,0013.9
,,,,,19:32:31,1.30,6777,12.4,0013.7
,,,,,19:32:32,1.30,6790,12.3,0013.8
,,,,,19:32:33,1.30,6802,12.4,0013.4
,,,,,19:32:34,1.30,6814,12.4,0013.6
,,,,,19:32:35,1.30,6827,12.3,0013.7
,,,,,19:32:36,1.30,6839,12.4,0013.5
,,,,,19:32:37,1.30,6852,12.3,0013.6
,,,,,19:32:38,1.30,6864,12.4,0013.6
,,,,,19:32:39,1.31,6876,12.4,0013.9
,,,,,19:32:40,1.31,6889,12.4,0013.9
,,,,,19:32:41,1.31,6901,12.3,0013.8
,,,,,19:32:42,1.31,6913,12.4,0013.7
,,,,,19:32:43,1.31,6926,12.4,0013.4
,,,,,19:32:44,1.31,6938,12.4,0013.9
,,,,,19:32:45,1.31,6951,12.4,0014.0
,,,,,19:32:46,1.31,6963,12.4,0013.6
,,,,,19:32:47,1.31,6975,12.3,0014.1
,,,,,19:32:48,1.30,6988,12.4,0013.5
,,,,,19:32:49,1.30,7000,12.3,0013.6
,,,,,19:32:50,1.30,7012,12.4,0014.2
,,,,,19:32:51,1.30,7025,12.4,0013.7
,,,,,19:32:52,1.30,7037,12.4,0013.6
,,,,,19:32:53,1.30,7050,12.3,0013.6
,,,,,19:32:54,1.30,7062,12.4,0013.9
,,,,,19:32:55,1.30,7074,12.4,0014.2
,,,,,19:32:56,1.30,7087,12.3,0013.5
,,,,,19:32:57,1.30,7099,12.4,0013.6
,,,,,19:32:58,1.30,7111,12.4,0013.9
,,,,,19:32:59,1.30,7124,12.3,0013.8
,,,,,19:33:00,1.30,7136,12.4,0014.0
,,,,,19:33:01,1.30,7149,12.4,0013.4
,,,,,19:33:02,1.30,7161,12.4,0013.7
,,,,,19:33:03,1.30,7173,12.4,0013.9
,,,,,19:33:04,1.30,7186,12.3,0013.3
,,,,,19:33:05,1.31,7198,12.4,0013.6
,,,,,19:33:06,1.31,7211,12.3,0013.9
,,,,,19:33:07,1.31,7223,12.4,0013.5
,,,,,19:33:08,1.31,7235,12.4,0013.9
,,,,,19:33:09,1.31,7248,12.4,0013.4
,,,,,19:33:10,1.31,7260,12.4,0013.8
,,,,,19:33:11,1.31,7272,12.4,0014.1
,,,,,19:33:12,1.31,7285,12.3,0013.5
,,,,,19:33:13,1.31,7297,12.4,0013.5
,,,,,19:33:14,1.31,7310,12.4,0013.6
,,,,,19:33:15,1.31,7322,12.3,0013.7
,,,,,19:33:16,1.31,7334,12.5,0013.7
,,,,,19:33:17,1.31,7347,12.4,0013.7
,,,,,19:33:18,1.31,7359,12.3,0013.8
,,,,,19:33:19,1.31,7371,12.3,0013.5
,,,,,19:33:20,1.31,7384,12.4,0013.8
,,,,,19:33:21,1.31,7396,12.4,0014.1
,,,,,19:33:22,1.31,7409,12.4,0013.6
,,,,,19:33:23,1.31,7421,12.4,0013.4
,,,,,19:33:24,1.31,7433,12.4,0014.0
,,,,,19:33:25,1.31,7446,12.3,0013.2
,,,,,19:33:26,1.32,7458,12.4,0013.6
,,,,,19:33:27,1.32,7470,12.4,0013.6
,,,,,19:33:28,1.31,7483,12.4,0013.6
,,,,,19:33:29,1.31,7495,12.3,0013.7
,,,,,19:33:30,1.31,7508,12.4,0013.2
,,,,,19:33:31,1.31,7520,12.4,0013.8
,,,,,19:33:32,1.30,7532,12.3,0013.9
,,,,,19:33:33,1.30,7545,12.4,0013.5
,,,,,19:33:34,1.30,7557,12.4,0013.8
,,,,,19:33:35,1.29,7570,12.4,0013.4
,,,,,19:33:36,1.30,7582,12.4,0013.8
,,,,,19:33:37,1.30,7594,12.4,0013.7
,,,,,19:33:38,1.30,7607,12.4,0013.4
,,,,,19:33:39,1.30,7619,12.3,0013.7
,,,,,19:33:40,1.30,7631,12.4,0013.6
,,,,,19:33:41,1.30,7644,12.4,0013.8
,,,,,19:33:42,1.30,7656,12.4,0013.8
,,,,,19:33:43,1.30,7669,12.4,0013.4
,,,,,19:33:44,1.30,7681,12.4,0013.7
,,,,,19:33:45,1.30,7693,12.3,0013.9
,,,,,19:33:46,1.30,7706,12.4,0013.3
,,,,,19:33:47,1.30,7718,12.4,0013.7
,,,,,19:33:48,1.30,7731,12.4,0013.7
,,,,,19:33:49,1.30,7743,12.4,0013.2
,,,,,19:33:50,1.30,7755,12.4,0013.9
,,,,,19:33:51,1.30,7768,12.4,0013.6
,,,,,19:33:52,1.30,7780,12.3,0013.6
,,,,,19:33:53,1.30,7792,12.4,0013.3
,,,,,19:33:54,1.30,7805,12.4,0013.6
,,,,,19:33:55,1.30,7817,12.4,0013.4
,,,,,19:33:56,1.30,7830,12.3,0013.4
,,,,,19:33:57,1.30,7842,12.4,0013.7
,,,,,19:33:58,1.30,7854,12.4,0013.4
,,,,,19:33:59,1.30,7867,12.3,0013.2
,,,,,19:34:00,1.30,7879,12.4,0013.8
,,,,,19:34:01,1.30,7892,12.4,0013.9
,,,,,19:34:02,1.30,7904,12.4,0013.6
,,,,,19:34:03,1.30,7916,12.4,0014.0
,,,,,19:34:04,1.30,7929,12.4,0013.5
,,,,,19:34:05,1.30,7941,12.4,0013.3
,,,,,19:34:06,1.30,7954,12.3,0013.9
,,,,,19:34:07,1.30,7966,12.4,0013.5
,,,,,19:34:08,1.30,7978,12.4,0013.6
,,,,,19:34:09,1.30,7991,12.4,0013.7
,,,,,19:34:10,1.30,8003,12.4,0013.2
,,,,,19:34:11,1.30,8015,12.4,0013.6
,,,,,19:34:12,1.30,8028,12.4,0013.7
,,,,,19:34:13,1.30,8040,12.3,0013.4
,,,,,19:34:14,1.30,8053,12.4,0013.4
,,,,,19:34:15,1.30,8065,12.4,0013.3
,,,,,19:34:16,1.30,8077,12.4,0013.5
,,,,,19:34:17,1.30,8090,12.4,0013.4
,,,,,19:34:18,1.30,8102,12.4,0013.4
,,,,,19:34:19,1.30,8115,12.4,0013.7
,,,,,19:34:20,1.30,8127,12.3,0013.3
,,,,,19:34:21,1.30,8139,12.4,0013.5
,,,,,19:34:22,1.30,8152,12.4,0013.5
,,,,,19:34:23,1.30,8164,12.5,0013.1
,,,,,19:34:24,1.31,8177,12.4,0013.5
,,,,,19:34:25,1.31,8189,12.3,0013.2
,,,,,19:34:26,1.31,8201,12.5,0013.3
,,,,,19:34:27,1.31,8214,12.4,0013.5
,,,,,19:34:28,1.31,8226,12.3,0013.0
,,,,,19:34:29,1.31,8239,12.3,0013.2
,,,,,19:34:30,1.31,8251,12.5,0013.4
,,,,,19:34:31,1.31,8263,12.4,0013.1
,,,,,19:34:32,1.31,8276,12.4,0013.4
,,,,,19:34:33,1.30,8288,12.4,0013.7
,,,,,19:34:34,1.30,8301,12.4,0013.2
,,,,,19:34:35,1.30,8313,12.3,0013.6
,,,,,19:34:36,1.30,8325,12.4,0013.2
,,,,,19:34:37,1.30,8338,12.4,0013.1
,,,,,19:34:38,1.30,8350,12.4,0013.4
,,,,,19:34:39,1.30,8363,12.4,0013.0
,,,,,19:34:40,1.30,8375,12.4,0013.5
,,,,,19:34:41,1.30,8387,12.4,0013.4
,,,,,19:34:42,1.30,8400,12.3,0012.9
,,,,,19:34:43,1.30,8412,12.4,0013.4
,,,,,19:34:44,1.30,8424,12.4,0013.3
,,,,,19:34:45,1.29,8437,12.4,0012.8
,,,,,19:34:46,1.29,8449,12.4,0013.5
,,,,,19:34:47,1.29,8462,12.4,0013.5
,,,,,19:34:48,1.29,8474,12.4,0013.3
,,,,,19:34:49,1.29,8487,12.4,0013.2
,,,,,19:34:50,1.29,8499,12.3,0013.0
,,,,,19:34:51,1.29,8511,12.5,0013.2
,,,,,19:34:52,1.29,8524,12.4,0013.2
,,,,,19:34:53,1.29,8536,12.4,0013.1
,,,,,19:34:54,1.29,8549,12.4,0013.3
,,,,,19:34:55,1.28,8561,12.4,0013.2
,,,,,19:34:56,1.28,8573,12.4,0013.1
,,,,,19:34:57,1.28,8586,12.4,0013.5
,,,,,19:34:58,1.28,8598,12.3,0013.1
,,,,,19:34:59,1.29,8610,12.4,0012.8
,,,,,19:35:00,1.29,8623,12.5,0013.3
,,,,,19:35:01,1.29,8635,12.4,0012.7
,,,,,19:35:02,1.29,8648,12.4,0013.1
,,,,,19:35:03,1.29,8660,12.4,0013.5
,,,,,19:35:04,1.29,8673,12.3,0012.9
,,,,,19:35:05,1.28,8685,12.4,0013.2
,,,,,19:35:06,1.28,8697,12.4,0013.3
,,,,,19:35:07,1.28,8710,12.5,0013.0
,,,,,19:35:08,1.28,8722,12.4,0013.2
,,,,,19:35:09,1.28,8735,12.4,0013.2
,,,,,19:35:10,1.28,8747,12.4,0013.2
,,,,,19:35:11,1.28,8759,12.4,0013.9
,,,,,19:35:12,1.28,8772,12.4,0013.2
,,,,,19:35:13,1.28,8784,12.4,0013.4
,,,,,19:35:14,1.27,8797,12.4,0013.0
,,,,,19:35:15,1.27,8809,12.4,0012.8
,,,,,19:35:16,1.27,8821,12.4,0013.0
,,,,,19:35:17,1.28,8834,12.4,0013.1
,,,,,19:35:18,1.28,8846,12.4,0013.0
,,,,,19:35:19,1.28,8859,12.5,0013.4
,,,,,19:35:20,1.28,8871,12.3,0013.6
,,,,,19:35:21,1.28,8884,12.4,0013.3
,,,,,19:35:22,1.28,8896,12.4,0013.6
,,,,,19:35:23,1.28,8908,12.4,0013.2
,,,,,19:35:24,1.28,8921,12.4,0013.0
,,,,,19:35:25,1.28,8933,12.5,0013.2
,,,,,19:35:26,1.28,8946,12.4,0013.3
,,,,,19:35:27,1.28,8958,12.3,0013.3
,,,,,19:35:28,1.28,8970,12.4,0013.0
,,,,,19:35:29,1.28,8983,12.4,0012.8
,,,,,19:35:30,1.28,8995,12.5,0013.3
,,,,,19:35:31,1.28,9008,12.4,0013.4
,,,,,19:35:32,1.28,9020,12.4,0013.4
,,,,,19:35:33,1.28,9033,12.4,0013.4
,,,,,19:35:34,1.28,9045,12.3,0013.1
,,,,,19:35:35,1.28,9057,12.4,0012.9
,,,,,19:35:36,1.28,9070,12.4,0013.4
,,,,,19:35:37,1.28,9082,12.5,0013.1
,,,,,19:35:38,1.28,9095,12.4,0012.8
,,,,,19:35:39,1.28,9107,12.4,0013.2
,,,,,19:35:40,1.28,9119,12.4,0012.9
,,,,,19:35:41,1.28,9132,12.4,0013.2
,,,,,19:35:42,1.28,9144,12.3,0013.4
,,,,,19:35:43,1.28,9156,12.4,0012.8
,,,,,19:35:44,1.28,9169,12.4,0013.4
,,,,,19:35:45,1.28,9181,12.4,0013.3
,,,,,19:35:46,1.28,9194,12.5,0013.2
,,,,,19:35:47,1.28,9206,12.4,0013.4
,,,,,19:35:48,1.28,9219,12.4,0013.2
,,,,,19:35:49,1.28,9231,12.3,0013.0
,,,,,19:35:50,1.28,9243,12.4,0013.5
,,,,,19:35:51,1.28,9256,12.4,0013.0
,,,,,19:35:52,1.28,9268,12.4,0013.2
,,,,,19:35:53,1.28,9281,12.4,0013.1
,,,,,19:35:54,1.28,9293,12.4,0012.9
,,,,,19:35:55,1.28,9305,12.4,0013.4
,,,,,19:35:56,1.28,9318,12.4,0013.4
,,,,,19:35:57,1.28,9330,12.4,0013.1
,,,,,19:35:58,1.28,9343,12.4,0013.5
,,,,,19:35:59,1.28,9355,12.4,0013.0
,,,,,19:36:00,1.28,9367,12.4,0013.1
,,,,,19:36:01,1.28,9380,12.4,0013.6
,,,,,19:36:02,1.28,9392,12.4,0013.1
,,,,,19:36:03,1.28,9405,12.3,0013.1
,,,,,19:36:04,1.28,9417,12.4,0013.3
,,,,,19:36:05,1.28,9429,12.5,0012.8
,,,,,19:36:06,1.28,9442,12.3,0013.3
,,,,,19:36:07,1.28,9454,12.5,0013.1
,,,,,19:36:08,1.28,9467,12.4,0012.9
,,,,,19:36:09,1.28,9479,12.4,0013.0
,,,,,19:36:10,1.28,9491,12.4,0012.7
,,,,,19:36:11,1.28,9504,12.3,0013.0
,,,,,19:36:12,1.28,9516,12.4,0013.2
,,,,,19:36:13,1.28,9529,12.4,0012.9
,,,,,19:36:14,1.28,9541,12.4,0013.0
,,,,,19:36:15,1.28,9553,12.4,0013.4
,,,,,19:36:16,1.28,9566,12.5,0012.6
,,,,,19:36:17,1.28,9578,12.3,0012.7
,,,,,19:36:18,1.28,9591,12.4,0012.8
,,,,,19:36:19,1.28,9603,12.4,0012.3
,,,,,19:36:20,1.28,9615,12.4,0013.1
,,,,,19:36:21,1.28,9628,12.4,0012.8
,,,,,19:36:22,1.28,9640,12.5,0012.6
,,,,,19:36:23,1.28,9653,12.4,0012.7
,,,,,19:36:24,1.28,9665,12.4,0012.5
,,,,,19:36:25,1.28,9678,12.4,0012.9
,,,,,19:36:26,1.28,9690,12.4,0013.1
,,,,,19:36:27,1.28,9702,12.5,0012.4
,,,,,19:36:28,1.28,9715,12.3,0012.6
,,,,,19:36:29,1.28,9727,12.4,0013.0
,,,,,19:36:30,1.28,9740,12.4,0012.2
,,,,,19:36:31,1.28,9752,12.5,0012.7
,,,,,19:36:32,1.28,9765,12.4,0012.8
,,,,,19:36:33,1.28,9777,12.4,0012.3
,,,,,19:36:34,1.28,9789,12.4,0012.8
,,,,,19:36:35,1.28,9802,12.5,0012.8
,,,,,19:36:36,1.28,9814,12.4,0012.5
,,,,,19:36:37,1.28,9827,12.4,0012.8
,,,,,19:36:38,1.28,9839,12.4,0013.0
,,,,,19:36:39,1.28,9851,12.5,0012.6
,,,,,19:36:40,1.28,9864,12.4,0012.6
,,,,,19:36:41,1.28,9876,12.3,0012.5
,,,,,19:36:42,1.28,9889,12.5,0012.4
,,,,,19:36:43,1.28,9901,12.4,0012.7
,,,,,19:36:44,1.28,9914,12.4,0012.4
,,,,,19:36:45,1.28,9926,12.5,0012.1
,,,,,19:36:46,1.28,9939,12.4,0012.3
,,,,,19:36:47,1.28,9951,12.4,0012.9
,,,,,19:36:48,1.28,9963,12.5,0012.5
,,,,,19:36:49,1.28,9976,12.4,0012.1
,,,,,19:36:50,1.28,9988,12.4,0012.3
,,,,,19:36:51,1.28,10001,12.5,0012.1
,,,,,19:36:52,1.28,10013,12.4,0012.3
,,,,,19:36:53,1.28,10026,12.4,0012.8
,,,,,19:36:54,1.28,10038,12.5,0012.4
,,,,,19:36:55,1.27,10051,12.4,0011.9
,,,,,19:36:56,1.27,10063,12.4,0012.6
,,,,,19:36:57,1.26,10075,12.5,0012.3
,,,,,19:36:58,1.26,10088,12.4,0012.5
,,,,,19:36:59,1.25,10100,12.4,0012.4
,,,,,19:37:00,1.25,10113,12.5,0012.4
,,,,,19:37:01,1.26,10125,12.4,0012.1
,,,,,19:37:02,1.26,10138,12.3,0012.7
,,,,,19:37:03,1.26,10150,12.5,0012.6
,,,,,19:37:04,1.26,10162,12.4,0011.9
,,,,,19:37:05,1.26,10175,12.5,0012.4
,,,,,19:37:06,1.26,10187,12.4,0012.3
,,,,,19:37:07,1.26,10200,12.4,0012.2
,,,,,19:37:08,1.26,10212,12.4,0012.6
,,,,,19:37:09,1.26,10225,12.5,0012.6
,,,,,19:37:10,1.26,10237,12.4,0012.2
,,,,,19:37:11,1.26,10250,12.4,0012.5
,,,,,19:37:12,1.26,10262,12.4,0013.0
,,,,,19:37:13,1.26,10274,12.5,0012.4
,,,,,19:37:14,1.26,10287,12.4,0012.4
,,,,,19:37:15,1.26,10299,12.4,0012.5
,,,,,19:37:16,1.26,10312,12.4,0012.3
,,,,,19:37:17,1.26,10324,12.5,0012.4
,,,,,19:37:18,1.27,10337,12.3,0012.7
,,,,,19:37:19,1.27,10349,12.4,0012.1
,,,,,19:37:20,1.27,10361,12.4,0012.6
,,,,,19:37:21,1.27,10374,12.5,0012.8
,,,,,19:37:22,1.28,10386,12.4,0012.7
,,,,,19:37:23,1.28,10399,12.4,0012.2
,,,,,19:37:24,1.28,10411,12.4,0012.7
,,,,,19:37:25,1.28,10423,12.4,0012.3
,,,,,19:37:26,1.28,10436,12.5,0012.8
,,,,,19:37:27,1.28,10448,12.4,0012.7
,,,,,19:37:28,1.28,10461,12.4,0012.3
,,,,,19:37:29,1.28,10473,12.4,0012.3
,,,,,19:37:30,1.28,10486,12.5,0012.5
,,,,,19:37:31,1.28,10498,12.3,0012.3
,,,,,19:37:32,1.28,10510,12.4,0012.1
,,,,,19:37:33,1.28,10523,12.5,0011.8
,,,,,19:37:34,1.28,10535,12.5,0011.5
,,,,,19:37:35,1.27,10548,12.4,0011.4
,,,,,19:37:36,1.26,10560,12.5,0011.6
,,,,,19:37:37,1.25,10573,12.4,0011.2
,,,,,19:37:38,1.23,10585,12.5,0011.2
,,,,,19:37:39,1.21,10598,12.5,0011.7
,,,,,19:37:40,1.20,10610,12.6,0011.5
,,,,,19:37:41,1.19,10623,12.5,0011.8
,,,,,19:37:42,1.17,10635,12.5,0011.6
,,,,,19:37:43,1.14,10648,12.5,0011.1
,,,,,19:37:44,1.16,10660,12.5,0011.6
,,,,,19:37:45,1.23,10673,12.5,0011.6
,,,,,19:37:46,1.27,10686,12.5,0011.8
,,,,,19:37:47,1.28,10698,12.5,0011.9
,,,,,19:37:48,1.28,10711,12.5,0011.6
,,,,,19:37:49,1.23,10723,12.4,0012.5
,,,,,19:37:50,1.13,10735,12.5,0011.9
,,,,,19:37:51,1.01,10748,12.5,0012.1
,,,,,19:37:52,0.94,10761,12.5,0012.1
,,,,,19:37:53,0.93,10773,12.5,0012.2
,,,,,19:37:54,0.92,10786,12.5,0012.3
,,,,,19:37:55,0.83,10798,12.5,0012.8
,,,,,19:37:56,0.76,10811,12.5,0012.5
,,,,,19:37:57,0.75,10823,12.5,0011.7
,,,,,19:37:58,0.76,10836,12.5,0012.4
,,,,,19:37:59,0.77,10848,12.5,0012.6
,,,,,19:38:00,0.84,10861,12.4,0012.2
,,,,,19:38:01,0.85,10873,12.5,0012.5
,,,,,19:38:02,0.88,10886,12.5,0012.7
,,,,,19:38:03,0.92,10898,12.5,0012.5
,,,,,19:38:04,0.94,10911,12.5,0012.1
,,,,,19:38:05,0.93,10923,12.4,0012.7
,,,,,19:38:06,0.91,10936,12.5,0012.6
,,,,,19:38:07,0.93,10948,12.5,0012.4
,,,,,19:38:08,0.95,10961,12.4,0012.6
,,,,,19:38:09,0.96,10973,12.4,0012.7
,,,,,19:38:10,0.97,10985,12.5,0012.5
,,,,,19:38:11,0.98,10998,12.5,0012.2
,,,,,19:38:12,0.99,11010,12.5,0012.8
,,,,,19:38:13,0.98,11023,12.4,0012.7
,,,,,19:38:14,0.97,11035,12.5,0012.0
,,,,,19:38:15,0.99,11048,12.5,0012.3
,,,,,19:38:16,1.00,11060,12.5,0012.7
,,,,,19:38:17,1.00,11073,12.4,0012.1
,,,,,19:38:18,1.00,11085,12.5,0012.5
,,,,,19:38:19,1.00,11098,12.5,0012.7
,,,,,19:38:20,0.99,11110,12.4,0012.5
,,,,,19:38:21,0.99,11123,12.4,0011.9
,,,,,19:38:22,0.99,11135,12.5,0012.4
,,,,,19:38:23,1.00,11148,12.5,0012.3
,,,,,19:38:24,1.00,11160,12.5,0012.1
,,,,,19:38:25,0.99,11173,12.5,0012.4
,,,,,19:38:26,0.99,11185,12.4,0012.2
,,,,,19:38:27,0.99,11198,12.5,0012.1
,,,,,19:38:28,1.00,11210,12.5,0012.3
,,,,,19:38:29,1.00,11223,12.5,0012.4
,,,,,19:38:30,1.00,11235,12.4,0012.4
,,,,,19:38:31,1.00,11248,12.5,0012.1
,,,,,19:38:32,1.00,11260,12.5,0012.4
,,,,,19:38:33,1.00,11273,12.5,0012.4
,,,,,19:38:34,1.00,11285,12.5,0012.1
,,,,,19:38:35,1.00,11298,12.4,0012.5
,,,,,19:38:36,1.00,11310,12.5,0012.8
,,,,,19:38:37,1.00,11323,12.5,0011.9
,,,,,19:38:38,1.00,11335,12.4,0012.3
,,,,,19:38:39,1.00,11348,12.4,0012.5
,,,,,19:38:40,1.00,11360,12.5,0012.5
,,,,,19:38:41,1.00,11372,12.5,0011.9
,,,,,19:38:42,1.00,11385,12.5,0011.8
,,,,,19:38:43,1.00,11398,12.5,0011.9
,,,,,19:38:44,1.00,11410,12.5,0012.3
,,,,,19:38:45,1.00,11423,12.5,0011.7
,,,,,19:38:46,1.00,11435,12.4,0011.7
,,,,,19:38:47,1.00,11447,12.5,0011.9
,,,,,19:38:48,1.00,11460,12.5,0011.7
,,,,,19:38:49,1.00,11473,12.5,0011.5
,,,,,19:38:50,1.00,11485,12.5,0011.8
,,,,,19:38:51,1.00,11498,12.5,0011.9
,,,,,19:38:52,1.00,11510,12.5,0011.8
,,,,,19:38:53,1.00,11523,12.5,0012.3
,,,,,19:38:54,1.00,11535,12.5,0011.7
,,,,,19:38:55,1.00,11548,12.5,0011.6
,,,,,19:38:56,1.00,11560,10.6,0005.6
,,,,,19:38:57,1.00,11571,03.5,0001.9
,,,,,19:38:58,1.00,11574,03.8,0001.9
,,,,,19:38:59,1.00,11578,02.3,-0001.1
,,,,,19:39:00,1.00,11580,00.0,-0001.7
,,,,,19:39:01,1.00,11580,00.0,-0001.8
,,,,,19:39:02,1.00,11580,00.0,-0002.1
,,,,,19:39:03,1.00,11580,00.0,-0002.2
,,,,,19:39:04,1.00,11580,00.0,-0002.4
,,,,,19:39:05,1.00,11580,00.0,-0002.5
,,,,,19:39:06,1.00,11580,00.0,-0002.7
,,,,,19:39:07,1.00,11580,00.0,-0002.8
,,,,,19:39:08,1.00,11580,00.0,-0002.8
,,,,,19:39:09,1.00,11580,00.0,-0002.8
,,,,,19:39:10,1.00,11580,00.0,-0002.9
,,,,,19:39:11,1.00,11580,00.0,-0002.9
,,,,,19:39:12,1.00,11580,00.0,-0002.9
,,,,,19:39:13,1.00,11580,00.0,-0002.9
,,,,,19:39:14,1.00,0,00.0,-0003.0
,,,,,19:39:15,1.00,0,00.0,-0003.0
,,,,,19:39:16,1.00,0,00.0,-0003.1
,,,,,19:39:17,1.00,0,00.0,-0003.1
,,,,,19:39:18,1.00,0,00.0,-0003.1
,,,,,19:39:19,1.00,0,00.0,-0003.1
,,,,,19:39:20,1.00,0,00.0,-0003.2
,,,,,19:39:21,1.00,0,00.0,-0003.2
,,,,,19:39:22,1.00,0,00.0,-0003.2
,,,,,19:39:23,1.00,0,00.0,-0003.2
,,,,,19:39:24,1.00,0,00.0,-0003.2
,,,,,19:39:25,1.00,0,00.0,-0003.2
,,,,,19:39:26,1.00,0,00.0,-0003.2
,,,,,19:39:27,1.00,0,00.0,-0003.2
,,,,,19:39:28,1.00,0,00.0,-0003.2
,,,,,19:39:29,1.00,0,00.0,-0003.2
,,,,,19:39:30,1.00,0,00.0,-0003.2
,,,,,19:39:31,1.00,0,00.0,-0003.1
,,,,,19:39:32,1.00,0,00.0,-0003.1
,,,,,19:39:33,1.00,0,00.0,-0003.1
,,,,,19:39:34,1.00,0,00.0,-0003.1
,,,,,19:39:35,1.00,0,00.0,-0003.2
,,,,,19:39:36,1.00,0,00.0,-0003.2
,,,,,19:39:37,1.00,0,00.0,-0003.1
,,,,,19:39:38,1.00,0,00.0,-0003.1
,,,,,19:39:39,1.00,0,00.0,-0003.2
,,,,,19:39:40,1.01,0,00.0,-0003.2
,,,,,19:39:41,1.01,0,00.0,-0003.2
,,,,,19:39:42,1.01,0,00.0,-0003.2
,,,,,19:39:43,1.00,0,00.0,-0003.2
,,,,,19:39:44,1.01,0,00.0,-0003.2
,,,,,19:39:45,1.01,0,00.0,-0003.2
,,,,,19:39:46,1.00,0,00.0,-0003.2
,,,,,19:39:47,1.00,0,00.0,-0003.2
,,,,,19:39:48,1.00,0,00.0,-0003.2
,,,,,19:39:49,1.00,0,00.0,-0003.2
,,,,,19:39:50,1.00,0,00.0,-0003.2
,,,,,19:39:51,1.01,0,00.0,-0003.2
,,,,,19:39:52,1.01,0,00.0,-0003.2
,,,,,19:39:53,1.02,0,00.0,-0003.2
,,,,,19:39:54,1.02,0,00.0,-0003.2
,,,,,19:39:55,1.03,0,00.0,-0003.2
,,,,,19:39:56,1.03,0,00.0,-0003.2
,,,,,19:39:57,1.04,0,00.0,-0003.2
,,,,,19:39:58,1.06,0,00.0,-0003.2
,,,,,19:39:59,1.07,0,00.0,-0003.2
,,,,,19:40:00,1.08,0,00.0,-0003.2
,,,,,19:40:01,1.09,0,00.0,-0003.2
,,,,,19:40:02,1.09,0,00.0,-0003.2
,,,,,19:40:03,1.10,0,00.0,-0003.2
,,,,,19:40:04,1.11,0,00.0,-0003.2
,,,,,19:40:05,1.13,0,00.0,-0003.2
,,,,,19:40:06,1.15,0,00.0,-0003.2
,,,,,19:40:07,1.17,0,00.0,-0003.2
,,,,,19:40:08,1.17,0,00.0,-0003.2
,,,,,19:40:09,1.17,0,00.0,-0003.2
,,,,,19:40:10,1.18,0,00.0,-0003.2
,,,,,19:40:11,1.20,0,00.0,-0003.2
,,,,,19:40:12,1.21,0,00.0,-0003.2
,,,,,19:40:13,1.22,0,00.0,-0003.2
,,,,,19:40:14,1.24,0,00.0,-0003.2
,,,,,19:40:15,1.25,0,00.0,-0003.2
,,,,,19:40:16,1.26,0,00.0,-0003.2
,,,,,19:40:17,1.27,0,00.0,-0003.2
,,,,,19:40:18,1.27,0,00.0,-0003.2
,,,,,19:40:19,1.28,0,00.0,-0003.2
,,,,,19:40:20,1.29,0,00.0,-0003.2
,,,,,19:40:21,1.30,0,00.0,-0003.2
,,,,,19:40:22,1.32,0,00.0,-0003.2
,,,,,19:40:23,1.34,0,00.0,-0003.2
,,,,,19:40:24,1.35,0,00.0,-0003.2
,,,,,19:40:25,1.36,0,00.0,-0003.2
,,,,,19:40:26,1.37,0,00.0,-0003.2
,,,,,19:40:27,1.38,0,00.0,-0003.2
,,,,,19:40:28,1.39,0,00.0,-0003.2
,,,,,19:40:29,1.40,0,00.0,-0003.2
,,,,,19:40:30,1.41,0,00.0,-0003.2
,,,,,19:40:31,1.42,0,00.0,-0003.2
,,,,,19:40:32,1.43,0,00.0,-0003.2
,,,,,19:40:33,1.43,0,00.0,-0003.3
,,,,,19:40:34,1.44,0,00.0,-0003.3
,,,,,19:40:35,1.44,0,00.0,-0003.3
,,,,,19:40:36,1.45,0,00.0,-0003.3
,,,,,19:40:37,1.45,0,00.0,-0003.2
,,,,,19:40:38,1.45,0,00.0,-0003.2
,,,,,19:40:39,1.45,0,00.0,-0003.2
,,,,,19:40:40,1.45,0,00.0,-0003.2
,,,,,19:40:41,1.45,0,00.0,-0003.2
,,,,,19:40:42,1.45,0,00.0,-0003.2
,,,,,19:40:43,1.45,0,00.0,-0003.2
,,,,,19:40:44,1.45,0,00.0,-0003.3
,,,,,19:40:45,1.45,0,00.0,-0003.3
,,,,,19:40:46,1.45,0,00.0,-0003.2
,,,,,19:40:47,1.45,0,00.0,-0003.3
,,,,,19:40:48,1.44,0,00.0,-0003.3
,,,,,19:40:49,1.44,0,00.0,-0003.2
,,,,,19:40:50,1.44,0,00.0,-0003.2
,,,,,19:40:51,1.43,0,00.0,-0003.3
,,,,,19:40:52,1.43,0,00.0,-0003.3
,,,,,19:40:53,1.43,0,00.0,-0003.3
,,,,,19:40:54,1.42,0,00.0,-0003.3
,,,,,19:40:55,1.42,0,00.0,-0003.3
,,,,,19:40:56,1.42,0,00.0,-0003.3
,,,,,19:40:57,1.42,0,00.0,-0003.3
,,,,,19:40:58,1.42,0,00.0,-0003.3
,,,,,19:40:59,1.42,0,00.0,-0003.3
,,,,,19:41:00,1.42,0,00.0,-0003.3
,,,,,19:41:01,1.42,0,00.0,-0003.3
,,,,,19:41:02,1.41,0,00.0,-0003.3
,,,,,19:41:03,1.41,0,00.0,-0003.3
,,,,,19:41:04,1.41,0,00.0,-0003.3
,,,,,19:41:05,1.41,0,00.0,-0003.3
,,,,,19:41:06,1.41,0,00.0,-0003.3
,,,,,19:41:07,1.41,0,00.0,-0003.3
,,,,,19:41:08,1.41,0,00.0,-0003.3
,,,,,19:41:09,1.41,0,00.0,-0003.3
,,,,,19:41:10,1.41,0,00.0,-0003.3
,,,,,19:41:11,1.41,0,00.0,-0003.3
,,,,,19:41:12,1.41,0,00.0,-0003.3
,,,,,19:41:13,1.42,0,00.0,-0003.3
,,,,,19:41:14,1.42,0,00.0,-0003.3
,,,,,19:41:15,1.42,0,00.0,-0003.3
,,,,,19:41:16,1.42,0,00.0,-0003.3
,,,,,19:41:17,1.42,0,00.0,-0003.3
,,,,,19:41:18,1.42,0,00.0,-0003.3
,,,,,19:41:19,1.43,0,00.0,-0003.3
,,,,,19:41:20,1.43,0,00.0,-0003.3
,,,,,19:41:21,1.43,0,00.0,-0003.3
,,,,,19:41:22,1.43,0,00.0,-0003.3
,,,,,19:41:23,1.43,0,00.0,-0003.3
,,,,,19:41:24,1.43,0,00.0,-0003.3
,,,,,19:41:25,1.42,0,00.0,-0003.3
,,,,,19:41:26,1.42,0,00.0,-0003.3
,,,,,19:41:27,1.42,0,00.0,-0003.3
,,,,,19:41:28,1.41,0,00.0,-0003.3
,,,,,19:41:29,1.42,0,00.0,-0003.3
,,,,,19:41:30,1.42,0,00.0,-0003.3
,,,,,19:41:31,1.42,0,00.0,-0003.3
,,,,,19:41:32,1.42,0,00.0,-0003.3
,,,,,19:41:33,1.42,0,00.0,-0003.3
,,,,,19:41:34,1.42,0,00.0,-0003.3
,,,,,19:41:35,1.42,0,00.0,-0003.3
,,,,,19:41:36,1.42,0,00.0,-0003.3
,,,,,19:41:37,1.42,0,00.0,-0003.3
,,,,,19:41:38,1.42,0,00.0,-0003.3
,,,,,19:41:39,1.42,0,00.0,-0003.3
,,,,,19:41:40,1.42,0,00.0,-0003.3
,,,,,19:41:41,1.42,0,00.0,-0003.3
,,,,,19:41:42,1.42,0,00.0,-0003.3
,,,,,19:41:43,1.42,0,00.0,-0003.3
,,,,,19:41:44,1.42,0,00.0,-0003.3
,,,,,19:41:45,1.43,0,00.0,-0003.3
,,,,,19:41:46,1.43,0,00.0,-0003.3
,,,,,19:41:47,1.43,0,00.0,-0003.3
,,,,,19:41:48,1.43,0,00.0,-0003.3
,,,,,19:41:49,1.43,0,00.0,-0003.3
,,,,,19:41:50,1.43,0,00.0,-0003.3
,,,,,19:41:51,1.44,0,00.0,-0003.3
,,,,,19:41:52,1.44,0,00.0,-0003.3
,,,,,19:41:53,1.44,0,00.0,-0003.3
,,,,,19:41:54,1.44,0,00.0,-0003.3
,,,,,19:41:55,1.44,0,00.0,-0003.3
,,,,,19:41:56,1.43,0,00.0,-0003.3
,,,,,19:41:57,1.43,0,00.0,-0003.3
,,,,,19:41:58,1.43,0,00.0,-0003.3
,,,,,19:41:59,1.43,0,00.0,-0003.3
,,,,,19:42:00,1.42,0,00.0,-0003.3
,,,,,19:42:01,1.42,0,00.0,-0003.3
,,,,,19:42:02,1.41,0,00.0,-0003.3
,,,,,19:42:03,1.41,0,00.0,-0003.3
,,,,,19:42:04,1.42,0,00.0,-0003.3
,,,,,19:42:05,1.42,0,00.0,-0003.3
,,,,,19:42:06,1.42,0,00.0,-0003.3
,,,,,19:42:07,1.42,0,00.0,-0003.4
,,,,,19:42:08,1.42,0,00.0,-0003.4
,,,,,19:42:09,1.43,0,00.0,-0003.4
,,,,,19:42:10,1.43,0,00.0,-0003.3
,,,,,19:42:11,1.43,0,00.0,-0003.4
,,,,,19:42:12,1.43,0,00.0,-0003.4
,,,,,19:42:13,1.43,0,00.0,-0003.4
,,,,,19:42:14,1.43,0,00.0,-0003.4
,,,,,19:42:15,1.42,0,00.0,-0003.4
,,,,,19:42:16,1.42,0,00.0,-0003.4
,,,,,19:42:17,1.42,0,00.0,-0003.4
,,,,,19:42:18,1.42,0,00.0,-0003.4
,,,,,19:42:19,1.42,0,00.0,-0003.4
,,,,,19:42:20,1.42,0,00.0,-0003.4
,,,,,19:42:21,1.42,0,00.0,-0003.4
,,,,,19:42:22,1.43,0,00.0,-0003.4
,,,,,19:42:23,1.43,0,00.0,-0003.4
,,,,,19:42:24,1.43,0,00.0,-0003.4
,,,,,19:42:25,1.43,0,00.0,-0003.3
,,,,,19:42:26,1.43,0,00.0,-0003.4
,,,,,19:42:27,1.43,0,00.0,-0003.4
,,,,,19:42:28,1.43,0,00.0,-0003.4
,,,,,19:42:29,1.43,0,00.0,-0003.4
,,,,,19:42:30,1.43,0,00.0,-0003.4
,,,,,19:42:31,1.43,0,00.0,-0003.4
,,,,,19:42:32,1.43,0,00.0,-0003.4
,,,,,19:42:33,1.43,0,00.0,-0003.3
,,,,,19:42:34,1.43,0,00.0,-0003.4
,,,,,19:42:35,1.43,0,00.0,-0003.4
,,,,,19:42:36,1.43,0,00.0,-0003.4
,,,,,19:42:37,1.43,0,00.0,-0003.4
,,,,,19:42:38,1.43,0,00.0,-0003.4
,,,,,19:42:39,1.43,0,00.0,-0003.4
,,,,,19:42:40,1.43,0,00.0,-0003.4
,,,,,19:42:41,1.43,0,00.0,-0003.4
,,,,,19:42:42,1.43,0,00.0,-0003.4
,,,,,19:42:43,1.43,0,00.0,-0003.4
,,,,,19:42:44,1.43,0,00.0,-0003.4
,,,,,19:42:45,1.43,0,00.0,-0003.4
,,,,,19:42:46,1.43,0,00.0,-0003.4
,,,,,19:42:47,1.43,0,00.0,-0003.4
,,,,,19:42:48,1.43,0,00.0,-0003.4
,,,,,19:42:49,1.43,0,00.0,-0003.4
,,,,,19:42:50,1.43,0,00.0,-0003.4
,,,,,19:42:51,1.42,0,00.0,-0003.4
,,,,,19:42:52,1.42,0,00.0,-0003.4
,,,,,19:42:53,1.42,0,00.0,-0003.4
,,,,,19:42:54,1.42,0,00.0,-0003.4
,,,,,19:42:55,1.42,0,00.0,-0003.4
,,,,,19:42:56,1.42,0,00.0,-0003.4
,,,,,19:42:57,1.42,0,00.0,-0003.4
,,,,,19:42:58,1.42,0,00.0,-0003.4
,,,,,19:42:59,1.42,0,00.0,-0003.4
,,,,,19:43:00,1.42,0,00.0,-0003.4
,,,,,19:43:01,1.42,0,00.0,-0003.4
,,,,,19:43:02,1.42,0,00.0,-0003.4
,,,,,19:43:03,1.42,0,00.0,-0003.4
,,,,,19:43:04,1.42,0,00.0,-0003.4
,,,,,19:43:05,1.42,0,00.0,-0003.4
,,,,,19:43:06,1.42,0,00.0,-0003.4
,,,,,19:43:07,1.42,0,00.0,-0003.5
,,,,,19:43:08,1.42,0,00.0,-0003.5
,,,,,19:43:09,1.42,0,00.0,-0003.5
,,,,,19:43:10,1.42,0,00.0,-0003.6
,,,,,19:43:11,1.42,0,00.0,-0003.5
,,,,,19:43:12,1.42,0,00.0,-0003.5
,,,,,19:43:13,1.42,0,00.0,-0003.5
,,,,,19:43:14,1.42,0,00.0,-0003.5
,,,,,19:43:15,1.42,0,00.0,-0003.5
,,,,,19:43:16,1.42,0,00.0,-0003.5
,,,,,19:43:17,1.42,0,00.0,-0003.6
,,,,,19:43:18,1.42,0,00.0,-0003.6
,,,,,19:43:19,1.42,0,00.0,-0003.5
,,,,,19:43:20,1.42,0,00.0,-0003.5
,,,,,19:43:21,1.42,0,00.0,-0003.5
,,,,,19:43:22,1.42,0,00.0,-0003.5
,,,,,19:43:23,1.42,0,00.0,-0003.6
,,,,,19:43:24,1.42,0,00.6,-0003.1
,,,,,19:43:25,1.42,1,03.8,-0001.7
,,,,,19:43:26,1.42,4,03.8,-0001.0
,,,,,19:43:27,1.42,8,03.8,-0000.3
,,,,,19:43:28,1.42,12,04.5,0001.0
,,,,,19:43:29,1.42,16,06.6,0003.4
,,,,,19:43:30,1.42,23,06.4,0004.0
,,,,,19:43:31,1.42,29,06.4,0005.0
,,,,,19:43:32,1.42,36,06.4,0005.4
,,,,,19:43:33,1.42,42,06.5,0005.4
,,,,,19:43:34,1.42,49,06.4,0005.7
,,,,,19:43:35,1.42,55,06.5,0005.9
,,,,,19:43:36,1.42,62,06.4,0005.9
,,,,,19:43:37,1.42,68,06.5,0006.0
,,,,,19:43:38,1.42,74,06.4,0006.0
,,,,,19:43:39,1.42,81,06.5,0006.1
,,,,,19:43:40,1.42,87,06.5,0006.2
,,,,,19:43:41,1.42,94,06.4,0006.4
,,,,,19:43:42,1.42,100,06.5,0006.7
,,,,,19:43:43,1.42,107,06.4,0006.7
,,,,,19:43:44,1.42,113,06.5,0007.0
,,,,,19:43:45,1.42,119,06.4,0007.2
,,,,,19:43:46,1.42,126,06.5,0007.5
,,,,,19:43:47,1.42,132,06.4,0007.7
,,,,,19:43:48,1.42,139,06.4,0008.1
,,,,,19:43:49,1.42,145,06.4,0008.3
,,,,,19:43:50,1.42,151,06.4,0008.4
,,,,,19:43:51,1.42,158,06.4,0008.3
,,,,,19:43:52,1.42,164,06.5,0008.3
,,,,,19:43:53,1.42,171,06.4,0008.0
,,,,,19:43:54,1.42,177,06.3,0008.0
,,,,,19:43:55,1.42,183,06.4,0007.8
,,,,,19:43:56,1.42,190,06.5,0007.8
,,,,,19:43:57,1.42,196,06.4,0007.6
,,,,,19:43:58,1.42,202,06.6,0007.5
,,,,,19:43:59,1.42,209,06.3,0007.4
,,,,,19:44:00,1.42,215,06.5,0007.3
,,,,,19:44:01,1.42,222,06.4,0007.3
,,,,,19:44:02,1.42,228,06.5,0007.1
,,,,,19:44:03,1.42,235,06.5,0007.0
,,,,,19:44:04,1.42,241,06.4,0006.8
,,,,,19:44:05,1.42,248,06.6,0006.8
,,,,,19:44:06,1.42,254,06.4,0006.6
,,,,,19:44:07,1.42,261,06.5,0006.6
,,,,,19:44:08,1.42,267,06.4,0006.6
,,,,,19:44:09,1.42,273,06.5,0006.6
,,,,,19:44:10,1.42,280,06.5,0006.6
,,,,,19:44:11,1.42,286,06.4,0006.5
,,,,,19:44:12,1.42,293,06.6,0006.5
,,,,,19:44:13,1.42,299,06.4,0006.5
,,,,,19:44:14,1.42,306,06.5,0006.3
,,,,,19:44:15,1.42,312,06.5,0006.3
,,,,,19:44:16,1.42,319,06.4,0006.4
,,,,,19:44:17,1.42,325,06.5,0006.2
,,,,,19:44:18,1.42,332,06.5,0006.0
,,,,,19:44:19,1.42,338,06.4,0006.0
,,,,,19:44:20,1.42,344,06.5,0006.0
,,,,,19:44:21,1.42,351,06.4,0006.1
,,,,,19:44:22,1.42,357,06.5,0006.0
,,,,,19:44:23,1.42,364,06.4,0006.0
,,,,,19:44:24,1.42,370,06.6,0006.2
,,,,,19:44:25,1.42,377,06.4,0006.2
,,,,,19:44:26,1.42,383,06.5,0006.3
,,,,,19:44:27,1.42,390,06.5,0006.5
,,,,,19:44:28,1.42,396,06.4,0006.4
,,,,,19:44:29,1.42,402,06.5,0006.3
,,,,,19:44:30,1.42,409,06.4,0006.2
,,,,,19:44:31,1.42,415,06.5,0006.1
,,,,,19:44:32,1.42,422,06.5,0006.1
,,,,,19:44:33,1.42,428,06.4,0006.1
,,,,,19:44:34,1.42,435,06.5,0006.2
,,,,,19:44:35,1.42,441,06.4,0006.1
,,,,,19:44:36,1.42,448,06.6,0006.2
,,,,,19:44:37,1.42,454,06.5,0006.1
,,,,,19:44:38,1.42,461,06.3,0006.4
,,,,,19:44:39,1.42,467,07.7,0007.4
,,,,,19:44:40,1.42,475,08.4,0008.5
,,,,,19:44:41,1.42,483,08.3,0008.2
,,,,,19:44:42,1.43,491,08.2,0008.5
,,,,,19:44:43,1.43,500,08.2,0008.5
,,,,,19:44:44,1.43,508,08.2,0008.8
,,,,,19:44:45,1.43,516,08.2,0008.6
,,,,,19:44:46,1.43,524,08.2,0008.3
,,,,,19:44:47,1.43,532,08.2,0008.7
,,,,,19:44:48,1.43,541,08.2,0008.9
,,,,,19:44:49,1.43,549,08.2,0008.7
,,,,,19:44:50,1.43,557,08.2,0008.5
,,,,,19:44:51,1.43,565,08.2,0008.6
,,,,,19:44:52,1.43,573,08.1,0008.7
,,,,,19:44:53,1.42,582,08.4,0008.7
,,,,,19:44:54,1.42,590,08.2,0008.5
,,,,,19:44:55,1.42,598,08.2,0008.9
,,,,,19:44:56,1.42,606,08.3,0008.8
,,,,,19:44:57,1.42,615,08.2,0008.7
,,,,,19:44:58,1.42,623,08.2,0008.5
,,,,,19:44:59,1.42,631,08.2,0008.5
,,,,,19:45:00,1.42,639,08.1,0008.7
,,,,,19:45:01,1.43,647,08.4,0008.2
,,,,,19:45:02,1.43,656,08.2,0008.4
,,,,,19:45:03,1.43,664,08.1,0008.5
,,,,,19:45:04,1.43,672,08.2,0008.7
,,,,,19:45:05,1.43,680,08.1,0008.6
,,,,,19:45:06,1.43,688,08.4,0008.3
,,,,,19:45:07,1.43,697,08.1,0008.7
,,,,,19:45:08,1.43,705,08.2,0008.3
,,,,,19:45:09,1.43,713,08.2,0008.3
,,,,,19:45:10,1.43,721,08.2,0008.3
,,,,,19:45:11,1.42,729,08.2,0008.2
,,,,,19:45:12,1.42,738,08.2,0008.3
,,,,,19:45:13,1.42,746,08.1,0008.2
,,,,,19:45:14,1.42,754,08.2,0008.3
,,,,,19:45:15,1.42,762,08.1,0008.0
,,,,,19:45:16,1.42,770,08.2,0008.1
,,,,,19:45:17,1.42,779,08.2,0008.5
,,,,,19:45:18,1.42,787,08.1,0008.4
,,,,,19:45:19,1.42,795,08.2,0008.5
,,,,,19:45:20,1.42,803,08.2,0008.0
,,,,,19:45:21,1.42,811,08.2,0009.0
,,,,,19:45:22,1.43,820,09.8,0011.1
,,,,,19:45:23,1.43,829,10.9,0013.4
,,,,,19:45:24,1.43,840,11.3,0014.3
,,,,,19:45:25,1.43,852,11.4,0014.1
,,,,,19:45:26,1.43,863,11.3,0014.1
,,,,,19:45:27,1.43,874,11.5,0014.5
,,,,,19:45:28,1.43,886,11.6,0014.7
,,,,,19:45:29,1.43,897,11.8,0015.1
,,,,,19:45:30,1.43,909,12.2,0016.5
,,,,,19:45:31,1.43,921,12.7,0016.7
,,,,,19:45:32,1.43,934,12.9,0017.8
,,,,,19:45:33,1.43,947,12.9,0017.6
,,,,,19:45:34,1.43,960,13.1,0017.5
,,,,,19:45:35,1.43,973,12.9,0017.9
,,,,,19:45:36,1.43,986,13.2,0018.3
,,,,,19:45:37,1.43,999,13.3,0018.5
,,,,,19:45:38,1.43,1012,13.4,0018.2
,,,,,19:45:39,1.43,1026,13.2,0018.3
,,,,,19:45:40,1.43,1039,13.3,0017.6
,,,,,19:45:41,1.43,1052,13.2,0018.0
,,,,,19:45:42,1.43,1066,13.3,0018.1
,,,,,19:45:43,1.43,1079,13.4,0018.6
,,,,,19:45:44,1.43,1092,13.1,0018.7
,,,,,19:45:45,1.43,1105,13.4,0018.4
,,,,,19:45:46,1.43,1119,13.3,0017.9
,,,,,19:45:47,1.44,1132,13.1,0017.6
,,,,,19:45:48,1.44,1145,13.4,0018.2
,,,,,19:45:49,1.44,1158,13.4,0018.2
,,,,,19:45:50,1.43,1172,13.1,0018.4
,,,,,19:45:51,1.43,1185,13.3,0018.0
,,,,,19:45:52,1.42,1198,13.4,0018.0
,,,,,19:45:53,1.42,1212,13.1,0017.9
,,,,,19:45:54,1.42,1225,13.3,0017.8
,,,,,19:45:55,1.42,1238,13.5,0018.4
,,,,,19:45:56,1.41,1252,13.6,0019.4
,,,,,19:45:57,1.41,1265,13.6,0019.3
,,,,,19:45:58,1.41,1279,13.9,0018.7
,,,,,19:45:59,1.41,1293,13.8,0018.8
,,,,,19:46:00,1.41,1306,14.1,0019.0
,,,,,19:46:01,1.41,1321,13.9,0019.9
,,,,,19:46:02,1.41,1334,14.3,0019.9
,,,,,19:46:03,1.41,1349,14.1,0019.8
,,,,,19:46:04,1.41,1363,14.5,0020.3
,,,,,19:46:05,1.41,1377,14.3,0020.5
,,,,,19:46:06,1.41,1392,14.5,0020.8
,,,,,19:46:07,1.42,1406,14.5,0021.3
,,,,,19:46:08,1.42,1421,14.3,0021.1
,,,,,19:46:09,1.42,1435,14.5,0020.9
,,,,,19:46:10,1.42,1449,14.3,0020.7
,,,,,19:46:11,1.42,1464,14.3,0020.6
,,,,,19:46:12,1.42,1478,14.3,0020.8
,,,,,19:46:13,1.42,1492,14.3,0020.2
,,,,,19:46:14,1.42,1507,14.5,0020.6
,,,,,19:46:15,1.43,1521,14.3,0020.5
,,,,,19:46:16,1.43,1536,14.5,0020.8
,,,,,19:46:17,1.43,1550,14.5,0020.0
,,,,,19:46:18,1.43,1565,14.3,0019.9
,,,,,19:46:19,1.43,1579,14.3,0020.2
,,,,,19:46:20,1.43,1593,14.5,0020.4
,,,,,19:46:21,1.42,1608,14.3,0019.9
,,,,,19:46:22,1.42,1622,14.5,0020.1
,,,,,19:46:23,1.42,1636,14.5,0019.9
,,,,,19:46:24,1.42,1651,14.3,0020.1
,,,,,19:46:25,1.42,1665,14.5,0020.1
,,,,,19:46:26,1.42,1680,14.5,0019.8
,,,,,19:46:27,1.42,1694,14.5,0019.5
,,,,,19:46:28,1.42,1709,14.3,0019.6
,,,,,19:46:29,1.42,1723,14.5,0020.1
,,,,,19:46:30,1.42,1737,14.3,0019.9
,,,,,19:46:31,1.42,1752,14.5,0020.3
,,,,,19:46:32,1.42,1766,14.5,0020.3
,,,,,19:46:33,1.43,1781,14.3,0020.4
,,,,,19:46:34,1.43,1795,14.5,0020.3
,,,,,19:46:35,1.43,1810,14.5,0019.6
,,,,,19:46:36,1.43,1824,14.3,0020.3
,,,,,19:46:37,1.43,1838,14.6,0019.8
,,,,,19:46:38,1.43,1853,14.5,0019.1
,,,,,19:46:39,1.43,1867,14.3,0019.1
,,,,,19:46:40,1.43,1882,14.5,0020.2
,,,,,19:46:41,1.43,1896,14.5,0020.3
,,,,,19:46:42,1.43,1911,14.5,0020.3
,,,,,19:46:43,1.43,1925,14.3,0020.1
,,,,,19:46:44,1.43,1939,14.5,0019.4
,,,,,19:46:45,1.43,1954,14.3,0019.4
,,,,,19:46:46,1.42,1968,14.5,0019.9
,,,,,19:46:47,1.42,1983,14.5,0019.6
,,,,,19:46:48,1.42,1997,14.3,0019.8
,,,,,19:46:49,1.42,2012,14.5,0020.0
,,,,,19:46:50,1.42,2026,14.5,0019.9
,,,,,19:46:51,1.42,2040,14.5,0019.4
,,,,,19:46:52,1.42,2055,14.3,0019.7
,,,,,19:46:53,1.42,2069,14.5,0020.3
,,,,,19:46:54,1.42,2084,14.5,0020.2
,,,,,19:46:55,1.42,2098,14.5,0020.4
,,,,,19:46:56,1.42,2113,14.5,0019.7
,,,,,19:46:57,1.42,2127,14.3,0019.6
,,,,,19:46:58,1.42,2141,14.5,0019.8
,,,,,19:46:59,1.42,2156,14.5,0019.3
,,,,,19:47:00,1.42,2170,14.3,0019.4
,,,,,19:47:01,1.43,2185,14.5,0019.6
,,,,,19:47:02,1.43,2199,14.3,0019.9
,,,,,19:47:03,1.43,2213,14.5,0020.1
,,,,,19:47:04,1.43,2228,14.5,0020.4
,,,,,19:47:05,1.43,2242,14.3,0019.7
,,,,,19:47:06,1.43,2257,14.5,0019.9
,,,,,19:47:07,1.43,2271,14.5,0020.2
,,,,,19:47:08,1.43,2286,14.3,0019.8
,,,,,19:47:09,1.43,2300,14.3,0019.9
,,,,,19:47:10,1.43,2314,14.5,0019.7
,,,,,19:47:11,1.43,2329,14.6,0020.2
,,,,,19:47:12,1.43,2343,14.3,0019.9
,,,,,19:47:13,1.43,2358,14.5,0019.3
,,,,,19:47:14,1.43,2372,14.3,0019.3
,,,,,19:47:15,1.43,2387,14.5,0019.9
,,,,,19:47:16,1.43,2401,14.5,0019.9
,,,,,19:47:17,1.43,2415,14.3,0019.8
,,,,,19:47:18,1.43,2430,14.5,0020.1
,,,,,19:47:19,1.43,2444,14.3,0020.3
,,,,,19:47:20,1.43,2459,14.5,0019.8
,,,,,19:47:21,1.43,2473,14.5,0019.4
,,,,,19:47:22,1.43,2488,14.3,0019.2
,,,,,19:47:23,1.43,2502,14.5,0019.2
,,,,,19:47:24,1.43,2516,14.5,0019.9
,,,,,19:47:25,1.43,2531,14.5,0020.6
,,,,,19:47:26,1.43,2545,14.5,0020.3
,,,,,19:47:27,1.43,2560,14.3,0019.6
,,,,,19:47:28,1.43,2574,14.5,0019.5
,,,,,19:47:29,1.43,2589,14.3,0018.8
,,,,,19:47:30,1.43,2603,14.5,0019.3
,,,,,19:47:31,1.43,2617,14.5,0018.8
,,,,,19:47:32,1.43,2632,14.3,0019.6
,,,,,19:47:33,1.43,2646,14.5,0019.8
,,,,,19:47:34,1.42,2661,14.3,0019.4
,,,,,19:47:35,1.42,2675,14.5,0019.0
,,,,,19:47:36,1.42,2689,14.3,0019.6
,,,,,19:47:37,1.42,2704,14.5,0019.2
,,,,,19:47:38,1.42,2718,14.5,0019.7
,,,,,19:47:39,1.42,2733,14.3,0019.0
,,,,,19:47:40,1.42,2747,14.6,0019.3
,,,,,19:47:41,1.42,2762,14.5,0019.3
,,,,,19:47:42,1.42,2776,14.3,0019.3
,,,,,19:47:43,1.42,2790,14.5,0019.3
,,,,,19:47:44,1.42,2805,14.3,0019.2
,,,,,19:47:45,1.42,2819,14.5,0019.7
,,,,,19:47:46,1.42,2834,14.5,0020.2
,,,,,19:47:47,1.42,2848,14.3,0019.8
,,,,,19:47:48,1.42,2862,14.5,0019.1
,,,,,19:47:49,1.42,2877,14.5,0019.1
,,,,,19:47:50,1.42,2891,14.3,0019.2
,,,,,19:47:51,1.42,2906,14.5,0019.3
,,,,,19:47:52,1.42,2920,14.3,0019.3
,,,,,19:47:53,1.42,2935,14.6,0019.0
,,,,,19:47:54,1.42,2949,14.5,0019.2
,,,,,19:47:55,1.42,2964,14.3,0019.7
,,,,,19:47:56,1.42,2978,14.5,0019.3
,,,,,19:47:57,1.42,2992,14.3,0018.9
,,,,,19:47:58,1.42,3007,14.5,0018.9
,,,,,19:47:59,1.42,3021,14.5,0018.8
,,,,,19:48:00,1.42,3036,14.3,0018.9
,,,,,19:48:01,1.42,3050,14.5,0018.6
,,,,,19:48:02,1.42,3064,14.3,0018.9
,,,,,19:48:03,1.42,3079,14.6,0018.5
,,,,,19:48:04,1.42,3093,14.3,0019.6
,,,,,19:48:05,1.42,3108,14.5,0019.1
,,,,,19:48:06,1.42,3122,14.3,0018.8
,,,,,19:48:07,1.42,3137,14.5,0018.4
,,,,,19:48:08,1.42,3151,14.3,0019.3
,,,,,19:48:09,1.42,3165,14.5,0019.3
,,,,,19:48:10,1.42,3180,14.5,0019.7
,,,,,19:48:11,1.42,3194,14.3,0019.6
,,,,,19:48:12,1.42,3209,14.5,0018.8
,,,,,19:48:13,1.42,3223,14.3,0018.9
,,,,,19:48:14,1.42,3237,14.6,0019.1
,,,,,19:48:15,1.42,3252,14.3,0018.3
,,,,,19:48:16,1.42,3266,14.5,0018.3
,,,,,19:48:17,1.42,3281,14.3,0018.8
,,,,,19:48:18,1.42,3295,14.5,0019.2
,,,,,19:48:19,1.42,3310,14.3,0019.1
,,,,,19:48:20,1.42,3324,14.5,0018.6
,,,,,19:48:21,1.42,3338,14.3,0019.1
,,,,,19:48:22,1.42,3353,14.5,0019.2
,,,,,19:48:23,1.42,3367,14.3,0018.6
,,,,,19:48:24,1.43,3382,14.6,0018.8
,,,,,19:48:25,1.43,3396,14.5,0019.1
,,,,,19:48:26,1.43,3411,14.3,0019.5
,,,,,19:48:27,1.42,3425,14.5,0019.9
,,,,,19:48:28,1.42,3439,14.3,0019.0
,,,,,19:48:29,1.42,3454,14.5,0018.9
,,,,,19:48:30,1.42,3468,14.3,0018.7
,,,,,19:48:31,1.42,3483,14.5,0018.9
,,,,,19:48:32,1.42,3497,14.3,0019.1
,,,,,19:48:33,1.42,3511,14.5,0019.2
,,,,,19:48:34,1.42,3526,14.5,0018.5
,,,,,19:48:35,1.42,3540,14.5,0018.6
,,,,,19:48:36,1.42,3555,14.5,0019.1
,,,,,19:48:37,1.42,3569,14.3,0019.7
,,,,,19:48:38,1.42,3584,14.5,0019.1
,,,,,19:48:39,1.42,3598,14.3,0019.3
,,,,,19:48:40,1.42,3612,14.5,0018.9
,,,,,19:48:41,1.42,3627,14.3,0019.1
,,,,,19:48:42,1.42,3641,14.5,0019.2
,,,,,19:48:43,1.42,3656,14.3,0018.9
,,,,,19:48:44,1.42,3670,14.6,0018.7
,,,,,19:48:45,1.42,3685,14.3,0019.0
,,,,,19:48:46,1.42,3699,14.5,0019.0
,,,,,19:48:47,1.42,3713,14.3,0019.0
,,,,,19:48:48,1.42,3728,14.5,0019.2
,,,,,19:48:49,1.42,3742,14.5,0019.2
,,,,,19:48:50,1.42,3757,14.3,0019.4
,,,,,19:48:51,1.42,3771,14.3,0018.7
,,,,,19:48:52,1.42,3785,14.5,0017.9
,,,,,19:48:53,1.42,3800,14.3,0018.3
,,,,,19:48:54,1.42,3814,14.6,0018.9
,,,,,19:48:55,1.42,3829,14.5,0019.5
,,,,,19:48:56,1.42,3843,14.3,0019.3
,,,,,19:48:57,1.42,3858,14.3,0019.4
,,,,,19:48:58,1.42,3872,14.5,0018.7
,,,,,19:48:59,1.42,3886,14.3,0018.6
,,,,,19:49:00,1.42,3901,14.5,0018.6
,,,,,19:49:01,1.42,3915,14.3,0018.9
,,,,,19:49:02,1.42,3929,14.5,0018.6
,,,,,19:49:03,1.42,3944,14.3,0019.1
,,,,,19:49:04,1.42,3958,14.5,0018.9
,,,,,19:49:05,1.42,3973,14.6,0018.8
,,,,,19:49:06,1.42,3987,14.3,0018.9
,,,,,19:49:07,1.42,4002,14.3,0018.4
,,,,,19:49:08,1.42,4016,14.5,0018.6
,,,,,19:49:09,1.42,4031,14.3,0018.7
,,,,,19:49:10,1.42,4045,14.5,0018.9
,,,,,19:49:11,1.42,4059,14.5,0018.7
,,,,,19:49:12,1.42,4074,14.5,0018.9
,,,,,19:49:13,1.42,4088,14.5,0019.5
,,,,,19:49:14,1.42,4103,14.3,0019.1
,,,,,19:49:15,1.43,4117,14.5,0018.6
,,,,,19:49:16,1.43,4132,14.3,0018.5
,,,,,19:49:17,1.43,4146,14.5,0019.0
,,,,,19:49:18,1.43,4160,14.3,0019.2
,,,,,19:49:19,1.43,4175,14.5,0019.2
,,,,,19:49:20,1.43,4189,14.5,0018.4
,,,,,19:49:21,1.43,4204,14.5,0018.3
,,,,,19:49:22,1.43,4218,14.5,0018.8
,,,,,19:49:23,1.43,4233,14.3,0018.9
,,,,,19:49:24,1.43,4247,14.5,0018.6
,,,,,19:49:25,1.43,4261,14.3,0019.2
,,,,,19:49:26,1.43,4276,14.5,0019.4
,,,,,19:49:27,1.43,4290,14.5,0018.8
,,,,,19:49:28,1.43,4305,14.3,0018.6
,,,,,19:49:29,1.43,4319,14.5,0018.1
,,,,,19:49:30,1.43,4333,14.3,0018.3
,,,,,19:49:31,1.43,4348,14.6,0018.6
,,,,,19:49:32,1.43,4362,14.5,0019.0
,,,,,19:49:33,1.43,4377,14.3,0018.9
,,,,,19:49:34,1.43,4391,14.5,0019.1
,,,,,19:49:35,1.43,4406,14.3,0018.7
,,,,,19:49:36,1.43,4420,14.5,0019.4
,,,,,19:49:37,1.43,4434,14.5,0019.4
,,,,,19:49:38,1.43,4449,14.3,0018.0
,,,,,19:49:39,1.43,4463,14.6,0018.3
,,,,,19:49:40,1.43,4478,14.3,0018.7
,,,,,19:49:41,1.42,4492,14.5,0019.0
,,,,,19:49:42,1.42,4507,14.3,0018.5
,,,,,19:49:43,1.42,4521,14.5,0018.2
,,,,,19:49:44,1.41,4535,14.5,0018.1
,,,,,19:49:45,1.41,4550,14.3,0018.4
,,,,,19:49:46,1.41,4564,14.5,0018.8
,,,,,19:49:47,1.41,4579,14.3,0018.4
,,,,,19:49:48,1.41,4593,14.6,0018.6
,,,,,19:49:49,1.41,4608,14.3,0018.6
,,,,,19:49:50,1.41,4622,14.5,0018.7
,,,,,19:49:51,1.41,4636,14.5,0018.8
,,,,,19:49:52,1.41,4651,14.3,0017.7
,,,,,19:49:53,1.41,4665,14.5,0018.1
,,,,,19:49:54,1.42,4680,14.5,0018.5
,,,,,19:49:55,1.42,4694,14.3,0019.4
,,,,,19:49:56,1.42,4708,14.5,0018.9
,,,,,19:49:57,1.42,4723,14.5,0019.2
,,,,,19:49:58,1.41,4737,14.5,0018.5
,,,,,19:49:59,1.41,4752,14.5,0018.4
,,,,,19:50:00,1.41,4766,14.3,0018.4
,,,,,19:50:01,1.41,4781,14.5,0018.4
,,,,,19:50:02,1.40,4795,14.5,0018.5
,,,,,19:50:03,1.40,4810,14.3,0018.1
,,,,,19:50:04,1.40,4824,14.5,0018.7
,,,,,19:50:05,1.40,4838,14.5,0018.8
,,,,,19:50:06,1.40,4853,14.5,0018.9
,,,,,19:50:07,1.39,4867,14.5,0018.4
,,,,,19:50:08,1.39,4882,14.3,0018.5
,,,,,19:50:09,1.39,4896,14.5,0018.9
,,,,,19:50:10,1.39,4911,14.3,0018.4
,,,,,19:50:11,1.39,4925,14.5,0018.1
,,,,,19:50:12,1.39,4939,14.3,0018.6
,,,,,19:50:13,1.39,4954,14.6,0018.0
,,,,,19:50:14,1.39,4968,14.5,0018.5
,,,,,19:50:15,1.40,4983,14.3,0018.3
,,,,,19:50:16,1.40,4997,14.5,0017.8
,,,,,19:50:17,1.40,5012,14.5,0017.5
,,,,,19:50:18,1.40,5026,14.3,0018.5
,,,,,19:50:19,1.40,5040,14.5,0019.3
,,,,,19:50:20,1.40,5055,14.3,0018.8
,,,,,19:50:21,1.40,5069,14.6,0018.2
,,,,,19:50:22,1.40,5084,14.5,0018.1
,,,,,19:50:23,1.40,5098,14.5,0018.1
,,,,,19:50:24,1.40,5113,14.3,0018.3
,,,,,19:50:25,1.40,5127,14.5,0018.6
,,,,,19:50:26,1.40,5142,14.5,0017.7
,,,,,19:50:27,1.40,5156,14.3,0018.1
,,,,,19:50:28,1.40,5170,14.6,0018.4
,,,,,19:50:29,1.40,5185,14.5,0018.5
,,,,,19:50:30,1.40,5199,14.3,0018.3
,,,,,19:50:31,1.40,5214,14.5,0018.1
,,,,,19:50:32,1.40,5228,14.5,0018.6
,,,,,19:50:33,1.40,5243,14.5,0018.3
,,,,,19:50:34,1.41,5257,14.5,0018.3
,,,,,19:50:35,1.41,5272,14.5,0018.1
,,,,,19:50:36,1.41,5286,14.5,0017.1
,,,,,19:50:37,1.41,5300,14.5,0017.5
,,,,,19:50:38,1.41,5315,14.3,0018.5
,,,,,19:50:39,1.41,5329,14.5,0018.8
,,,,,19:50:40,1.41,5344,14.5,0017.8
,,,,,19:50:41,1.41,5358,14.5,0017.4
,,,,,19:50:42,1.41,5373,14.5,0018.2
,,,,,19:50:43,1.41,5387,14.5,0018.6
,,,,,19:50:44,1.41,5402,14.5,0018.8
,,,,,19:50:45,1.42,5416,14.5,0018.5
,,,,,19:50:46,1.42,5431,14.3,0017.8
,,,,,19:50:47,1.42,5445,14.5,0017.6
,,,,,19:50:48,1.42,5459,14.5,0017.4
,,,,,19:50:49,1.42,5474,14.5,0018.5
,,,,,19:50:50,1.42,5488,14.5,0018.6
,,,,,19:50:51,1.42,5503,14.5,0018.3
,,,,,19:50:52,1.42,5517,14.5,0018.1
,,,,,19:50:53,1.42,5532,14.5,0017.9
,,,,,19:50:54,1.43,5546,14.3,0017.9
,,,,,19:50:55,1.43,5560,14.5,0017.5
,,,,,19:50:56,1.43,5575,14.6,0017.6
,,,,,19:50:57,1.43,5589,14.5,0017.9
,,,,,19:50:58,1.43,5604,14.5,0017.8
,,,,,19:50:59,1.43,5618,14.3,0018.0
,,,,,19:51:00,1.43,5633,14.5,0017.3
,,,,,19:51:01,1.43,5647,14.5,0017.6
,,,,,19:51:02,1.42,5662,14.5,0017.7
,,,,,19:51:03,1.42,5676,14.5,0018.4
,,,,,19:51:04,1.42,5691,14.5,0017.6
,,,,,19:51:05,1.42,5705,14.5,0017.5
,,,,,19:51:06,1.42,5720,14.3,0017.0
,,,,,19:51:07,1.42,5734,14.5,0017.7
,,,,,19:51:08,1.41,5748,14.5,0017.9
,,,,,19:51:09,1.41,5763,14.5,0018.3
,,,,,19:51:10,1.41,5777,14.5,0018.0
,,,,,19:51:11,1.41,5792,14.5,0017.2
,,,,,19:51:12,1.41,5806,14.5,0017.0
,,,,,19:51:13,1.41,5821,14.3,0017.7
,,,,,19:51:14,1.42,5835,14.5,0018.2
,,,,,19:51:15,1.42,5849,14.5,0018.4
,,,,,19:51:16,1.42,5864,14.5,0017.9
,,,,,19:51:17,1.42,5878,14.5,0017.6
,,,,,19:51:18,1.42,5893,14.5,0017.4
,,,,,19:51:19,1.42,5907,14.5,0017.4
,,,,,19:51:20,1.43,5922,14.3,0017.3
,,,,,19:51:21,1.43,5936,14.5,0017.5
,,,,,19:51:22,1.43,5951,14.6,0017.3
,,,,,19:51:23,1.43,5965,14.5,0018.4
,,,,,19:51:24,1.43,5980,14.3,0018.1
,,,,,19:51:25,1.43,5994,14.5,0018.0
,,,,,19:51:26,1.43,6008,14.5,0017.3
,,,,,19:51:27,1.43,6023,14.5,0017.2
,,,,,19:51:28,1.43,6037,14.3,0017.6
,,,,,19:51:29,1.42,6052,14.6,0017.8
,,,,,19:51:30,1.42,6066,14.5,0017.8
,,,,,19:51:31,1.42,6081,14.3,0017.4
,,,,,19:51:32,1.42,6095,14.5,0017.2
,,,,,19:51:33,1.42,6110,14.5,0017.9
,,,,,19:51:34,1.42,6124,14.6,0017.9
,,,,,19:51:35,1.42,6139,14.5,0017.1
,,,,,19:51:36,1.42,6153,14.3,0017.1
,,,,,19:51:37,1.42,6167,14.5,0016.7
,,,,,19:51:38,1.43,6182,14.5,0018.1
,,,,,19:51:39,1.43,6196,14.5,0017.9
,,,,,19:51:40,1.43,6211,14.5,0017.6
,,,,,19:51:41,1.43,6225,14.5,0017.6
,,,,,19:51:42,1.43,6240,14.5,0017.2
,,,,,19:51:43,1.43,6254,14.5,0017.4
,,,,,19:51:44,1.42,6269,14.5,0017.8
,,,,,19:51:45,1.42,6283,14.5,0017.7
,,,,,19:51:46,1.42,6298,14.3,0017.6
,,,,,19:51:47,1.42,6312,14.6,0017.1
,,,,,19:51:48,1.42,6326,14.5,0017.5
,,,,,19:51:49,1.42,6341,14.5,0017.8
,,,,,19:51:50,1.42,6355,14.3,0017.8
,,,,,19:51:51,1.42,6370,14.5,0017.7
,,,,,19:51:52,1.42,6384,14.5,0017.8
,,,,,19:51:53,1.42,6399,14.5,0017.8
,,,,,19:51:54,1.42,6413,14.6,0018.0
,,,,,19:51:55,1.42,6428,14.5,0018.0
,,,,,19:51:56,1.43,6442,14.3,0017.6
,,,,,19:51:57,1.43,6456,14.5,0017.9
,,,,,19:51:58,1.43,6471,14.5,0017.7
,,,,,19:51:59,1.43,6485,14.6,0017.6
,,,,,19:52:00,1.43,6500,14.5,0017.9
,,,,,19:52:01,1.43,6514,14.5,0017.9
,,,,,19:52:02,1.43,6529,14.5,0017.5
,,,,,19:52:03,1.42,6543,14.3,0017.4
,,,,,19:52:04,1.42,6558,14.5,0017.9
,,,,,19:52:05,1.42,6572,14.5,0017.9
,,,,,19:52:06,1.42,6587,14.6,0018.3
,,,,,19:52:07,1.42,6601,14.5,0017.7
,,,,,19:52:08,1.42,6616,14.3,0017.8
,,,,,19:52:09,1.42,6630,14.5,0017.7
,,,,,19:52:10,1.42,6644,14.5,0018.0
,,,,,19:52:11,1.42,6659,14.5,0018.0
,,,,,19:52:12,1.42,6673,14.6,0017.7
,,,,,19:52:13,1.42,6688,14.3,0017.2
,,,,,19:52:14,1.42,6702,14.5,0017.9
,,,,,19:52:15,1.42,6717,14.5,0018.2
,,,,,19:52:16,1.42,6731,14.5,0017.9
,,,,,19:52:17,1.42,6746,14.5,0017.9
,,,,,19:52:18,1.42,6760,14.5,0017.5
,,,,,19:52:19,1.42,6775,14.5,0017.5
,,,,,19:52:20,1.42,6789,14.5,0017.5
,,,,,19:52:21,1.42,6804,14.5,0018.0
,,,,,19:52:22,1.42,6818,14.5,0017.5
,,,,,19:52:23,1.42,6832,14.3,0017.3
,,,,,19:52:24,1.42,6847,14.6,0017.9
,,,,,19:52:25,1.42,6861,14.5,0017.8
,,,,,19:52:26,1.43,6876,14.5,0017.9
,,,,,19:52:27,1.43,6890,14.5,0018.2
,,,,,19:52:28,1.43,6905,14.3,0017.6
,,,,,19:52:29,1.43,6919,14.5,0017.1
,,,,,19:52:30,1.43,6934,14.6,0017.5
,,,,,19:52:31,1.43,6948,14.5,0017.6
,,,,,19:52:32,1.43,6963,14.5,0017.6
,,,,,19:52:33,1.43,6977,14.5,0017.3
,,,,,19:52:34,1.43,6992,14.5,0017.7
,,,,,19:52:35,1.43,7006,14.3,0018.2
,,,,,19:52:36,1.43,7020,14.6,0018.1
,,,,,19:52:37,1.43,7035,14.5,0017.7
,,,,,19:52:38,1.43,7049,14.5,0017.4
,,,,,19:52:39,1.43,7064,14.5,0017.1
,,,,,19:52:40,1.42,7078,14.5,0017.6
,,,,,19:52:41,1.42,7093,14.5,0017.2
,,,,,19:52:42,1.42,7107,14.6,0017.6
,,,,,19:52:43,1.42,7122,14.3,0017.3
,,,,,19:52:44,1.42,7136,14.5,0017.1
,,,,,19:52:45,1.42,7151,14.5,0017.5
,,,,,19:52:46,1.42,7165,14.5,0017.6
,,,,,19:52:47,1.42,7180,14.5,0017.9
,,,,,19:52:48,1.42,7194,14.6,0017.6
,,,,,19:52:49,1.43,7209,14.3,0017.2
,,,,,19:52:50,1.43,7223,14.5,0016.8
,,,,,19:52:51,1.43,7237,14.5,0017.6
,,,,,19:52:52,1.44,7252,14.5,0017.6
,,,,,19:52:53,1.44,7266,14.5,0017.8
,,,,,19:52:54,1.43,7281,14.6,0017.8
,,,,,19:52:55,1.43,7295,14.5,0017.4
,,,,,19:52:56,1.43,7310,14.5,0017.8
,,,,,19:52:57,1.43,7324,14.5,0017.6
,,,,,19:52:58,1.42,7339,14.5,0017.6
,,,,,19:52:59,1.42,7353,14.6,0017.0
,,,,,19:53:00,1.42,7368,14.5,0016.9
,,,,,19:53:01,1.42,7382,14.3,0017.2
,,,,,19:53:02,1.42,7397,14.5,0017.9
,,,,,19:53:03,1.42,7411,14.5,0017.8
,,,,,19:53:04,1.42,7425,14.5,0017.3
,,,,,19:53:05,1.42,7440,14.6,0017.2
,,,,,19:53:06,1.42,7455,14.5,0017.6
,,,,,19:53:07,1.42,7469,14.5,0017.9
,,,,,19:53:08,1.42,7483,14.5,0017.8
,,,,,19:53:09,1.42,7498,14.5,0017.1
,,,,,19:53:10,1.42,7512,14.5,0016.7
,,,,,19:53:11,1.42,7527,14.6,0016.9
,,,,,19:53:12,1.42,7541,14.5,0016.6
,,,,,19:53:13,1.42,7556,14.5,0017.0
,,,,,19:53:14,1.42,7570,14.5,0017.3
,,,,,19:53:15,1.42,7585,14.5,0017.7
,,,,,19:53:16,1.43,7599,14.5,0017.0
,,,,,19:53:17,1.43,7614,14.6,0017.7
,,,,,19:53:18,1.43,7628,14.5,0017.9
,,,,,19:53:19,1.43,7643,14.5,0018.0
,,,,,19:53:20,1.43,7657,14.5,0017.4
,,,,,19:53:21,1.43,7672,14.5,0017.6
,,,,,19:53:22,1.43,7686,14.5,0017.7
,,,,,19:53:23,1.43,7701,14.6,0017.4
,,,,,19:53:24,1.43,7715,14.5,0018.1
,,,,,19:53:25,1.43,7730,14.5,0017.2
,,,,,19:53:26,1.43,7744,14.5,0017.0
,,,,,19:53:27,1.43,7759,14.5,0017.2
,,,,,19:53:28,1.43,7773,14.6,0017.6
,,,,,19:53:29,1.43,7788,14.5,0016.9
,,,,,19:53:30,1.43,7802,14.5,0016.7
,,,,,19:53:31,1.42,7817,14.5,0017.1
,,,,,19:53:32,1.42,7831,14.5,0017.0
,,,,,19:53:33,1.41,7845,14.6,0017.3
,,,,,19:53:34,1.41,7860,14.5,0017.2
,,,,,19:53:35,1.41,7874,14.5,0017.2
,,,,,19:53:36,1.41,7889,14.5,0017.9
,,,,,19:53:37,1.41,7903,14.5,0017.4
,,,,,19:53:38,1.41,7918,14.5,0017.6
,,,,,19:53:39,1.42,7932,14.6,0018.0
,,,,,19:53:40,1.42,7947,14.5,0018.1
,,,,,19:53:41,1.42,7961,14.5,0017.2
,,,,,19:53:42,1.42,7976,14.5,0016.8
,,,,,19:53:43,1.42,7990,14.5,0016.9
,,,,,19:53:44,1.42,8005,14.6,0017.3
,,,,,19:53:45,1.42,8019,14.5,0017.7
,,,,,19:53:46,1.42,8034,14.5,0017.0
,,,,,19:53:47,1.42,8048,14.5,0016.2
,,,,,19:53:48,1.43,8063,14.6,0017.2
,,,,,19:53:49,1.43,8077,14.5,0017.4
,,,,,19:53:50,1.43,8092,14.6,0017.4
,,,,,19:53:51,1.43,8106,14.5,0017.9
,,,,,19:53:52,1.43,8121,14.5,0017.9
,,,,,19:53:53,1.43,8135,14.5,0017.0
,,,,,19:53:54,1.43,8150,14.5,0017.2
,,,,,19:53:55,1.43,8164,14.6,0017.2
,,,,,19:53:56,1.43,8179,14.5,0017.9
,,,,,19:53:57,1.43,8193,14.6,0017.1
,,,,,19:53:58,1.43,8208,14.5,0016.2
,,,,,19:53:59,1.43,8222,14.5,0017.0
,,,,,19:54:00,1.43,8237,14.5,0017.6
,,,,,19:54:01,1.43,8251,14.6,0017.0
,,,,,19:54:02,1.43,8266,14.5,0017.1
,,,,,19:54:03,1.43,8280,14.5,0017.2
,,,,,19:54:04,1.43,8295,14.5,0016.8
,,,,,19:54:05,1.43,8309,14.5,0017.1
,,,,,19:54:06,1.43,8324,14.6,0017.8
,,,,,19:54:07,1.42,8338,14.6,0017.7
,,,,,19:54:08,1.42,8353,14.5,0016.8
,,,,,19:54:09,1.42,8367,14.5,0016.5
,,,,,19:54:10,1.42,8382,14.5,0016.6
,,,,,19:54:11,1.43,8396,14.5,0016.6
,,,,,19:54:12,1.43,8411,14.6,0017.1
,,,,,19:54:13,1.43,8425,14.5,0017.1
,,,,,19:54:14,1.43,8440,14.5,0017.2
,,,,,19:54:15,1.43,8454,14.5,0017.1
,,,,,19:54:16,1.43,8468,14.6,0017.5
,,,,,19:54:17,1.43,8483,14.6,0017.7
,,,,,19:54:18,1.43,8498,14.5,0017.9
,,,,,19:54:19,1.43,8512,14.5,0017.2
,,,,,19:54:20,1.43,8527,14.5,0016.7
,,,,,19:54:21,1.43,8541,14.5,0017.1
,,,,,19:54:22,1.43,8555,14.6,0017.2
,,,,,19:54:23,1.43,8570,14.5,0016.9
,,,,,19:54:24,1.43,8585,14.6,0017.1
,,,,,19:54:25,1.43,8599,14.5,0016.5
,,,,,19:54:26,1.43,8614,14.5,0016.9
,,,,,19:54:27,1.43,8628,14.5,0016.9
,,,,,19:54:28,1.43,8642,14.6,0017.5
,,,,,19:54:29,1.43,8657,14.5,0017.4
,,,,,19:54:30,1.43,8672,14.5,0016.5
,,,,,19:54:31,1.43,8686,14.6,0017.0
,,,,,19:54:32,1.43,8701,14.5,0017.1
,,,,,19:54:33,1.43,8715,14.6,0017.1
,,,,,19:54:34,1.43,8730,14.5,0016.1
,,,,,19:54:35,1.43,8744,14.5,0017.2
,,,,,19:54:36,1.43,8759,14.5,0016.8
,,,,,19:54:37,1.43,8773,14.6,0017.0
,,,,,19:54:38,1.43,8788,14.6,0017.5
,,,,,19:54:39,1.43,8802,14.5,0017.2
,,,,,19:54:40,1.43,8817,14.5,0017.0
,,,,,19:54:41,1.43,8831,14.5,0016.6
,,,,,19:54:42,1.43,8845,14.6,0016.6
,,,,,19:54:43,1.43,8860,14.6,0016.7
,,,,,19:54:44,1.42,8875,14.5,0017.1
,,,,,19:54:45,1.42,8889,14.5,0017.2
,,,,,19:54:46,1.42,8904,14.5,0018.0
,,,,,19:54:47,1.42,8918,14.5,0017.0
,,,,,19:54:48,1.42,8932,14.5,0016.9
,,,,,19:54:49,1.42,8947,14.7,0017.1
,,,,,19:54:50,1.42,8962,14.5,0017.1
,,,,,19:54:51,1.42,8976,14.5,0017.0
,,,,,19:54:52,1.42,8991,14.5,0016.3
,,,,,19:54:53,1.42,9005,14.6,0016.4
,,,,,19:54:54,1.42,9020,14.5,0016.6
,,,,,19:54:55,1.42,9034,14.6,0016.8
,,,,,19:54:56,1.42,9049,14.5,0017.4
,,,,,19:54:57,1.42,9063,14.5,0016.8
,,,,,19:54:58,1.42,9078,14.5,0016.6
,,,,,19:54:59,1.42,9092,14.7,0016.7
,,,,,19:55:00,1.42,9107,14.5,0017.0
,,,,,19:55:01,1.42,9121,14.5,0016.5
,,,,,19:55:02,1.42,9136,14.5,0016.5
,,,,,19:55:03,1.42,9150,14.5,0016.6
,,,,,19:55:04,1.42,9165,14.7,0016.9
,,,,,19:55:05,1.42,9179,14.5,0017.0
,,,,,19:55:06,1.42,9194,14.5,0017.1
,,,,,19:55:07,1.43,9208,14.5,0017.0
,,,,,19:55:08,1.43,9223,14.6,0016.4
,,,,,19:55:09,1.43,9237,14.5,0016.1
,,,,,19:55:10,1.43,9252,14.6,0016.7
,,,,,19:55:11,1.43,9266,14.5,0016.2
,,,,,19:55:12,1.43,9281,14.6,0016.8
,,,,,19:55:13,1.43,9295,14.5,0016.6
,,,,,19:55:14,1.42,9310,14.5,0016.3
,,,,,19:55:15,1.42,9324,14.5,0016.7
,,,,,19:55:16,1.41,9339,14.6,0017.2
,,,,,19:55:17,1.41,9353,14.6,0016.6
,,,,,19:55:18,1.41,9368,14.5,0016.3
,,,,,19:55:19,1.41,9382,14.5,0016.4
,,,,,19:55:20,1.42,9397,14.6,0016.9
,,,,,19:55:21,1.42,9411,14.6,0017.4
,,,,,19:55:22,1.42,9426,14.5,0017.2
,,,,,19:55:23,1.42,9440,14.5,0017.3
,,,,,19:55:24,1.42,9455,14.6,0016.3
,,,,,19:55:25,1.42,9469,14.5,0015.7
,,,,,19:55:26,1.42,9484,14.6,0016.5
,,,,,19:55:27,1.42,9498,14.5,0016.9
,,,,,19:55:28,1.42,9513,14.6,0017.3
,,,,,19:55:29,1.42,9527,14.5,0017.1
,,,,,19:55:30,1.42,9542,14.5,0016.6
,,,,,19:55:31,1.42,9556,14.5,0016.7
,,,,,19:55:32,1.42,9571,14.7,0016.8
,,,,,19:55:33,1.42,9585,14.5,0016.5
,,,,,19:55:34,1.42,9600,14.5,0016.6
,,,,,19:55:35,1.42,9614,14.5,0016.6
,,,,,19:55:36,1.42,9629,14.6,0017.1
,,,,,19:55:37,1.42,9643,14.6,0017.0
,,,,,19:55:38,1.42,9658,14.5,0016.9
,,,,,19:55:39,1.42,9672,14.6,0016.3
,,,,,19:55:40,1.42,9687,14.5,0016.1
,,,,,19:55:41,1.42,9701,14.5,0016.2
,,,,,19:55:42,1.42,9716,14.5,0016.7
,,,,,19:55:43,1.42,9730,14.7,0017.0
,,,,,19:55:44,1.42,9745,14.5,0016.7
,,,,,19:55:45,1.42,9760,14.5,0016.8
,,,,,19:55:46,1.43,9774,14.6,0015.5
,,,,,19:55:47,1.43,9789,14.5,0015.9
,,,,,19:55:48,1.43,9803,14.6,0016.8
,,,,,19:55:49,1.43,9818,14.6,0017.3
,,,,,19:55:50,1.43,9832,14.5,0017.0
,,,,,19:55:51,1.44,9847,14.5,0017.2
,,,,,19:55:52,1.43,9861,14.5,0016.3
,,,,,19:55:53,1.43,9876,14.7,0016.3
,,,,,19:55:54,1.43,9890,14.5,0016.5
,,,,,19:55:55,1.43,9905,14.6,0016.3
,,,,,19:55:56,1.43,9919,14.5,0017.2
,,,,,19:55:57,1.43,9934,14.5,0016.8
,,,,,19:55:58,1.43,9948,14.7,0016.2
,,,,,19:55:59,1.43,9963,14.5,0015.9
,,,,,19:56:00,1.43,9977,14.5,0016.6
,,,,,19:56:01,1.43,9992,14.5,0016.3
,,,,,19:56:02,1.43,10006,14.6,0016.1
,,,,,19:56:03,1.43,10021,14.6,0016.2
,,,,,19:56:04,1.43,10035,14.5,0016.3
,,,,,19:56:05,1.43,10050,14.6,0016.7
,,,,,19:56:06,1.43,10064,14.5,0016.4
,,,,,19:56:07,1.43,10079,14.5,0016.1
,,,,,19:56:08,1.43,10093,14.6,0016.5
,,,,,19:56:09,1.43,10108,14.6,0016.2
,,,,,19:56:10,1.43,10123,14.5,0016.8
,,,,,19:56:11,1.43,10137,14.6,0016.8
,,,,,19:56:12,1.43,10152,14.5,0016.5
,,,,,19:56:13,1.43,10166,14.5,0016.2
,,,,,19:56:14,1.43,10180,14.7,0016.1
,,,,,19:56:15,1.44,10195,14.5,0016.1
,,,,,19:56:16,1.43,10210,14.5,0015.7
,,,,,19:56:17,1.43,10224,14.6,0016.6
,,,,,19:56:18,1.43,10239,14.5,0016.6
,,,,,19:56:19,1.42,10253,14.6,0015.6
,,,,,19:56:20,1.42,10268,14.5,0015.6
,,,,,19:56:21,1.42,10282,14.6,0016.3
,,,,,19:56:22,1.41,10297,14.5,0016.0
,,,,,19:56:23,1.41,10311,14.6,0016.7
,,,,,19:56:24,1.41,10326,14.5,0016.8
,,,,,19:56:25,1.41,10340,14.6,0016.1
,,,,,19:56:26,1.41,10355,14.6,0016.3
,,,,,19:56:27,1.42,10369,14.5,0016.7
,,,,,19:56:28,1.42,10384,14.5,0016.5
,,,,,19:56:29,1.42,10398,14.6,0016.2
,,,,,19:56:30,1.42,10413,14.6,0016.2
,,,,,19:56:31,1.43,10427,14.5,0016.2
,,,,,19:56:32,1.43,10442,14.6,0016.3
,,,,,19:56:33,1.43,10456,14.5,0016.4
,,,,,19:56:34,1.43,10471,14.5,0015.7
,,,,,19:56:35,1.43,10485,14.7,0016.4
,,,,,19:56:36,1.43,10500,14.5,0016.1
,,,,,19:56:37,1.43,10515,14.6,0016.1
,,,,,19:56:38,1.43,10529,14.5,0016.1
,,,,,19:56:39,1.42,10544,14.5,0016.4
,,,,,19:56:40,1.42,10558,14.7,0015.8
,,,,,19:56:41,1.42,10573,14.5,0015.5
,,,,,19:56:42,1.41,10587,14.6,0016.2
,,,,,19:56:43,1.41,10602,14.5,0016.2
,,,,,19:56:44,1.41,10616,14.5,0016.1
,,,,,19:56:45,1.41,10631,14.7,0015.7
,,,,,19:56:46,1.42,10645,14.5,0016.1
,,,,,19:56:47,1.42,10660,14.6,0016.2
,,,,,19:56:48,1.42,10674,14.5,0016.3
,,,,,19:56:49,1.42,10689,14.5,0016.3
,,,,,19:56:50,1.42,10703,14.7,0016.3
,,,,,19:56:51,1.42,10718,14.5,0015.9
,,,,,19:56:52,1.42,10732,14.6,0016.2
,,,,,19:56:53,1.42,10747,14.5,0016.3
,,,,,19:56:54,1.42,10761,14.5,0016.2
,,,,,19:56:55,1.42,10776,14.7,0016.2
,,,,,19:56:56,1.42,10791,14.5,0016.2
,,,,,19:56:57,1.42,10805,14.6,0016.1
,,,,,19:56:58,1.42,10820,14.5,0015.7
,,,,,19:56:59,1.42,10834,14.5,0016.2
,,,,,19:57:00,1.42,10849,14.7,0016.7
,,,,,19:57:01,1.42,10863,14.5,0015.8
,,,,,19:57:02,1.42,10878,14.6,0015.4
,,,,,19:57:03,1.42,10892,14.6,0015.5
,,,,,19:57:04,1.42,10907,14.5,0016.1
,,,,,19:57:05,1.42,10921,14.6,0016.4
,,,,,19:57:06,1.42,10936,14.6,0016.2
,,,,,19:57:07,1.42,10950,14.5,0015.9
,,,,,19:57:08,1.42,10965,14.6,0015.2
,,,,,19:57:09,1.42,10980,14.5,0015.9
,,,,,19:57:10,1.42,10994,14.6,0016.1
,,,,,19:57:11,1.42,11009,14.6,0016.6
,,,,,19:57:12,1.42,11023,14.5,0016.6
,,,,,19:57:13,1.42,11038,14.6,0015.5
,,,,,19:57:14,1.42,11052,14.6,0015.1
,,,,,19:57:15,1.42,11067,14.6,0015.6
,,,,,19:57:16,1.42,11081,14.5,0016.1
,,,,,19:57:17,1.42,11096,14.6,0016.6
,,,,,19:57:18,1.42,11110,14.5,0016.1
,,,,,19:57:19,1.42,11125,14.6,0015.6
,,,,,19:57:20,1.42,11139,14.6,0015.7
,,,,,19:57:21,1.42,11154,14.5,0016.2
,,,,,19:57:22,1.42,11168,14.6,0016.2
,,,,,19:57:23,1.42,11183,14.5,0015.9
,,,,,19:57:24,1.42,11197,14.7,0015.8
,,,,,19:57:25,1.42,11212,14.5,0015.6
,,,,,19:57:26,1.42,11227,14.6,0015.9
,,,,,19:57:27,1.42,11241,14.5,0015.4
,,,,,19:57:28,1.42,11256,14.6,0015.9
,,,,,19:57:29,1.42,11270,14.6,0016.0
,,,,,19:57:30,1.42,11285,14.6,0015.7
,,,,,19:57:31,1.42,11299,14.5,0015.8
,,,,,19:57:32,1.42,11314,14.5,0015.4
,,,,,19:57:33,1.42,11328,14.7,0015.8
,,,,,19:57:34,1.42,11343,14.5,0015.6
,,,,,19:57:35,1.43,11357,14.6,0015.4
,,,,,19:57:36,1.43,11372,14.5,0015.7
,,,,,19:57:37,1.43,11386,14.6,0015.5
,,,,,19:57:38,1.43,11401,14.6,0016.1
,,,,,19:57:39,1.43,11416,14.6,0015.6
,,,,,19:57:40,1.42,11430,14.5,0015.3
,,,,,19:57:41,1.42,11445,14.6,0015.9
,,,,,19:57:42,1.42,11459,14.6,0015.8
,,,,,19:57:43,1.42,11474,14.6,0015.7
,,,,,19:57:44,1.42,11488,14.5,0016.0
,,,,,19:57:45,1.42,11503,14.6,0015.5
,,,,,19:57:46,1.42,11517,14.5,0015.8
,,,,,19:57:47,1.42,11532,14.7,0016.3
,,,,,19:57:48,1.42,11547,14.5,0015.5
,,,,,19:57:49,1.42,11561,14.6,0015.8
,,,,,19:57:50,1.42,11576,14.6,0015.6
,,,,,19:57:51,1.42,11590,14.5,0015.6
,,,,,19:57:52,1.42,11605,14.7,0016.3
,,,,,19:57:53,1.42,11619,14.5,0015.4
,,,,,19:57:54,1.43,11634,14.6,0014.9
,,,,,19:57:55,1.43,11648,14.5,0015.5
,,,,,19:57:56,1.43,11663,14.6,0015.7
,,,,,19:57:57,1.43,11677,14.6,0016.1
,,,,,19:57:58,1.43,11692,14.5,0015.4
,,,,,19:57:59,1.43,11706,14.6,0014.8
,,,,,19:58:00,1.43,11721,14.6,0014.9
,,,,,19:58:01,1.43,11735,14.6,0015.7
,,,,,19:58:02,1.43,11750,14.6,0015.7
,,,,,19:58:03,1.43,11765,14.5,0015.1
,,,,,19:58:04,1.43,11779,14.6,0015.7
,,,,,19:58:05,1.43,11794,14.6,0015.8
,,,,,19:58:06,1.43,11808,14.6,0015.7
,,,,,19:58:07,1.43,11823,14.5,0016.2
,,,,,19:58:08,1.43,11837,14.6,0015.8
,,,,,19:58:09,1.43,11852,14.5,0015.5
,,,,,19:58:10,1.42,11866,14.7,0016.1
,,,,,19:58:11,1.42,11881,14.5,0015.8
,,,,,19:58:12,1.42,11895,14.6,0015.4
,,,,,19:58:13,1.42,11910,14.5,0015.5
,,,,,19:58:14,1.42,11925,14.6,0015.8
,,,,,19:58:15,1.42,11939,14.6,0016.3
,,,,,19:58:16,1.42,11954,14.6,0015.6
,,,,,19:58:17,1.42,11968,14.5,0015.1
,,,,,19:58:18,1.42,11983,14.6,0015.5
,,,,,19:58:19,1.42,11997,14.5,0015.9
,,,,,19:58:20,1.43,12012,14.7,0015.9
,,,,,19:58:21,1.43,12026,14.5,0016.0
,,,,,19:58:22,1.43,12041,14.6,0015.0
,,,,,19:58:23,1.43,12055,14.5,0014.9
,,,,,19:58:24,1.43,12070,14.7,0015.3
,,,,,19:58:25,1.43,12085,14.5,0015.7
,,,,,19:58:26,1.43,12099,14.6,0016.1
,,,,,19:58:27,1.43,12114,14.6,0015.2
,,,,,19:58:28,1.43,12128,14.5,0014.5
,,,,,19:58:29,1.43,12143,14.7,0015.2
,,,,,19:58:30,1.43,12157,14.5,0015.3
,,,,,19:58:31,1.43,12172,14.6,0015.3
,,,,,19:58:32,1.43,12186,14.5,0015.3
,,,,,19:58:33,1.43,12201,14.7,0015.3
,,,,,19:58:34,1.43,12216,14.6,0014.7
,,,,,19:58:35,1.43,12230,14.5,0015.1
,,,,,19:58:36,1.43,12245,14.6,0015.3
,,,,,19:58:37,1.42,12259,14.6,0015.8
,,,,,19:58:38,1.42,12274,14.6,0016.1
,,,,,19:58:39,1.42,12288,14.6,0014.9
,,,,,19:58:40,1.42,12303,14.5,0015.1
,,,,,19:58:41,1.42,12317,14.6,0015.5
,,,,,19:58:42,1.42,12332,14.6,0015.8
,,,,,19:58:43,1.42,12346,14.6,0015.8
,,,,,19:58:44,1.42,12361,14.5,0015.1
,,,,,19:58:45,1.42,12375,14.7,0014.6
,,,,,19:58:46,1.42,12390,14.6,0015.2
,,,,,19:58:47,1.42,12405,14.5,0014.6
,,,,,19:58:48,1.42,12419,14.6,0015.6
,,,,,19:58:49,1.42,12434,14.7,0015.3
,,,,,19:58:50,1.42,12448,14.5,0015.8
,,,,,19:58:51,1.43,12463,14.6,0015.8
,,,,,19:58:52,1.43,12478,14.5,0015.2
,,,,,19:58:53,1.43,12492,14.7,0015.0
,,,,,19:58:54,1.43,12507,14.6,0015.6
,,,,,19:58:55,1.43,12521,14.5,0015.6
,,,,,19:58:56,1.43,12536,14.6,0015.5
,,,,,19:58:57,1.43,12550,14.6,0015.1
,,,,,19:58:58,1.43,12565,14.6,0015.4
,,,,,19:58:59,1.42,12579,14.6,0014.4
,,,,,19:59:00,1.42,12594,14.5,0015.1
,,,,,19:59:01,1.42,12608,14.7,0015.5
,,,,,19:59:02,1.42,12623,14.6,0015.1
,,,,,19:59:03,1.42,12638,14.5,0015.2
,,,,,19:59:04,1.42,12652,14.6,0014.8
,,,,,19:59:05,1.42,12667,14.6,0014.7
,,,,,19:59:06,1.43,12681,14.6,0014.8
,,,,,19:59:07,1.42,12696,14.6,0015.3
,,,,,19:59:08,1.42,12710,14.5,0015.5
,,,,,19:59:09,1.42,12725,14.7,0015.5
,,,,,19:59:10,1.42,12740,14.6,0015.8
,,,,,19:59:11,1.42,12754,14.5,0014.8
,,,,,19:59:12,1.42,12769,14.6,0014.5
,,,,,19:59:13,1.42,12783,14.7,0015.5
,,,,,19:59:14,1.42,12798,14.5,0015.6
,,,,,19:59:15,1.42,12812,14.6,0015.7
,,,,,19:59:16,1.42,12827,14.5,0015.1
,,,,,19:59:17,1.42,12841,14.7,0015.1
,,,,,19:59:18,1.42,12856,14.6,0014.8
,,,,,19:59:19,1.42,12871,14.5,0015.0
,,,,,19:59:20,1.42,12885,14.7,0015.6
,,,,,19:59:21,1.42,12900,14.5,0015.6
,,,,,19:59:22,1.42,12914,14.6,0015.5
,,,,,19:59:23,1.42,12929,14.6,0015.2
,,,,,19:59:24,1.42,12943,14.6,0014.9
,,,,,19:59:25,1.42,12958,14.6,0014.9
,,,,,19:59:26,1.42,12973,14.6,0015.3
,,,,,19:59:27,1.42,12987,14.5,0015.3
,,,,,19:59:28,1.42,13002,14.7,0015.6
,,,,,19:59:29,1.42,13016,14.6,0015.8
,,,,,19:59:30,1.42,13031,14.5,0015.4
,,,,,19:59:31,1.42,13045,14.6,0014.7
,,,,,19:59:32,1.42,13060,14.7,0015.0
,,,,,19:59:33,1.42,13075,14.5,0015.4
,,,,,19:59:34,1.42,13089,14.6,0015.4
,,,,,19:59:35,1.43,13104,14.6,0015.4
,,,,,19:59:36,1.43,13118,14.6,0015.3
,,,,,19:59:37,1.42,13133,14.6,0014.6
,,,,,19:59:38,1.42,13147,14.6,0014.4
,,,,,19:59:39,1.42,13162,14.6,0015.0
,,,,,19:59:40,1.42,13177,14.6,0015.0
,,,,,19:59:41,1.42,13191,14.5,0015.3
,,,,,19:59:42,1.42,13206,14.7,0015.1
,,,,,19:59:43,1.42,13220,14.6,0015.5
,,,,,19:59:44,1.43,13235,14.5,0014.6
,,,,,19:59:45,1.43,13249,14.6,0014.3
,,,,,19:59:46,1.43,13264,14.7,0015.1
,,,,,19:59:47,1.43,13279,14.5,0015.5
,,,,,,,,,
,,,,,,,,,