Time,P_pipe,Q_pipe,VolumePipe,Dens_recirc,Q_LR_
-0000.2,0,0,0,1,0
-0000.2,0,0,0,1,0
-0000.2,0,0,0,1,0
-0000.2,0,0,0,1,0
-0000.2,0,0,0,1,0
-0000.2,0.4,0,0,1,0
-0000.2,3.7,0,0,1,0
-0000.2,3.9,0,0,1,0
-0000.2,3.9,0,0,1,0
-0000.2,3.8,0,0,1,0
-0000.2,3.9,0,0,1,0
-0000.2,3.8,0,0,1,0
-0000.2,3.8,0,0,1,0
-0000.2,3.8,0,0,1,0
-0000.2,3.9,0,0,1,0
-0000.2,3.8,0,0,1,0
-0000.2,3.8,0,0,1,0
-0000.2,3.8,0,0,1,0
-0000.2,3.8,0,0,1,0
-0000.2,3.7,0,0,1,0
-0000.2,3.8,0,0,1,0
-0000.2,3.8,0,0,1,0
-0000.2,3.8,0,0,1,0
-0000.2,3.8,0,0,1,0
-0000.2,3.8,0,0,1,0
-0000.2,3.7,0,0,1,0
-0000.2,3.8,0,0,1,0
NaN:NaN:NaN,-2.6,0,0,0.99,3.8
NaN:NaN:NaN,-1.5,0,0,1,3.7
NaN:NaN:NaN,-0.6,0,0,1,3.7
NaN:NaN:NaN,-0.1,0,0,0.99,3.7
NaN:NaN:NaN,0.8,0,0,0.99,3.7
NaN:NaN:NaN,1.5,0,0,0.99,3.7
NaN:NaN:NaN,2.2,0,0,0.99,3.5
NaN:NaN:NaN,2.8,0,0,0.99,3.7
NaN:NaN:NaN,3.4,0,0,0.99,3.5
NaN:NaN:NaN,4.1,0,0,0.99,3.7
NaN:NaN:NaN,4.6,0,0,0.99,3.5
NaN:NaN:NaN,5.2,0,0,0.99,3.5
NaN:NaN:NaN,5.8,0,0,0.99,3.5
NaN:NaN:NaN,6.3,0,0,0.99,3.5
NaN:NaN:NaN,6.8,0,0,0.99,3.5
NaN:NaN:NaN,7.4,0,0,0.99,3.5
NaN:NaN:NaN,7.8,0,0,0.99,3.5
NaN:NaN:NaN,8.4,0,0,0.99,3.5
NaN:NaN:NaN,8.9,0,0,0.99,3.4
NaN:NaN:NaN,9.3,0,0,0.99,3.5
NaN:NaN:NaN,9.5,0,0,0.99,3.5
NaN:NaN:NaN,9.9,0,0,0.99,3.4
NaN:NaN:NaN,10,0,0,0.99,3.5
NaN:NaN:NaN,9.8,0,0,0.99,3.4
NaN:NaN:NaN,9.7,0,0,0.99,3.5
NaN:NaN:NaN,9.4,0,0,0.99,3.5
NaN:NaN:NaN,9.5,0,0,0.99,3.5
NaN:NaN:NaN,9.2,0,0,0.99,3.5
NaN:NaN:NaN,9,0,0,0.99,3.5
NaN:NaN:NaN,8.7,0,0,0.99,3.5
NaN:NaN:NaN,8.6,0,0,0.99,3.5
NaN:NaN:NaN,8.6,0,0,0.99,3.5
NaN:NaN:NaN,8.5,0,0,0.99,3.5
NaN:NaN:NaN,8.5,0,0,0.99,3.5
NaN:NaN:NaN,8.6,0,0,0.99,3.9
NaN:NaN:NaN,8.6,0,0,0.99,4.4
NaN:NaN:NaN,8.8,0,0,0.99,4.2
NaN:NaN:NaN,8.9,0,0,0.99,4.2
NaN:NaN:NaN,8.9,0,0,0.99,4.2
NaN:NaN:NaN,9.2,0,0,0.99,4.5
NaN:NaN:NaN,9.6,0,0,1,4.4
NaN:NaN:NaN,9.4,0,0,0.99,4.5
NaN:NaN:NaN,10,0,0,0.99,4.8
NaN:NaN:NaN,10,0,0,0.99,4.7
NaN:NaN:NaN,9.9,0,0,0.99,4.8
NaN:NaN:NaN,10,0,0,0.99,4.7
NaN:NaN:NaN,10.6,0,0,0.99,4.7
NaN:NaN:NaN,10.2,0,0,0.99,4.8
NaN:NaN:NaN,10.7,0,0,0.99,4.7
NaN:NaN:NaN,10.3,0,0,0.99,4.7
NaN:NaN:NaN,11,0,0,0.99,4.8
NaN:NaN:NaN,10.4,0,0,0.99,4.7
NaN:NaN:NaN,10.7,0,0,0.99,4.7
NaN:NaN:NaN,10.7,0,0,0.99,4.7
NaN:NaN:NaN,10.9,0,0,1,4.7
NaN:NaN:NaN,10.7,0,0,1,4.8
NaN:NaN:NaN,11,0,0,0.99,4.7
NaN:NaN:NaN,10.9,0,0,0.99,4.7
NaN:NaN:NaN,11.4,0,0,0.99,4.7
NaN:NaN:NaN,11.2,0,0,0.99,4.7
NaN:NaN:NaN,11.6,0,0,0.99,4.7
NaN:NaN:NaN,11.1,0,0,0.99,4.8
NaN:NaN:NaN,11.2,0,0,0.99,4.7
NaN:NaN:NaN,11.8,0,0,0.99,4.7
NaN:NaN:NaN,11.4,0,0,0.99,4.7
NaN:NaN:NaN,11.8,0,0,1,4.7
NaN:NaN:NaN,12.1,0,0,1,4.7
NaN:NaN:NaN,12.3,0,0,0.99,4.8
NaN:NaN:NaN,12.2,0,0,0.99,4.8
NaN:NaN:NaN,12.6,0,0,0.99,4.8
NaN:NaN:NaN,12.6,0,0,0.99,4.9
NaN:NaN:NaN,12.6,0,0,0.99,5.1
NaN:NaN:NaN,13.2,0,0,0.99,4.9
NaN:NaN:NaN,13.1,0,0,0.99,5.1
NaN:NaN:NaN,12.9,0,0,0.99,4.9
NaN:NaN:NaN,13.2,0,0,0.99,4.9
NaN:NaN:NaN,13.2,0,0,0.99,5.1
NaN:NaN:NaN,13.1,0,0,0.99,4.9
NaN:NaN:NaN,12.9,0,0,0.99,5.1
NaN:NaN:NaN,13.2,0,0,0.99,4.9
NaN:NaN:NaN,13,0,0,0.99,5.1
NaN:NaN:NaN,13.1,0,0,0.99,4.9
NaN:NaN:NaN,12.8,0,0,0.99,5.1
NaN:NaN:NaN,12.5,0,0,0.99,4.9
NaN:NaN:NaN,12.6,0,0,0.99,5.1
NaN:NaN:NaN,12.4,0,0,0.99,4.9
NaN:NaN:NaN,12.1,0,0,0.99,5.1
NaN:NaN:NaN,11.9,0,0,0.99,4.9
NaN:NaN:NaN,11.9,0,0,0.99,5.1
NaN:NaN:NaN,11.7,0,0,0.99,5.1
NaN:NaN:NaN,11.4,0,0,0.99,4.9
NaN:NaN:NaN,11.5,0,0,0.99,5.1
NaN:NaN:NaN,11.2,0,0,0.99,5.1
NaN:NaN:NaN,11.1,0,0,0.99,4.9
NaN:NaN:NaN,10.9,0,0,0.99,5.1
NaN:NaN:NaN,10.7,0,0,0.99,5.1
NaN:NaN:NaN,10.5,0,0,0.99,4.9
NaN:NaN:NaN,9.2,0,0,0.99,4.1
NaN:NaN:NaN,8.6,0,0,0.99,3.5
NaN:NaN:NaN,8.3,0,0,0.99,3.5
NaN:NaN:NaN,6.7,0,0,0.99,2.3
NaN:NaN:NaN,5.1,0,0,0.99,0
NaN:NaN:NaN,4.6,0,0,0.99,0
NaN:NaN:NaN,3.8,0,0,0.99,0
NaN:NaN:NaN,3.3,0,0,0.99,0
NaN:NaN:NaN,2.9,0,0,0.99,0
NaN:NaN:NaN,2.5,0,0,0.99,0
NaN:NaN:NaN,2.2,0,0,0.99,0
NaN:NaN:NaN,1.9,0,0,0.99,0
NaN:NaN:NaN,1.7,0,0,0.99,0
NaN:NaN:NaN,1.4,0,0,0.99,0
NaN:NaN:NaN,1.2,0,0,0.99,0
NaN:NaN:NaN,1,0,0,0.99,0
NaN:NaN:NaN,0.8,0,0,0.99,0
NaN:NaN:NaN,0.6,0,0,1,0
NaN:NaN:NaN,0.5,0,0,0.99,0
NaN:NaN:NaN,0.3,0,0,0.99,0
NaN:NaN:NaN,0.2,0,0,0.99,0
NaN:NaN:NaN,0.1,0,0,0.99,0
NaN:NaN:NaN,-0.1,0,0,0.99,0
NaN:NaN:NaN,-0.2,0,0,0.99,0
NaN:NaN:NaN,-0.3,0,0,0.99,0
NaN:NaN:NaN,-0.4,0,0,0.99,0
NaN:NaN:NaN,-0.5,0,0,0.99,0
NaN:NaN:NaN,-0.6,0,0,0.99,0
NaN:NaN:NaN,-0.6,0,0,0.99,0
NaN:NaN:NaN,-0.6,0,0,0.99,0
NaN:NaN:NaN,-0.7,0,0,0.99,0
NaN:NaN:NaN,-0.7,0,0,0.99,0
NaN:NaN:NaN,-0.6,0,0,0.99,0
NaN:NaN:NaN,-0.6,0,0,0.99,0
NaN:NaN:NaN,-0.6,0,0,0.99,0
NaN:NaN:NaN,-0.6,0,0,0.99,0
NaN:NaN:NaN,-0.6,0,0,0.99,0
NaN:NaN:NaN,-0.5,0,0,0.99,0
NaN:NaN:NaN,-0.5,0,0,0.99,0
NaN:NaN:NaN,-0.5,0,0,0.99,0
NaN:NaN:NaN,-0.5,0,0,0.99,0
NaN:NaN:NaN,-0.5,0,0,0.99,0
NaN:NaN:NaN,-0.5,0,0,0.99,0
NaN:NaN:NaN,-0.5,0,0,0.99,0
NaN:NaN:NaN,-0.5,0,0,0.99,0
NaN:NaN:NaN,-0.5,0,0,0.99,0
NaN:NaN:NaN,-0.5,0,0,0.99,0
NaN:NaN:NaN,-0.5,0,0,0.99,0
NaN:NaN:NaN,-0.4,0,0,1,0
NaN:NaN:NaN,-0.2,0,0,1,0
NaN:NaN:NaN,-0.2,0,0,0.99,0
NaN:NaN:NaN,-0.4,0,0,0.99,0
NaN:NaN:NaN,-0.5,0,0,0.99,0
NaN:NaN:NaN,-0.5,0,0,0.99,0
NaN:NaN:NaN,-0.5,0,0,0.99,0
NaN:NaN:NaN,-0.5,0,0,0.99,0
NaN:NaN:NaN,-0.6,0,0,0.99,0
NaN:NaN:NaN,-0.6,0,0,0.99,0
NaN:NaN:NaN,-0.6,0,0,0.99,0
NaN:NaN:NaN,-0.6,0,0,0.99,0
NaN:NaN:NaN,-0.6,0,0,0.99,0
NaN:NaN:NaN,-0.6,0,0,0.99,0
NaN:NaN:NaN,-0.3,0,0,0.99,0
NaN:NaN:NaN,-0.1,0,0,0.99,0
NaN:NaN:NaN,-0.2,0,0,0.99,0
NaN:NaN:NaN,-0.5,0,0,0.99,0
NaN:NaN:NaN,-0.5,0,0,0.99,0
NaN:NaN:NaN,-0.5,0,0,1,0
NaN:NaN:NaN,-0.5,0,0,0.99,0
NaN:NaN:NaN,-0.5,0,0,0.99,0
NaN:NaN:NaN,-0.5,0,0,0.99,0
NaN:NaN:NaN,-0.5,0,0,0.99,0
NaN:NaN:NaN,-0.5,0,0,0.99,0
NaN:NaN:NaN,-0.5,0,0,0.99,0
NaN:NaN:NaN,33.4,0,0,0.99,0.8
NaN:NaN:NaN,108,0,0,0.99,0
NaN:NaN:NaN,107.3,0,0,0.99,0
NaN:NaN:NaN,105.8,0,0,0.99,0
NaN:NaN:NaN,104.8,0,0,0.99,0
NaN:NaN:NaN,104.2,0,0,0.99,0
NaN:NaN:NaN,103.5,0,0,0.99,0
NaN:NaN:NaN,103,0,0,0.99,0
NaN:NaN:NaN,102.6,0,0,0.99,0
NaN:NaN:NaN,102.3,0,0,0.99,0
NaN:NaN:NaN,102.2,0,0,0.99,0
NaN:NaN:NaN,102,0,0,0.99,0
NaN:NaN:NaN,101.8,0,0,0.99,0
NaN:NaN:NaN,101.6,0,0,0.99,0
NaN:NaN:NaN,101.4,0,0,0.99,0
NaN:NaN:NaN,101.3,0,0,0.99,0
NaN:NaN:NaN,101.1,0,0,0.99,0
NaN:NaN:NaN,101.1,0,0,0.99,0
NaN:NaN:NaN,101.5,0,0,0.99,0
NaN:NaN:NaN,101.5,0,0,0.99,0
NaN:NaN:NaN,101.4,0,0,0.99,0
NaN:NaN:NaN,101.3,0,0,0.99,0
NaN:NaN:NaN,101.2,0,0,0.99,0
NaN:NaN:NaN,101.1,0,0,0.99,0
NaN:NaN:NaN,101,0,0,0.99,0
NaN:NaN:NaN,100.9,0,0,1,0
NaN:NaN:NaN,100.8,0,0,1,0
NaN:NaN:NaN,100.6,0,0,0.99,0
NaN:NaN:NaN,100.5,0,0,0.99,0
NaN:NaN:NaN,100.3,0,0,0.99,0
NaN:NaN:NaN,100,0,0,0.99,0
NaN:NaN:NaN,99.6,0,0,0.99,0
NaN:NaN:NaN,99.2,0,0,0.99,0
NaN:NaN:NaN,99.1,0,0,0.99,0
NaN:NaN:NaN,99,0,0,0.99,0
NaN:NaN:NaN,98.9,0,0,0.99,0
NaN:NaN:NaN,98.8,0,0,0.99,0
NaN:NaN:NaN,98.8,0,0,0.99,0
NaN:NaN:NaN,98.6,0,0,0.99,0
NaN:NaN:NaN,98.6,0,0,0.99,0
NaN:NaN:NaN,98.5,0,0,0.99,0
NaN:NaN:NaN,98.4,0,0,0.99,0
NaN:NaN:NaN,98.4,0,0,0.99,0
NaN:NaN:NaN,98.3,0,0,0.99,0
NaN:NaN:NaN,98.2,0,0,0.99,0
NaN:NaN:NaN,99.6,0,0,0.99,0
NaN:NaN:NaN,100.1,0,0,0.99,0
NaN:NaN:NaN,100,0,0,0.99,0
NaN:NaN:NaN,100,0,0,0.99,0
NaN:NaN:NaN,99.9,0,0,0.99,0
NaN:NaN:NaN,99.8,0,0,0.99,0
NaN:NaN:NaN,104.8,0,0,0.99,0
NaN:NaN:NaN,177.7,0,0,0.99,0
NaN:NaN:NaN,207.7,0,0,0.99,0
NaN:NaN:NaN,207.9,0,0,0.99,0
NaN:NaN:NaN,207.4,0,0,0.99,0
NaN:NaN:NaN,206.9,0,0,0.99,0
NaN:NaN:NaN,206.5,0,0,0.99,0
NaN:NaN:NaN,206.2,0,0,0.99,0
NaN:NaN:NaN,206,0,0,0.99,0
NaN:NaN:NaN,205.6,0,0,0.99,0
NaN:NaN:NaN,205.5,0,0,0.99,0
NaN:NaN:NaN,205.2,0,0,0.99,0
NaN:NaN:NaN,205,0,0,0.99,0
NaN:NaN:NaN,204.8,0,0,0.99,0
NaN:NaN:NaN,204.6,0,0,0.99,0
NaN:NaN:NaN,204.3,0,0,0.99,0
NaN:NaN:NaN,204.2,0,0,0.99,0
NaN:NaN:NaN,204,0,0,0.99,0
NaN:NaN:NaN,203.9,0,0,0.99,0
NaN:NaN:NaN,203.7,0,0,0.99,0
NaN:NaN:NaN,203.5,0,0,0.99,0
NaN:NaN:NaN,203.4,0,0,0.99,0
NaN:NaN:NaN,203.3,0,0,0.99,0
NaN:NaN:NaN,203.1,0,0,0.99,0
NaN:NaN:NaN,203,0,0,1,0
NaN:NaN:NaN,202.8,0,0,1,0
NaN:NaN:NaN,202.7,0,0,0.99,0
NaN:NaN:NaN,202.6,0,0,0.99,0
NaN:NaN:NaN,202.5,0,0,0.99,0
NaN:NaN:NaN,202.3,0,0,0.99,0
NaN:NaN:NaN,202.1,0,0,0.99,0
NaN:NaN:NaN,202,0,0,0.99,0
NaN:NaN:NaN,201.8,0,0,0.99,0
NaN:NaN:NaN,201.7,0,0,0.99,0
NaN:NaN:NaN,201.6,0,0,0.99,0
NaN:NaN:NaN,201.5,0,0,0.99,0
NaN:NaN:NaN,201.4,0,0,0.99,0
NaN:NaN:NaN,201.3,0,0,0.99,0
NaN:NaN:NaN,201.2,0,0,0.99,0
NaN:NaN:NaN,201.1,0,0,0.99,0
NaN:NaN:NaN,201,0,0,0.99,0
NaN:NaN:NaN,200.8,0,0,0.99,0
NaN:NaN:NaN,200.8,0,0,0.99,0
NaN:NaN:NaN,200.6,0,0,1,0
NaN:NaN:NaN,200.5,0,0,1,0
NaN:NaN:NaN,200.4,0,0,0.99,0
NaN:NaN:NaN,200.3,0,0,0.99,0
NaN:NaN:NaN,200.1,0,0,0.99,0
NaN:NaN:NaN,200,0,0,0.99,0
NaN:NaN:NaN,200,0,0,0.99,0
NaN:NaN:NaN,199.8,0,0,1,0
NaN:NaN:NaN,199.7,0,0,1,0
NaN:NaN:NaN,199.6,0,0,0.99,0
NaN:NaN:NaN,199.5,0,0,0.99,0
NaN:NaN:NaN,199.4,0,0,0.99,0
NaN:NaN:NaN,199.3,0,0,0.99,0
NaN:NaN:NaN,199.2,0,0,0.99,0
NaN:NaN:NaN,199.1,0,0,0.99,0
NaN:NaN:NaN,199,0,0,0.99,0
NaN:NaN:NaN,198.9,0,0,1,0
NaN:NaN:NaN,198.8,0,0,0.99,0
NaN:NaN:NaN,198.7,0,0,0.99,0
NaN:NaN:NaN,198.6,0,0,0.99,0
NaN:NaN:NaN,198.6,0,0,0.99,0
NaN:NaN:NaN,198.4,0,0,0.99,0
NaN:NaN:NaN,198.3,0,0,0.99,0
NaN:NaN:NaN,198.3,0,0,0.99,0
NaN:NaN:NaN,198.2,0,0,0.99,0
NaN:NaN:NaN,198.1,0,0,0.99,0
NaN:NaN:NaN,197.9,0,0,0.99,0
NaN:NaN:NaN,197.8,0,0,0.99,0
NaN:NaN:NaN,197.7,0,0,0.99,0
NaN:NaN:NaN,197.6,0,0,0.99,0
NaN:NaN:NaN,197.6,0,0,0.99,0
NaN:NaN:NaN,197.5,0,0,0.99,0
NaN:NaN:NaN,197.4,0,0,0.99,0
NaN:NaN:NaN,197.4,0,0,0.99,0
NaN:NaN:NaN,197.3,0,0,0.99,0
NaN:NaN:NaN,197.2,0,0,0.99,0
NaN:NaN:NaN,197.1,0,0,0.99,0
NaN:NaN:NaN,197,0,0,1,0
NaN:NaN:NaN,196.9,0,0,1,0
NaN:NaN:NaN,196.8,0,0,0.99,0
NaN:NaN:NaN,196.8,0,0,0.99,0
NaN:NaN:NaN,196.7,0,0,0.99,0
NaN:NaN:NaN,196.6,0,0,1,0
NaN:NaN:NaN,196.5,0,0,0.99,0
NaN:NaN:NaN,196.5,0,0,0.99,0
NaN:NaN:NaN,196.4,0,0,0.99,0
NaN:NaN:NaN,196.3,0,0,0.99,0
NaN:NaN:NaN,196.2,0,0,0.99,0
NaN:NaN:NaN,196.1,0,0,0.99,0
NaN:NaN:NaN,196.1,0,0,0.99,0
NaN:NaN:NaN,196,0,0,0.99,0
NaN:NaN:NaN,195.9,0,0,0.99,0
NaN:NaN:NaN,195.8,0,0,0.99,0
NaN:NaN:NaN,195.7,0,0,0.99,0
NaN:NaN:NaN,195.7,0,0,0.99,0
NaN:NaN:NaN,195.6,0,0,1,0
NaN:NaN:NaN,195.6,0,0,1,0
NaN:NaN:NaN,195.5,0,0,0.99,0
NaN:NaN:NaN,195.4,0,0,0.99,0
NaN:NaN:NaN,195.3,0,0,0.99,0
NaN:NaN:NaN,195.3,0,0,0.99,0
NaN:NaN:NaN,195.1,0,0,0.99,0
NaN:NaN:NaN,195.1,0,0,0.99,0
NaN:NaN:NaN,195,0,0,0.99,0
NaN:NaN:NaN,194.9,0,0,0.99,0
NaN:NaN:NaN,194.8,0,0,0.99,0
NaN:NaN:NaN,194.8,0,0,0.99,0
NaN:NaN:NaN,194.7,0,0,0.99,0
NaN:NaN:NaN,194.6,0,0,0.99,0
NaN:NaN:NaN,194.5,0,0,0.99,0
NaN:NaN:NaN,194.5,0,0,0.99,0
NaN:NaN:NaN,194.4,0,0,0.99,0
NaN:NaN:NaN,194.3,0,0,0.99,0
NaN:NaN:NaN,194.3,0,0,0.99,0
NaN:NaN:NaN,194.2,0,0,0.99,0
NaN:NaN:NaN,194.1,0,0,0.99,0
NaN:NaN:NaN,194.1,0,0,0.99,0
NaN:NaN:NaN,194,0,0,0.99,0
NaN:NaN:NaN,194,0,0,0.99,0
NaN:NaN:NaN,193.9,0,0,0.99,0
NaN:NaN:NaN,193.8,0,0,0.99,0
NaN:NaN:NaN,193.8,0,0,0.99,0
NaN:NaN:NaN,193.7,0,0,0.99,0
NaN:NaN:NaN,193.6,0,0,0.99,0
NaN:NaN:NaN,193.5,0,0,0.99,0
NaN:NaN:NaN,193.5,0,0,0.99,0
NaN:NaN:NaN,193.4,0,0,0.99,0
NaN:NaN:NaN,193.2,0,0,0.99,0
NaN:NaN:NaN,188.8,0,0,0.99,0
NaN:NaN:NaN,51.8,0,0,1,0
NaN:NaN:NaN,-7.4,0,0,1,0
NaN:NaN:NaN,-7.6,0,0,0.99,0
NaN:NaN:NaN,-7.6,0,0,0.99,0
NaN:NaN:NaN,-7.6,0,0,0.99,0
NaN:NaN:NaN,-7.5,0,0,0.99,0
NaN:NaN:NaN,-7.5,0,0,0.99,0
NaN:NaN:NaN,-7.5,0,0,0.99,0
NaN:NaN:NaN,-7.5,0,0,0.99,0
NaN:NaN:NaN,-7.5,0,0,0.99,0
NaN:NaN:NaN,-7.5,0,0,0.99,0
NaN:NaN:NaN,-7.5,0,0,0.99,0
NaN:NaN:NaN,-7.5,0,0,0.99,0
NaN:NaN:NaN,-7.5,0,0,0.99,0
NaN:NaN:NaN,-7.5,0,0,0.99,0
NaN:NaN:NaN,-7.5,0,0,0.99,0
NaN:NaN:NaN,-7.5,0,0,0.99,0
NaN:NaN:NaN,-7.2,0,0,0.99,0
NaN:NaN:NaN,-5.5,0,0,0.99,0
NaN:NaN:NaN,-4.5,0,0,0.99,0
NaN:NaN:NaN,-3.5,0,0,0.99,0
NaN:NaN:NaN,-3.6,0,0,0.99,0
NaN:NaN:NaN,-3.6,0,0,0.99,0
NaN:NaN:NaN,-3.4,0,0,0.99,0
NaN:NaN:NaN,-3.3,0,0,1,0
NaN:NaN:NaN,-3.3,0,0,1,0
NaN:NaN:NaN,-3.3,0,0,1,0
NaN:NaN:NaN,-3.3,0,0,0.99,0
NaN:NaN:NaN,-3.3,0,0,0.99,0
NaN:NaN:NaN,-3.3,0,0,0.99,0
NaN:NaN:NaN,-3.3,0,0,0.99,0
NaN:NaN:NaN,-3.3,0,0,0.99,0
NaN:NaN:NaN,-3.2,0,0,0.99,0
NaN:NaN:NaN,-3.2,0,0,0.99,0
NaN:NaN:NaN,-3.2,0,0,0.99,0
NaN:NaN:NaN,-3.2,0,0,0.99,0
NaN:NaN:NaN,-3.2,0,0,0.99,0
NaN:NaN:NaN,-3.2,0,0,0.99,0
NaN:NaN:NaN,-3.2,0,0,0.99,0
NaN:NaN:NaN,-3.2,0,0,0.99,0
NaN:NaN:NaN,-3.2,0,0,0.99,0
NaN:NaN:NaN,-3.2,0,0,0.99,0
NaN:NaN:NaN,-3.2,0,0,0.99,0
NaN:NaN:NaN,-3.2,0,0,0.99,0
NaN:NaN:NaN,-3.2,0,0,1,0
NaN:NaN:NaN,-3.2,0,0,0.99,0
NaN:NaN:NaN,-3.2,0,0,0.99,0
NaN:NaN:NaN,-3.2,0,0,0.99,0
NaN:NaN:NaN,-3.2,0,0,0.99,0
NaN:NaN:NaN,-3.2,0,0,1,0
NaN:NaN:NaN,-3.2,0,0,0.99,0
NaN:NaN:NaN,-3.2,0,0,0.99,0
NaN:NaN:NaN,-3.2,0,0,0.99,0
NaN:NaN:NaN,-3.2,0,0,0.99,0
NaN:NaN:NaN,-3.2,0,0,0.99,0
NaN:NaN:NaN,-3.2,0,0,0.99,0
NaN:NaN:NaN,-3.2,0,0,0.99,0
NaN:NaN:NaN,-3.2,0,0,0.99,0
NaN:NaN:NaN,-3.2,0,0,0.99,0
NaN:NaN:NaN,-3.2,0,0,0.99,0
NaN:NaN:NaN,-3.2,0,0,0.99,0
NaN:NaN:NaN,-3.2,0,0,0.99,0
NaN:NaN:NaN,-3.2,0,0,1,0
NaN:NaN:NaN,-3.2,0,0,0.99,0
NaN:NaN:NaN,-2.7,0,0,0.99,0.3
NaN:NaN:NaN,-1.8,0,0,0.99,3.8
NaN:NaN:NaN,-1.1,0,0,0.99,3.8
NaN:NaN:NaN,-0.1,0,0,0.99,3.8
NaN:NaN:NaN,1,0,0,0.99,3.8
NaN:NaN:NaN,2,0,0,0.99,3.8
NaN:NaN:NaN,2.5,0,0,0.99,3.7
NaN:NaN:NaN,2.9,0,0,0.99,3.7
NaN:NaN:NaN,3.6,0,0,0.99,3.5
NaN:NaN:NaN,4.2,0,0,0.99,3.7
NaN:NaN:NaN,4.8,0,0,0.99,3.7
NaN:NaN:NaN,5.3,0,0,0.99,3.5
NaN:NaN:NaN,5.7,0,0,0.99,3.5
NaN:NaN:NaN,5.7,0,0,0.99,3.7
NaN:NaN:NaN,5.9,0,0,0.99,3.5
NaN:NaN:NaN,6.2,0,0,0.99,3.7
NaN:NaN:NaN,6.3,0,0,0.99,3.5
NaN:NaN:NaN,6.5,0,0,0.99,3.7
NaN:NaN:NaN,6.7,0,0,0.99,3.5
NaN:NaN:NaN,6.7,0,0,1,3.7
NaN:NaN:NaN,6.8,0,0,0.99,3.5
NaN:NaN:NaN,6.8,0,0,0.99,3.5
NaN:NaN:NaN,6.8,0,0,0.99,3.7
NaN:NaN:NaN,6.9,0,0,0.99,3.5
NaN:NaN:NaN,6.8,0,0,0.99,3.7
NaN:NaN:NaN,6.8,0,0,0.99,3.5
NaN:NaN:NaN,6.9,0,0,0.99,3.7
NaN:NaN:NaN,7,0,0,0.99,3.5
NaN:NaN:NaN,7.1,0,0,0.99,3.7
NaN:NaN:NaN,7.2,0,0,1,3.5
NaN:NaN:NaN,7.3,0,0,1,3.7
NaN:NaN:NaN,7.4,0,0,1,3.5
NaN:NaN:NaN,7.5,0,0,0.99,3.5
NaN:NaN:NaN,7.4,0,0,0.99,3.7
NaN:NaN:NaN,7.5,0,0,0.99,3.5
NaN:NaN:NaN,7.6,0,0,0.99,3.7
NaN:NaN:NaN,7.7,0,0,0.99,3.5
NaN:NaN:NaN,7.8,0,0,0.99,3.5
NaN:NaN:NaN,7.8,0,0,0.99,3.5
NaN:NaN:NaN,7.9,0,0,0.99,3.7
NaN:NaN:NaN,7.9,0,0,0.99,3.5
NaN:NaN:NaN,7.9,0,0,0.99,3.5
NaN:NaN:NaN,7.9,0,0,0.99,3.7
NaN:NaN:NaN,8,0,0,0.99,3.5
NaN:NaN:NaN,8,0,0,0.99,3.5
NaN:NaN:NaN,8,0,0,0.99,3.5
NaN:NaN:NaN,8.1,0,0,0.99,3.7
NaN:NaN:NaN,8,0,0,0.99,3.5
NaN:NaN:NaN,7.9,0,0,0.99,3.5
NaN:NaN:NaN,7.8,0,0,0.99,3.7
NaN:NaN:NaN,7.7,0,0,0.99,3.5
NaN:NaN:NaN,7.8,0,0,0.99,3.5
NaN:NaN:NaN,7.6,0,0,0.99,3.7
NaN:NaN:NaN,7.5,0,0,0.99,3.5
NaN:NaN:NaN,7.6,0,0,0.99,3.5
NaN:NaN:NaN,7.5,0,0,0.99,3.7
NaN:NaN:NaN,7.5,0,0,0.99,3.5
NaN:NaN:NaN,7.3,0,0,0.99,3.7
NaN:NaN:NaN,7.4,0,0,0.99,3.5
NaN:NaN:NaN,7.3,0,0,0.99,3.7
NaN:NaN:NaN,7.3,0,0,0.99,3.7
NaN:NaN:NaN,7.2,0,0,0.99,3.8
NaN:NaN:NaN,7.3,0,0,0.99,3.9
NaN:NaN:NaN,7.3,0,0,0.99,4.1
NaN:NaN:NaN,7.3,0,0,1,4.2
NaN:NaN:NaN,7.4,0,0,1,4.2
NaN:NaN:NaN,7.4,0,0,0.99,4.2
NaN:NaN:NaN,7.6,0,0,0.99,4.4
NaN:NaN:NaN,7.4,0,0,0.99,4.2
NaN:NaN:NaN,7.4,0,0,0.99,4.4
NaN:NaN:NaN,7.4,0,0,0.99,4.4
NaN:NaN:NaN,7.5,0,0,0.99,4.5
NaN:NaN:NaN,7.5,0,0,0.99,4.5
NaN:NaN:NaN,7.3,0,0,0.99,4.5
NaN:NaN:NaN,7.4,0,0,0.99,4.7
NaN:NaN:NaN,7.6,0,0,0.99,4.7
NaN:NaN:NaN,7.6,0,0,0.99,4.8
NaN:NaN:NaN,7.4,0,0,0.99,4.8
NaN:NaN:NaN,7.6,0,0,0.99,4.8
NaN:NaN:NaN,7.6,0,0,0.99,4.8
NaN:NaN:NaN,7.2,0,0,0.99,4.8
NaN:NaN:NaN,7.7,0,0,0.99,4.9
NaN:NaN:NaN,7.2,0,0,0.99,4.9
NaN:NaN:NaN,7.5,0,0,0.99,4.9
NaN:NaN:NaN,7.5,0,0,0.99,4.9
NaN:NaN:NaN,7.3,0,0,0.99,4.9
NaN:NaN:NaN,7.6,0,0,0.99,5.1
NaN:NaN:NaN,7.6,0,0,0.99,5.1
NaN:NaN:NaN,7.5,0,0,0.99,4.9
NaN:NaN:NaN,7.7,0,0,0.99,5.1
NaN:NaN:NaN,7.2,0,0,0.99,4.9
NaN:NaN:NaN,7.5,0,0,0.99,4.9
NaN:NaN:NaN,7.6,0,0,0.99,4.9
NaN:NaN:NaN,7.2,0,0,0.99,4.9
NaN:NaN:NaN,7.5,0,0,0.99,5.1
NaN:NaN:NaN,7.1,0,0,0.99,4.9
NaN:NaN:NaN,7.1,0,0,0.99,4.9
NaN:NaN:NaN,7.3,0,0,0.99,4.9
NaN:NaN:NaN,7,0,0,0.99,5.1
NaN:NaN:NaN,7.2,0,0,0.99,4.9
NaN:NaN:NaN,7.3,0,0,0.99,4.9
NaN:NaN:NaN,7,0,0,0.99,4.9
NaN:NaN:NaN,7.3,0,0,0.99,5.1
NaN:NaN:NaN,7.3,0,0,0.99,4.9
NaN:NaN:NaN,7,0,0,0.99,4.9
NaN:NaN:NaN,7.2,0,0,0.99,4.9
NaN:NaN:NaN,7,0,0,0.99,5.1
NaN:NaN:NaN,7.1,0,0,0.99,4.9
NaN:NaN:NaN,7.1,0,0,0.99,4.9
NaN:NaN:NaN,6.8,0,0,0.99,4.9
NaN:NaN:NaN,6.9,0,0,0.99,4.9
NaN:NaN:NaN,7.1,0,0,0.99,5.1
NaN:NaN:NaN,6.7,0,0,0.99,4.9
NaN:NaN:NaN,7.1,0,0,0.99,4.9
NaN:NaN:NaN,7.1,0,0,0.99,5.1
NaN:NaN:NaN,6.7,0,0,0.99,4.9
NaN:NaN:NaN,7.1,0,0,0.99,4.9
NaN:NaN:NaN,7,0,0,0.99,4.9
NaN:NaN:NaN,6.7,0,0,0.99,5.1
NaN:NaN:NaN,7,0,0,0.99,4.9
NaN:NaN:NaN,6.7,0,0,0.99,4.9
NaN:NaN:NaN,7,0,0,0.99,4.9
NaN:NaN:NaN,7,0,0,0.99,5.1
NaN:NaN:NaN,6.6,0,0,0.99,4.9
NaN:NaN:NaN,7,0,0,0.99,4.9
NaN:NaN:NaN,6.8,0,0,0.99,4.9
NaN:NaN:NaN,6.6,0,0,0.99,5.1
NaN:NaN:NaN,6.9,0,0,0.99,4.9
NaN:NaN:NaN,6.7,0,0,0.99,4.9
NaN:NaN:NaN,6.5,0,0,1,5.1
NaN:NaN:NaN,6.8,0,0,1,4.9
NaN:NaN:NaN,6.6,0,0,0.99,4.9
NaN:NaN:NaN,6.5,0,0,0.99,4.9
NaN:NaN:NaN,6.8,0,0,0.99,5.1
NaN:NaN:NaN,6.8,0,0,0.99,4.9
NaN:NaN:NaN,6.9,0,0,0.99,5.2
NaN:NaN:NaN,6.9,0,0,0.99,5.2
NaN:NaN:NaN,7.1,0,0,0.99,5.2
NaN:NaN:NaN,7.2,0,0,0.99,5.2
NaN:NaN:NaN,7.1,0,0,0.99,5.4
NaN:NaN:NaN,7.3,0,0,1,5.2
NaN:NaN:NaN,7.3,0,0,1,5.4
NaN:NaN:NaN,7.2,0,0,0.99,5.2
NaN:NaN:NaN,7.2,0,0,0.99,5.4
NaN:NaN:NaN,7.3,0,0,0.99,5.4
NaN:NaN:NaN,7.5,0,0,0.99,5.5
NaN:NaN:NaN,7.6,0,0,0.99,5.5
NaN:NaN:NaN,7.8,0,0,0.99,5.5
NaN:NaN:NaN,7.9,0,0,0.99,5.5
NaN:NaN:NaN,8,0,0,0.99,5.6
NaN:NaN:NaN,7.9,0,0,0.99,5.6
NaN:NaN:NaN,8,0,0,0.99,5.8
NaN:NaN:NaN,8.2,0,0,0.99,5.8
NaN:NaN:NaN,8.2,0,0,0.99,5.8
NaN:NaN:NaN,8.5,0,0,0.99,5.8
NaN:NaN:NaN,8.5,0,0,0.99,5.9
NaN:NaN:NaN,8.4,0,0,1,5.9
NaN:NaN:NaN,8.5,0,0,1,5.9
NaN:NaN:NaN,8.4,0,0,0.99,6.1
NaN:NaN:NaN,8.6,0,0,0.99,6.1
NaN:NaN:NaN,9,0,0,0.99,6.1
NaN:NaN:NaN,9.2,0,0,0.99,6.2
NaN:NaN:NaN,8.9,0,0,1,6.2
NaN:NaN:NaN,8.9,0,0,1,6.3
NaN:NaN:NaN,8.9,0,0,0.99,6.3
NaN:NaN:NaN,9.3,0,0,0.99,6.5
NaN:NaN:NaN,9.2,0,0,0.99,6.5
NaN:NaN:NaN,9.7,0,0,0.99,6.6
NaN:NaN:NaN,9.3,0,0,0.99,6.8
NaN:NaN:NaN,9.7,0,0,0.99,6.8
NaN:NaN:NaN,9.7,0,0,0.99,6.8
NaN:NaN:NaN,9.8,0,0,0.99,6.8
NaN:NaN:NaN,10.1,0,0,0.99,6.9
NaN:NaN:NaN,10.1,0,0,0.99,6.9
NaN:NaN:NaN,10.1,0,0,0.99,7.1
NaN:NaN:NaN,10.2,0,0,0.99,6.9
NaN:NaN:NaN,10,0,0,0.99,6.9
NaN:NaN:NaN,9.9,0,0,0.99,7.1
NaN:NaN:NaN,9.8,0,0,0.99,6.8
NaN:NaN:NaN,9.7,0,0,0.99,6.9
NaN:NaN:NaN,9.8,0,0,0.99,6.9
NaN:NaN:NaN,9.8,0,0,0.99,6.9
NaN:NaN:NaN,10,0,0,0.99,6.9
NaN:NaN:NaN,9.7,0,0,0.99,6.9
NaN:NaN:NaN,9.6,0,0,0.99,6.9
NaN:NaN:NaN,10,0,0,0.99,6.9
NaN:NaN:NaN,9.9,0,0,0.99,6.9
NaN:NaN:NaN,9.7,0,0,0.99,6.9
NaN:NaN:NaN,9.7,0,0,0.99,6.8
NaN:NaN:NaN,9.7,0,0,0.99,6.9
NaN:NaN:NaN,9.8,0,0,0.99,6.9
NaN:NaN:NaN,9.6,0,0,0.99,6.9
NaN:NaN:NaN,9.7,0,0,0.99,6.9
NaN:NaN:NaN,9.4,0,0,0.99,6.9
NaN:NaN:NaN,9.9,0,0,0.99,6.9
NaN:NaN:NaN,9.7,0,0,0.99,6.9
NaN:NaN:NaN,9.5,0,0,0.99,6.9
NaN:NaN:NaN,9.3,0,0,0.99,6.9
NaN:NaN:NaN,9.8,0,0,0.99,6.9
NaN:NaN:NaN,9.6,0,0,0.99,6.9
NaN:NaN:NaN,9.4,0,0,0.99,6.9
NaN:NaN:NaN,9.5,0,0,0.99,6.8
NaN:NaN:NaN,9.4,0,0,0.99,6.9
NaN:NaN:NaN,9.7,0,0,0.99,6.9
NaN:NaN:NaN,9.4,0,0,1,6.9
NaN:NaN:NaN,9.2,0,0,0.99,6.9
NaN:NaN:NaN,9.5,0,0,0.99,6.9
NaN:NaN:NaN,9.4,0,0,0.99,6.9
NaN:NaN:NaN,9.3,0,0,0.99,6.9
NaN:NaN:NaN,9.2,0,0,0.99,6.9
NaN:NaN:NaN,9.5,0,0,0.99,6.9
NaN:NaN:NaN,9.3,0,0,0.99,6.9
NaN:NaN:NaN,9.8,0,0,0.99,6.8
NaN:NaN:NaN,11.2,0,0,0.99,8.4
NaN:NaN:NaN,11.2,0,0,0.99,9.1
NaN:NaN:NaN,11.4,0,0,0.99,8.9
NaN:NaN:NaN,11.3,0,0,0.99,8.8
NaN:NaN:NaN,11.1,0,0,0.99,8.6
NaN:NaN:NaN,11.1,0,0,0.99,8.5
NaN:NaN:NaN,11.1,0,0,0.99,8.5
NaN:NaN:NaN,11.1,0,0,1,8.5
NaN:NaN:NaN,11.2,0,0,1,8.5
NaN:NaN:NaN,10.9,0,0,0.99,8.6
NaN:NaN:NaN,10.8,0,0,0.99,8.5
NaN:NaN:NaN,11.1,0,0,0.99,8.5
NaN:NaN:NaN,10.8,0,0,0.99,8.6
NaN:NaN:NaN,10.4,0,0,0.99,8.5
NaN:NaN:NaN,10.4,0,0,0.99,8.5
NaN:NaN:NaN,10.7,0,0,0.99,8.6
NaN:NaN:NaN,10.6,0,0,0.99,8.5
NaN:NaN:NaN,10.7,0,0,0.99,8.5
NaN:NaN:NaN,10.9,0,0,0.99,8.6
NaN:NaN:NaN,10.5,0,0,0.99,8.5
NaN:NaN:NaN,10.1,0,0,0.99,8.5
NaN:NaN:NaN,10.9,0,0,0.99,8.6
NaN:NaN:NaN,10.9,0,0,0.99,8.6
NaN:NaN:NaN,10.8,0,0,0.99,8.5
NaN:NaN:NaN,10.7,0,0,0.99,8.6
NaN:NaN:NaN,11.1,0,0,0.99,8.5
NaN:NaN:NaN,11.1,0,0,0.99,8.5
NaN:NaN:NaN,10.9,0,0,0.99,8.6
NaN:NaN:NaN,10.9,0,0,0.99,8.5
NaN:NaN:NaN,11.1,0,0,1,8.5
NaN:NaN:NaN,10.5,0,0,0.99,8.6
NaN:NaN:NaN,10.7,0,0,0.99,8.5
NaN:NaN:NaN,10.5,0,0,0.99,8.5
NaN:NaN:NaN,10.7,0,0,0.99,8.6
NaN:NaN:NaN,10.6,0,0,0.99,8.5
NaN:NaN:NaN,10.7,0,0,0.99,8.5
NaN:NaN:NaN,10.9,0,0,0.99,8.6
NaN:NaN:NaN,10.7,0,0,0.99,8.5
NaN:NaN:NaN,10.6,0,0,0.99,8.5
NaN:NaN:NaN,10.9,0,0,0.99,8.6
NaN:NaN:NaN,11.1,0,0,0.99,8.5
NaN:NaN:NaN,10.8,0,0,0.99,8.5
NaN:NaN:NaN,10.7,0,0,1,8.6
NaN:NaN:NaN,10.5,0,0,1,8.5
NaN:NaN:NaN,10.6,0,0,1,8.5
NaN:NaN:NaN,10.4,0,0,0.99,8.8
NaN:NaN:NaN,10.7,0,0,0.99,8.5
NaN:NaN:NaN,10.9,0,0,0.99,8.5
NaN:NaN:NaN,10.7,0,0,0.99,8.6
NaN:NaN:NaN,10.8,0,0,0.99,8.5
NaN:NaN:NaN,10.8,0,0,0.99,8.5
NaN:NaN:NaN,10.7,0,0,0.99,8.6
NaN:NaN:NaN,10.9,0,0,1,8.5
NaN:NaN:NaN,10.5,0,0,0.99,8.6
NaN:NaN:NaN,10.4,0,0,0.99,8.5
NaN:NaN:NaN,10.3,0,0,0.99,8.5
NaN:NaN:NaN,10.4,0,0,0.99,8.6
NaN:NaN:NaN,10.1,0,0,0.99,8.5
NaN:NaN:NaN,10.1,0,0,0.99,8.6
NaN:NaN:NaN,10.4,0,0,0.99,8.5
NaN:NaN:NaN,10.5,0,0,0.99,8.5
NaN:NaN:NaN,10.9,0,0,0.99,9.1
NaN:NaN:NaN,11.6,0,0,0.99,9.2
NaN:NaN:NaN,11.7,0,0,0.99,9
NaN:NaN:NaN,11.4,0,0,0.99,9.2
NaN:NaN:NaN,11.2,0,0,0.99,9.1
NaN:NaN:NaN,11.6,0,0,0.99,9.2
NaN:NaN:NaN,11.7,0,0,0.99,9.2
NaN:NaN:NaN,11.6,0,0,0.99,9.2
NaN:NaN:NaN,11.2,0,0,0.99,9.3
NaN:NaN:NaN,11.5,0,0,0.99,9.1
NaN:NaN:NaN,11.5,0,0,0.99,9.4
NaN:NaN:NaN,11.7,0,0,0.99,9.3
NaN:NaN:NaN,12,0,0,0.99,9.3
NaN:NaN:NaN,12,0,0,0.99,9.3
NaN:NaN:NaN,11.9,0,0,0.99,9.3
NaN:NaN:NaN,11.9,0,0,0.99,9.4
NaN:NaN:NaN,12,0,0,0.99,9.3
NaN:NaN:NaN,11.4,0,0,0.99,9.3
NaN:NaN:NaN,11.9,0,0,0.99,9.2
NaN:NaN:NaN,11.7,0,0,0.99,9.3
NaN:NaN:NaN,11.8,0,0,0.99,9.3
NaN:NaN:NaN,11.4,0,0,0.99,9.2
NaN:NaN:NaN,11.6,0,0,1,9.3
NaN:NaN:NaN,11.2,0,0,0.99,9.3
NaN:NaN:NaN,11,0,0,0.99,9.3
NaN:NaN:NaN,11.2,0,0,0.99,9.2
NaN:NaN:NaN,11.2,0,0,0.99,9.2
NaN:NaN:NaN,11.4,0,0,0.99,9.3
NaN:NaN:NaN,11.4,0,0,0.99,9.2
NaN:NaN:NaN,11.3,0,0,1,9.3
NaN:NaN:NaN,11.5,0,0,0.99,9.2
NaN:NaN:NaN,11.5,0,0,0.99,9.3
NaN:NaN:NaN,11.6,0,0,0.99,9.3
NaN:NaN:NaN,11.2,0,0,0.99,9.2
NaN:NaN:NaN,11.2,0,0,1,9.3
NaN:NaN:NaN,10.9,0,0,1,9.2
NaN:NaN:NaN,11.4,0,0,0.99,9.4
NaN:NaN:NaN,11.6,0,0,0.99,9.7
NaN:NaN:NaN,11.6,0,0,0.99,9.6
NaN:NaN:NaN,11.8,0,0,0.99,9.7
NaN:NaN:NaN,12.4,0,0,0.99,9.8
NaN:NaN:NaN,12.1,0,0,0.99,9.9
NaN:NaN:NaN,12.5,0,0,0.99,10
NaN:NaN:NaN,12.8,0,0,0.99,10.1
NaN:NaN:NaN,12.6,0,0,0.99,10.1
NaN:NaN:NaN,13,0,0,0.99,10.1
NaN:NaN:NaN,12.5,0,0,0.99,10.2
NaN:NaN:NaN,12.2,0,0,0.99,10.1
NaN:NaN:NaN,13.1,0,0,0.99,10.2
NaN:NaN:NaN,12.7,0,0,0.99,10.2
NaN:NaN:NaN,12.9,0,0,0.99,10.5
NaN:NaN:NaN,13,0,0,0.99,10.6
NaN:NaN:NaN,13.3,0,0,0.99,10.6
NaN:NaN:NaN,13.6,0,0,0.99,10.4
NaN:NaN:NaN,12.9,0,0,0.99,10.7
NaN:NaN:NaN,13.1,0,0,0.99,10.7
NaN:NaN:NaN,13.4,0,0,0.99,10.7
NaN:NaN:NaN,13.9,0,0,0.99,10.8
NaN:NaN:NaN,13.4,0,0,0.99,10.5
NaN:NaN:NaN,13.7,0,0,0.99,10.8
NaN:NaN:NaN,13.7,0,0,0.99,10.8
NaN:NaN:NaN,13.8,0,0,0.99,10.9
NaN:NaN:NaN,14.3,0,0,0.99,10.9
NaN:NaN:NaN,14,0,0,0.99,10.9
NaN:NaN:NaN,13.7,0,0,0.99,11
NaN:NaN:NaN,14.2,0,0,0.99,11.1
NaN:NaN:NaN,14.6,0,0,1,11.2
NaN:NaN:NaN,14.4,0,0,1,11.2
NaN:NaN:NaN,14.3,0,0,0.99,11.4
NaN:NaN:NaN,14.9,0,0,0.99,11.4
NaN:NaN:NaN,14.6,0,0,0.99,11.2
NaN:NaN:NaN,14.5,0,0,0.99,11.4
NaN:NaN:NaN,14.4,0,0,0.99,11.4
NaN:NaN:NaN,14.7,0,0,1,11.5
NaN:NaN:NaN,14.9,0,0,1,11.2
NaN:NaN:NaN,15,0,0,1,11.5
NaN:NaN:NaN,14.4,0,0,0.99,11.7
NaN:NaN:NaN,15.2,0,0,0.99,11.6
NaN:NaN:NaN,15.5,0,0,0.99,11.8
NaN:NaN:NaN,15.4,0,0,0.99,11.8
NaN:NaN:NaN,15.5,0,0,0.99,11.9
NaN:NaN:NaN,15.5,0,0,0.99,12
NaN:NaN:NaN,16.1,0,0,0.99,12.2
NaN:NaN:NaN,15.7,0,0,0.99,11.9
NaN:NaN:NaN,15.6,0,0,0.99,12.2
NaN:NaN:NaN,15.9,0,0,0.99,12.2
NaN:NaN:NaN,16.1,0,0,0.99,12.2
NaN:NaN:NaN,15.8,0,0,0.99,12.2
NaN:NaN:NaN,15.8,0,0,0.99,12.2
NaN:NaN:NaN,16.1,0,0,0.99,12.2
NaN:NaN:NaN,15.7,0,0,1,12.2
NaN:NaN:NaN,15.8,0,0,1,12.2
NaN:NaN:NaN,15.6,0,0,1,12.2
NaN:NaN:NaN,16,0,0,0.99,12.2
NaN:NaN:NaN,15.9,0,0,0.99,12.2
NaN:NaN:NaN,16.2,0,0,0.99,12.2
NaN:NaN:NaN,15.6,0,0,0.99,12.2
NaN:NaN:NaN,15.8,0,0,0.99,12.2
NaN:NaN:NaN,15.9,0,0,0.99,12.2
NaN:NaN:NaN,16.1,0,0,0.99,12.2
NaN:NaN:NaN,16.1,0,0,0.99,12.2
NaN:NaN:NaN,16.2,0,0,0.99,12.2
NaN:NaN:NaN,16,0,0,0.99,12.2
NaN:NaN:NaN,16.2,0,0,0.99,12.3
NaN:NaN:NaN,15.9,0,0,0.99,12.2
NaN:NaN:NaN,16.2,0,0,0.99,12.2
NaN:NaN:NaN,16,0,0,0.99,12.1
NaN:NaN:NaN,15.9,0,0,1,12.2
NaN:NaN:NaN,16.2,0,0,0.99,12.2
NaN:NaN:NaN,16,0,0,0.99,12.3
NaN:NaN:NaN,15.9,0,0,0.99,12.2
NaN:NaN:NaN,15.6,0,0,0.99,12.2
NaN:NaN:NaN,15.8,0,0,0.99,12.2
NaN:NaN:NaN,15.8,0,0,0.99,12.2
NaN:NaN:NaN,16,0,0,0.99,12.2
NaN:NaN:NaN,15.6,0,0,0.99,12.3
NaN:NaN:NaN,15.6,0,0,0.99,12.2
NaN:NaN:NaN,15.9,0,0,0.99,12.1
NaN:NaN:NaN,15.9,0,0,0.99,12.2
NaN:NaN:NaN,15.6,0,0,0.99,12.2
NaN:NaN:NaN,15.6,0,0,0.99,12.3
NaN:NaN:NaN,15.8,0,0,0.99,12.2
NaN:NaN:NaN,15.9,0,0,0.99,12.2
NaN:NaN:NaN,15.7,0,0,1,12.2
NaN:NaN:NaN,15.5,0,0,0.99,12.2
NaN:NaN:NaN,15.6,0,0,0.99,12.2
NaN:NaN:NaN,15.5,0,0,0.99,12.3
NaN:NaN:NaN,15.7,0,0,0.99,12.2
NaN:NaN:NaN,15.6,0,0,0.99,12.2
NaN:NaN:NaN,15.7,0,0,1,12.2
NaN:NaN:NaN,15.8,0,0,0.99,12.2
NaN:NaN:NaN,15.6,0,0,0.99,12.3
NaN:NaN:NaN,16.1,0,0,0.99,12.4
NaN:NaN:NaN,16.6,0,0,0.99,12.4
NaN:NaN:NaN,16.8,0,0,0.99,12.6
NaN:NaN:NaN,16.8,0,0,1,12.7
NaN:NaN:NaN,16.5,0,0,1,12.7
NaN:NaN:NaN,16.7,0,0,1,12.7
NaN:NaN:NaN,16.6,0,0,1,12.7
NaN:NaN:NaN,16.5,0,0,1,12.8
NaN:NaN:NaN,16.8,0,0,0.99,12.9
NaN:NaN:NaN,16.6,0,0,0.99,12.8
NaN:NaN:NaN,16.6,0,0,0.99,12.9
NaN:NaN:NaN,16.6,0,0,0.99,12.9
NaN:NaN:NaN,16.7,0,0,0.99,13.1
NaN:NaN:NaN,17,0,0,0.99,13.1
NaN:NaN:NaN,17.4,0,0,0.99,12.9
NaN:NaN:NaN,17.2,0,0,1,13.1
NaN:NaN:NaN,16.9,0,0,0.99,12.9
NaN:NaN:NaN,16.6,0,0,0.99,13.2
NaN:NaN:NaN,16.7,0,0,0.99,12.9
NaN:NaN:NaN,17,0,0,0.99,13.2
NaN:NaN:NaN,16.8,0,0,0.99,12.9
NaN:NaN:NaN,16.5,0,0,0.99,13.2
NaN:NaN:NaN,16.6,0,0,0.99,12.9
NaN:NaN:NaN,16.8,0,0,0.99,13.2
NaN:NaN:NaN,16.8,0,0,0.99,12.9
NaN:NaN:NaN,17.1,0,0,1,13.2
NaN:NaN:NaN,17.1,0,0,0.99,12.9
NaN:NaN:NaN,16.7,0,0,0.99,13.1
NaN:NaN:NaN,16.7,0,0,0.99,13
NaN:NaN:NaN,16.9,0,0,0.99,13.1
NaN:NaN:NaN,17.2,0,0,0.99,13.2
NaN:NaN:NaN,17.1,0,0,0.99,12.9
NaN:NaN:NaN,16.4,0,0,0.99,13.2
NaN:NaN:NaN,16.5,0,0,1,12.9
NaN:NaN:NaN,16.6,0,0,0.99,13.2
NaN:NaN:NaN,16.9,0,0,0.99,12.9
NaN:NaN:NaN,16.7,0,0,0.99,13.2
NaN:NaN:NaN,16.2,0,0,0.99,12.9
NaN:NaN:NaN,16.2,0,0,0.99,13.2
NaN:NaN:NaN,16.1,0,0,0.99,12.9
NaN:NaN:NaN,16.6,0,0,0.99,13.1
NaN:NaN:NaN,16.4,0,0,0.99,13.2
NaN:NaN:NaN,16.4,0,0,0.99,12.9
NaN:NaN:NaN,16.3,0,0,0.99,13.2
NaN:NaN:NaN,16.4,0,0,0.99,12.9
NaN:NaN:NaN,17.1,0,0,0.99,13.2
NaN:NaN:NaN,17,0,0,0.99,13
NaN:NaN:NaN,17.1,0,0,0.99,13.1
NaN:NaN:NaN,16.5,0,0,0.99,13
NaN:NaN:NaN,16.5,0,0,0.99,13.1
NaN:NaN:NaN,16.8,0,0,0.99,13
NaN:NaN:NaN,16.9,0,0,0.99,13.1
NaN:NaN:NaN,17,0,0,0.99,13.2
NaN:NaN:NaN,16.5,0,0,0.99,12.9
NaN:NaN:NaN,16.2,0,0,0.99,13.2
NaN:NaN:NaN,16.3,0,0,0.99,12.9
NaN:NaN:NaN,16.9,0,0,0.99,13.2
NaN:NaN:NaN,16.5,0,0,0.99,12.9
NaN:NaN:NaN,16.5,0,0,0.99,13.2
NaN:NaN:NaN,16.6,0,0,0.99,12.9
NaN:NaN:NaN,16.6,0,0,0.99,13.2
NaN:NaN:NaN,16.7,0,0,0.99,12.9
NaN:NaN:NaN,16.7,0,0,0.99,13.2
NaN:NaN:NaN,16.7,0,0,0.99,12.9
NaN:NaN:NaN,16.5,0,0,0.99,13.2
NaN:NaN:NaN,15.8,0,0,0.99,13.1
NaN:NaN:NaN,15.9,0,0,0.99,13
NaN:NaN:NaN,16.1,0,0,1,13.1
NaN:NaN:NaN,16.3,0,0,1,13
NaN:NaN:NaN,16.7,0,0,1,13.2
NaN:NaN:NaN,16.8,0,0,1,13.1
NaN:NaN:NaN,16.8,0,0,0.99,13.3
NaN:NaN:NaN,16.5,0,0,0.99,13.2
NaN:NaN:NaN,16.9,0,0,0.99,13.4
NaN:NaN:NaN,17,0,0,0.99,13.4
NaN:NaN:NaN,16.9,0,0,0.99,13.4
NaN:NaN:NaN,17.2,0,0,0.99,13.6
NaN:NaN:NaN,17.9,0,0,0.99,13.5
NaN:NaN:NaN,17.2,0,0,0.99,13.5
NaN:NaN:NaN,16.9,0,0,0.99,13.6
NaN:NaN:NaN,17.7,0,0,0.99,13.8
NaN:NaN:NaN,17.3,0,0,0.99,13.5
NaN:NaN:NaN,16.8,0,0,0.99,13.8
NaN:NaN:NaN,16.6,0,0,0.99,13.6
NaN:NaN:NaN,17,0,0,1,13.9
NaN:NaN:NaN,17.3,0,0,1,13.9
NaN:NaN:NaN,17.5,0,0,0.99,13.9
NaN:NaN:NaN,17.2,0,0,0.99,14
NaN:NaN:NaN,17.3,0,0,1,14
NaN:NaN:NaN,18,0,0,1,14
NaN:NaN:NaN,18.4,0,0,0.99,14
NaN:NaN:NaN,18.6,0,0,0.99,13.9
NaN:NaN:NaN,18.9,0,0,0.99,14
NaN:NaN:NaN,17.7,0,0,0.99,14
NaN:NaN:NaN,17,0,0,0.99,14
NaN:NaN:NaN,17.5,0,0,0.99,13.9
NaN:NaN:NaN,17.2,0,0,0.99,14.1
NaN:NaN:NaN,17.8,0,0,1,13.9
NaN:NaN:NaN,18.1,0,0,1,14.1
NaN:NaN:NaN,18.1,0,0,1,13.9
NaN:NaN:NaN,18.7,0,0,1,13.9
NaN:NaN:NaN,18.7,0,0,0.99,14.1
NaN:NaN:NaN,17.6,0,0,0.99,13.9
NaN:NaN:NaN,16.8,0,0,0.99,14
NaN:NaN:NaN,17.1,0,0,0.99,14
NaN:NaN:NaN,17.3,0,0,0.99,14
NaN:NaN:NaN,17.8,0,0,0.99,14
NaN:NaN:NaN,18.3,0,0,0.99,13.9
NaN:NaN:NaN,18.3,0,0,0.99,14
NaN:NaN:NaN,18.5,0,0,0.99,14
NaN:NaN:NaN,18.1,0,0,0.99,14
NaN:NaN:NaN,17.5,0,0,1,14
NaN:NaN:NaN,17.3,0,0,0.99,14
NaN:NaN:NaN,17.1,0,0,0.99,14
NaN:NaN:NaN,17.1,0,0,0.99,13.9
NaN:NaN:NaN,17.9,0,0,0.99,14
NaN:NaN:NaN,18.5,0,0,0.99,14
NaN:NaN:NaN,18.4,0,0,0.99,14
NaN:NaN:NaN,17.9,0,0,0.99,14
NaN:NaN:NaN,17,0,0,0.99,14
NaN:NaN:NaN,16.9,0,0,0.99,14
NaN:NaN:NaN,17,0,0,0.99,13.9
NaN:NaN:NaN,17.8,0,0,0.99,14.1
NaN:NaN:NaN,18.6,0,0,0.99,13.9
NaN:NaN:NaN,18.5,0,0,0.99,14.1
NaN:NaN:NaN,17.5,0,0,0.99,13.9
NaN:NaN:NaN,17.2,0,0,0.99,14
NaN:NaN:NaN,17,0,0,1,14
NaN:NaN:NaN,17.1,0,0,0.99,14
NaN:NaN:NaN,18,0,0,0.99,14
NaN:NaN:NaN,18.4,0,0,0.99,14
NaN:NaN:NaN,18.1,0,0,0.99,13.9
NaN:NaN:NaN,17.8,0,0,0.99,14.1
NaN:NaN:NaN,16.7,0,0,0.99,13.9
NaN:NaN:NaN,16.9,0,0,0.99,14.1
NaN:NaN:NaN,18.4,0,0,0.99,14
NaN:NaN:NaN,18,0,0,0.99,14.4
NaN:NaN:NaN,17.9,0,0,0.99,14.2
NaN:NaN:NaN,18.3,0,0,0.99,14.4
NaN:NaN:NaN,17.7,0,0,0.99,14.3
NaN:NaN:NaN,18.1,0,0,0.99,14.4
NaN:NaN:NaN,18.3,0,0,0.99,14.3
NaN:NaN:NaN,18.8,0,0,0.99,14.5
NaN:NaN:NaN,18.9,0,0,0.99,14.6
NaN:NaN:NaN,18.8,0,0,0.99,14.5
NaN:NaN:NaN,18.5,0,0,0.99,14.6
NaN:NaN:NaN,18.5,0,0,0.99,14.5
NaN:NaN:NaN,19.1,0,0,0.99,14.6
NaN:NaN:NaN,19,0,0,0.99,14.7
NaN:NaN:NaN,18.4,0,0,0.99,14.7
NaN:NaN:NaN,18.8,0,0,0.99,14.6
NaN:NaN:NaN,18.7,0,0,0.99,14.7
NaN:NaN:NaN,18.8,0,0,0.99,14.8
NaN:NaN:NaN,18.8,0,0,0.99,14.6
NaN:NaN:NaN,18.9,0,0,0.99,14.8
NaN:NaN:NaN,19,0,0,0.99,14.8
NaN:NaN:NaN,19.4,0,0,0.99,15
NaN:NaN:NaN,19.1,0,0,0.99,14.7
NaN:NaN:NaN,19.6,0,0,0.99,14.8
NaN:NaN:NaN,19.1,0,0,1,15
NaN:NaN:NaN,19.2,0,0,1,15
NaN:NaN:NaN,20.2,0,0,0.99,15
NaN:NaN:NaN,19.7,0,0,0.99,15.2
NaN:NaN:NaN,19.3,0,0,0.99,15
NaN:NaN:NaN,19.9,0,0,0.99,15.1
NaN:NaN:NaN,19.6,0,0,0.99,15
NaN:NaN:NaN,19.1,0,0,0.99,15.1
NaN:NaN:NaN,19.1,0,0,0.99,15
NaN:NaN:NaN,20,0,0,0.99,15
NaN:NaN:NaN,19.4,0,0,0.99,15.1
NaN:NaN:NaN,18.8,0,0,0.99,15
NaN:NaN:NaN,19.3,0,0,0.99,15.2
NaN:NaN:NaN,19.8,0,0,0.99,15
NaN:NaN:NaN,18.7,0,0,0.99,15.1
NaN:NaN:NaN,19.4,0,0,1,15
NaN:NaN:NaN,19.3,0,0,0.99,15.1
NaN:NaN:NaN,19.3,0,0,0.99,15
NaN:NaN:NaN,19,0,0,0.99,15.1
NaN:NaN:NaN,19.4,0,0,0.99,15
NaN:NaN:NaN,19.7,0,0,0.99,15.1
NaN:NaN:NaN,19.7,0,0,0.99,15
NaN:NaN:NaN,19.3,0,0,0.99,15.2
NaN:NaN:NaN,19.9,0,0,0.99,15
NaN:NaN:NaN,19.5,0,0,0.99,15.1
NaN:NaN:NaN,18.9,0,0,0.99,15
NaN:NaN:NaN,19.2,0,0,0.99,15.1
NaN:NaN:NaN,20.1,0,0,0.99,15
NaN:NaN:NaN,19.6,0,0,0.99,15.1
NaN:NaN:NaN,18.9,0,0,0.99,15
NaN:NaN:NaN,19.6,0,0,0.99,15.1
NaN:NaN:NaN,19.8,0,0,0.99,15.1
NaN:NaN:NaN,19.4,0,0,0.99,15.1
NaN:NaN:NaN,19.4,0,0,0.99,15
NaN:NaN:NaN,19.8,0,0,0.99,15.1
NaN:NaN:NaN,19.2,0,0,0.99,15
NaN:NaN:NaN,18.8,0,0,0.99,15.1
NaN:NaN:NaN,19.6,0,0,0.99,15
NaN:NaN:NaN,20.3,0,0,0.99,15.1
NaN:NaN:NaN,19.3,0,0,0.99,15
NaN:NaN:NaN,18.9,0,0,0.99,15.2
NaN:NaN:NaN,19.4,0,0,0.99,15
NaN:NaN:NaN,20,0,0,0.99,15.1
NaN:NaN:NaN,19.5,0,0,0.99,15
NaN:NaN:NaN,18.7,0,0,0.99,15.1
NaN:NaN:NaN,19.4,0,0,0.99,15
NaN:NaN:NaN,19.6,0,0,0.99,15.1
NaN:NaN:NaN,18.9,0,0,0.99,15.1
NaN:NaN:NaN,19,0,0,0.99,15.1
NaN:NaN:NaN,19.7,0,0,0.99,15
NaN:NaN:NaN,19,0,0,0.99,15.1
NaN:NaN:NaN,18.8,0,0,0.99,15
NaN:NaN:NaN,19.7,0,0,0.99,15.1
NaN:NaN:NaN,19.8,0,0,0.99,15.1
NaN:NaN:NaN,19.2,0,0,0.99,15
NaN:NaN:NaN,18.6,0,0,0.99,15.1
NaN:NaN:NaN,19.6,0,0,0.99,15.1
NaN:NaN:NaN,19.9,0,0,0.99,15.1
NaN:NaN:NaN,19.3,0,0,1,15
NaN:NaN:NaN,18.9,0,0,1,15.1
NaN:NaN:NaN,19.8,0,0,1,15
NaN:NaN:NaN,19.7,0,0,0.99,15.1
NaN:NaN:NaN,18.7,0,0,0.99,15
NaN:NaN:NaN,19.6,0,0,0.99,15.1
NaN:NaN:NaN,19.5,0,0,0.99,15.1
NaN:NaN:NaN,19.1,0,0,0.99,15.1
NaN:NaN:NaN,18.9,0,0,0.99,15
NaN:NaN:NaN,19.7,0,0,0.99,15.1
NaN:NaN:NaN,20,0,0,0.99,15.1
NaN:NaN:NaN,18.8,0,0,0.99,15
NaN:NaN:NaN,19.3,0,0,0.99,15.1
NaN:NaN:NaN,19.5,0,0,0.99,15
NaN:NaN:NaN,19.6,0,0,0.99,15.2
NaN:NaN:NaN,19.2,0,0,0.99,15
NaN:NaN:NaN,19.1,0,0,0.99,15.1
NaN:NaN:NaN,19.7,0,0,0.99,15
NaN:NaN:NaN,19.7,0,0,0.99,15.1
NaN:NaN:NaN,18.9,0,0,0.99,15.1
NaN:NaN:NaN,19.3,0,0,0.99,15
NaN:NaN:NaN,19.8,0,0,0.99,15.1
NaN:NaN:NaN,18.6,0,0,0.99,15
NaN:NaN:NaN,18.8,0,0,0.99,15.2
NaN:NaN:NaN,19.2,0,0,0.99,15
NaN:NaN:NaN,19.5,0,0,0.99,15.1
NaN:NaN:NaN,18.8,0,0,0.99,15
NaN:NaN:NaN,18.8,0,0,1,15.1
NaN:NaN:NaN,20.1,0,0,0.99,15
NaN:NaN:NaN,19.7,0,0,0.99,15.1
NaN:NaN:NaN,19.1,0,0,0.99,15.1
NaN:NaN:NaN,19.4,0,0,0.99,15.1
NaN:NaN:NaN,19.8,0,0,0.99,15.1
NaN:NaN:NaN,19.3,0,0,0.99,15
NaN:NaN:NaN,19,0,0,0.99,15.1
NaN:NaN:NaN,19.1,0,0,0.99,15.1
NaN:NaN:NaN,19.5,0,0,0.99,15
NaN:NaN:NaN,18.7,0,0,0.99,15.1
NaN:NaN:NaN,18.6,0,0,0.99,15
NaN:NaN:NaN,19.6,0,0,0.99,15.1
NaN:NaN:NaN,19.2,0,0,0.99,15.2
NaN:NaN:NaN,18.9,0,0,0.99,15
NaN:NaN:NaN,18.7,0,0,0.99,14.9
NaN:NaN:NaN,22.5,0,0,0.99,15.8
NaN:NaN:NaN,23.3,0,0,0.99,17.9
NaN:NaN:NaN,24.3,0,0,0.99,18.5
NaN:NaN:NaN,24.5,0,0,0.99,17.9
NaN:NaN:NaN,23.2,0,0,0.99,17.6
NaN:NaN:NaN,22.4,0,0,0.99,17.2
NaN:NaN:NaN,21.6,0,0,0.99,16.6
NaN:NaN:NaN,22,0,0,0.99,16.2
NaN:NaN:NaN,22.2,0,0,0.99,16.2
NaN:NaN:NaN,22,0,0,0.99,16.1
NaN:NaN:NaN,21.6,0,0,0.99,16.1
NaN:NaN:NaN,22,0,0,0.99,16.1
NaN:NaN:NaN,20.7,0,0,0.99,16.1
NaN:NaN:NaN,20.8,0,0,1,16.2
NaN:NaN:NaN,20.6,0,0,1,16.1
NaN:NaN:NaN,20.6,0,0,0.99,16.1
NaN:NaN:NaN,20.6,0,0,0.99,16
NaN:NaN:NaN,21.7,0,0,0.99,16.5
NaN:NaN:NaN,21.3,0,0,0.99,16.4
NaN:NaN:NaN,19.2,0,0,0.99,15.5
NaN:NaN:NaN,18.9,0,0,0.99,15.1
NaN:NaN:NaN,19,0,0,0.99,15.5
NaN:NaN:NaN,18.5,0,0,0.99,15.2
NaN:NaN:NaN,18.2,0,0,0.99,15.5
NaN:NaN:NaN,18.9,0,0,0.99,15.5
NaN:NaN:NaN,18.4,0,0,0.99,15.5
NaN:NaN:NaN,18.1,0,0,0.99,15.6
NaN:NaN:NaN,18.7,0,0,0.99,15.7
NaN:NaN:NaN,19.3,0,0,0.99,15.7
NaN:NaN:NaN,20,0,0,0.99,16.1
NaN:NaN:NaN,21.3,0,0,0.99,16
NaN:NaN:NaN,21.7,0,0,0.99,16.4
NaN:NaN:NaN,22.9,0,0,0.99,17.3
NaN:NaN:NaN,23.6,0,0,0.99,17.5
NaN:NaN:NaN,23.7,0,0,0.99,17.6
NaN:NaN:NaN,22.3,0,0,0.99,17.3
NaN:NaN:NaN,21.6,0,0,0.99,16.9
NaN:NaN:NaN,22,0,0,0.99,17.1
NaN:NaN:NaN,24,0,0,0.99,17.1
NaN:NaN:NaN,23.8,0,0,0.99,17
NaN:NaN:NaN,23.8,0,0,0.99,17
NaN:NaN:NaN,23.7,0,0,0.99,17.1
NaN:NaN:NaN,23,0,0,0.99,17
NaN:NaN:NaN,22.2,0,0,0.99,17.1
NaN:NaN:NaN,21.8,0,0,0.99,17.1
NaN:NaN:NaN,23.5,0,0,0.99,17.1
NaN:NaN:NaN,24.3,0,0,0.99,17.1
NaN:NaN:NaN,23.9,0,0,0.99,17
NaN:NaN:NaN,22.9,0,0,0.99,17.1
NaN:NaN:NaN,22.2,0,0,0.99,17.1
NaN:NaN:NaN,22.6,0,0,0.99,17
NaN:NaN:NaN,23.4,0,0,1,17.3
NaN:NaN:NaN,23.6,0,0,0.99,17.1
NaN:NaN:NaN,23.2,0,0,0.99,17.1
NaN:NaN:NaN,23,0,0,1,17
NaN:NaN:NaN,22.6,0,0,0.99,17.1
NaN:NaN:NaN,23,0,0,0.99,17.3
NaN:NaN:NaN,23,0,0,0.99,17.1
NaN:NaN:NaN,22.9,0,0,0.99,17.1
NaN:NaN:NaN,22.1,0,0,0.99,17.1
NaN:NaN:NaN,22.5,0,0,0.99,17.1
NaN:NaN:NaN,23.9,0,0,0.99,17.1
NaN:NaN:NaN,23,0,0,0.99,17.3
NaN:NaN:NaN,22.9,0,0,0.99,17.1
NaN:NaN:NaN,22,0,0,0.99,17.1
NaN:NaN:NaN,22.3,0,0,0.99,17.3
NaN:NaN:NaN,24.1,0,0,1,17.1
NaN:NaN:NaN,22.6,0,0,1,17.1
NaN:NaN:NaN,21.9,0,0,1,17.1
NaN:NaN:NaN,23.4,0,0,0.99,17.3
NaN:NaN:NaN,23.5,0,0,0.99,17.1
NaN:NaN:NaN,23.1,0,0,0.99,17.3
NaN:NaN:NaN,22.2,0,0,0.99,17.1
NaN:NaN:NaN,22.9,0,0,1,17.3
NaN:NaN:NaN,23,0,0,0.99,17.3
NaN:NaN:NaN,22.5,0,0,0.99,17.3
NaN:NaN:NaN,21.7,0,0,0.99,17.3
NaN:NaN:NaN,22.3,0,0,0.99,17.1
NaN:NaN:NaN,23.3,0,0,0.99,17.3
NaN:NaN:NaN,22.3,0,0,0.99,17.1
NaN:NaN:NaN,22.8,0,0,0.99,17.3
NaN:NaN:NaN,23.6,0,0,0.99,17.3
NaN:NaN:NaN,22.6,0,0,0.99,17.1
NaN:NaN:NaN,22.8,0,0,0.99,17.3
NaN:NaN:NaN,23.1,0,0,0.99,17.1
NaN:NaN:NaN,23.7,0,0,0.99,17.3
NaN:NaN:NaN,22.3,0,-1,1,17.3
NaN:NaN:NaN,21.7,0,-1,1,17.1
NaN:NaN:NaN,23.5,0,-1,0.99,17.3
NaN:NaN:NaN,23,0,-1,0.99,17.3
NaN:NaN:NaN,21.6,0,-1,0.99,17.3
NaN:NaN:NaN,22.6,0,-1,0.99,17.3
NaN:NaN:NaN,22.5,0,-1,1,17.3
NaN:NaN:NaN,21.5,0,-1,1,17.5
NaN:NaN:NaN,22.3,0,-1,1,17.5
NaN:NaN:NaN,22.8,0,-1,1,17.4
NaN:NaN:NaN,22.4,0,-1,0.99,17.5
NaN:NaN:NaN,22,0,-1,0.99,17.3
NaN:NaN:NaN,21.7,0,-1,0.99,17.5
NaN:NaN:NaN,22.8,0,-1,0.99,17.5
NaN:NaN:NaN,23,0,-1,0.99,17.3
NaN:NaN:NaN,22.2,0,-1,0.99,17.5
NaN:NaN:NaN,22.5,0,-1,0.99,17.3
NaN:NaN:NaN,21.9,0,-1,0.99,17.5
NaN:NaN:NaN,22.9,0,-1,0.99,17.4
NaN:NaN:NaN,21.7,0,-1,0.99,17.4
NaN:NaN:NaN,21.1,0,-1,1,17.5
NaN:NaN:NaN,21.7,0,-1,0.99,17.3
NaN:NaN:NaN,22.3,0,-1,0.99,17.5
NaN:NaN:NaN,21.8,0,-1,0.99,17.5
NaN:NaN:NaN,21.2,0,-1,0.99,17.4
NaN:NaN:NaN,21.8,0,-1,1,17.4
NaN:NaN:NaN,21.4,0,-1,0.99,17.5
NaN:NaN:NaN,21.3,0,-1,1,17.5
NaN:NaN:NaN,22.3,0,-1,1,17.4
NaN:NaN:NaN,21.5,0,-1,1,17.4
NaN:NaN:NaN,22.1,0,-1,0.99,17.5
NaN:NaN:NaN,21.3,0,-1,0.99,17.5
NaN:NaN:NaN,23.3,0,-1,0.99,17.3
NaN:NaN:NaN,22.7,0,-1,0.99,17.5
NaN:NaN:NaN,22.3,0,-1,0.99,17.4
NaN:NaN:NaN,22.6,0,-1,0.99,17.4
NaN:NaN:NaN,23.5,0,-1,0.99,17.5
NaN:NaN:NaN,23,0,-1,0.99,17.4
NaN:NaN:NaN,21.5,0,-1,0.99,17.4
NaN:NaN:NaN,22.3,0,-1,0.99,17.5
NaN:NaN:NaN,22.1,0,-1,0.99,17.4
NaN:NaN:NaN,22.1,0,-1,0.99,17.5
NaN:NaN:NaN,21.4,0,-1,0.99,17.3
NaN:NaN:NaN,23,0,-1,0.99,17.4
NaN:NaN:NaN,22.3,0,-1,0.99,17.3
NaN:NaN:NaN,22.8,0,-1,0.99,17.4
NaN:NaN:NaN,22.9,0,-1,0.99,17.4
NaN:NaN:NaN,22.3,0,-1,0.99,17.3
NaN:NaN:NaN,22.5,0,-1,0.99,17.3
NaN:NaN:NaN,22.4,0,-1,0.99,17.3
NaN:NaN:NaN,22,0,-1,0.99,17.4
NaN:NaN:NaN,22.6,0,-1,0.99,17.3
NaN:NaN:NaN,22.5,0,-1,0.99,17.3
NaN:NaN:NaN,22.5,0,-1,0.99,17.4
NaN:NaN:NaN,22.9,0,-1,1,17.3
NaN:NaN:NaN,22.8,0,-1,0.99,17.3
NaN:NaN:NaN,21.7,0,-1,0.99,17.3
NaN:NaN:NaN,22.6,0,-1,0.99,17.3
NaN:NaN:NaN,22.9,0,-1,0.99,17.3
NaN:NaN:NaN,22.8,0,-1,0.99,17.3
NaN:NaN:NaN,22.8,0,-1,0.99,17.1
NaN:NaN:NaN,23.4,0,-1,0.99,17.4
NaN:NaN:NaN,23.6,0,-1,0.99,17.4
NaN:NaN:NaN,22.7,0,-1,0.99,17.5
NaN:NaN:NaN,23.2,0,-1,0.99,17.4
NaN:NaN:NaN,22.7,0,-1,0.99,17.6
NaN:NaN:NaN,22.8,0,-1,0.99,17.8
NaN:NaN:NaN,24.1,0,-1,1,17.6
NaN:NaN:NaN,24.2,0,-1,1,17.9
NaN:NaN:NaN,23,0,-1,0.99,17.6
NaN:NaN:NaN,23.5,0,-1,0.99,17.8
NaN:NaN:NaN,23.7,0,-1,0.99,17.9
NaN:NaN:NaN,24.5,0,-1,0.99,17.8
NaN:NaN:NaN,24.2,0,-1,0.99,17.9
NaN:NaN:NaN,22.8,0,-1,0.99,17.9
NaN:NaN:NaN,24.1,0,-1,0.99,17.8
NaN:NaN:NaN,24.2,0,-1,0.99,17.8
NaN:NaN:NaN,24.9,0,-1,0.99,17.9
NaN:NaN:NaN,23.5,0,-1,0.99,17.9
NaN:NaN:NaN,23.6,0,-1,0.99,17.9
NaN:NaN:NaN,25,0,-1,0.99,17.8
NaN:NaN:NaN,24.7,0,-1,0.99,17.9
NaN:NaN:NaN,24,0,-1,0.99,17.9
NaN:NaN:NaN,23.2,0,-1,0.99,17.9
NaN:NaN:NaN,23.2,0,-1,0.99,18.2
NaN:NaN:NaN,24.5,0,-1,0.99,17.8
NaN:NaN:NaN,25.2,0,-1,0.99,18.2
NaN:NaN:NaN,24.9,0,-1,0.99,17.9
NaN:NaN:NaN,23.5,0,-1,0.99,18.1
NaN:NaN:NaN,24.4,0,-1,0.99,18
NaN:NaN:NaN,24.3,0,-1,0.99,18.1
NaN:NaN:NaN,24,0,-1,0.99,18.1
NaN:NaN:NaN,24.7,0,-1,0.99,18.2
NaN:NaN:NaN,24.5,0,-1,0.99,18.2
NaN:NaN:NaN,24,0,-1,0.99,18
NaN:NaN:NaN,24.2,0,-1,0.99,18.2
NaN:NaN:NaN,24.7,0,-1,0.99,18.2
NaN:NaN:NaN,25.3,0,-1,0.99,18.1
NaN:NaN:NaN,24.5,0,-1,0.99,18.3
NaN:NaN:NaN,24.3,0,-1,0.99,18.1
NaN:NaN:NaN,24.9,0,-1,0.99,18.2
NaN:NaN:NaN,25.1,0,-1,0.99,18
NaN:NaN:NaN,24.8,0,-1,0.99,18.2
NaN:NaN:NaN,24.8,0,-1,0.99,18.2
NaN:NaN:NaN,24.5,0,-1,0.99,18.2
NaN:NaN:NaN,24.9,0,-1,0.99,18.2
NaN:NaN:NaN,24.7,0,-1,0.99,18.2
NaN:NaN:NaN,24.7,0,-1,0.99,18.1
NaN:NaN:NaN,24.6,0,-1,1,18.2
NaN:NaN:NaN,24.9,0,-1,1,18.2
NaN:NaN:NaN,24.6,0,-1,1,18.2
NaN:NaN:NaN,23.9,0,-1,0.99,18.2
NaN:NaN:NaN,25.1,0,-1,0.99,18
NaN:NaN:NaN,24.6,0,-1,0.99,18.1
NaN:NaN:NaN,23.5,0,-1,0.99,17.9
NaN:NaN:NaN,23.8,0,-1,0.99,17.9
NaN:NaN:NaN,24.8,0,-1,0.99,18
NaN:NaN:NaN,25.1,0,-1,0.99,17.9
NaN:NaN:NaN,24.7,0,-1,0.99,17.9
NaN:NaN:NaN,24,0,-1,0.99,18.1
NaN:NaN:NaN,23.9,0,-1,0.99,17.9
NaN:NaN:NaN,24.2,0,-1,0.99,17.9
NaN:NaN:NaN,24.5,0,-1,0.99,18
NaN:NaN:NaN,25.2,0,-1,0.99,18.1
NaN:NaN:NaN,24.2,0,-1,0.99,17.9
NaN:NaN:NaN,24.6,0,-1,0.99,17.9
NaN:NaN:NaN,23.5,0,-1,0.99,18
NaN:NaN:NaN,23.7,0,-1,0.99,18.1
NaN:NaN:NaN,23.5,0,-1,0.99,17.9
NaN:NaN:NaN,25,0,-1,0.99,17.9
NaN:NaN:NaN,24.5,0,-1,0.99,17.9
NaN:NaN:NaN,23.8,0,-1,0.99,18.2
NaN:NaN:NaN,24,0,-1,0.99,17.9
NaN:NaN:NaN,24,0,-1,0.99,18
NaN:NaN:NaN,24.3,0,-1,1,17.9
NaN:NaN:NaN,24.2,0,-1,0.99,18.1
NaN:NaN:NaN,24.2,0,-2,0.99,17.9
NaN:NaN:NaN,24.3,0,-2,0.99,18
NaN:NaN:NaN,24.4,0,-2,0.99,17.9
NaN:NaN:NaN,23.8,0,-2,0.99,18.1
NaN:NaN:NaN,24.2,0,-2,0.99,17.9
NaN:NaN:NaN,25.2,0,-2,0.99,17.9
NaN:NaN:NaN,23.6,0,-2,0.99,18.2
NaN:NaN:NaN,23.3,0,-2,0.99,17.9
NaN:NaN:NaN,24.2,0,-2,0.99,17.9
NaN:NaN:NaN,24,0,-2,0.99,17.9
NaN:NaN:NaN,24.9,0,-2,0.99,18.2
NaN:NaN:NaN,23.8,0,-2,0.99,17.9
NaN:NaN:NaN,24.7,0,-2,0.99,17.9
NaN:NaN:NaN,24.5,0,-2,0.99,18.2
NaN:NaN:NaN,23.9,0,-2,0.99,17.9
NaN:NaN:NaN,23.9,0,-2,0.99,17.9
NaN:NaN:NaN,23.5,0,-2,0.99,18.2
NaN:NaN:NaN,25,0,-2,0.99,17.9
NaN:NaN:NaN,23.8,0,-2,0.99,17.9
NaN:NaN:NaN,24,0,-2,0.99,17.9
NaN:NaN:NaN,23.2,0,-2,0.99,18
NaN:NaN:NaN,23.6,0,-2,0.99,18.1
NaN:NaN:NaN,24.8,0,-2,0.99,18
NaN:NaN:NaN,24.4,0,-2,0.99,17.9
NaN:NaN:NaN,24,0,-2,0.99,17.9
NaN:NaN:NaN,24.3,0,-2,0.99,18.1
NaN:NaN:NaN,25.4,0,-2,0.99,18
NaN:NaN:NaN,24.8,0,-2,0.99,17.9
NaN:NaN:NaN,24.2,0,-2,0.99,18.1
NaN:NaN:NaN,24.5,0,-2,0.99,18
NaN:NaN:NaN,24.6,0,-2,0.99,17.9
NaN:NaN:NaN,24.9,0,-2,0.99,17.9
NaN:NaN:NaN,24.6,0,-2,0.99,18.2
NaN:NaN:NaN,24.4,0,-2,0.99,17.9
NaN:NaN:NaN,23.9,0,-2,0.99,17.9
NaN:NaN:NaN,23.7,0,-2,0.99,18.2
NaN:NaN:NaN,23.8,0,-2,0.99,17.9
NaN:NaN:NaN,23.6,0,-2,0.99,17.9
NaN:NaN:NaN,24.3,0,-2,0.99,18
NaN:NaN:NaN,24.4,0,-2,0.99,18.1
NaN:NaN:NaN,23.7,0,-2,0.99,17.9
NaN:NaN:NaN,24.2,0,-2,0.99,17.9
NaN:NaN:NaN,24.8,0,-2,0.99,17.9
NaN:NaN:NaN,24.2,0,-2,0.99,18.1
NaN:NaN:NaN,24.4,0,-2,0.99,18
NaN:NaN:NaN,24.2,0,-2,0.99,17.9
NaN:NaN:NaN,24.5,0,-2,0.99,17.9
NaN:NaN:NaN,23.8,0,-2,0.99,18.2
NaN:NaN:NaN,23.3,0,-2,0.99,17.9
NaN:NaN:NaN,23.8,0,-2,0.99,17.9
NaN:NaN:NaN,24.4,0,-2,0.99,18.2
NaN:NaN:NaN,24.5,0,-2,0.99,17.9
NaN:NaN:NaN,24.5,0,-2,0.99,17.9
NaN:NaN:NaN,24.2,0,-2,0.99,18
NaN:NaN:NaN,24.8,0,-2,0.99,18.1
NaN:NaN:NaN,24,0,-2,0.99,17.9
NaN:NaN:NaN,24,0,-2,0.99,18
NaN:NaN:NaN,23.8,0,-2,0.99,18.1
NaN:NaN:NaN,24.5,0,-2,0.99,17.9
NaN:NaN:NaN,23.4,0,-2,0.99,17.9
NaN:NaN:NaN,24,0,-2,0.99,17.9
NaN:NaN:NaN,24.1,0,-2,1,18.2
NaN:NaN:NaN,24.1,0,-2,1,17.9
NaN:NaN:NaN,24.2,0,-2,1,18
NaN:NaN:NaN,24.6,0,-2,0.99,18.1
NaN:NaN:NaN,23.4,0,-2,0.99,18
NaN:NaN:NaN,22.7,0,-2,0.99,17.9
NaN:NaN:NaN,23.5,0,-2,0.99,18.2
NaN:NaN:NaN,24.8,0,-2,0.99,17.9
NaN:NaN:NaN,24.7,0,-2,0.99,17.9
NaN:NaN:NaN,24.3,0,-2,0.99,17.9
NaN:NaN:NaN,23.2,0,-2,0.99,18.2
NaN:NaN:NaN,23.9,0,-2,0.99,17.9
NaN:NaN:NaN,24.2,0,-2,0.99,17.9
NaN:NaN:NaN,25,0,-2,0.99,18.1
NaN:NaN:NaN,24.6,0,-2,0.99,18
NaN:NaN:NaN,24.5,0,-2,0.99,17.9
NaN:NaN:NaN,24,0,-2,0.99,18
NaN:NaN:NaN,23.7,0,-2,0.99,17.9
NaN:NaN:NaN,23.9,0,-2,0.99,18.1
NaN:NaN:NaN,24.7,0,-2,0.99,17.9
NaN:NaN:NaN,24.5,0,-2,0.99,18
NaN:NaN:NaN,24.9,0,-2,0.99,18.1
NaN:NaN:NaN,24.4,0,-2,0.99,18
NaN:NaN:NaN,24.3,0,-2,0.99,17.9
NaN:NaN:NaN,24.4,0,-2,0.99,18.1
NaN:NaN:NaN,24.9,0,-2,0.99,17.9
NaN:NaN:NaN,24,0,-2,0.99,18
NaN:NaN:NaN,24.2,0,-2,0.99,18.1
NaN:NaN:NaN,24.9,0,-2,0.99,18
NaN:NaN:NaN,24.5,0,-2,1,17.9
NaN:NaN:NaN,24.5,0,-2,0.99,18.1
NaN:NaN:NaN,24.5,0,-2,0.99,18
NaN:NaN:NaN,24.5,0,-2,0.99,17.9
NaN:NaN:NaN,23.8,0,-2,0.99,18
NaN:NaN:NaN,24.3,0,-2,0.99,18.1
NaN:NaN:NaN,24.3,0,-2,0.99,17.9
NaN:NaN:NaN,24.5,0,-2,0.99,18.2
NaN:NaN:NaN,24.1,0,-2,0.99,17.9
NaN:NaN:NaN,25.2,0,-2,0.99,17.9
NaN:NaN:NaN,24,0,-2,0.99,18.2
NaN:NaN:NaN,24.6,0,-2,0.99,18
NaN:NaN:NaN,24.5,0,-2,0.99,17.9
NaN:NaN:NaN,25.1,0,-2,0.99,18.1
NaN:NaN:NaN,24.4,0,-2,0.99,18
NaN:NaN:NaN,24.5,0,-2,0.99,17.9
NaN:NaN:NaN,24.2,0,-2,0.99,18.2
NaN:NaN:NaN,25,0,-2,0.99,17.9
NaN:NaN:NaN,23.7,0,-2,0.99,18
NaN:NaN:NaN,24.8,0,-2,0.99,18.1
NaN:NaN:NaN,23.8,0,-2,0.99,18
NaN:NaN:NaN,24.4,0,-2,0.99,17.9
NaN:NaN:NaN,24.2,0,-2,0.99,18.1
NaN:NaN:NaN,24,0,-2,0.99,18
NaN:NaN:NaN,23.7,0,-2,0.99,18.1
NaN:NaN:NaN,24.1,0,-2,0.99,18
NaN:NaN:NaN,24,0,-2,0.99,17.9
NaN:NaN:NaN,23.9,0,-2,0.99,18.2
NaN:NaN:NaN,24.3,0,-2,0.99,17.9
NaN:NaN:NaN,24.2,0,-2,0.99,18
NaN:NaN:NaN,24.5,0,-2,0.99,18.1
NaN:NaN:NaN,24.9,0,-2,0.99,18
NaN:NaN:NaN,23.5,0,-2,0.99,17.9
NaN:NaN:NaN,23.1,0,-2,0.99,18.2
NaN:NaN:NaN,24.2,0,-2,0.99,17.9
NaN:NaN:NaN,24.9,0,-2,0.99,18.1
NaN:NaN:NaN,24.4,0,-2,0.99,18
NaN:NaN:NaN,23.7,0,-2,0.99,18.2
NaN:NaN:NaN,24.2,0,-2,0.99,17.9
NaN:NaN:NaN,24.8,0,-2,0.99,18
NaN:NaN:NaN,24.5,0,-2,0.99,18.1
NaN:NaN:NaN,24.2,0,-2,0.99,17.9
NaN:NaN:NaN,24.9,0,-2,0.99,18
NaN:NaN:NaN,24.4,0,-2,0.99,18.2
NaN:NaN:NaN,24.7,0,-2,1,17.9
NaN:NaN:NaN,24.1,0,-2,1,17.9
NaN:NaN:NaN,24.4,0,-2,1,18.2
NaN:NaN:NaN,24.3,0,-2,0.99,17.9
NaN:NaN:NaN,24.2,0,-2,0.99,17.9
NaN:NaN:NaN,24.3,0,-2,0.99,18.2
NaN:NaN:NaN,23.9,0,-2,0.99,17.9
NaN:NaN:NaN,24,0,-2,0.99,18.2
NaN:NaN:NaN,23.6,0,-2,0.99,17.9
NaN:NaN:NaN,24.7,0,-2,0.99,18.2
NaN:NaN:NaN,23.9,0,-2,0.99,17.9
NaN:NaN:NaN,24.5,0,-2,0.99,18
NaN:NaN:NaN,24.2,0,-2,0.99,18.1
NaN:NaN:NaN,24.4,0,-2,0.99,17.9
NaN:NaN:NaN,24.8,0,-2,0.99,18
NaN:NaN:NaN,24.2,0,-2,0.99,18.2
NaN:NaN:NaN,23.8,0,-2,0.99,17.9
NaN:NaN:NaN,24.5,0,-2,0.99,17.9
NaN:NaN:NaN,24.7,0,-2,0.99,18.2
NaN:NaN:NaN,23.6,0,-2,0.99,18
NaN:NaN:NaN,24.8,0,-2,0.99,18.1
NaN:NaN:NaN,23.9,0,-2,0.99,18
NaN:NaN:NaN,23.9,0,-2,0.99,18.1
NaN:NaN:NaN,25.2,0,-2,0.99,18
NaN:NaN:NaN,24.7,0,-2,0.99,17.9
NaN:NaN:NaN,24.6,0,-2,0.99,18.2
NaN:NaN:NaN,24.6,0,-2,0.99,18
NaN:NaN:NaN,24.4,0,-2,0.99,17.9
NaN:NaN:NaN,23.5,0,-2,0.99,18.2
NaN:NaN:NaN,23.5,0,-2,0.99,17.9
NaN:NaN:NaN,23.4,0,-2,0.99,18.2
NaN:NaN:NaN,24.1,0,-2,0.99,17.9
NaN:NaN:NaN,24.5,0,-2,0.99,18.2
NaN:NaN:NaN,23.7,0,-2,0.99,18
NaN:NaN:NaN,24.5,0,-2,0.99,17.9
NaN:NaN:NaN,24.5,0,-2,0.99,18.2
NaN:NaN:NaN,24.3,0,-2,0.99,17.9
NaN:NaN:NaN,23.6,0,-2,0.99,18.2
NaN:NaN:NaN,23.8,0,-2,0.99,17.9
NaN:NaN:NaN,24.2,0,-2,0.99,18
NaN:NaN:NaN,24.2,0,-2,0.99,18.1
NaN:NaN:NaN,24.1,0,-2,0.99,18
NaN:NaN:NaN,24.6,0,-2,0.99,18.1
NaN:NaN:NaN,24,0,-2,0.99,18
NaN:NaN:NaN,24.5,0,-2,0.99,18.2
NaN:NaN:NaN,24.3,0,-2,0.99,17.9
NaN:NaN:NaN,23.7,0,-2,0.99,18.2
NaN:NaN:NaN,24.5,0,-2,0.99,17.9
NaN:NaN:NaN,24.3,0,-2,0.99,18
NaN:NaN:NaN,23.8,0,-2,0.99,18.1
NaN:NaN:NaN,24.4,0,-2,0.99,18
NaN:NaN:NaN,24.6,0,-2,0.99,18.1
NaN:NaN:NaN,24.2,0,-2,0.99,18
NaN:NaN:NaN,24.7,0,-2,0.99,18.1
NaN:NaN:NaN,24.2,0,-2,1,18
NaN:NaN:NaN,23.8,0,-2,1,18.1
NaN:NaN:NaN,24.7,0,-2,1,18
NaN:NaN:NaN,24.6,0,-2,0.99,18
NaN:NaN:NaN,24.6,0,-2,0.99,18.1
NaN:NaN:NaN,23.7,0,-2,0.99,18
NaN:NaN:NaN,25.1,0,-2,0.99,18.1
NaN:NaN:NaN,24.4,0,-2,0.99,18
NaN:NaN:NaN,24.7,0,-2,0.99,18.2
NaN:NaN:NaN,24.2,0,-2,0.99,18.1
NaN:NaN:NaN,24.8,0,-2,0.99,18
NaN:NaN:NaN,23.7,0,-2,0.99,18
NaN:NaN:NaN,24.2,0,-2,0.99,18.1
NaN:NaN:NaN,23.9,0,-2,1,18
NaN:NaN:NaN,24,0,-2,1,18.1
NaN:NaN:NaN,23.9,0,-2,0.99,18
NaN:NaN:NaN,23.8,0,-2,0.99,18.2
NaN:NaN:NaN,24.7,0,-2,0.99,17.9
NaN:NaN:NaN,24.5,0,-2,0.99,18.2
NaN:NaN:NaN,24.5,0,-2,0.99,18
NaN:NaN:NaN,23.8,0,-2,0.99,18.1
NaN:NaN:NaN,23.8,0,-2,0.99,18
NaN:NaN:NaN,23.8,0,-2,0.99,18.2
NaN:NaN:NaN,23.6,0,-2,0.99,17.9
NaN:NaN:NaN,24.9,0,-2,0.99,18
NaN:NaN:NaN,24.3,0,-2,0.99,18.1
NaN:NaN:NaN,23.3,0,-2,0.99,18.2
NaN:NaN:NaN,23.8,0,-2,0.99,17.9
NaN:NaN:NaN,23.9,0,-2,0.99,18.2
NaN:NaN:NaN,24.6,0,-2,0.99,18
NaN:NaN:NaN,24.4,0,-2,0.99,18.1
NaN:NaN:NaN,24.1,0,-2,0.99,18
NaN:NaN:NaN,23.5,0,-2,0.99,18.2
NaN:NaN:NaN,23.5,0,-2,0.99,18
NaN:NaN:NaN,23.9,0,-2,0.99,18.1
NaN:NaN:NaN,24.8,0,-2,0.99,18
NaN:NaN:NaN,24,0,-2,0.99,18.2
NaN:NaN:NaN,24.8,0,-2,0.99,17.9
NaN:NaN:NaN,24.4,0,-2,0.99,18.2
NaN:NaN:NaN,24.1,0,-2,0.99,18
NaN:NaN:NaN,23.6,0,-2,0.99,18.1
NaN:NaN:NaN,24.2,0,-2,0.99,18
NaN:NaN:NaN,24.2,0,-2,0.99,18.2
NaN:NaN:NaN,23.7,0,-2,0.99,17.9
NaN:NaN:NaN,24.5,0,-2,1,18.2
NaN:NaN:NaN,24.6,0,-2,1,17.9
NaN:NaN:NaN,23.8,0,-2,1,18.2
NaN:NaN:NaN,24.7,0,-2,0.99,18
NaN:NaN:NaN,24.2,0,-2,0.99,18.2
NaN:NaN:NaN,24.1,0,-2,0.99,18
NaN:NaN:NaN,24.2,0,-2,0.99,18.1
NaN:NaN:NaN,24.2,0,-2,0.99,18
NaN:NaN:NaN,24,0,-2,0.99,18.2
NaN:NaN:NaN,23.9,0,-2,0.99,18.1
NaN:NaN:NaN,23.8,0,-2,0.99,18
NaN:NaN:NaN,24.2,0,-2,0.99,18
NaN:NaN:NaN,24.7,0,-2,0.99,18.2
NaN:NaN:NaN,24.5,0,-2,0.99,17.9
NaN:NaN:NaN,23.1,0,-2,0.99,18.2
NaN:NaN:NaN,23.7,0,-2,0.99,18.2
NaN:NaN:NaN,24.1,0,-2,0.99,17.9
NaN:NaN:NaN,24.5,0,-2,0.99,18
NaN:NaN:NaN,23.5,0,-2,0.99,18.2
NaN:NaN:NaN,24.2,0,-2,0.99,18.2
NaN:NaN:NaN,23.5,0,-2,0.99,17.9
NaN:NaN:NaN,24.6,0,-2,0.99,18.2
NaN:NaN:NaN,24,0,-2,0.99,18
NaN:NaN:NaN,23.6,0,-2,0.99,18.2
NaN:NaN:NaN,23.5,0,-2,0.99,17.9
NaN:NaN:NaN,24.4,0,-2,0.99,18.2
NaN:NaN:NaN,24.4,0,-2,0.99,18
NaN:NaN:NaN,24.4,0,-2,0.99,18.2
NaN:NaN:NaN,23.4,0,-2,0.99,18.1
NaN:NaN:NaN,24.2,0,-2,0.99,18
NaN:NaN:NaN,23.6,0,-2,0.99,18.2
NaN:NaN:NaN,24.3,0,-2,0.99,18
NaN:NaN:NaN,23.8,0,-2,0.99,18.2
NaN:NaN:NaN,23,0,-2,0.99,18.2
NaN:NaN:NaN,24.2,0,-2,0.99,17.9
NaN:NaN:NaN,24.8,0,-2,0.99,18
NaN:NaN:NaN,23.6,0,-2,0.99,18.2
NaN:NaN:NaN,23.6,0,-2,0.99,18.1
NaN:NaN:NaN,23.5,0,-2,0.99,18
NaN:NaN:NaN,23.2,0,-2,0.99,18.2
NaN:NaN:NaN,24,0,-2,0.99,18
NaN:NaN:NaN,23.2,0,-2,0.99,18.2
NaN:NaN:NaN,23.7,0,-2,0.99,18.1
NaN:NaN:NaN,24.7,0,-2,0.99,18
NaN:NaN:NaN,23.6,0,-2,0.99,18.2
NaN:NaN:NaN,23.6,0,-2,0.99,18
NaN:NaN:NaN,23.6,0,-2,0.99,18.2
NaN:NaN:NaN,23.4,0,-2,0.99,17.9
NaN:NaN:NaN,24.3,0,-2,0.99,18.2
NaN:NaN:NaN,24.7,0,-2,1,18
NaN:NaN:NaN,24,0,-2,1,18.2
NaN:NaN:NaN,24.1,0,-2,0.99,18
NaN:NaN:NaN,23,0,-2,0.99,18.1
NaN:NaN:NaN,24.1,0,-2,0.99,18.2
NaN:NaN:NaN,23.8,0,-2,0.99,18
NaN:NaN:NaN,24.6,0,-2,0.99,18.2
NaN:NaN:NaN,23.8,0,-2,0.99,18
NaN:NaN:NaN,23,0,-2,0.99,18.2
NaN:NaN:NaN,23.3,0,-2,0.99,18.2
NaN:NaN:NaN,24.1,0,-2,0.99,18
NaN:NaN:NaN,24,0,-2,0.99,18.2
NaN:NaN:NaN,24,0,-2,0.99,18.2
NaN:NaN:NaN,23.4,0,-2,0.99,18
NaN:NaN:NaN,24.2,0,-2,0.99,18.2
NaN:NaN:NaN,23.7,0,-2,0.99,18
NaN:NaN:NaN,23.7,0,-2,0.99,18.2
NaN:NaN:NaN,23.8,0,-2,0.99,18
NaN:NaN:NaN,23.6,0,-2,0.99,18.1
NaN:NaN:NaN,24.3,0,-2,0.99,18.2
NaN:NaN:NaN,23.4,0,-2,0.99,18
NaN:NaN:NaN,23.8,0,-2,0.99,18.2
NaN:NaN:NaN,24,0,-2,0.99,18
NaN:NaN:NaN,24.6,0,-2,0.99,18.2
NaN:NaN:NaN,24.9,0,-2,0.99,17.9
NaN:NaN:NaN,24.5,0,-2,0.99,18.3
NaN:NaN:NaN,24.9,0,-2,0.99,18.1
NaN:NaN:NaN,24.1,0,-2,0.99,18
NaN:NaN:NaN,23.5,0,-2,0.99,18.2
NaN:NaN:NaN,23.3,0,-2,0.99,18.2
NaN:NaN:NaN,24.9,0,-2,0.99,18
NaN:NaN:NaN,24.7,0,-2,0.99,18.2
NaN:NaN:NaN,24.1,0,-2,0.99,18
NaN:NaN:NaN,23.2,0,-2,0.99,18.2
NaN:NaN:NaN,23.8,0,-2,0.99,18.1
NaN:NaN:NaN,23.7,0,-2,0.99,18
NaN:NaN:NaN,24.7,0,-2,0.99,18.2
NaN:NaN:NaN,23.4,0,-2,0.99,18.2
NaN:NaN:NaN,23.6,0,-2,0.99,17.9
NaN:NaN:NaN,24.4,0,-2,0.99,18.2
NaN:NaN:NaN,24.2,0,-2,0.99,18
NaN:NaN:NaN,24.4,0,-2,0.99,18.2
NaN:NaN:NaN,24.3,0,-2,0.99,18
NaN:NaN:NaN,23.4,0,-2,0.99,18.2
NaN:NaN:NaN,24.3,0,-2,0.99,18.2
NaN:NaN:NaN,23.8,0,-2,0.99,18
NaN:NaN:NaN,23.6,0,-2,0.99,18.1
NaN:NaN:NaN,24.1,0,-2,0.99,18.2
NaN:NaN:NaN,24.3,0,-2,0.99,18.2
NaN:NaN:NaN,24.2,0,-2,0.99,18
NaN:NaN:NaN,23.2,0,-2,0.99,18.2
NaN:NaN:NaN,23.8,0,-2,0.99,18.2
NaN:NaN:NaN,24,0,-2,0.99,18
NaN:NaN:NaN,23.8,0,-2,0.99,18.2
NaN:NaN:NaN,24,0,-2,0.99,18
NaN:NaN:NaN,24.6,0,-2,0.99,18.2
NaN:NaN:NaN,24.2,0,-2,0.99,18
NaN:NaN:NaN,23.6,0,-2,0.99,18.2
NaN:NaN:NaN,23.5,0,-2,0.99,18.2
NaN:NaN:NaN,24.5,0,-2,0.99,17.9
NaN:NaN:NaN,24.2,0,-2,0.99,18.2
NaN:NaN:NaN,23.6,0,-2,1,18.2
NaN:NaN:NaN,23.8,0,-2,1,18
NaN:NaN:NaN,24.7,0,-2,1,18.2
NaN:NaN:NaN,24.4,0,-2,0.99,18.2
NaN:NaN:NaN,24.5,0,-2,0.99,18.2
NaN:NaN:NaN,24.4,0,-2,0.99,18
NaN:NaN:NaN,24.9,0,-2,0.99,18.2
NaN:NaN:NaN,24.7,0,-2,0.99,18.2
NaN:NaN:NaN,24.4,0,-2,0.99,18
NaN:NaN:NaN,24.5,0,-2,0.99,18.2
NaN:NaN:NaN,24,0,-2,0.99,18.2
NaN:NaN:NaN,24.8,0,-2,1,18
NaN:NaN:NaN,24.5,0,-2,1,18.1
NaN:NaN:NaN,24.6,0,-2,0.99,18.2
NaN:NaN:NaN,24,0,-2,0.99,18
NaN:NaN:NaN,23.9,0,-2,0.99,18.2
NaN:NaN:NaN,24.4,0,-2,0.99,18
NaN:NaN:NaN,24,0,-2,0.99,18.2
NaN:NaN:NaN,23.8,0,-2,0.99,18.2
NaN:NaN:NaN,23.9,0,-2,0.99,17.9
NaN:NaN:NaN,24.8,0,-2,0.99,18.3
NaN:NaN:NaN,23.8,0,-2,0.99,18.1
NaN:NaN:NaN,23.3,0,-2,0.99,18
NaN:NaN:NaN,24.4,0,-2,0.99,18.2
NaN:NaN:NaN,24.1,0,-2,0.99,18
NaN:NaN:NaN,23.1,0,-2,1,18.2
NaN:NaN:NaN,23.9,0,-2,0.99,18
NaN:NaN:NaN,24,0,-2,0.99,18.2
NaN:NaN:NaN,23.1,0,-2,0.99,18.2
NaN:NaN:NaN,23.3,0,-2,0.99,18
NaN:NaN:NaN,24.2,0,-2,0.99,18.2
NaN:NaN:NaN,24.2,0,-2,0.99,18.2
NaN:NaN:NaN,24.3,0,-2,0.99,18
NaN:NaN:NaN,23.8,0,-2,0.99,18.2
NaN:NaN:NaN,23.6,0,-2,0.99,18.2
NaN:NaN:NaN,23.9,0,-2,0.99,18
NaN:NaN:NaN,24.9,0,-2,0.99,18.2
NaN:NaN:NaN,24.9,0,-2,0.99,18
NaN:NaN:NaN,24.2,0,-2,0.99,18.2
NaN:NaN:NaN,23.5,0,-2,0.99,18
NaN:NaN:NaN,24,0,-2,0.99,18.2
NaN:NaN:NaN,24.3,0,-2,0.99,18.2
NaN:NaN:NaN,23.7,0,-2,0.99,18
NaN:NaN:NaN,24.2,0,-2,0.99,18.2
NaN:NaN:NaN,24.2,0,-2,0.99,18
NaN:NaN:NaN,23.6,0,-2,0.99,18.2
NaN:NaN:NaN,23.3,0,-2,0.99,18.2
NaN:NaN:NaN,24.3,0,-2,0.99,18
NaN:NaN:NaN,24.9,0,-2,0.99,18.2
NaN:NaN:NaN,24.2,0,-2,0.99,18.1
NaN:NaN:NaN,23.3,0,-2,0.99,18.1
NaN:NaN:NaN,23.9,0,-2,0.99,18.2
NaN:NaN:NaN,23.9,0,-2,1,18
NaN:NaN:NaN,23.8,0,-2,1,18.3
NaN:NaN:NaN,24,0,-2,1,18.1
NaN:NaN:NaN,24.2,0,-2,1,18
NaN:NaN:NaN,23.4,0,-2,0.99,18.2
NaN:NaN:NaN,23.1,0,-2,0.99,18.2
NaN:NaN:NaN,23.3,0,-2,0.99,18
NaN:NaN:NaN,24.3,0,-2,1,18.2
NaN:NaN:NaN,24.5,0,-2,1,18
NaN:NaN:NaN,23.7,0,-2,0.99,18.2
NaN:NaN:NaN,23.1,0,-2,0.99,18.2
NaN:NaN:NaN,23,0,-2,0.99,18
NaN:NaN:NaN,23.1,0,-2,0.99,18.2
NaN:NaN:NaN,24.4,0,-2,0.99,18.2
NaN:NaN:NaN,23.4,0,-2,0.99,18
NaN:NaN:NaN,23.8,0,-2,0.99,18.2
NaN:NaN:NaN,23.1,0,-2,0.99,18.3
NaN:NaN:NaN,23.8,0,-2,0.99,18.2
NaN:NaN:NaN,23.4,0,-2,0.99,18
NaN:NaN:NaN,23.6,0,-2,0.99,18.2
NaN:NaN:NaN,23.9,0,-2,1,18.2
NaN:NaN:NaN,23.9,0,-2,0.99,18.3
NaN:NaN:NaN,23.4,0,-2,0.99,18.3
NaN:NaN:NaN,24.2,0,-2,0.99,18.2
NaN:NaN:NaN,23.2,0,-2,0.99,18.3
NaN:NaN:NaN,22.9,0,-2,0.99,18.3
NaN:NaN:NaN,23.5,0,-2,0.99,18.4
NaN:NaN:NaN,23,0,-2,0.99,18.3
NaN:NaN:NaN,23.3,0,-2,0.99,18.3
NaN:NaN:NaN,23.4,0,-2,0.99,18.4
NaN:NaN:NaN,22.6,0,-2,0.99,18.3
NaN:NaN:NaN,24,0,-2,0.99,18.3
NaN:NaN:NaN,22.7,0,-2,0.99,18.3
NaN:NaN:NaN,23.6,0,-2,0.99,18.3
NaN:NaN:NaN,22.4,0,-2,0.99,18.3
NaN:NaN:NaN,23.4,0,-2,0.99,18.3
NaN:NaN:NaN,23.7,0,-2,0.99,18.3
NaN:NaN:NaN,22.7,0,-2,0.99,18.3
NaN:NaN:NaN,23.4,0,-2,0.99,18.3
NaN:NaN:NaN,24.2,0,-2,0.99,18.4
NaN:NaN:NaN,23.6,0,-2,0.99,18.3
NaN:NaN:NaN,22.9,0,-2,0.99,18.3
NaN:NaN:NaN,23.5,0,-2,0.99,18.3
NaN:NaN:NaN,24.4,0,-2,0.99,18.3
NaN:NaN:NaN,23.6,0,-2,0.99,18.3
NaN:NaN:NaN,23.2,0,-2,0.99,18.3
NaN:NaN:NaN,23.4,0,-2,0.99,18.3
NaN:NaN:NaN,24.4,0,-2,0.99,18.3
NaN:NaN:NaN,23.9,0,-2,0.99,18.3
NaN:NaN:NaN,23,0,-2,0.99,18.3
NaN:NaN:NaN,22.8,0,-2,0.99,18.3
NaN:NaN:NaN,23.8,0,-2,1,18.3
NaN:NaN:NaN,23.3,0,-2,0.99,18.3
NaN:NaN:NaN,23.6,0,-2,0.99,18.3
NaN:NaN:NaN,22.9,0,-2,0.99,18.3
NaN:NaN:NaN,23.5,0,-2,0.99,18.3
NaN:NaN:NaN,24.3,0,-2,0.99,18.3
NaN:NaN:NaN,22.8,0,-2,0.99,18.4
NaN:NaN:NaN,23.4,0,-2,0.99,18.3
NaN:NaN:NaN,23.8,0,-2,0.99,18.4
NaN:NaN:NaN,22.7,0,-2,0.99,18.2
NaN:NaN:NaN,23.1,0,-2,0.99,18.4
NaN:NaN:NaN,23,0,-2,0.99,18.3
NaN:NaN:NaN,23.5,0,-2,0.99,18.3
NaN:NaN:NaN,23.7,0,-2,0.99,18.2
NaN:NaN:NaN,23.2,0,-2,0.99,18.3
NaN:NaN:NaN,23.2,0,-2,0.99,18.4
NaN:NaN:NaN,24,0,-2,0.99,18.3
NaN:NaN:NaN,22.8,0,-2,0.99,18.3
NaN:NaN:NaN,24.1,0,-2,0.99,18.3
NaN:NaN:NaN,24.4,0,-2,0.99,18.3
NaN:NaN:NaN,23.7,0,-2,0.99,18.3
NaN:NaN:NaN,23.7,0,-2,0.99,18.3
NaN:NaN:NaN,23.5,0,-2,0.99,18.3
NaN:NaN:NaN,24,0,-2,0.99,18.4
NaN:NaN:NaN,23.3,0,-2,0.99,18.3
NaN:NaN:NaN,23.6,0,-2,0.99,18.3
NaN:NaN:NaN,23.5,0,-2,0.99,18.3
NaN:NaN:NaN,22.9,0,-2,0.99,18.3
NaN:NaN:NaN,23.2,0,-2,0.99,18.4
NaN:NaN:NaN,24.1,0,-2,0.99,18.3
NaN:NaN:NaN,22.4,0,-2,0.99,18.4
NaN:NaN:NaN,23.2,0,-2,0.99,18.3
NaN:NaN:NaN,23.3,0,-2,0.99,18.4
NaN:NaN:NaN,22.8,0,-2,0.99,18.3
NaN:NaN:NaN,24.5,0,-2,0.99,18.3
NaN:NaN:NaN,23.4,0,-2,0.99,18.3
NaN:NaN:NaN,24.2,0,-2,0.99,18.4
NaN:NaN:NaN,24,0,-2,0.99,18.3
NaN:NaN:NaN,22.7,0,-2,0.99,18.3
NaN:NaN:NaN,23.5,0,-2,0.99,18.3
NaN:NaN:NaN,24.2,0,-2,0.99,18.4
NaN:NaN:NaN,22.7,0,-2,0.99,18.3
NaN:NaN:NaN,23.8,0,-2,0.99,18.3
NaN:NaN:NaN,24.5,0,-2,0.99,18.3
NaN:NaN:NaN,24.3,0,-2,0.99,18.3
NaN:NaN:NaN,23.4,0,-2,0.99,18.3
NaN:NaN:NaN,22.9,0,-2,0.99,18.4
NaN:NaN:NaN,23.3,0,-2,0.99,18.3
NaN:NaN:NaN,23,0,-2,0.99,18.3
NaN:NaN:NaN,23.1,0,-2,0.99,18.3
NaN:NaN:NaN,23.7,0,-2,0.99,18.3
NaN:NaN:NaN,22.7,0,-2,0.99,18.3
NaN:NaN:NaN,23.5,0,-2,0.99,18.3
NaN:NaN:NaN,23.4,0,-2,1,18.4
NaN:NaN:NaN,22.8,0,-2,0.99,18.3
NaN:NaN:NaN,24.1,0,-2,0.99,18.3
NaN:NaN:NaN,23.2,0,-2,0.99,18.3
NaN:NaN:NaN,23,0,-2,0.99,18.4
NaN:NaN:NaN,23.8,0,-2,0.99,18.3
NaN:NaN:NaN,22.6,0,-2,0.99,18.3
NaN:NaN:NaN,23.8,0,-2,0.99,18.3
NaN:NaN:NaN,23.7,0,-2,0.99,18.4
NaN:NaN:NaN,22.5,0,-2,0.99,18.3
NaN:NaN:NaN,23.5,0,-2,0.99,18.3
NaN:NaN:NaN,23.3,0,-2,0.99,18.4
NaN:NaN:NaN,23.1,0,-2,0.99,18.4
NaN:NaN:NaN,24.2,0,-2,0.99,18.3
NaN:NaN:NaN,24,0,-2,0.99,18.3
NaN:NaN:NaN,23.8,0,-2,0.99,18.3
NaN:NaN:NaN,24.3,0,-2,0.99,18.2
NaN:NaN:NaN,23.9,0,-2,0.99,18.4
NaN:NaN:NaN,23.4,0,-2,0.99,18.4
NaN:NaN:NaN,22.8,0,-2,0.99,18.3
NaN:NaN:NaN,23.3,0,-2,0.99,18.3
NaN:NaN:NaN,23.8,0,-2,0.99,18.2
NaN:NaN:NaN,23.1,0,-2,1,18.5
NaN:NaN:NaN,23.7,0,-2,1,18.2
NaN:NaN:NaN,23.2,0,-2,0.99,18.3
NaN:NaN:NaN,22.3,0,-2,0.99,18.3
NaN:NaN:NaN,23.8,0,-2,0.99,18.3
NaN:NaN:NaN,23.4,0,-2,0.99,18.3
NaN:NaN:NaN,22.8,0,-2,0.99,18.3
NaN:NaN:NaN,24.5,0,-2,0.99,18.4
NaN:NaN:NaN,22.8,0,-2,0.99,18.3
NaN:NaN:NaN,22.8,0,-2,0.99,18.3
NaN:NaN:NaN,23.3,0,-2,0.99,18.4
NaN:NaN:NaN,23.3,0,-2,0.99,18.3
NaN:NaN:NaN,23.7,0,-2,0.99,18.3
NaN:NaN:NaN,22.8,0,-2,1,18.3
NaN:NaN:NaN,23.3,0,-2,1,18.4
NaN:NaN:NaN,24,0,-2,1,18.3
NaN:NaN:NaN,23.2,0,-2,1,18.3
NaN:NaN:NaN,23.7,0,-2,0.99,18.3
NaN:NaN:NaN,23.5,0,-2,0.99,18.3
NaN:NaN:NaN,23.7,0,-2,0.99,18.4
NaN:NaN:NaN,23.5,0,-2,0.99,18.3
NaN:NaN:NaN,22.7,0,-2,0.99,18.3
NaN:NaN:NaN,23.5,0,-2,0.99,18.3
NaN:NaN:NaN,23.7,0,-2,0.99,18.3
NaN:NaN:NaN,23.5,0,-2,0.99,18.4
NaN:NaN:NaN,23.1,0,-2,0.99,18.3
NaN:NaN:NaN,23.8,0,-2,0.99,18.3
NaN:NaN:NaN,22.7,0,-2,0.99,18.3
NaN:NaN:NaN,24,0,-2,0.99,18.4
NaN:NaN:NaN,23.2,0,-2,0.99,18.3
NaN:NaN:NaN,22.5,0,-2,0.99,18.3
NaN:NaN:NaN,23.7,0,-2,0.99,18.3
NaN:NaN:NaN,23.6,0,-2,0.99,18.4
NaN:NaN:NaN,23.4,0,-2,0.99,18.3
NaN:NaN:NaN,24.3,0,-2,0.99,18.2
NaN:NaN:NaN,23,0,-2,0.99,18.3
NaN:NaN:NaN,23.5,0,-2,0.99,18.4
NaN:NaN:NaN,23.3,0,-2,0.99,18.4
NaN:NaN:NaN,23.3,0,-2,0.99,18.3
NaN:NaN:NaN,25,0,-2,0.99,18.3
NaN:NaN:NaN,23.3,0,-2,0.99,18.4
NaN:NaN:NaN,23.5,0,-2,0.99,18.3
NaN:NaN:NaN,23.6,0,-2,0.99,18.3
NaN:NaN:NaN,23.6,0,-2,0.99,18.3
NaN:NaN:NaN,23.4,0,-2,0.99,18.4
NaN:NaN:NaN,23.2,0,-2,0.99,18.3
NaN:NaN:NaN,22.7,0,-2,0.99,18.3
NaN:NaN:NaN,23.3,0,-2,0.99,18.3
NaN:NaN:NaN,22.7,0,-2,0.99,18.3
NaN:NaN:NaN,23.7,0,-2,0.99,18.4
NaN:NaN:NaN,24.4,0,-2,0.99,18.3
NaN:NaN:NaN,22.5,0,-2,0.99,18.3
NaN:NaN:NaN,23.8,0,-2,0.99,18.3
NaN:NaN:NaN,24.2,0,-2,0.99,18.4
NaN:NaN:NaN,23.3,0,-2,0.99,18.3
NaN:NaN:NaN,24,0,-2,0.99,18.3
NaN:NaN:NaN,22.8,0,-2,0.99,18.3
NaN:NaN:NaN,22.7,0,-2,0.99,18.4
NaN:NaN:NaN,23.8,0,-2,0.99,18.3
NaN:NaN:NaN,23.2,0,-2,0.99,18.3
NaN:NaN:NaN,23.3,0,-2,0.99,18.3
NaN:NaN:NaN,23.7,0,-2,0.99,18.3
NaN:NaN:NaN,22.7,0,-2,0.99,18.5
NaN:NaN:NaN,23.2,0,-2,1,18.3
NaN:NaN:NaN,23.7,0,-2,1,18.3
NaN:NaN:NaN,23.1,0,-2,1,18.4
NaN:NaN:NaN,23.7,0,-2,1,18.4
NaN:NaN:NaN,22.7,0,-2,0.99,18.4
NaN:NaN:NaN,22.5,0,-2,0.99,18.3
NaN:NaN:NaN,23.7,0,-2,0.99,18.3
NaN:NaN:NaN,23.5,0,-2,0.99,18.4
NaN:NaN:NaN,23.7,0,-2,0.99,18.3
NaN:NaN:NaN,25.1,0,-2,0.99,18.3
NaN:NaN:NaN,23.5,0,-2,0.99,18.4
NaN:NaN:NaN,23.6,0,-2,1,18.3
NaN:NaN:NaN,24.3,0,-2,1,18.3
NaN:NaN:NaN,24,0,-2,1,18.3
NaN:NaN:NaN,24,0,-2,1,18.3
NaN:NaN:NaN,23.7,0,-2,0.99,18.4
NaN:NaN:NaN,23.4,0,-2,0.99,18.3
NaN:NaN:NaN,24.7,0,-2,0.99,18.3
NaN:NaN:NaN,22.9,0,-2,0.99,18.4
NaN:NaN:NaN,23,0,-2,0.99,18.4
NaN:NaN:NaN,24.7,0,-2,0.99,18.3
NaN:NaN:NaN,23.2,0,-2,0.99,18.4
NaN:NaN:NaN,23.1,0,-2,0.99,18.3
NaN:NaN:NaN,23.5,0,-2,0.99,18.3
NaN:NaN:NaN,23,0,-2,0.99,18.5
NaN:NaN:NaN,23.3,0,-2,0.99,18.3
NaN:NaN:NaN,23.3,0,-2,0.99,18.3
NaN:NaN:NaN,22.3,0,-2,0.99,18.4
NaN:NaN:NaN,23.8,0,-2,0.99,18.3
NaN:NaN:NaN,24.2,0,-2,0.99,18.3
NaN:NaN:NaN,22.3,0,-2,0.99,18.4
NaN:NaN:NaN,24.2,0,-2,1,18.3
NaN:NaN:NaN,23.4,0,-2,0.99,18.3
NaN:NaN:NaN,22.9,0,-2,0.99,18.3
NaN:NaN:NaN,24,0,-2,0.99,18.4
NaN:NaN:NaN,23.6,0,-2,0.99,18.3
NaN:NaN:NaN,24.7,0,-2,0.99,18.3
NaN:NaN:NaN,23.5,0,-2,0.99,18.3
NaN:NaN:NaN,22.8,0,-2,1,18.4
NaN:NaN:NaN,24.6,0,-2,0.99,18.3
NaN:NaN:NaN,24.1,0,-2,0.99,18.3
NaN:NaN:NaN,23.3,0,-2,0.99,18.3
NaN:NaN:NaN,23.4,0,-2,1,18.4
NaN:NaN:NaN,22.5,0,-2,1,18.3
NaN:NaN:NaN,22.5,0,-2,1,18.3
NaN:NaN:NaN,24.4,0,-2,0.99,18.4
NaN:NaN:NaN,22.4,0,-2,0.99,18.3
NaN:NaN:NaN,22.1,0,-2,0.99,18.4
NaN:NaN:NaN,24.4,0,-2,0.99,18.3
NaN:NaN:NaN,23.1,0,-2,0.99,18.5
NaN:NaN:NaN,22.4,0,-2,0.99,18.3
NaN:NaN:NaN,23.2,0,-2,1,18.4
NaN:NaN:NaN,23.5,0,-2,1,18.3
NaN:NaN:NaN,23.1,0,-2,0.99,18.3
NaN:NaN:NaN,23.7,0,-2,0.99,18.5
NaN:NaN:NaN,22.8,0,-2,0.99,18.3
NaN:NaN:NaN,22.9,0,-2,0.99,18.5
NaN:NaN:NaN,24.5,0,-2,0.99,18.3
NaN:NaN:NaN,23.5,0,-2,0.99,18.5
NaN:NaN:NaN,22.7,0,-2,0.99,18.3
NaN:NaN:NaN,22.8,0,-2,0.99,18.6
NaN:NaN:NaN,24.5,0,-2,0.99,18.4
NaN:NaN:NaN,23.4,0,-2,0.99,18.4
NaN:NaN:NaN,21.9,0,-2,0.99,18.5
NaN:NaN:NaN,21.3,0,-2,0.99,18.5
NaN:NaN:NaN,23.8,0,-2,0.99,18.4
NaN:NaN:NaN,22.9,0,-2,0.99,18.4
NaN:NaN:NaN,21.8,0,-2,0.99,18.4
NaN:NaN:NaN,23.5,0,-2,0.99,18.4
NaN:NaN:NaN,23.7,0,-2,0.99,18.6
NaN:NaN:NaN,22.2,0,-2,0.99,18.4
NaN:NaN:NaN,21.4,0,-2,0.99,18.4
NaN:NaN:NaN,21.3,0,-2,0.99,18.5
NaN:NaN:NaN,24.2,0,-2,0.99,18.5
NaN:NaN:NaN,23.3,0,-2,0.99,18.4
NaN:NaN:NaN,22.7,0,-2,0.99,18.5
NaN:NaN:NaN,21.3,0,-2,0.99,18.5
NaN:NaN:NaN,23.7,0,-2,0.99,18.3
NaN:NaN:NaN,23.8,0,-2,0.99,18.6
NaN:NaN:NaN,21.8,0,-2,0.99,18.5
NaN:NaN:NaN,20.8,0,-2,0.99,18.5
NaN:NaN:NaN,22.2,0,-2,0.99,18.4
NaN:NaN:NaN,23.3,0,-2,0.99,18.4
NaN:NaN:NaN,23.2,0,-2,0.99,18.5
NaN:NaN:NaN,22.2,0,-2,0.99,18.5
NaN:NaN:NaN,21.9,0,-2,0.99,18.5
NaN:NaN:NaN,23.5,0,-2,0.99,18.5
NaN:NaN:NaN,24.1,0,-2,0.99,18.5
NaN:NaN:NaN,23.3,0,-2,0.99,18.5
NaN:NaN:NaN,22.2,0,-2,0.99,18.4
NaN:NaN:NaN,22.4,0,-2,0.99,18.5
NaN:NaN:NaN,22.9,0,-2,0.99,18.6
NaN:NaN:NaN,23.4,0,-2,0.99,18.4
NaN:NaN:NaN,22,0,-2,0.99,18.5
NaN:NaN:NaN,22.6,0,-2,0.99,18.5
NaN:NaN:NaN,23.4,0,-2,0.99,18.5
NaN:NaN:NaN,23.6,0,-2,0.99,18.4
NaN:NaN:NaN,22.7,0,-2,0.99,18.5
NaN:NaN:NaN,22.7,0,-2,0.99,18.5
NaN:NaN:NaN,23.6,0,-2,0.99,18.4
NaN:NaN:NaN,23.8,0,-2,1,18.5
NaN:NaN:NaN,23.2,0,-2,1,18.5
NaN:NaN:NaN,22.9,0,-2,1,18.3
NaN:NaN:NaN,22.7,0,-2,0.99,18.5
NaN:NaN:NaN,23.9,0,-2,0.99,18.4
NaN:NaN:NaN,22.2,0,-2,0.99,18.4
NaN:NaN:NaN,22.8,0,-2,0.99,18.3
NaN:NaN:NaN,23.3,0,-2,0.99,18.4
NaN:NaN:NaN,23.3,0,-2,0.99,18.4
NaN:NaN:NaN,22.8,0,-2,0.99,18.3
NaN:NaN:NaN,24.5,0,-2,0.99,18.3
NaN:NaN:NaN,23.3,0,-2,0.99,18.4
NaN:NaN:NaN,22.8,0,-2,0.99,18.3
NaN:NaN:NaN,23.6,0,-2,1,18.3
NaN:NaN:NaN,22.7,0,-2,1,18.3
NaN:NaN:NaN,24,0,-2,0.99,18.3
NaN:NaN:NaN,23.7,0,-2,0.99,18.4
NaN:NaN:NaN,22.9,0,-2,0.99,18.3
NaN:NaN:NaN,23.4,0,-2,1,18.3
NaN:NaN:NaN,24.1,0,-2,1,18.3
NaN:NaN:NaN,23.9,0,-2,0.99,18.3
NaN:NaN:NaN,24.2,0,-2,0.99,18.2
NaN:NaN:NaN,23.1,0,-2,0.99,18.3
NaN:NaN:NaN,24.4,0,-2,0.99,18.3
NaN:NaN:NaN,23.6,0,-2,0.99,18.3
NaN:NaN:NaN,24.7,0,-2,0.99,18.3
NaN:NaN:NaN,23.8,0,-2,1,18.2
NaN:NaN:NaN,24.2,0,-2,1,18.3
NaN:NaN:NaN,23.6,0,-2,1,18.3
NaN:NaN:NaN,23.4,0,-2,0.99,18.3
NaN:NaN:NaN,24.8,0,-2,0.99,18.3
NaN:NaN:NaN,23.4,0,-2,0.99,18.3
NaN:NaN:NaN,24.7,0,-2,0.99,18.2
NaN:NaN:NaN,23.8,0,-2,0.99,18.3
NaN:NaN:NaN,23.4,0,-2,0.99,18.3
NaN:NaN:NaN,24,0,-2,0.99,18.3
NaN:NaN:NaN,23.8,0,-2,0.99,18.3
NaN:NaN:NaN,24.4,0,-2,0.99,18.3
NaN:NaN:NaN,24.1,0,-2,0.99,18.3
NaN:NaN:NaN,22.7,0,-2,0.99,18.2
NaN:NaN:NaN,24.6,0,-2,0.99,18.4
NaN:NaN:NaN,23.5,0,-2,0.99,18.3
NaN:NaN:NaN,23.6,0,-2,0.99,18.3
NaN:NaN:NaN,24.4,0,-2,0.99,18.2
NaN:NaN:NaN,23.5,0,-2,0.99,18.3
NaN:NaN:NaN,25.1,0,-2,0.99,18.3
NaN:NaN:NaN,23.8,0,-2,0.99,18.3
NaN:NaN:NaN,24.5,0,-2,0.99,18.3
NaN:NaN:NaN,23,0,-2,1,18.3
NaN:NaN:NaN,24.4,0,-2,0.99,18.3
NaN:NaN:NaN,23.8,0,-2,0.99,18.2
NaN:NaN:NaN,23.7,0,-2,0.99,18.2
NaN:NaN:NaN,22.3,0,-2,0.99,18.1
NaN:NaN:NaN,22.1,0,-2,0.99,18
NaN:NaN:NaN,22.5,0,-2,0.99,18
NaN:NaN:NaN,21.4,0,-2,0.99,17.8
NaN:NaN:NaN,22.4,0,-2,0.99,17.5
NaN:NaN:NaN,23.3,0,-2,0.99,17.7
NaN:NaN:NaN,23.6,0,-2,0.99,17.7
NaN:NaN:NaN,21.9,0,-2,0.99,17.5
NaN:NaN:NaN,21.9,0,-2,0.99,17.6
NaN:NaN:NaN,22.4,0,-2,0.99,17.3
NaN:NaN:NaN,21.3,0,-2,0.99,17.3
NaN:NaN:NaN,20.5,0,-2,0.99,17.3
NaN:NaN:NaN,20.1,0,-2,0.99,15.7
NaN:NaN:NaN,20.4,0,-2,0.99,16
NaN:NaN:NaN,20.3,0,-2,0.99,16
NaN:NaN:NaN,18.8,0,-2,0.99,16
NaN:NaN:NaN,20.9,0,-2,0.99,16
NaN:NaN:NaN,19.9,0,-2,0.99,16.1
NaN:NaN:NaN,19.9,0,-2,0.99,15.8
NaN:NaN:NaN,19.8,0,-2,0.99,15.7
NaN:NaN:NaN,20.1,0,-2,0.99,15.7
NaN:NaN:NaN,19.5,0,-2,1,15.6
NaN:NaN:NaN,19.2,0,-2,1,15.9
NaN:NaN:NaN,20.2,0,-2,0.99,15.6
NaN:NaN:NaN,19.6,0,-2,0.99,15.6
NaN:NaN:NaN,19.7,0,-2,0.99,15.5
NaN:NaN:NaN,19.7,0,-2,0.99,15.5
NaN:NaN:NaN,18.9,0,-2,1,15.6
NaN:NaN:NaN,19.1,0,-2,1,15.3
NaN:NaN:NaN,19.1,0,-2,1,15.2
NaN:NaN:NaN,18.6,0,-2,0.99,15.3
NaN:NaN:NaN,15.6,0,-2,0.99,13
NaN:NaN:NaN,15.2,0,-2,0.99,13
NaN:NaN:NaN,14.8,0,-2,0.99,12.8
NaN:NaN:NaN,15.5,0,-2,1,13.1
NaN:NaN:NaN,15,0,-2,1,13
NaN:NaN:NaN,15,0,-2,1,12.8
NaN:NaN:NaN,14.9,0,-2,1,13
NaN:NaN:NaN,14.6,0,-2,0.99,12.9
NaN:NaN:NaN,14.8,0,-2,0.99,12.7
NaN:NaN:NaN,14.6,0,-2,0.99,12.9
NaN:NaN:NaN,12.6,0,-2,0.99,12.7
NaN:NaN:NaN,11.4,0,-2,0.99,10.1
NaN:NaN:NaN,10.4,0,-2,0.99,9.9
NaN:NaN:NaN,10.1,0,-2,0.99,9.7
NaN:NaN:NaN,9.7,0,-2,0.99,9.7
NaN:NaN:NaN,9.7,0,-2,0.99,9.9
NaN:NaN:NaN,9.9,0,-2,0.99,9.7
NaN:NaN:NaN,9.7,0,-2,0.99,9.9
NaN:NaN:NaN,9.6,0,-2,0.99,9.7
NaN:NaN:NaN,9.6,0,-2,0.99,9.9
NaN:NaN:NaN,9.5,0,-2,0.99,9.9
NaN:NaN:NaN,9.3,0,-2,0.99,9.7
NaN:NaN:NaN,9.3,0,-2,0.99,9.9
NaN:NaN:NaN,9.5,0,-2,1,9.9
NaN:NaN:NaN,9.5,0,-2,0.99,9.7
NaN:NaN:NaN,9.7,0,-2,0.99,9.9
NaN:NaN:NaN,9.7,0,-2,0.99,9.7
NaN:NaN:NaN,9.7,0,-2,0.99,9.9
NaN:NaN:NaN,9.8,0,-2,0.99,9.7
NaN:NaN:NaN,10,0,-2,0.99,9.7
NaN:NaN:NaN,9.9,0,-2,0.99,9.9
NaN:NaN:NaN,10.1,0,-2,0.99,9.7
NaN:NaN:NaN,10,0,-2,1,9.9
NaN:NaN:NaN,9.8,0,-2,0.99,9.7
NaN:NaN:NaN,9.8,0,-2,0.99,9.9
NaN:NaN:NaN,10.4,0,-2,0.99,9.7
NaN:NaN:NaN,10.2,0,-2,0.99,9.7
NaN:NaN:NaN,9.9,0,-2,0.99,9.9
NaN:NaN:NaN,9.7,0,-2,0.99,9.7
NaN:NaN:NaN,10.1,0,-2,0.99,9.9
NaN:NaN:NaN,10.5,0,-2,0.99,9.7
NaN:NaN:NaN,10.2,0,-2,0.99,9.7
NaN:NaN:NaN,10.1,0,-2,0.99,9.9
NaN:NaN:NaN,10,0,-2,0.99,9.7
NaN:NaN:NaN,10.1,0,-2,0.99,9.7
NaN:NaN:NaN,10.2,0,-2,0.99,9.9
NaN:NaN:NaN,10.1,0,-2,1,9.7
NaN:NaN:NaN,9.9,0,-2,0.99,9.7
NaN:NaN:NaN,10.3,0,-2,0.99,9.9
NaN:NaN:NaN,10.3,0,-2,0.99,9.7
NaN:NaN:NaN,10.2,0,-2,0.99,9.9
NaN:NaN:NaN,10.1,0,-2,0.99,9.7
NaN:NaN:NaN,10.1,0,-2,0.99,9.7
NaN:NaN:NaN,10.7,0,-2,1,9.9
NaN:NaN:NaN,10.6,0,-2,0.99,9.7
NaN:NaN:NaN,10.4,0,-2,0.99,9.7
NaN:NaN:NaN,10,0,-2,0.99,9.7
NaN:NaN:NaN,10.3,0,-2,0.99,9.9
NaN:NaN:NaN,10.4,0,-2,1,9.7
NaN:NaN:NaN,10.7,0,-2,0.99,9.9
NaN:NaN:NaN,10.3,0,-2,0.99,9.7
NaN:NaN:NaN,10.3,0,-2,0.99,9.7
NaN:NaN:NaN,10.5,0,-2,1,9.9
NaN:NaN:NaN,10.5,0,-2,0.99,9.7
NaN:NaN:NaN,9.9,0,-2,0.99,9.7
NaN:NaN:NaN,10.4,0,-2,0.99,9.9
NaN:NaN:NaN,10.8,0,-2,0.99,9.7
NaN:NaN:NaN,10.6,0,-2,0.99,9.7
NaN:NaN:NaN,10.4,0,-2,0.99,9.7
NaN:NaN:NaN,10.1,0,-2,0.99,9.9
NaN:NaN:NaN,10.4,0,-2,0.99,9.7
NaN:NaN:NaN,10.8,0,-2,0.99,9.7
NaN:NaN:NaN,10.9,0,-2,0.99,9.9
NaN:NaN:NaN,10.5,0,-2,0.99,9.7
NaN:NaN:NaN,10.5,0,-2,0.99,9.7
NaN:NaN:NaN,10.7,0,-2,0.99,9.9
NaN:NaN:NaN,10.9,0,-2,0.99,9.7
NaN:NaN:NaN,10.4,0,-2,0.99,9.7
NaN:NaN:NaN,10.5,0,-2,0.99,9.7
NaN:NaN:NaN,10.5,0,-2,0.99,9.9
NaN:NaN:NaN,10.6,0,-2,0.99,9.7
NaN:NaN:NaN,10.9,0,-2,1,9.7
NaN:NaN:NaN,10.9,0,-2,1,9.9
NaN:NaN:NaN,10.5,0,-2,0.99,9.7
NaN:NaN:NaN,10.1,0,-2,1,9.7
NaN:NaN:NaN,10.6,0,-2,1,9.9
NaN:NaN:NaN,11,0,-2,0.99,9.7
NaN:NaN:NaN,10.9,0,-2,0.99,9.7
NaN:NaN:NaN,10.4,0,-2,0.99,9.7
NaN:NaN:NaN,10.6,0,-2,0.99,9.9
NaN:NaN:NaN,10.6,0,-2,0.99,9.7
NaN:NaN:NaN,10.6,0,-2,0.99,9.7
NaN:NaN:NaN,10.4,0,-2,0.99,9.9
NaN:NaN:NaN,10.5,0,-2,0.99,9.7
NaN:NaN:NaN,10.4,0,-2,0.99,9.7
NaN:NaN:NaN,10.7,0,-2,0.99,9.7
NaN:NaN:NaN,10.6,0,-2,0.99,9.9
NaN:NaN:NaN,10.4,0,-2,0.99,9.7
NaN:NaN:NaN,10.6,0,-2,0.99,9.7
NaN:NaN:NaN,10.5,0,-2,1,9.7
NaN:NaN:NaN,10.9,0,-2,1,9.9
NaN:NaN:NaN,10.8,0,-2,0.99,9.7
NaN:NaN:NaN,10.9,0,-2,0.99,9.7
NaN:NaN:NaN,11,0,-2,0.99,9.7
NaN:NaN:NaN,11.2,0,-2,0.99,9.9
NaN:NaN:NaN,11.2,0,-2,0.99,9.7
NaN:NaN:NaN,10.6,0,-2,0.99,9.7
NaN:NaN:NaN,10.4,0,-2,0.99,9.9
NaN:NaN:NaN,10.6,0,-2,0.99,9.7
NaN:NaN:NaN,11.1,0,-2,0.99,9.7
NaN:NaN:NaN,11.1,0,-2,0.99,9.7
NaN:NaN:NaN,10.6,0,-2,0.99,9.9
NaN:NaN:NaN,10.9,0,-2,0.99,9.7
NaN:NaN:NaN,11,0,-2,0.99,9.7
NaN:NaN:NaN,11.1,0,-2,0.99,9.7
NaN:NaN:NaN,10.4,0,-2,0.99,9.9
NaN:NaN:NaN,10.4,0,-2,0.99,9.6
NaN:NaN:NaN,10.3,0,-2,0.99,9.4
NaN:NaN:NaN,10.3,0,-2,0.99,9.4
NaN:NaN:NaN,10.2,0,-2,0.99,9.3
NaN:NaN:NaN,10.2,0,-2,0.99,9.4
NaN:NaN:NaN,10.3,0,-2,0.99,9.3
NaN:NaN:NaN,10.1,0,-2,0.99,9.3
NaN:NaN:NaN,10.2,0,-2,0.99,9.3
NaN:NaN:NaN,10.2,0,-2,0.99,9.3
NaN:NaN:NaN,10.2,0,-2,0.99,9.4
NaN:NaN:NaN,9.9,0,-2,1,9.3
NaN:NaN:NaN,10.3,0,-2,1,9.4
NaN:NaN:NaN,10.4,0,-2,1,9.3
NaN:NaN:NaN,10.1,0,-2,0.99,9.3
NaN:NaN:NaN,10.4,0,-2,0.99,9.4
NaN:NaN:NaN,10.1,0,-2,0.99,9.3
NaN:NaN:NaN,10.1,0,-2,0.99,9.3
NaN:NaN:NaN,10.4,0,-2,0.99,9.4
NaN:NaN:NaN,10,0,-2,0.99,9.3
NaN:NaN:NaN,10.3,0,-2,0.99,9.4
NaN:NaN:NaN,10,0,-2,0.99,9.3
NaN:NaN:NaN,10.1,0,-2,0.99,9.3
NaN:NaN:NaN,10.3,0,-2,0.99,9.4
NaN:NaN:NaN,10.2,0,-2,0.99,9.3
NaN:NaN:NaN,10.1,0,-2,0.99,9.3
NaN:NaN:NaN,10.3,0,-2,0.99,9.4
NaN:NaN:NaN,9.7,0,-2,0.99,9.2
NaN:NaN:NaN,9.8,0,-2,0.99,9
NaN:NaN:NaN,9.7,0,-2,0.99,9
NaN:NaN:NaN,9.4,0,-2,0.99,8.9
NaN:NaN:NaN,9.2,0,-2,0.99,8.9
NaN:NaN:NaN,9.4,0,-2,0.99,8.7
NaN:NaN:NaN,9.2,0,-2,0.99,8.6
NaN:NaN:NaN,8.9,0,-2,0.99,8.6
NaN:NaN:NaN,9.4,0,-2,0.99,8.5
NaN:NaN:NaN,9.3,0,-2,0.99,8.5
NaN:NaN:NaN,8.8,0,-2,1,8.3
NaN:NaN:NaN,8.7,0,-2,0.99,8.2
NaN:NaN:NaN,8.4,0,-2,0.99,8.2
NaN:NaN:NaN,8.4,0,-2,0.99,8.2
NaN:NaN:NaN,8.6,0,-2,0.99,8
NaN:NaN:NaN,8.6,0,-2,0.99,8
NaN:NaN:NaN,8.7,0,-2,0.99,8
NaN:NaN:NaN,8.6,0,-2,0.99,8
NaN:NaN:NaN,8.7,0,-2,0.99,8
NaN:NaN:NaN,8.7,0,-2,0.99,8
NaN:NaN:NaN,8.6,0,-2,0.99,8
NaN:NaN:NaN,8.5,0,-2,0.99,8
NaN:NaN:NaN,8.5,0,-2,0.99,8
NaN:NaN:NaN,8.6,0,-2,0.99,8
NaN:NaN:NaN,8.4,0,-2,0.99,8
NaN:NaN:NaN,8.6,0,-2,1,8
NaN:NaN:NaN,8.6,0,-2,1,8
NaN:NaN:NaN,8.5,0,-2,0.99,8
NaN:NaN:NaN,8.4,0,-2,0.99,8
NaN:NaN:NaN,8.5,0,-2,1,8.2
NaN:NaN:NaN,8.5,0,-2,0.99,7.9
NaN:NaN:NaN,8.7,0,-2,0.99,8
NaN:NaN:NaN,8.6,0,-2,0.99,8.2
NaN:NaN:NaN,8.5,0,-2,0.99,8
NaN:NaN:NaN,8.5,0,-2,0.99,8
NaN:NaN:NaN,8.4,0,-2,0.99,7.9
NaN:NaN:NaN,8.3,0,-2,0.99,8.2
NaN:NaN:NaN,8.5,0,-2,0.99,8
NaN:NaN:NaN,8.4,0,-2,0.99,8
NaN:NaN:NaN,8.5,0,-2,0.99,8
NaN:NaN:NaN,8.5,0,-2,1,8
NaN:NaN:NaN,8.4,0,-2,1,8
NaN:NaN:NaN,8.7,0,-2,1,8
NaN:NaN:NaN,8.3,0,-2,0.99,8
NaN:NaN:NaN,8.6,0,-2,0.99,8
NaN:NaN:NaN,8.5,0,-2,0.99,8
NaN:NaN:NaN,8.6,0,-2,0.99,8
NaN:NaN:NaN,8.3,0,-2,0.99,8
NaN:NaN:NaN,8.5,0,-2,0.99,8
NaN:NaN:NaN,8.6,0,-2,0.99,7.9
NaN:NaN:NaN,8.7,0,-2,0.99,8.2
NaN:NaN:NaN,8.5,0,-2,0.99,8
NaN:NaN:NaN,8.7,0,-2,0.99,8
NaN:NaN:NaN,8.4,0,-2,0.99,7.9
NaN:NaN:NaN,8.7,0,-2,0.99,8
NaN:NaN:NaN,8.7,0,-2,0.99,8
NaN:NaN:NaN,8.4,0,-2,0.99,8
NaN:NaN:NaN,8.5,0,-2,0.99,8
NaN:NaN:NaN,8.7,0,-2,0.99,8
NaN:NaN:NaN,8.5,0,-2,1,8
NaN:NaN:NaN,7.6,0,-2,1,7.8
NaN:NaN:NaN,4.7,0,-2,1,4.2
NaN:NaN:NaN,5,0,-2,1,5.1
NaN:NaN:NaN,5,0,-2,0.99,5.5
NaN:NaN:NaN,5,0,-2,0.99,5.5
NaN:NaN:NaN,4.8,0,-2,0.99,5.5
NaN:NaN:NaN,4.9,0,-2,0.99,5.5
NaN:NaN:NaN,5,0,-2,0.99,5.5
NaN:NaN:NaN,5,0,-2,0.99,5.5
NaN:NaN:NaN,4.9,0,-2,0.99,5.5
NaN:NaN:NaN,4.8,0,-2,0.99,5.5
NaN:NaN:NaN,4.9,0,-2,0.99,5.5
NaN:NaN:NaN,4.8,0,-2,0.99,5.5
NaN:NaN:NaN,4.9,0,-2,0.99,5.5
NaN:NaN:NaN,5,0,-2,0.99,5.5
NaN:NaN:NaN,5,0,-2,0.99,5.5
NaN:NaN:NaN,5,0,-2,0.99,5.5
NaN:NaN:NaN,5.1,0,-2,0.99,5.5
NaN:NaN:NaN,5.3,0,-2,0.99,5.5
NaN:NaN:NaN,5.5,0,-2,0.99,5.5
NaN:NaN:NaN,5.4,0,-2,0.99,5.5
NaN:NaN:NaN,5.4,0,-2,0.99,5.5
NaN:NaN:NaN,5.4,0,-2,0.99,5.5
NaN:NaN:NaN,5.4,0,-2,0.99,5.5
NaN:NaN:NaN,5.5,0,-2,0.99,5.5
NaN:NaN:NaN,5.5,0,-2,0.99,5.5
NaN:NaN:NaN,5.5,0,-2,0.99,5.5
NaN:NaN:NaN,5.5,0,-2,0.99,5.5
NaN:NaN:NaN,5.5,0,-2,0.99,5.5
NaN:NaN:NaN,5.4,0,-2,0.99,5.5
NaN:NaN:NaN,5.2,0,-2,0.99,5.5
NaN:NaN:NaN,5.3,0,-2,0.99,5.5
NaN:NaN:NaN,5.2,0,-2,0.99,5.5
NaN:NaN:NaN,5.1,0,-2,0.99,5.5
NaN:NaN:NaN,5.1,0,-2,0.99,5.5
NaN:NaN:NaN,5.1,0,-2,0.99,5.5
NaN:NaN:NaN,5.2,0,-2,1,5.5
NaN:NaN:NaN,5.2,0,-2,0.99,5.5
NaN:NaN:NaN,5.4,0,-2,0.99,5.5
NaN:NaN:NaN,5.4,0,-2,0.99,5.5
NaN:NaN:NaN,5.6,0,-2,0.99,5.5
NaN:NaN:NaN,5.5,0,-2,1,5.5
NaN:NaN:NaN,5.6,0,-2,1,5.5
NaN:NaN:NaN,5.5,0,-2,0.99,5.4
NaN:NaN:NaN,5.3,0,-2,0.99,5.5
NaN:NaN:NaN,5.1,0,-2,0.99,5.5
NaN:NaN:NaN,5.2,0,-2,0.99,5.5
NaN:NaN:NaN,5.2,0,-2,0.99,5.5
NaN:NaN:NaN,5.3,0,-2,0.99,5.5
NaN:NaN:NaN,5.5,0,-2,0.99,5.6
NaN:NaN:NaN,5.6,0,-2,0.99,5.4
NaN:NaN:NaN,5.7,0,-2,0.99,5.5
NaN:NaN:NaN,5.7,0,-2,0.99,5.5
NaN:NaN:NaN,5.6,0,-2,0.99,5.5
NaN:NaN:NaN,5.5,0,-2,1,5.5
NaN:NaN:NaN,5.7,0,-2,1,5.5
NaN:NaN:NaN,5.4,0,-2,0.99,5.5
NaN:NaN:NaN,5.3,0,-2,0.99,5.5
NaN:NaN:NaN,5.2,0,-2,0.99,5.5
NaN:NaN:NaN,5.5,0,-2,0.99,5.5
NaN:NaN:NaN,5.2,0,-2,0.99,5.5
NaN:NaN:NaN,4.5,0,-2,0.99,5.1
NaN:NaN:NaN,4.2,0,-2,0.99,4.7
NaN:NaN:NaN,3.4,0,-2,0.99,4.2
NaN:NaN:NaN,3.5,0,-2,0.99,3.8
NaN:NaN:NaN,3.2,0,-2,0.99,3.7
NaN:NaN:NaN,3.2,0,-2,0.99,3.7
NaN:NaN:NaN,3.3,0,-2,0.99,3.7
NaN:NaN:NaN,3.2,0,-2,0.99,3.7
NaN:NaN:NaN,3,0,-2,0.99,3.7
NaN:NaN:NaN,2.9,0,-2,1,3.8
NaN:NaN:NaN,3,0,-2,1,3.7
NaN:NaN:NaN,3.2,0,-2,0.99,3.7
NaN:NaN:NaN,2.8,0,-2,0.99,3.8
NaN:NaN:NaN,3,0,-2,0.99,3.7
NaN:NaN:NaN,2.9,0,-2,0.99,3.7
NaN:NaN:NaN,2.9,0,-2,0.99,3.8
NaN:NaN:NaN,3.1,0,-2,0.99,3.7
NaN:NaN:NaN,3,0,-2,0.99,3.8
NaN:NaN:NaN,3.1,0,-2,0.99,3.7
NaN:NaN:NaN,3.2,0,-2,0.99,3.8
NaN:NaN:NaN,3.2,0,-2,0.99,3.7
NaN:NaN:NaN,2.9,0,-2,0.99,3.8
NaN:NaN:NaN,3.3,0,-2,0.99,3.7
NaN:NaN:NaN,2.9,0,-2,0.99,3.7
NaN:NaN:NaN,3,0,-2,0.99,3.7
NaN:NaN:NaN,3,0,-2,0.99,3.7
NaN:NaN:NaN,3,0,-2,0.99,3.7
NaN:NaN:NaN,2.9,0,-2,0.99,3.7
NaN:NaN:NaN,1.5,0,-2,0.99,1.4
NaN:NaN:NaN,1,0,-2,0.99,0
NaN:NaN:NaN,0.6,0,-2,0.99,0
NaN:NaN:NaN,0.3,0,-2,0.99,0
NaN:NaN:NaN,0.2,0,-2,0.99,0
NaN:NaN:NaN,0,0,-2,0.99,0
NaN:NaN:NaN,-0.1,0,-2,0.99,0
NaN:NaN:NaN,-0.1,0,-2,0.99,0
NaN:NaN:NaN,-0.2,0,-3,0.99,0
NaN:NaN:NaN,-0.2,0,-3,0.99,0
NaN:NaN:NaN,-0.4,0,-3,0.99,0
NaN:NaN:NaN,-0.4,0,-3,0.99,0
NaN:NaN:NaN,-0.5,0,-3,0.99,0
NaN:NaN:NaN,-0.6,0,-3,0.99,0
NaN:NaN:NaN,-0.6,0,-3,0.99,0
NaN:NaN:NaN,-0.7,0,-3,0.99,0
NaN:NaN:NaN,-0.7,0,-3,0.99,0
NaN:NaN:NaN,-0.8,0,-3,0.99,0
NaN:NaN:NaN,-0.8,0,-3,0.99,0
NaN:NaN:NaN,-0.9,0,-3,1,0
NaN:NaN:NaN,-0.9,0,-3,0.99,0
NaN:NaN:NaN,-0.9,0,-3,0.99,0
NaN:NaN:NaN,-1,0,-3,0.99,0
NaN:NaN:NaN,-1,0,-3,0.99,0
NaN:NaN:NaN,-1,0,-3,0.99,0
NaN:NaN:NaN,-1,0,-3,0.99,0
NaN:NaN:NaN,-1,0,-3,0.99,0
NaN:NaN:NaN,-1.1,0,-3,0.99,0
NaN:NaN:NaN,-1.1,0,-3,0.99,0
NaN:NaN:NaN,-1.1,0,-3,0.99,0
NaN:NaN:NaN,-1.1,0,-3,0.99,0
NaN:NaN:NaN,-1.2,0,-3,1,0
NaN:NaN:NaN,-1.2,0,-3,1,0
NaN:NaN:NaN,-1.2,0,-3,0.99,0
NaN:NaN:NaN,-1.2,0,-3,0.99,0
NaN:NaN:NaN,-1.2,0,-3,0.99,0
NaN:NaN:NaN,-1.2,0,-3,0.99,0
NaN:NaN:NaN,-1.2,0,-3,0.99,0
NaN:NaN:NaN,-1.2,0,-3,0.99,0
NaN:NaN:NaN,-1.2,0,-3,0.99,0
NaN:NaN:NaN,-1.2,0,-3,0.99,0
NaN:NaN:NaN,-1.2,0,-3,0.99,0
NaN:NaN:NaN,-1.2,0,-3,0.99,0
NaN:NaN:NaN,-1.2,0,-3,0.99,0
NaN:NaN:NaN,-1.2,0,-3,1,0
NaN:NaN:NaN,-1.3,0,-3,1,0
NaN:NaN:NaN,-1.3,0,-3,0.99,0
NaN:NaN:NaN,-1.3,0,-3,0.99,0
NaN:NaN:NaN,-1.3,0,-3,0.99,0
NaN:NaN:NaN,-1.3,0,-3,0.99,0
NaN:NaN:NaN,-1.3,0,-3,0.99,0
NaN:NaN:NaN,-1.3,0,-3,0.99,0
NaN:NaN:NaN,-1.3,0,-3,0.99,0
NaN:NaN:NaN,-1.3,0,-3,0.99,0
NaN:NaN:NaN,-1.3,0,-3,0.99,0
NaN:NaN:NaN,-1.3,0,-3,0.99,0
NaN:NaN:NaN,-1.3,0,-3,0.99,0
NaN:NaN:NaN,-1.3,0,-3,0.99,0
NaN:NaN:NaN,-1.4,0,-3,0.99,0
NaN:NaN:NaN,-1.4,0,-3,0.99,0
NaN:NaN:NaN,-1.4,0,-3,0.99,0
NaN:NaN:NaN,-1.4,0,-3,0.99,0
NaN:NaN:NaN,-1.4,0,-3,0.99,0
NaN:NaN:NaN,-1.4,0,-3,0.99,0
NaN:NaN:NaN,-1.4,0,-3,0.99,0
NaN:NaN:NaN,-1.4,0,-3,0.99,0
NaN:NaN:NaN,-1.4,0,-3,0.99,0
NaN:NaN:NaN,-1.4,0,-3,0.99,0
NaN:NaN:NaN,-1.4,0,-3,0.99,0
NaN:NaN:NaN,-1.4,0,-3,0.99,0
NaN:NaN:NaN,-1.4,0,-3,0.99,0
NaN:NaN:NaN,-1.4,0,-3,0.99,0
NaN:NaN:NaN,-1.4,0,-3,0.99,0
NaN:NaN:NaN,-1.4,0,-3,1,0
NaN:NaN:NaN,-1.4,0,-3,1,0
NaN:NaN:NaN,-1.4,0,-3,1,0
NaN:NaN:NaN,-1.4,0,-3,0.99,0
NaN:NaN:NaN,-1.4,0,-3,0.99,0
NaN:NaN:NaN,-1.4,0,-3,0.99,0
NaN:NaN:NaN,-1.4,0,-3,0.99,0
NaN:NaN:NaN,-1.4,0,-3,0.99,0
NaN:NaN:NaN,-1.4,0,-3,0.99,0
NaN:NaN:NaN,-1.4,0,-3,0.99,0
NaN:NaN:NaN,-1.4,0,-3,0.99,0
NaN:NaN:NaN,-1.4,0,-4,0.99,0
NaN:NaN:NaN,-1.4,0,-4,0.99,0
NaN:NaN:NaN,-1.4,0,-4,0.99,0
NaN:NaN:NaN,-1.4,0,-4,0.99,0
NaN:NaN:NaN,-1.4,0,-4,0.99,0
NaN:NaN:NaN,-1.4,0,-4,0.99,0
NaN:NaN:NaN,-1.4,0,-4,0.99,0
NaN:NaN:NaN,-1.4,0,-4,0.99,0
NaN:NaN:NaN,-1.4,0,-4,0.99,0
NaN:NaN:NaN,-1.4,0,-4,0.99,0
NaN:NaN:NaN,-1.4,0,-4,0.99,0
NaN:NaN:NaN,-1.4,0,-4,0.99,0
NaN:NaN:NaN,-1.4,0,-4,0.99,0
NaN:NaN:NaN,-1.4,0,-4,0.99,0
NaN:NaN:NaN,-1.4,0,-4,0.99,0
NaN:NaN:NaN,-1.4,0,-4,0.99,0
NaN:NaN:NaN,-1.4,0,-4,0.99,0
NaN:NaN:NaN,-1.4,0,-4,0.99,0
NaN:NaN:NaN,-1.4,0,-4,0.99,0
NaN:NaN:NaN,-1.4,0,-4,0.99,0
NaN:NaN:NaN,-1.4,0,-4,0.99,0
NaN:NaN:NaN,-1.4,0,-4,0.99,0
NaN:NaN:NaN,-1.4,0,-4,0.99,0
NaN:NaN:NaN,-1.4,0,-4,0.99,0
NaN:NaN:NaN,-1.4,0,-4,0.99,0
NaN:NaN:NaN,-1.4,0,-4,0.99,0
NaN:NaN:NaN,-1.4,0,-4,0.99,0
NaN:NaN:NaN,-1.4,0,-4,0.99,0
NaN:NaN:NaN,-1.4,0,-4,0.99,0
NaN:NaN:NaN,-0.9,0,-4,0.99,0.7
NaN:NaN:NaN,0.3,0,-4,0.99,3.8
NaN:NaN:NaN,0.6,0,-4,0.99,3.8
NaN:NaN:NaN,1.5,0,-4,0.99,3.5
NaN:NaN:NaN,2,0,-4,0.99,3.7
NaN:NaN:NaN,2.8,0,-4,0.99,3.5
NaN:NaN:NaN,3.3,0,-4,1,3.7
NaN:NaN:NaN,3.7,0,-4,1,3.7
NaN:NaN:NaN,4,0,-4,0.99,3.5
NaN:NaN:NaN,4.2,0,-4,0.99,3.7
NaN:NaN:NaN,4.4,0,-4,0.99,3.7
NaN:NaN:NaN,4.4,0,-4,0.99,3.7
NaN:NaN:NaN,4.5,0,-4,0.99,3.7
NaN:NaN:NaN,4.6,0,-4,0.99,3.5
NaN:NaN:NaN,4.7,0,-4,0.99,3.7
NaN:NaN:NaN,4.8,0,-4,0.99,3.7
NaN:NaN:NaN,4.9,0,-4,0.99,3.7
NaN:NaN:NaN,4.9,0,-4,0.99,3.7
NaN:NaN:NaN,5.1,0,-4,0.99,3.5
NaN:NaN:NaN,5,0,-4,0.99,3.7
NaN:NaN:NaN,5.2,0,-4,0.99,3.7
NaN:NaN:NaN,5.3,0,-4,0.99,3.7
NaN:NaN:NaN,5.3,0,-4,0.99,3.5
NaN:NaN:NaN,5.4,0,-4,0.99,3.7
NaN:NaN:NaN,5.6,0,-4,0.99,3.7
NaN:NaN:NaN,5.7,0,-4,0.99,3.5
NaN:NaN:NaN,5.7,0,-4,0.99,3.7
NaN:NaN:NaN,5.5,0,-4,0.99,3.7
NaN:NaN:NaN,5.5,0,-4,0.99,3.7
NaN:NaN:NaN,5.5,0,-4,0.99,3.5
NaN:NaN:NaN,5.5,0,-4,0.99,3.7
NaN:NaN:NaN,5.5,0,-4,0.99,3.7
NaN:NaN:NaN,5.4,0,-4,0.99,3.7
NaN:NaN:NaN,5.4,0,-4,1,3.5
NaN:NaN:NaN,5.2,0,-4,0.99,3.7
NaN:NaN:NaN,4,0,-4,0.99,2.8
NaN:NaN:NaN,2.6,0,-4,0.99,0
NaN:NaN:NaN,2.4,0,-4,0.99,0
NaN:NaN:NaN,1.9,0,-4,0.99,0
NaN:NaN:NaN,1.6,0,-4,0.99,0
NaN:NaN:NaN,1.4,0,-4,0.99,0
NaN:NaN:NaN,1.2,0,-4,0.99,0
NaN:NaN:NaN,1,0,-4,1,0
NaN:NaN:NaN,0.9,0,-4,0.99,0
NaN:NaN:NaN,0.7,0,-4,0.99,0
NaN:NaN:NaN,0.6,0,-4,0.99,0
NaN:NaN:NaN,0.5,0,-4,0.99,0
NaN:NaN:NaN,0.4,0,-4,0.99,0
NaN:NaN:NaN,0.3,0,-4,0.99,0
NaN:NaN:NaN,0.2,0,-4,0.99,0
NaN:NaN:NaN,0.5,0,-4,0.99,0.1
NaN:NaN:NaN,2.2,0,-4,0.99,3.5
NaN:NaN:NaN,2.2,0,-4,0.99,3.8
NaN:NaN:NaN,3,0,-4,0.99,3.5
NaN:NaN:NaN,3.2,0,-4,0.99,3.7
NaN:NaN:NaN,3.2,0,-4,0.99,3.5
NaN:NaN:NaN,3.4,0,-4,0.99,3.7
NaN:NaN:NaN,3.5,0,-4,0.99,3.7
NaN:NaN:NaN,3.5,0,-4,0.99,3.7
NaN:NaN:NaN,3.7,0,-4,0.99,3.7
NaN:NaN:NaN,3.9,0,-4,0.99,3.7
NaN:NaN:NaN,4.1,0,-4,0.99,3.5
NaN:NaN:NaN,4.1,0,-4,0.99,3.7
NaN:NaN:NaN,4.2,0,-4,0.99,3.7
NaN:NaN:NaN,4.2,0,-4,0.99,3.7
NaN:NaN:NaN,4.2,0,-4,0.99,3.7
NaN:NaN:NaN,4.4,0,-4,0.99,3.7
NaN:NaN:NaN,4.4,0,-4,0.99,3.7
NaN:NaN:NaN,4.4,0,-4,0.99,3.7
NaN:NaN:NaN,4.4,0,-4,0.99,3.7
NaN:NaN:NaN,4.6,0,-4,0.99,3.5
NaN:NaN:NaN,4.6,0,-4,0.99,3.7
NaN:NaN:NaN,4.6,0,-4,0.99,3.7
NaN:NaN:NaN,4.6,0,-4,0.99,3.7
NaN:NaN:NaN,4.6,0,-4,0.99,3.7
NaN:NaN:NaN,4.7,0,-4,1,3.7
NaN:NaN:NaN,4.7,0,-4,0.99,3.7
NaN:NaN:NaN,4.7,0,-4,0.99,3.7
NaN:NaN:NaN,4.6,0,-4,0.99,3.7
NaN:NaN:NaN,4.5,0,-4,0.99,3.7
NaN:NaN:NaN,4.6,0,-4,0.99,3.5
NaN:NaN:NaN,4.6,0,-4,0.99,3.7
NaN:NaN:NaN,4.6,0,-4,0.99,3.7
NaN:NaN:NaN,4.7,0,-4,0.99,3.7
NaN:NaN:NaN,4.6,0,-4,0.99,3.7
NaN:NaN:NaN,4.6,0,-4,0.99,3.7
NaN:NaN:NaN,4.6,0,-4,0.99,3.7
NaN:NaN:NaN,4.6,0,-4,0.99,3.7
NaN:NaN:NaN,4.6,0,-4,0.99,3.7
NaN:NaN:NaN,4.7,0,-4,0.99,3.7
NaN:NaN:NaN,4.5,0,-4,0.99,3.7
NaN:NaN:NaN,4.6,0,-4,0.99,3.5
NaN:NaN:NaN,4.9,0,-4,1,3.8
NaN:NaN:NaN,4.8,0,-4,0.99,4.5
NaN:NaN:NaN,5,0,-4,0.99,4.8
NaN:NaN:NaN,4.7,0,-4,0.99,4.5
NaN:NaN:NaN,4.9,0,-4,0.99,4.5
NaN:NaN:NaN,4.9,0,-4,0.99,4.4
NaN:NaN:NaN,5.4,0,-4,0.99,4.5
NaN:NaN:NaN,4.8,0,-4,0.99,4.5
NaN:NaN:NaN,5.2,0,-4,0.99,4.5
NaN:NaN:NaN,5.2,0,-4,0.99,4.5
NaN:NaN:NaN,4.7,0,-4,0.99,4.4
NaN:NaN:NaN,5.2,0,-4,0.99,4.5
NaN:NaN:NaN,4.7,0,-4,0.99,4.5
NaN:NaN:NaN,5,0,-4,0.99,4.5
NaN:NaN:NaN,5.1,0,-4,0.99,4.5
NaN:NaN:NaN,4.6,0,-4,0.99,4.5
NaN:NaN:NaN,5.1,0,-4,0.99,4.5
NaN:NaN:NaN,4.6,0,-4,0.99,4.5
NaN:NaN:NaN,4.7,0,-4,0.99,4.5
NaN:NaN:NaN,5.1,0,-4,0.99,4.5
NaN:NaN:NaN,4.5,0,-4,0.99,4.5
NaN:NaN:NaN,5,0,-4,0.99,4.4
NaN:NaN:NaN,4.7,0,-4,0.99,4.5
NaN:NaN:NaN,4.6,0,-4,0.99,4.5
NaN:NaN:NaN,5,0,-4,0.99,4.5
NaN:NaN:NaN,4.5,0,-4,0.99,4.5
NaN:NaN:NaN,5.1,0,-4,0.99,4.5
NaN:NaN:NaN,4.4,0,-4,1,4.5
NaN:NaN:NaN,4.7,0,-4,0.99,4.5
NaN:NaN:NaN,4.4,0,-4,0.99,4.5
NaN:NaN:NaN,4.5,0,-4,0.99,4.5
NaN:NaN:NaN,4.7,0,-4,0.99,4.5
NaN:NaN:NaN,4.3,0,-4,0.99,4.5
NaN:NaN:NaN,4.9,0,-4,0.99,4.5
NaN:NaN:NaN,4.6,0,-4,0.99,4.5
NaN:NaN:NaN,4.4,0,-4,0.99,4.5
NaN:NaN:NaN,4.8,0,-4,0.99,4.5
NaN:NaN:NaN,4.2,0,-4,0.99,4.5
NaN:NaN:NaN,4.7,0,-4,0.99,4.5
NaN:NaN:NaN,4.3,0,-4,0.99,4.5
NaN:NaN:NaN,4.4,0,-4,0.99,4.4
NaN:NaN:NaN,4.2,0,-4,0.99,4.5
NaN:NaN:NaN,4.2,0,-4,0.99,4.5
NaN:NaN:NaN,4.4,0,-4,0.99,4.5
NaN:NaN:NaN,4.3,0,-4,0.99,4.5
NaN:NaN:NaN,4.6,0,-4,0.99,4.5
NaN:NaN:NaN,4.2,0,-4,0.99,4.5
NaN:NaN:NaN,4.6,0,-4,0.99,4.5
NaN:NaN:NaN,4.3,0,-4,0.99,4.5
NaN:NaN:NaN,4.1,0,-4,0.99,4.5
NaN:NaN:NaN,4.5,0,-4,0.99,4.5
NaN:NaN:NaN,4.2,0,-4,1,4.5
NaN:NaN:NaN,4.3,0,-4,0.99,4.5
NaN:NaN:NaN,4.2,0,-4,0.99,4.5
NaN:NaN:NaN,4.1,0,-4,0.99,4.5
NaN:NaN:NaN,4.6,0,-4,0.99,4.5
NaN:NaN:NaN,4.1,0,-4,0.99,4.5
NaN:NaN:NaN,4.3,0,-4,0.99,4.5
NaN:NaN:NaN,4.3,0,-4,0.99,4.5
NaN:NaN:NaN,4.2,0,-4,0.99,4.5
NaN:NaN:NaN,4.6,0,-4,0.99,4.5
NaN:NaN:NaN,4.1,0,-4,0.99,4.5
NaN:NaN:NaN,4.6,0,-4,0.99,4.5
NaN:NaN:NaN,4.1,0,-4,0.99,4.5
NaN:NaN:NaN,4.5,0,-4,0.99,4.5
NaN:NaN:NaN,4.1,0,-4,0.99,4.5
NaN:NaN:NaN,4.5,0,-4,0.99,4.5
NaN:NaN:NaN,4,0,-4,0.99,4.4
NaN:NaN:NaN,4.3,0,-4,0.99,4.7
NaN:NaN:NaN,4.6,0,-4,0.99,4.4
NaN:NaN:NaN,4.1,0,-4,0.99,4.5
NaN:NaN:NaN,4.3,0,-4,0.99,4.5
NaN:NaN:NaN,4.2,0,-4,0.99,4.5
NaN:NaN:NaN,4.2,0,-4,0.99,4.5
NaN:NaN:NaN,4.5,0,-4,0.99,4.5
NaN:NaN:NaN,4.1,0,-4,0.99,4.5
NaN:NaN:NaN,4.5,0,-4,0.99,4.5
NaN:NaN:NaN,4.1,0,-4,0.99,4.5
NaN:NaN:NaN,4.2,0,-4,0.99,4.5
NaN:NaN:NaN,4.5,0,-4,0.99,4.5
NaN:NaN:NaN,4.1,0,-4,0.99,4.5
NaN:NaN:NaN,4.5,0,-4,0.99,4.5
NaN:NaN:NaN,4.2,0,-4,0.99,4.5
NaN:NaN:NaN,4.4,0,-4,0.99,4.5
NaN:NaN:NaN,4.1,0,-4,0.99,4.5
NaN:NaN:NaN,4.6,0,-4,0.99,4.5
NaN:NaN:NaN,4.2,0,-4,0.99,4.5
NaN:NaN:NaN,4.2,0,-4,0.99,4.5
NaN:NaN:NaN,4.6,0,-4,0.99,4.5
NaN:NaN:NaN,4.1,0,-4,0.99,4.5
NaN:NaN:NaN,4.6,0,-4,0.99,4.5
NaN:NaN:NaN,4,0,-4,1,4.5
NaN:NaN:NaN,4.3,0,-4,1,4.5
NaN:NaN:NaN,4.3,0,-4,0.99,4.5
NaN:NaN:NaN,4,0,-4,0.99,4.5
NaN:NaN:NaN,4.3,0,-4,0.99,4.5
NaN:NaN:NaN,3.9,0,-4,0.99,4.5
NaN:NaN:NaN,4.1,0,-4,0.99,4.5
NaN:NaN:NaN,4.3,0,-4,0.99,4.5
NaN:NaN:NaN,4,0,-4,0.99,4.4
NaN:NaN:NaN,4.5,0,-4,0.99,4.5
NaN:NaN:NaN,4,0,-4,0.99,4.5
NaN:NaN:NaN,4.2,0,-4,0.99,4.5
NaN:NaN:NaN,4.3,0,-4,0.99,4.5
NaN:NaN:NaN,4,0,-4,0.99,4.5
NaN:NaN:NaN,4.2,0,-4,0.99,4.5
NaN:NaN:NaN,4.3,0,-4,0.99,4.5
NaN:NaN:NaN,4.2,0,-4,0.99,4.5
NaN:NaN:NaN,4.6,0,-4,0.99,4.5
NaN:NaN:NaN,4,0,-4,0.99,4.5
NaN:NaN:NaN,4.5,0,-4,0.99,4.5
NaN:NaN:NaN,4.3,0,-4,0.99,4.5
NaN:NaN:NaN,4.3,0,-4,0.99,4.5
NaN:NaN:NaN,4.4,0,-4,0.99,4.5
NaN:NaN:NaN,4.2,0,-4,0.99,4.5
NaN:NaN:NaN,4.4,0,-4,0.99,4.5
NaN:NaN:NaN,3.9,0,-4,0.99,4.2
NaN:NaN:NaN,3.3,0,-4,0.99,3.5
NaN:NaN:NaN,1.9,0,-4,0.99,0.3
NaN:NaN:NaN,1.6,0,-4,0.99,0
NaN:NaN:NaN,1.1,0,-4,0.99,0
NaN:NaN:NaN,0.7,0,-4,0.99,0
NaN:NaN:NaN,0.5,0,-4,0.99,0
NaN:NaN:NaN,0.3,0,-4,0.99,0
NaN:NaN:NaN,0.2,0,-4,0.99,0
NaN:NaN:NaN,0.1,0,0,0.99,0
NaN:NaN:NaN,0,0,0,0.99,0
NaN:NaN:NaN,-0.1,0,0,0.99,0
NaN:NaN:NaN,-0.2,0,0,0.99,0
NaN:NaN:NaN,-0.3,0,0,0.99,0
NaN:NaN:NaN,-0.4,0,0,0.99,0
NaN:NaN:NaN,-0.5,0,0,0.99,0
NaN:NaN:NaN,-0.6,0,0,0.99,0
NaN:NaN:NaN,-0.6,0,0,0.99,0
NaN:NaN:NaN,-0.7,0,0,0.99,0
NaN:NaN:NaN,-0.7,0,0,0.99,0
NaN:NaN:NaN,-0.8,0,0,0.99,0
NaN:NaN:NaN,-0.8,0,0,0.99,0
NaN:NaN:NaN,-0.9,0,0,0.99,0
NaN:NaN:NaN,-0.9,0,0,0.99,0
NaN:NaN:NaN,-0.9,0,0,0.99,0
NaN:NaN:NaN,-1,0,0,0.99,0
NaN:NaN:NaN,-1,0,0,0.99,0
NaN:NaN:NaN,-1,0,0,0.99,0
NaN:NaN:NaN,-1.1,0,0,0.99,0
NaN:NaN:NaN,-1.1,0,0,0.99,0
NaN:NaN:NaN,-1.1,0,0,0.99,0
NaN:NaN:NaN,-1.2,0,0,0.99,0
NaN:NaN:NaN,-1.2,0,0,0.99,0
NaN:NaN:NaN,-1.2,0,0,0.98,0
NaN:NaN:NaN,-1.2,0,0,0.99,0
NaN:NaN:NaN,-1.2,0,0,0.99,0
NaN:NaN:NaN,-1.2,0,0,0.99,0
NaN:NaN:NaN,-1.2,0,0,0.99,0
NaN:NaN:NaN,-1.2,0,0,0.99,0
NaN:NaN:NaN,-1.2,0,0,0.99,0
NaN:NaN:NaN,-1.2,0,0,0.99,0
NaN:NaN:NaN,-1.2,0,0,0.98,0
NaN:NaN:NaN,-1.3,0,0,0.98,0
NaN:NaN:NaN,-1.3,0,0,0.98,0
NaN:NaN:NaN,-1.3,0,0,0.98,0
NaN:NaN:NaN,-1.3,0,0,0.98,0
NaN:NaN:NaN,-1.3,0,0,0.98,0
NaN:NaN:NaN,-1.4,0,0,0.98,0
NaN:NaN:NaN,-1.4,0,0,0.98,0
NaN:NaN:NaN,-1.4,0,0,0.98,0
NaN:NaN:NaN,-1.3,0,0,0.98,0
NaN:NaN:NaN,-1.3,0,0,0.98,0
NaN:NaN:NaN,-1.3,0,0,0.98,0
NaN:NaN:NaN,-1.3,0,0,0.98,0
NaN:NaN:NaN,-1.2,0,0,0.98,0
NaN:NaN:NaN,-1.2,0,0,0.98,0
NaN:NaN:NaN,-1.3,0,0,0.98,0
NaN:NaN:NaN,-1.3,0,0,0.98,0
NaN:NaN:NaN,-1.3,0,0,0.98,0
NaN:NaN:NaN,-1.3,0,0,0.99,0
NaN:NaN:NaN,-1.4,0,0,0.99,0
NaN:NaN:NaN,-1.4,0,0,0.98,0
NaN:NaN:NaN,-1.4,0,0,0.98,0
NaN:NaN:NaN,-1.4,0,0,0.99,0
NaN:NaN:NaN,-1.4,0,0,0.99,0
NaN:NaN:NaN,-1.4,0,0,0.99,0
NaN:NaN:NaN,-1.4,0,0,0.99,0
NaN:NaN:NaN,-1.4,0,0,0.99,0
NaN:NaN:NaN,-1.4,0,0,0.98,0
NaN:NaN:NaN,-1.4,0,0,0.98,0
NaN:NaN:NaN,-1.4,0,0,0.98,0
NaN:NaN:NaN,-1.4,0,0,0.99,0
NaN:NaN:NaN,-1.4,0,0,0.99,0
NaN:NaN:NaN,-1.4,0,0,0.99,0
NaN:NaN:NaN,-1.4,0,0,0.99,0
NaN:NaN:NaN,-1.4,0,0,0.99,0
NaN:NaN:NaN,-1.4,0,0,0.99,0
NaN:NaN:NaN,-1.4,0,0,0.99,0
NaN:NaN:NaN,-1.4,0,0,0.99,0
NaN:NaN:NaN,-1.4,0,0,0.99,0
NaN:NaN:NaN,-1.4,0,0,0.99,0
NaN:NaN:NaN,-1.4,0,0,0.99,0
NaN:NaN:NaN,-1.4,0,0,0.99,0
NaN:NaN:NaN,-1.4,0,0,0.99,0
NaN:NaN:NaN,-1.4,0,0,0.99,0
NaN:NaN:NaN,-1.4,0,0,0.99,0
NaN:NaN:NaN,-1.4,0,0,0.99,0
NaN:NaN:NaN,-1.4,0,0,0.99,0
NaN:NaN:NaN,-1.4,0,0,0.99,0
NaN:NaN:NaN,-1.4,0,0,0.99,0
NaN:NaN:NaN,-1.4,0,0,0.99,0
NaN:NaN:NaN,-1.4,0,0,1,0
NaN:NaN:NaN,-1.4,0,0,1.01,0
NaN:NaN:NaN,-1.4,0,0,1.02,0
NaN:NaN:NaN,-1.4,0,0,1.02,0
NaN:NaN:NaN,-1.4,0,0,1.03,0
NaN:NaN:NaN,-1.4,0,0,1.04,0
NaN:NaN:NaN,-1.4,0,0,1.05,0
NaN:NaN:NaN,-1.4,0,-1,1.05,0
NaN:NaN:NaN,-1.4,0,-1,1.06,0
NaN:NaN:NaN,-1.5,0,-1,1.07,0
NaN:NaN:NaN,-1.5,0,-1,1.08,0
NaN:NaN:NaN,-1.5,0,-1,1.09,0
NaN:NaN:NaN,-1.5,0,-1,1.1,0
NaN:NaN:NaN,-1.5,0,-1,1.1,0
NaN:NaN:NaN,-1.5,0,-1,1.11,0
NaN:NaN:NaN,-1.5,0,-1,1.13,0
NaN:NaN:NaN,-1.5,0,-1,1.14,0
NaN:NaN:NaN,-1.5,0,-1,1.15,0
NaN:NaN:NaN,-1.5,0,-1,1.16,0
NaN:NaN:NaN,-1.5,0,-1,1.17,0
NaN:NaN:NaN,-1.5,0,-1,1.18,0
NaN:NaN:NaN,-1.5,0,-1,1.19,0
NaN:NaN:NaN,-1.5,0,-1,1.2,0
NaN:NaN:NaN,-1.5,0,-1,1.21,0
NaN:NaN:NaN,-1.5,0,-1,1.22,0
NaN:NaN:NaN,-1.6,0,-1,1.23,0
NaN:NaN:NaN,-1.6,0,-1,1.24,0
NaN:NaN:NaN,-1.6,0,-1,1.25,0
NaN:NaN:NaN,-1.6,0,-1,1.26,0
NaN:NaN:NaN,-1.6,0,-1,1.28,0
NaN:NaN:NaN,-1.6,0,-1,1.29,0
NaN:NaN:NaN,-1.6,0,-1,1.29,0
NaN:NaN:NaN,-1.5,0,-1,1.3,0
NaN:NaN:NaN,-1.5,0,-1,1.32,0
NaN:NaN:NaN,-1.5,0,-1,1.33,0
NaN:NaN:NaN,-1.5,0,-1,1.34,0
NaN:NaN:NaN,-1.5,0,-1,1.34,0
NaN:NaN:NaN,-1.6,0,-1,1.34,0
NaN:NaN:NaN,-1.5,0,-1,1.34,0
NaN:NaN:NaN,-1.5,0,-1,1.34,0
NaN:NaN:NaN,-1.5,0,-1,1.34,0
NaN:NaN:NaN,-1.5,0,-1,1.34,0
NaN:NaN:NaN,-1.5,0,-1,1.34,0
NaN:NaN:NaN,-1.5,0,-1,1.34,0
NaN:NaN:NaN,-1.5,0,-1,1.34,0
NaN:NaN:NaN,-1.5,0,-1,1.34,0
NaN:NaN:NaN,-1.5,0,-1,1.33,0
NaN:NaN:NaN,-1.5,0,-1,1.33,0
NaN:NaN:NaN,-1.5,0,-1,1.33,0
NaN:NaN:NaN,-1.5,0,-1,1.33,0
NaN:NaN:NaN,-1.5,0,-1,1.33,0
NaN:NaN:NaN,-1.5,0,-1,1.33,0
NaN:NaN:NaN,-1.5,0,-1,1.33,0
NaN:NaN:NaN,-1.5,0,-1,1.33,0
NaN:NaN:NaN,-1.5,0,-1,1.33,0
NaN:NaN:NaN,-1.5,0,-1,1.33,0
NaN:NaN:NaN,-1.6,0,-1,1.33,0
NaN:NaN:NaN,-1.5,0,-1,1.33,0
NaN:NaN:NaN,-1.5,0,-1,1.33,0
NaN:NaN:NaN,-1.5,0,-1,1.33,0
NaN:NaN:NaN,-1.5,0,-1,1.33,0
NaN:NaN:NaN,-1.5,0,-1,1.33,0
NaN:NaN:NaN,-1.6,0,-1,1.33,0
NaN:NaN:NaN,-1.6,0,-1,1.33,0
NaN:NaN:NaN,-1.5,0,-1,1.33,0
NaN:NaN:NaN,-1.5,0,-1,1.34,0
NaN:NaN:NaN,-1.5,0,-1,1.34,0
NaN:NaN:NaN,-1.5,0,-1,1.34,0
NaN:NaN:NaN,-1.5,0,-1,1.34,0
NaN:NaN:NaN,-1.5,0,-1,1.34,0
NaN:NaN:NaN,-1.5,0,-1,1.34,0
NaN:NaN:NaN,-1.5,0,-1,1.34,0
NaN:NaN:NaN,-1.5,0,-1,1.35,0
NaN:NaN:NaN,-1.5,0,-1,1.35,0
NaN:NaN:NaN,-1.5,0,-1,1.35,0
NaN:NaN:NaN,-1.5,0,-1,1.34,0
NaN:NaN:NaN,-1.5,0,-1,1.34,0
NaN:NaN:NaN,-1.5,0,-1,1.34,0
NaN:NaN:NaN,-1.5,0,-1,1.35,0
NaN:NaN:NaN,-1.5,0,-1,1.35,0
NaN:NaN:NaN,-1.5,0,-1,1.35,0
NaN:NaN:NaN,-1.5,0,-1,1.35,0
NaN:NaN:NaN,-1.5,0,-1,1.35,0
NaN:NaN:NaN,-1.5,0,-1,1.35,0
NaN:NaN:NaN,-1.5,0,-1,1.36,0
NaN:NaN:NaN,-1.5,0,-1,1.36,0
NaN:NaN:NaN,-1.5,0,-1,1.36,0
NaN:NaN:NaN,-1.5,0,-1,1.36,0
NaN:NaN:NaN,-1.5,0,-1,1.36,0
NaN:NaN:NaN,-1.5,0,-1,1.37,0
NaN:NaN:NaN,-1.5,0,-1,1.37,0
NaN:NaN:NaN,-1.5,0,-1,1.37,0
NaN:NaN:NaN,-1.5,0,-1,1.37,0
NaN:NaN:NaN,-1.5,0,-1,1.37,0
NaN:NaN:NaN,-1.5,0,-1,1.37,0
NaN:NaN:NaN,-1.5,0,-1,1.37,0
NaN:NaN:NaN,-1.5,0,-1,1.37,0
NaN:NaN:NaN,-1.5,0,-1,1.37,0
NaN:NaN:NaN,-1.5,0,-1,1.37,0
NaN:NaN:NaN,-1.5,0,-1,1.37,0
NaN:NaN:NaN,-1.5,0,-1,1.36,0
NaN:NaN:NaN,-1.5,0,-1,1.36,0
NaN:NaN:NaN,-1.5,0,-1,1.36,0
NaN:NaN:NaN,-1.5,0,-1,1.36,0
NaN:NaN:NaN,-1.5,0,-1,1.36,0
NaN:NaN:NaN,-1.5,0,-1,1.35,0
NaN:NaN:NaN,-1.5,0,-1,1.35,0
NaN:NaN:NaN,-1.5,0,-1,1.35,0
NaN:NaN:NaN,-1.5,0,-1,1.36,0
NaN:NaN:NaN,-1.5,0,-1,1.36,0
NaN:NaN:NaN,-1.5,0,-1,1.36,0
NaN:NaN:NaN,-1.5,0,-1,1.36,0
NaN:NaN:NaN,-1.5,0,-1,1.36,0
NaN:NaN:NaN,-1.5,0,-1,1.36,0
NaN:NaN:NaN,-1.5,0,-1,1.36,0
NaN:NaN:NaN,-1.5,0,-1,1.36,0
NaN:NaN:NaN,-1.5,0,-1,1.36,0
NaN:NaN:NaN,-1.5,0,-1,1.35,0
NaN:NaN:NaN,-1.5,0,-1,1.35,0
NaN:NaN:NaN,-1.5,0,-1,1.35,0
NaN:NaN:NaN,-1.5,0,-1,1.35,0
NaN:NaN:NaN,-1.5,0,-1,1.34,0
NaN:NaN:NaN,-1.5,0,-1,1.34,0
NaN:NaN:NaN,-1.5,0,-1,1.34,0
NaN:NaN:NaN,-1.5,0,-1,1.34,0
NaN:NaN:NaN,-1.5,0,-1,1.34,0
NaN:NaN:NaN,-1.5,0,-1,1.33,0
NaN:NaN:NaN,-1.5,0,-1,1.33,0
NaN:NaN:NaN,-1.5,0,-1,1.33,0
NaN:NaN:NaN,-1.5,0,-1,1.33,0
NaN:NaN:NaN,-1.5,0,-1,1.32,0
NaN:NaN:NaN,-1.5,0,-1,1.32,0
NaN:NaN:NaN,-1.5,0,-1,1.32,0
NaN:NaN:NaN,-1.5,0,-1,1.31,0
NaN:NaN:NaN,-1.5,0,-1,1.31,0
NaN:NaN:NaN,-1.5,0,-1,1.31,0
NaN:NaN:NaN,-1.5,0,-1,1.31,0
NaN:NaN:NaN,-1.5,0,-1,1.31,0
NaN:NaN:NaN,-1.5,0,-1,1.31,0
NaN:NaN:NaN,-1.5,0,-1,1.31,0
NaN:NaN:NaN,-1.5,0,-1,1.31,0
NaN:NaN:NaN,-1.5,0,-1,1.31,0
NaN:NaN:NaN,-1.5,0,-1,1.31,0
NaN:NaN:NaN,-1.5,0,-1,1.31,0
NaN:NaN:NaN,-1.5,0,-1,1.31,0
NaN:NaN:NaN,-1.5,0,-1,1.3,0
NaN:NaN:NaN,-1.5,0,-1,1.3,0
NaN:NaN:NaN,-1.5,0,-1,1.3,0
NaN:NaN:NaN,-1.5,0,-1,1.3,0
NaN:NaN:NaN,-1.5,0,-1,1.3,0
NaN:NaN:NaN,-1.5,0,-1,1.3,0
NaN:NaN:NaN,-1.5,0,-1,1.3,0
NaN:NaN:NaN,-1.5,0,-1,1.3,0
NaN:NaN:NaN,-1.5,0,-1,1.3,0
NaN:NaN:NaN,-1.5,0,-1,1.3,0
NaN:NaN:NaN,-1.5,0,-1,1.3,0
NaN:NaN:NaN,-1.5,0,-1,1.3,0
NaN:NaN:NaN,-1.5,0,-1,1.3,0
NaN:NaN:NaN,-1.5,0,-1,1.3,0
NaN:NaN:NaN,-1.5,0,-1,1.3,0
NaN:NaN:NaN,-1.5,0,-1,1.3,0
NaN:NaN:NaN,-1.5,0,-1,1.3,0
NaN:NaN:NaN,-1.5,0,-1,1.3,0
NaN:NaN:NaN,-1.5,0,-1,1.3,0
NaN:NaN:NaN,-1.5,0,-1,1.3,0
NaN:NaN:NaN,-1.6,0,-1,1.3,0
NaN:NaN:NaN,-1.6,0,-1,1.3,0
NaN:NaN:NaN,-1.6,0,-1,1.3,0
NaN:NaN:NaN,-1.6,0,-1,1.3,0
NaN:NaN:NaN,-1.6,0,-1,1.3,0
NaN:NaN:NaN,-1.6,0,-1,1.3,0
NaN:NaN:NaN,-1.6,0,-1,1.3,0
NaN:NaN:NaN,-1.6,0,-1,1.3,0
NaN:NaN:NaN,-1.6,0,-1,1.31,0
NaN:NaN:NaN,-1.6,0,-1,1.31,0
NaN:NaN:NaN,-1.5,0,-1,1.31,0
NaN:NaN:NaN,-1.6,0,-1,1.31,0
NaN:NaN:NaN,-1.6,0,-1,1.31,0
NaN:NaN:NaN,-1.5,0,-1,1.31,0
NaN:NaN:NaN,-1.5,0,-1,1.31,0
NaN:NaN:NaN,-1.4,0,-1,1.31,0
NaN:NaN:NaN,-1.5,0,-1,1.31,0
NaN:NaN:NaN,-1.6,0,-1,1.31,0
NaN:NaN:NaN,-1.6,0,-1,1.31,0
NaN:NaN:NaN,-1.6,0,-1,1.31,0
NaN:NaN:NaN,-1.6,0,-1,1.31,0
NaN:NaN:NaN,-1.6,0,-1,1.31,0
NaN:NaN:NaN,-1.6,0,-1,1.31,0
NaN:NaN:NaN,-1.6,0,-1,1.31,0
NaN:NaN:NaN,-1.6,0,-1,1.31,0
NaN:NaN:NaN,-1.6,0,-1,1.31,0
NaN:NaN:NaN,-1.6,0,-1,1.31,0
NaN:NaN:NaN,-1.6,0,-1,1.31,0
NaN:NaN:NaN,-1.6,0,-1,1.31,0
NaN:NaN:NaN,-1.6,0,-1,1.31,0
NaN:NaN:NaN,-1.6,0,-1,1.31,0
NaN:NaN:NaN,-1.6,0,-1,1.31,0
NaN:NaN:NaN,-1.6,0,-1,1.31,0
NaN:NaN:NaN,-1.6,0,-1,1.31,0
NaN:NaN:NaN,-1.6,0,-1,1.31,0
NaN:NaN:NaN,-1.6,0,-1,1.31,0
NaN:NaN:NaN,-1.6,0,-1,1.31,0
NaN:NaN:NaN,-1.6,0,-1,1.31,0
NaN:NaN:NaN,-1.6,0,-1,1.31,0
NaN:NaN:NaN,-1.6,0,-1,1.31,0
NaN:NaN:NaN,-1.6,0,-1,1.31,0
NaN:NaN:NaN,-1.6,0,-1,1.31,0
NaN:NaN:NaN,-1.6,0,-1,1.31,0
NaN:NaN:NaN,-1.6,0,-1,1.31,0
NaN:NaN:NaN,-1.6,0,-1,1.31,0
NaN:NaN:NaN,-1.6,0,-1,1.31,0
NaN:NaN:NaN,-1.6,0,-1,1.31,0
NaN:NaN:NaN,-1.6,0,-1,1.31,0
NaN:NaN:NaN,-1.6,0,-1,1.31,0
NaN:NaN:NaN,-1.6,0,-1,1.31,0
NaN:NaN:NaN,-1.6,0,-1,1.31,0
NaN:NaN:NaN,-1.6,0,-1,1.31,0
NaN:NaN:NaN,-1.6,0,-1,1.31,0
NaN:NaN:NaN,-1.6,0,-1,1.31,0
NaN:NaN:NaN,-1.6,0,-1,1.31,0
NaN:NaN:NaN,-1.6,0,-1,1.31,0
NaN:NaN:NaN,-1.6,0,-1,1.31,0
NaN:NaN:NaN,-1.6,0,-1,1.31,0
NaN:NaN:NaN,-1.6,0,-1,1.31,0
NaN:NaN:NaN,-1.6,0,-1,1.31,0
NaN:NaN:NaN,-1.6,0,-1,1.31,0
NaN:NaN:NaN,-1.6,0,-1,1.31,0
NaN:NaN:NaN,-1.6,0,-1,1.31,0
NaN:NaN:NaN,-1.6,0,-1,1.31,0
NaN:NaN:NaN,-1.6,0,-1,1.31,0
NaN:NaN:NaN,-1.6,0,-1,1.31,0
NaN:NaN:NaN,-1.6,0,-1,1.31,0
NaN:NaN:NaN,-1.6,0,-1,1.31,0
NaN:NaN:NaN,-1.6,0,-1,1.31,0
NaN:NaN:NaN,-1.6,0,-1,1.31,0
NaN:NaN:NaN,-1.6,0,-1,1.31,0
NaN:NaN:NaN,-1.6,0,-1,1.31,0
NaN:NaN:NaN,-1.6,0,-1,1.32,0
NaN:NaN:NaN,-1.6,0,-1,1.32,0
NaN:NaN:NaN,-1.6,0,-1,1.32,0
NaN:NaN:NaN,-1.6,0,-1,1.32,0
NaN:NaN:NaN,-1.6,0,-1,1.32,0
NaN:NaN:NaN,-1.6,0,-1,1.32,0
NaN:NaN:NaN,-1.7,0,-1,1.32,0
NaN:NaN:NaN,-1.7,0,-1,1.32,0
NaN:NaN:NaN,-1.7,0,-1,1.31,0
NaN:NaN:NaN,-1.7,0,-1,1.31,0
NaN:NaN:NaN,-1.7,0,-1,1.31,0
NaN:NaN:NaN,-1.7,0,-1,1.31,0
NaN:NaN:NaN,-1.7,0,-1,1.31,0
NaN:NaN:NaN,-1.7,0,-1,1.31,0
NaN:NaN:NaN,-1.6,0,-1,1.31,0
NaN:NaN:NaN,-1.6,0,-1,1.31,0
NaN:NaN:NaN,-1.6,0,-1,1.31,0
NaN:NaN:NaN,-1.6,0,-1,1.31,0
NaN:NaN:NaN,-1.6,0,-1,1.31,0
NaN:NaN:NaN,-1.6,0,-1,1.31,0
NaN:NaN:NaN,-1.6,0,-1,1.31,0
NaN:NaN:NaN,-1.6,0,-1,1.31,0
NaN:NaN:NaN,-1.6,0,-1,1.31,0
NaN:NaN:NaN,-1.6,0,-1,1.31,0
NaN:NaN:NaN,-1.6,0,-1,1.31,0
NaN:NaN:NaN,-1.6,0,-1,1.31,0
NaN:NaN:NaN,-1.6,0,-1,1.31,0
NaN:NaN:NaN,-1.6,0,-1,1.31,0
NaN:NaN:NaN,-1.6,0,-1,1.31,0
NaN:NaN:NaN,-1.6,0,-1,1.31,0
NaN:NaN:NaN,-1.6,0,-1,1.31,0
NaN:NaN:NaN,-1.6,0,-1,1.31,0
NaN:NaN:NaN,-1.6,0,-1,1.31,0
NaN:NaN:NaN,-1.6,0,-1,1.31,0
NaN:NaN:NaN,-1.6,0,-1,1.31,0
NaN:NaN:NaN,-1.6,0,-1,1.31,0
NaN:NaN:NaN,-1.6,0,-1,1.31,0
NaN:NaN:NaN,-1.6,0,-1,1.31,0
NaN:NaN:NaN,-1.6,0,-1,1.31,0
NaN:NaN:NaN,-1.6,0,-1,1.31,0
NaN:NaN:NaN,-1.6,0,-1,1.31,0
NaN:NaN:NaN,-1.6,0,-1,1.31,0
NaN:NaN:NaN,-1.6,0,-1,1.31,0
NaN:NaN:NaN,-1.6,0,-1,1.31,0
NaN:NaN:NaN,-1.6,0,-1,1.31,0
NaN:NaN:NaN,-1.6,0,-1,1.31,0
NaN:NaN:NaN,-1.6,0,-1,1.31,0
NaN:NaN:NaN,-1.5,0,-1,1.31,0
NaN:NaN:NaN,-1.5,0,-1,1.31,0
NaN:NaN:NaN,-1.6,0,-1,1.31,0
NaN:NaN:NaN,-1.6,0,-1,1.31,0
NaN:NaN:NaN,-1.6,0,-1,1.31,0
NaN:NaN:NaN,-1.6,0,-1,1.31,0
NaN:NaN:NaN,-1.6,0,-1,1.31,0
NaN:NaN:NaN,-1.6,0,-1,1.31,0
NaN:NaN:NaN,-1.6,0,-1,1.31,0
NaN:NaN:NaN,-1.6,0,-1,1.31,0
NaN:NaN:NaN,-1.5,0,-1,1.31,0
NaN:NaN:NaN,-1.6,0,-1,1.31,0
NaN:NaN:NaN,-1.6,0,-1,1.31,0
NaN:NaN:NaN,-1.5,0,-1,1.31,0
NaN:NaN:NaN,-1.6,0,-2,1.31,0
NaN:NaN:NaN,-1.5,0,-2,1.31,0
NaN:NaN:NaN,-1.6,0,-2,1.31,0
NaN:NaN:NaN,-1.6,0,-2,1.31,0
NaN:NaN:NaN,-1.6,0,-2,1.31,0
NaN:NaN:NaN,-1.6,0,-2,1.31,0
NaN:NaN:NaN,-1.5,0,-2,1.31,0
NaN:NaN:NaN,-1.6,0,-2,1.31,0
NaN:NaN:NaN,-1.6,0,-2,1.31,0
NaN:NaN:NaN,-1.6,0,-2,1.31,0
NaN:NaN:NaN,-1.6,0,-2,1.31,0
NaN:NaN:NaN,-1.6,0,-2,1.31,0
NaN:NaN:NaN,-1.6,0,-2,1.31,0
NaN:NaN:NaN,-1.6,0,-2,1.31,0
NaN:NaN:NaN,-1.6,0,-2,1.31,0
NaN:NaN:NaN,-1.6,0,-2,1.31,0
NaN:NaN:NaN,-1.6,0,-2,1.31,0
NaN:NaN:NaN,-1.6,0,-2,1.31,0
NaN:NaN:NaN,-1.6,0,-2,1.31,0
NaN:NaN:NaN,-1.6,0,-2,1.31,0
NaN:NaN:NaN,-1.6,0,-2,1.31,0
NaN:NaN:NaN,-1.6,0,-2,1.31,0
NaN:NaN:NaN,-1,0,-2,1.31,1
NaN:NaN:NaN,0.3,0,-2,1.31,3.8
NaN:NaN:NaN,0.9,0,-2,1.31,3.7
NaN:NaN:NaN,2.1,0,-2,1.31,3.5
NaN:NaN:NaN,3,0,-2,1.31,3.7
NaN:NaN:NaN,3.6,0,-2,1.31,3.5
NaN:NaN:NaN,4.2,0,-2,1.31,3.7
NaN:NaN:NaN,4.7,0,-2,1.31,3.7
NaN:NaN:NaN,5.1,0,-2,1.31,3.5
NaN:NaN:NaN,5.4,0,-2,1.31,3.7
NaN:NaN:NaN,5.6,0,-2,1.31,3.5
NaN:NaN:NaN,5.8,0,-2,1.31,3.7
NaN:NaN:NaN,6,0,-2,1.31,3.5
NaN:NaN:NaN,6,0,-2,1.31,3.7
NaN:NaN:NaN,6,0,-2,1.31,3.7
NaN:NaN:NaN,6.1,0,-2,1.31,3.5
NaN:NaN:NaN,5.9,0,-2,1.31,3.7
NaN:NaN:NaN,6,0,-2,1.31,3.7
NaN:NaN:NaN,6.2,0,-2,1.31,3.7
NaN:NaN:NaN,6.3,0,-2,1.31,3.7
NaN:NaN:NaN,6.5,0,-2,1.31,3.8
NaN:NaN:NaN,6.4,0,-2,1.31,3.8
NaN:NaN:NaN,6.8,0,-2,1.31,4.2
NaN:NaN:NaN,7.2,0,-2,1.31,4.5
NaN:NaN:NaN,7.2,0,-2,1.31,4.7
NaN:NaN:NaN,7.7,0,-2,1.31,4.8
NaN:NaN:NaN,7.4,0,-2,1.31,4.8
NaN:NaN:NaN,7.8,0,-2,1.31,4.9
NaN:NaN:NaN,8.2,0,-2,1.31,4.9
NaN:NaN:NaN,8.2,0,-2,1.31,5.2
NaN:NaN:NaN,8.6,0,-2,1.31,5.2
NaN:NaN:NaN,8.9,0,-2,1.31,5.1
NaN:NaN:NaN,9.1,0,-2,1.31,5.2
NaN:NaN:NaN,9.4,0,-2,1.31,5.1
NaN:NaN:NaN,9.5,0,-2,1.31,5.2
NaN:NaN:NaN,9.5,0,-2,1.31,5.2
NaN:NaN:NaN,9.6,0,-2,1.31,5.1
NaN:NaN:NaN,9.6,0,-2,1.31,5.2
NaN:NaN:NaN,9.5,0,-2,1.31,5.1
NaN:NaN:NaN,9.4,0,-2,1.31,5.2
NaN:NaN:NaN,9.4,0,-2,1.31,5.2
NaN:NaN:NaN,9.4,0,-2,1.31,5.1
NaN:NaN:NaN,9.3,0,-2,1.31,5.2
NaN:NaN:NaN,9.2,0,-2,1.31,5.2
NaN:NaN:NaN,8.9,0,-2,1.31,5.1
NaN:NaN:NaN,8.8,0,-2,1.31,5.2
NaN:NaN:NaN,8.4,0,-2,1.31,5.2
NaN:NaN:NaN,8.2,0,-2,1.31,5.1
NaN:NaN:NaN,7.9,0,-2,1.31,5.2
NaN:NaN:NaN,7.7,0,-2,1.31,5.2
NaN:NaN:NaN,7.8,0,-2,1.31,5.1
NaN:NaN:NaN,7.7,0,-2,1.31,5.2
NaN:NaN:NaN,7.5,0,-2,1.31,5.2
NaN:NaN:NaN,7.2,0,-2,1.31,5.2
NaN:NaN:NaN,7.1,0,-2,1.31,5.1
NaN:NaN:NaN,6.9,0,-2,1.31,5.2
NaN:NaN:NaN,6.8,0,-2,1.31,5.2
NaN:NaN:NaN,6.9,0,-2,1.31,5.2
NaN:NaN:NaN,6.7,0,-2,1.31,5.1
NaN:NaN:NaN,6.6,0,-2,1.31,5.2
NaN:NaN:NaN,6.6,0,-2,1.31,5.2
NaN:NaN:NaN,6.4,0,-2,1.31,5.2
NaN:NaN:NaN,6.3,0,-2,1.31,5.2
NaN:NaN:NaN,6.5,0,-2,1.3,5.2
NaN:NaN:NaN,6.4,0,-2,1.3,5.1
NaN:NaN:NaN,6.5,0,-2,1.3,5.2
NaN:NaN:NaN,6.3,0,-2,1.3,5.2
NaN:NaN:NaN,6.2,0,-2,1.3,5.2
NaN:NaN:NaN,6.3,0,-2,1.3,5.2
NaN:NaN:NaN,6.7,0,-2,1.3,5.4
NaN:NaN:NaN,7.7,0,-2,1.3,5.8
NaN:NaN:NaN,7.8,0,-2,1.3,5.8
NaN:NaN:NaN,8.1,0,-2,1.3,5.8
NaN:NaN:NaN,8.5,0,-2,1.3,6.1
NaN:NaN:NaN,8.8,0,-2,1.3,6.2
NaN:NaN:NaN,8.9,0,-2,1.3,6.2
NaN:NaN:NaN,8.9,0,-2,1.3,6.2
NaN:NaN:NaN,8.9,0,-2,1.3,6.1
NaN:NaN:NaN,8.9,0,-2,1.3,6.2
NaN:NaN:NaN,8.9,0,-2,1.3,6.2
NaN:NaN:NaN,8.8,0,-2,1.3,6.2
NaN:NaN:NaN,8.8,0,-2,1.29,6.2
NaN:NaN:NaN,8.7,0,-2,1.29,6.1
NaN:NaN:NaN,8.4,0,-2,1.29,6.2
NaN:NaN:NaN,8.3,0,-2,1.29,6.2
NaN:NaN:NaN,8.2,0,-2,1.29,6.2
NaN:NaN:NaN,8.1,0,-2,1.29,6.1
NaN:NaN:NaN,8.1,0,-2,1.29,6.2
NaN:NaN:NaN,8.1,0,-2,1.29,6.2
NaN:NaN:NaN,8.2,0,-2,1.29,6.2
NaN:NaN:NaN,8.2,0,-2,1.29,6.1
NaN:NaN:NaN,8.3,0,-2,1.29,6.2
NaN:NaN:NaN,8.4,0,-2,1.29,6.2
NaN:NaN:NaN,8.4,0,-2,1.29,6.2
NaN:NaN:NaN,8.4,0,-2,1.29,6.2
NaN:NaN:NaN,8.4,0,-2,1.29,6.1
NaN:NaN:NaN,8.2,0,-2,1.29,6.2
NaN:NaN:NaN,8,0,-2,1.3,6.2
NaN:NaN:NaN,8,0,-2,1.3,6.2
NaN:NaN:NaN,8,0,-2,1.3,6.2
NaN:NaN:NaN,8,0,-2,1.3,6.1
NaN:NaN:NaN,8.2,0,-2,1.31,6.2
NaN:NaN:NaN,8.3,0,-2,1.31,6.2
NaN:NaN:NaN,8.4,0,-2,1.31,6.2
NaN:NaN:NaN,8.5,0,-2,1.32,6.2
NaN:NaN:NaN,8.5,0,-2,1.32,6.1
NaN:NaN:NaN,8.6,0,-2,1.32,6.2
NaN:NaN:NaN,8.6,0,-2,1.32,6.2
NaN:NaN:NaN,8.5,0,-2,1.32,6.2
NaN:NaN:NaN,8.5,0,-2,1.32,6.2
NaN:NaN:NaN,8.3,0,-2,1.31,6.1
NaN:NaN:NaN,8.2,0,-2,1.31,6.2
NaN:NaN:NaN,8,0,-2,1.31,6.2
NaN:NaN:NaN,7.9,0,-2,1.31,6.2
NaN:NaN:NaN,7.8,0,-2,1.31,6.2
NaN:NaN:NaN,7.9,0,-2,1.31,6.2
NaN:NaN:NaN,7.9,0,-2,1.31,6.1
NaN:NaN:NaN,8.1,0,-2,1.3,6.2
NaN:NaN:NaN,8.1,0,-2,1.3,6.2
NaN:NaN:NaN,8.2,0,-2,1.31,6.2
NaN:NaN:NaN,8,0,-2,1.31,6.2
NaN:NaN:NaN,8.6,0,-2,1.31,6.8
NaN:NaN:NaN,8.6,0,-2,1.31,7.7
NaN:NaN:NaN,8.1,0,-2,1.31,7
NaN:NaN:NaN,8.4,0,-2,1.31,6.1
NaN:NaN:NaN,8.2,0,-2,1.31,6.3
NaN:NaN:NaN,8.5,0,-2,1.31,6.3
NaN:NaN:NaN,9.3,0,-2,1.31,7.6
NaN:NaN:NaN,10.2,0,-2,1.31,8.1
NaN:NaN:NaN,9.9,0,-2,1.31,8.2
NaN:NaN:NaN,10.2,0,-2,1.31,8.1
NaN:NaN:NaN,10.3,0,-2,1.32,8.2
NaN:NaN:NaN,10.7,0,-2,1.31,8.1
NaN:NaN:NaN,10.2,0,-2,1.31,8.2
NaN:NaN:NaN,10.1,0,-2,1.31,8.2
NaN:NaN:NaN,10.2,0,-2,1.31,8.2
NaN:NaN:NaN,10.4,0,-2,1.31,8.4
NaN:NaN:NaN,10.9,0,-2,1.31,8.5
NaN:NaN:NaN,10.9,0,-2,1.31,8.7
NaN:NaN:NaN,11.4,0,-2,1.32,8.9
NaN:NaN:NaN,11.6,0,-2,1.32,8.8
NaN:NaN:NaN,12.2,0,-2,1.31,9.1
NaN:NaN:NaN,11.7,0,-2,1.31,9.3
NaN:NaN:NaN,11.7,0,-2,1.31,9.3
NaN:NaN:NaN,12,0,-2,1.31,9.5
NaN:NaN:NaN,12.4,0,-2,1.31,9.7
NaN:NaN:NaN,12.6,0,-2,1.31,9.9
NaN:NaN:NaN,12.8,0,-2,1.31,9.9
NaN:NaN:NaN,13.7,0,-2,1.31,10.3
NaN:NaN:NaN,14.2,0,-2,1.31,10.6
NaN:NaN:NaN,14.8,0,-2,1.31,11
NaN:NaN:NaN,15.3,0,-2,1.31,11.3
NaN:NaN:NaN,15.3,0,-2,1.31,11.6
NaN:NaN:NaN,16.1,0,-2,1.31,11.5
NaN:NaN:NaN,15.7,0,-2,1.31,11.7
NaN:NaN:NaN,15.5,0,-2,1.31,11.7
NaN:NaN:NaN,15.7,0,-2,1.31,11.6
NaN:NaN:NaN,15.4,0,-2,1.31,11.8
NaN:NaN:NaN,16.8,0,-2,1.31,11.8
NaN:NaN:NaN,16.7,0,-2,1.31,11.9
NaN:NaN:NaN,16.3,0,-2,1.31,12.1
NaN:NaN:NaN,16.9,0,-2,1.31,12.2
NaN:NaN:NaN,17.1,0,-2,1.31,12.2
NaN:NaN:NaN,16.9,0,-2,1.31,12.2
NaN:NaN:NaN,16.7,0,-2,1.31,12.3
NaN:NaN:NaN,16.8,0,-2,1.31,12.3
NaN:NaN:NaN,16.8,0,-2,1.31,12.2
NaN:NaN:NaN,16.7,0,-2,1.31,12.3
NaN:NaN:NaN,16.8,0,-2,1.31,12.4
NaN:NaN:NaN,16.8,0,-2,1.31,12.2
NaN:NaN:NaN,16.5,0,-2,1.31,12.3
NaN:NaN:NaN,16.6,0,-2,1.31,12.2
NaN:NaN:NaN,16.6,0,-2,1.31,12.3
NaN:NaN:NaN,16.7,0,-2,1.31,12.2
NaN:NaN:NaN,16.9,0,-2,1.31,12.3
NaN:NaN:NaN,16.6,0,-2,1.31,12.3
NaN:NaN:NaN,16.6,0,-2,1.31,12.2
NaN:NaN:NaN,16.3,0,-2,1.32,12.3
NaN:NaN:NaN,16.3,0,-2,1.32,12.2
NaN:NaN:NaN,16.2,0,-2,1.32,12.3
NaN:NaN:NaN,16.2,0,-2,1.32,12.3
NaN:NaN:NaN,16.4,0,-2,1.32,12.2
NaN:NaN:NaN,16.1,0,-2,1.32,12.3
NaN:NaN:NaN,15.8,0,-2,1.32,12.2
NaN:NaN:NaN,16.4,0,-2,1.32,12.3
NaN:NaN:NaN,16.1,0,-2,1.32,12.4
NaN:NaN:NaN,16.1,0,-2,1.32,12.2
NaN:NaN:NaN,15.8,0,-2,1.32,12.3
NaN:NaN:NaN,16.1,0,-2,1.32,12.3
NaN:NaN:NaN,16.2,0,-2,1.32,12.3
NaN:NaN:NaN,15.8,0,-2,1.31,12.3
NaN:NaN:NaN,16.1,0,-2,1.31,12.3
NaN:NaN:NaN,16.1,0,-2,1.31,12.2
NaN:NaN:NaN,15.8,0,-2,1.32,12.3
NaN:NaN:NaN,15.9,0,-2,1.32,12.2
NaN:NaN:NaN,15.8,0,-2,1.32,12.3
NaN:NaN:NaN,15.9,0,-2,1.32,12.4
NaN:NaN:NaN,15.9,0,-2,1.32,12.2
NaN:NaN:NaN,15.6,0,-2,1.32,12.3
NaN:NaN:NaN,15.4,0,-2,1.32,12.3
NaN:NaN:NaN,15.9,0,-2,1.32,12.2
NaN:NaN:NaN,15.8,0,-2,1.32,12.4
NaN:NaN:NaN,15.5,0,-2,1.32,12.3
NaN:NaN:NaN,15.9,0,-2,1.32,12.2
NaN:NaN:NaN,16.2,0,-2,1.32,12.3
NaN:NaN:NaN,15.7,0,-2,1.32,12.4
NaN:NaN:NaN,15.8,0,-2,1.32,12.2
NaN:NaN:NaN,16,0,-2,1.32,12.3
NaN:NaN:NaN,16.1,0,-2,1.32,12.3
NaN:NaN:NaN,15.5,0,-2,1.31,12.3
NaN:NaN:NaN,15.3,0,-2,1.31,12.3
NaN:NaN:NaN,15.5,0,-2,1.31,12.3
NaN:NaN:NaN,15.7,0,-2,1.31,12.2
NaN:NaN:NaN,15.5,0,-2,1.31,12.4
NaN:NaN:NaN,15.6,0,-2,1.31,12.3
NaN:NaN:NaN,15.4,0,-2,1.3,12.2
NaN:NaN:NaN,15.5,0,-2,1.3,12.4
NaN:NaN:NaN,15.7,0,-2,1.3,12.3
NaN:NaN:NaN,15.6,0,-2,1.3,12.2
NaN:NaN:NaN,15.9,0,-2,1.29,12.3
NaN:NaN:NaN,15.5,0,-2,1.29,12.4
NaN:NaN:NaN,15.6,0,-2,1.29,12.2
NaN:NaN:NaN,15.6,0,-2,1.29,12.3
NaN:NaN:NaN,15.9,0,-2,1.3,12.3
NaN:NaN:NaN,15.9,0,-2,1.3,12.4
NaN:NaN:NaN,15.3,0,-2,1.3,12.2
NaN:NaN:NaN,15.2,0,-2,1.3,12.3
NaN:NaN:NaN,15.3,0,-2,1.3,12.4
NaN:NaN:NaN,15.4,0,-2,1.3,12.2
NaN:NaN:NaN,15.4,0,-2,1.3,12.3
NaN:NaN:NaN,15.3,0,-2,1.3,12.4
NaN:NaN:NaN,15.5,0,-2,1.3,12.2
NaN:NaN:NaN,15.3,0,-2,1.3,12.3
NaN:NaN:NaN,15.7,0,-2,1.3,12.3
NaN:NaN:NaN,15.6,0,-2,1.3,12.3
NaN:NaN:NaN,15.4,0,-2,1.3,12.3
NaN:NaN:NaN,15.3,0,-2,1.3,12.3
NaN:NaN:NaN,15.1,0,-2,1.3,12.3
NaN:NaN:NaN,15.3,0,-2,1.31,12.3
NaN:NaN:NaN,15.2,0,-2,1.31,12.3
NaN:NaN:NaN,15.6,0,-2,1.31,12.4
NaN:NaN:NaN,15.5,0,-2,1.31,12.2
NaN:NaN:NaN,15.3,0,-2,1.31,12.3
NaN:NaN:NaN,14.9,0,-2,1.31,12.4
NaN:NaN:NaN,15,0,-2,1.31,12.2
NaN:NaN:NaN,14.9,0,-2,1.31,12.3
NaN:NaN:NaN,15.6,0,-2,1.31,12.4
NaN:NaN:NaN,15.5,0,-2,1.32,12.2
NaN:NaN:NaN,15.4,0,-2,1.32,12.3
NaN:NaN:NaN,15.2,0,-2,1.32,12.4
NaN:NaN:NaN,15,0,-2,1.32,12.3
NaN:NaN:NaN,15,0,-2,1.32,12.2
NaN:NaN:NaN,15.1,0,-2,1.32,12.4
NaN:NaN:NaN,15.4,0,-2,1.32,12.3
NaN:NaN:NaN,15.5,0,-2,1.32,12.3
NaN:NaN:NaN,15.3,0,-2,1.32,12.3
NaN:NaN:NaN,15.1,0,-2,1.32,12.3
NaN:NaN:NaN,14.8,0,-2,1.32,12.4
NaN:NaN:NaN,14.7,0,-2,1.31,12.2
NaN:NaN:NaN,15.3,0,-2,1.31,12.3
NaN:NaN:NaN,15.2,0,-2,1.31,12.4
NaN:NaN:NaN,15.1,0,-2,1.31,12.2
NaN:NaN:NaN,14.8,0,-2,1.31,12.3
NaN:NaN:NaN,15.2,0,-2,1.3,12.4
NaN:NaN:NaN,14.8,0,-2,1.3,12.3
NaN:NaN:NaN,14.7,0,-2,1.3,12.3
NaN:NaN:NaN,14.6,0,-2,1.3,12.3
NaN:NaN:NaN,14.8,0,-2,1.3,12.3
NaN:NaN:NaN,15.1,0,-2,1.3,12.3
NaN:NaN:NaN,15.1,0,-2,1.3,12.3
NaN:NaN:NaN,15.4,0,-2,1.3,12.3
NaN:NaN:NaN,15.3,0,-2,1.3,12.4
NaN:NaN:NaN,15.1,0,-2,1.3,12.2
NaN:NaN:NaN,14.7,0,-2,1.3,12.4
NaN:NaN:NaN,14.9,0,-2,1.31,12.3
NaN:NaN:NaN,14.6,0,-2,1.31,12.3
NaN:NaN:NaN,14.9,0,-2,1.31,12.3
NaN:NaN:NaN,14.8,0,-2,1.31,12.4
NaN:NaN:NaN,15,0,-2,1.31,12.3
NaN:NaN:NaN,15.1,0,-2,1.31,12.3
NaN:NaN:NaN,15.1,0,-2,1.31,12.3
NaN:NaN:NaN,15.3,0,-2,1.31,12.3
NaN:NaN:NaN,15.1,0,-2,1.31,12.3
NaN:NaN:NaN,15.3,0,-2,1.31,12.3
NaN:NaN:NaN,15.3,0,-2,1.32,12.4
NaN:NaN:NaN,15.4,0,-2,1.32,12.3
NaN:NaN:NaN,14.9,0,-2,1.32,12.3
NaN:NaN:NaN,15,0,-2,1.32,12.3
NaN:NaN:NaN,14.9,0,-2,1.32,12.3
NaN:NaN:NaN,14.9,0,-2,1.33,12.4
NaN:NaN:NaN,14.9,0,-2,1.33,12.2
NaN:NaN:NaN,15.2,0,-2,1.33,12.3
NaN:NaN:NaN,15.3,0,-2,1.33,12.4
NaN:NaN:NaN,15,0,-2,1.33,12.2
NaN:NaN:NaN,15,0,-2,1.33,12.4
NaN:NaN:NaN,14.8,0,-2,1.34,12.3
NaN:NaN:NaN,14.8,0,-2,1.34,12.4
NaN:NaN:NaN,14.4,0,-2,1.34,12.2
NaN:NaN:NaN,14.6,0,-2,1.34,12.4
NaN:NaN:NaN,14.2,0,-2,1.34,12.3
NaN:NaN:NaN,14.4,0,-2,1.35,12.3
NaN:NaN:NaN,14.5,0,-2,1.35,12.3
NaN:NaN:NaN,14.5,0,-2,1.35,12.3
NaN:NaN:NaN,14.5,0,-2,1.35,12.4
NaN:NaN:NaN,14.8,0,-2,1.35,12.3
NaN:NaN:NaN,15.3,0,-2,1.35,12.3
NaN:NaN:NaN,15.1,0,-2,1.35,12.3
NaN:NaN:NaN,15.3,0,-2,1.35,12.4
NaN:NaN:NaN,14.8,0,-2,1.35,12.3
NaN:NaN:NaN,14.9,0,-2,1.34,12.3
NaN:NaN:NaN,14.8,0,-2,1.34,12.3
NaN:NaN:NaN,15,0,-2,1.34,12.4
NaN:NaN:NaN,14.8,0,-2,1.33,12.3
NaN:NaN:NaN,14.8,0,-2,1.33,12.3
NaN:NaN:NaN,14.6,0,-2,1.33,12.3
NaN:NaN:NaN,14.4,0,-2,1.32,12.4
NaN:NaN:NaN,14.5,0,-2,1.32,12.2
NaN:NaN:NaN,14.5,0,-2,1.32,12.4
NaN:NaN:NaN,14.5,0,-2,1.32,12.3
NaN:NaN:NaN,14.6,0,-2,1.31,12.3
NaN:NaN:NaN,14.8,0,-2,1.31,12.3
NaN:NaN:NaN,14.8,0,-2,1.31,12.3
NaN:NaN:NaN,14.7,0,-2,1.3,12.4
NaN:NaN:NaN,14.9,0,-2,1.3,12.3
NaN:NaN:NaN,14.6,0,-2,1.3,12.3
NaN:NaN:NaN,15.1,0,-2,1.3,12.3
NaN:NaN:NaN,15.1,0,-2,1.3,12.4
NaN:NaN:NaN,15.2,0,-2,1.3,12.3
NaN:NaN:NaN,14.9,0,-2,1.3,12.3
NaN:NaN:NaN,15,0,-2,1.3,12.3
NaN:NaN:NaN,14.8,0,-2,1.3,12.4
NaN:NaN:NaN,14.6,0,-2,1.3,12.3
NaN:NaN:NaN,14.8,0,-2,1.3,12.3
NaN:NaN:NaN,14.9,0,-2,1.3,12.3
NaN:NaN:NaN,14.9,0,-2,1.3,12.4
NaN:NaN:NaN,14.6,0,-2,1.3,12.3
NaN:NaN:NaN,14.7,0,-2,1.3,12.3
NaN:NaN:NaN,14.5,0,-2,1.3,12.3
NaN:NaN:NaN,14.6,0,-2,1.3,12.4
NaN:NaN:NaN,14.6,0,-2,1.3,12.3
NaN:NaN:NaN,14.4,0,-2,1.3,12.3
NaN:NaN:NaN,14.6,0,-2,1.3,12.3
NaN:NaN:NaN,14.4,0,-2,1.3,12.4
NaN:NaN:NaN,14.7,0,-2,1.3,12.3
NaN:NaN:NaN,14.5,0,-2,1.31,12.3
NaN:NaN:NaN,14.8,0,-2,1.31,12.3
NaN:NaN:NaN,14.5,0,-2,1.31,12.4
NaN:NaN:NaN,14.7,0,-2,1.31,12.2
NaN:NaN:NaN,14.7,0,-2,1.31,12.4
NaN:NaN:NaN,14.9,0,-2,1.31,12.3
NaN:NaN:NaN,14.9,0,-2,1.31,12.4
NaN:NaN:NaN,14.6,0,-2,1.31,12.3
NaN:NaN:NaN,14.9,0,-2,1.31,12.3
NaN:NaN:NaN,14.5,0,-2,1.31,12.4
NaN:NaN:NaN,14.7,0,-2,1.31,12.3
NaN:NaN:NaN,14.5,0,-2,1.31,12.4
NaN:NaN:NaN,14.6,0,-2,1.31,12.2
NaN:NaN:NaN,14.5,0,-2,1.31,12.4
NaN:NaN:NaN,14.5,0,-2,1.31,12.3
NaN:NaN:NaN,14.7,0,-2,1.31,12.4
NaN:NaN:NaN,14.6,0,-2,1.31,12.2
NaN:NaN:NaN,14.7,0,-2,1.31,12.4
NaN:NaN:NaN,14.5,0,-2,1.31,12.3
NaN:NaN:NaN,14.7,0,-2,1.31,12.4
NaN:NaN:NaN,14.6,0,-2,1.31,12.3
NaN:NaN:NaN,14.3,0,-2,1.31,12.3
NaN:NaN:NaN,14.3,0,-2,1.31,12.4
NaN:NaN:NaN,14.2,0,-2,1.31,12.3
NaN:NaN:NaN,14.4,0,-2,1.31,12.3
NaN:NaN:NaN,13.9,0,-2,1.31,12.4
NaN:NaN:NaN,14.1,0,-2,1.31,12.3
NaN:NaN:NaN,14.2,0,-2,1.3,12.4
NaN:NaN:NaN,14.4,0,-2,1.3,12.4
NaN:NaN:NaN,14.7,0,-2,1.3,12.2
NaN:NaN:NaN,14.5,0,-2,1.3,12.4
NaN:NaN:NaN,14.6,0,-2,1.3,12.3
NaN:NaN:NaN,14.5,0,-2,1.31,12.4
NaN:NaN:NaN,14.6,0,-2,1.31,12.2
NaN:NaN:NaN,14.5,0,-2,1.31,12.4
NaN:NaN:NaN,14.7,0,-2,1.31,12.3
NaN:NaN:NaN,14.6,0,-2,1.32,12.4
NaN:NaN:NaN,14.5,0,-2,1.31,12.3
NaN:NaN:NaN,14.8,0,-2,1.31,12.3
NaN:NaN:NaN,14.6,0,-2,1.31,12.4
NaN:NaN:NaN,14.7,0,-2,1.31,12.3
NaN:NaN:NaN,14.7,0,-2,1.3,12.4
NaN:NaN:NaN,14.6,0,-2,1.3,12.3
NaN:NaN:NaN,14.8,0,-2,1.3,12.3
NaN:NaN:NaN,14.5,0,-2,1.3,12.4
NaN:NaN:NaN,14.7,0,-2,1.3,12.3
NaN:NaN:NaN,14.3,0,-2,1.3,12.3
NaN:NaN:NaN,14.7,0,-2,1.3,12.3
NaN:NaN:NaN,14.6,0,-2,1.3,12.4
NaN:NaN:NaN,14.6,0,-2,1.31,12.4
NaN:NaN:NaN,14.4,0,-2,1.31,12.2
NaN:NaN:NaN,14.5,0,-2,1.31,12.4
NaN:NaN:NaN,14.6,0,-2,1.31,12.3
NaN:NaN:NaN,14.1,0,-2,1.31,12.4
NaN:NaN:NaN,14.5,0,-2,1.31,12.3
NaN:NaN:NaN,14.2,0,-2,1.31,12.3
NaN:NaN:NaN,14.2,0,-2,1.31,12.4
NaN:NaN:NaN,14.1,0,-2,1.3,12.3
NaN:NaN:NaN,13.9,0,-2,1.3,12.4
NaN:NaN:NaN,14.1,0,-2,1.3,12.2
NaN:NaN:NaN,14.1,0,-2,1.3,12.4
NaN:NaN:NaN,14.4,0,-2,1.29,12.4
NaN:NaN:NaN,14.1,0,-2,1.29,12.3
NaN:NaN:NaN,14,0,-2,1.29,12.4
NaN:NaN:NaN,14.3,0,-2,1.3,12.2
NaN:NaN:NaN,14,0,-2,1.3,12.4
NaN:NaN:NaN,14.5,0,-2,1.3,12.3
NaN:NaN:NaN,14.5,0,-2,1.3,12.4
NaN:NaN:NaN,14.8,0,-2,1.3,12.3
NaN:NaN:NaN,14.5,0,-2,1.3,12.3
NaN:NaN:NaN,14.4,0,-2,1.31,12.4
NaN:NaN:NaN,14.5,0,-2,1.31,12.4
NaN:NaN:NaN,14.1,0,-2,1.31,12.2
NaN:NaN:NaN,14.5,0,-2,1.31,12.4
NaN:NaN:NaN,14.1,0,-2,1.31,12.3
NaN:NaN:NaN,14.2,0,-2,1.31,12.4
NaN:NaN:NaN,14.2,0,-2,1.31,12.3
NaN:NaN:NaN,14.4,0,-2,1.31,12.3
NaN:NaN:NaN,14.2,0,-2,1.3,12.4
NaN:NaN:NaN,14.1,0,-2,1.3,12.3
NaN:NaN:NaN,14.1,0,-2,1.3,12.4
NaN:NaN:NaN,13.9,0,-2,1.3,12.2
NaN:NaN:NaN,13.9,0,-2,1.3,12.4
NaN:NaN:NaN,13.8,0,-2,1.3,12.4
NaN:NaN:NaN,13.8,0,-2,1.3,12.3
NaN:NaN:NaN,13.9,0,-2,1.3,12.4
NaN:NaN:NaN,14.2,0,-2,1.31,12.3
NaN:NaN:NaN,14.4,0,-2,1.31,12.3
NaN:NaN:NaN,14.4,0,-2,1.31,12.4
NaN:NaN:NaN,14.6,0,-2,1.31,12.4
NaN:NaN:NaN,14.5,0,-2,1.31,12.3
NaN:NaN:NaN,14.2,0,-2,1.31,12.3
NaN:NaN:NaN,14.5,0,-2,1.3,12.3
NaN:NaN:NaN,14.1,0,-2,1.3,12.4
NaN:NaN:NaN,14.3,0,-2,1.3,12.4
NaN:NaN:NaN,13.9,0,-2,1.29,12.2
NaN:NaN:NaN,14.3,0,-2,1.29,12.4
NaN:NaN:NaN,14,0,-2,1.29,12.4
NaN:NaN:NaN,14,0,-2,1.29,12.3
NaN:NaN:NaN,14.3,0,-2,1.29,12.4
NaN:NaN:NaN,14.1,0,-2,1.3,12.3
NaN:NaN:NaN,14.3,0,-2,1.3,12.3
NaN:NaN:NaN,14,0,-2,1.3,12.4
NaN:NaN:NaN,14.4,0,-2,1.3,12.3
NaN:NaN:NaN,14.6,0,-2,1.3,12.3
NaN:NaN:NaN,14.4,0,-2,1.3,12.4
NaN:NaN:NaN,14.2,0,-2,1.3,12.4
NaN:NaN:NaN,14.1,0,-2,1.31,12.3
NaN:NaN:NaN,14.3,0,-2,1.31,12.4
NaN:NaN:NaN,13.9,0,-2,1.31,12.2
NaN:NaN:NaN,14.1,0,-2,1.31,12.4
NaN:NaN:NaN,14,0,-2,1.31,12.4
NaN:NaN:NaN,13.7,0,-2,1.32,12.3
NaN:NaN:NaN,14.1,0,-2,1.32,12.4
NaN:NaN:NaN,14,0,-2,1.31,12.3
NaN:NaN:NaN,14.2,0,-2,1.31,12.3
NaN:NaN:NaN,14.1,0,-2,1.31,12.4
NaN:NaN:NaN,14.1,0,-2,1.3,12.4
NaN:NaN:NaN,14.2,0,-2,1.3,12.3
NaN:NaN:NaN,13.8,0,-2,1.3,12.3
NaN:NaN:NaN,14.4,0,-2,1.3,12.4
NaN:NaN:NaN,14.1,0,-2,1.3,12.3
NaN:NaN:NaN,13.9,0,-2,1.3,12.4
NaN:NaN:NaN,13.7,0,-2,1.3,12.3
NaN:NaN:NaN,13.7,0,-2,1.3,12.3
NaN:NaN:NaN,13.9,0,-2,1.3,12.4
NaN:NaN:NaN,13.9,0,-2,1.3,12.4
NaN:NaN:NaN,14.2,0,-2,1.3,12.3
NaN:NaN:NaN,14.2,0,-2,1.3,12.4
NaN:NaN:NaN,14,0,-2,1.3,12.3
NaN:NaN:NaN,14.1,0,-2,1.3,12.4
NaN:NaN:NaN,13.7,0,-2,1.31,12.3
NaN:NaN:NaN,14.1,0,-2,1.31,12.4
NaN:NaN:NaN,13.7,0,-2,1.31,12.2
NaN:NaN:NaN,14.1,0,-2,1.31,12.4
NaN:NaN:NaN,13.9,0,-2,1.31,12.4
NaN:NaN:NaN,14.1,0,-2,1.31,12.3
NaN:NaN:NaN,14.5,0,-2,1.3,12.4
NaN:NaN:NaN,13.9,0,-2,1.3,12.3
NaN:NaN:NaN,14.2,0,-2,1.3,12.3
NaN:NaN:NaN,13.9,0,-2,1.3,12.4
NaN:NaN:NaN,13.6,0,-2,1.3,12.4
NaN:NaN:NaN,14,0,-2,1.29,12.4
NaN:NaN:NaN,13.7,0,-2,1.29,12.2
NaN:NaN:NaN,14.1,0,-2,1.29,12.4
NaN:NaN:NaN,13.9,0,-2,1.29,12.4
NaN:NaN:NaN,14,0,-2,1.29,12.3
NaN:NaN:NaN,14.1,0,-2,1.29,12.4
NaN:NaN:NaN,13.7,0,-2,1.3,12.3
NaN:NaN:NaN,14.1,0,-2,1.3,12.3
NaN:NaN:NaN,13.9,0,-2,1.3,12.4
NaN:NaN:NaN,14,0,-2,1.3,12.4
NaN:NaN:NaN,13.9,0,-2,1.3,12.4
NaN:NaN:NaN,13.7,0,-2,1.3,12.2
NaN:NaN:NaN,14.2,0,-2,1.3,12.4
NaN:NaN:NaN,14,0,-2,1.3,12.4
NaN:NaN:NaN,14.1,0,-2,1.3,12.3
NaN:NaN:NaN,13.8,0,-2,1.3,12.4
NaN:NaN:NaN,14,0,-2,1.3,12.4
NaN:NaN:NaN,14,0,-2,1.3,12.3
NaN:NaN:NaN,13.9,0,-2,1.3,12.3
NaN:NaN:NaN,14.3,0,-2,1.3,12.4
NaN:NaN:NaN,14.2,0,-2,1.3,12.4
NaN:NaN:NaN,14.1,0,-2,1.31,12.3
NaN:NaN:NaN,13.9,0,-2,1.31,12.3
NaN:NaN:NaN,13.4,0,-2,1.31,12.4
NaN:NaN:NaN,14,0,-2,1.31,12.4
NaN:NaN:NaN,13.8,0,-2,1.31,12.3
NaN:NaN:NaN,14.3,0,-2,1.31,12.4
NaN:NaN:NaN,14.2,0,-2,1.31,12.3
NaN:NaN:NaN,13.9,0,-2,1.31,12.4
NaN:NaN:NaN,14,0,-2,1.3,12.3
NaN:NaN:NaN,13.4,0,-2,1.3,12.4
NaN:NaN:NaN,13.7,0,-2,1.3,12.4
NaN:NaN:NaN,13.6,0,-2,1.29,12.3
NaN:NaN:NaN,13.9,0,-2,1.29,12.3
NaN:NaN:NaN,14.4,0,-2,1.29,12.4
NaN:NaN:NaN,13.8,0,-2,1.3,12.4
NaN:NaN:NaN,13.7,0,-2,1.3,12.4
NaN:NaN:NaN,13.6,0,-2,1.3,12.2
NaN:NaN:NaN,13.6,0,-2,1.3,12.4
NaN:NaN:NaN,13.7,0,-2,1.3,12.4
NaN:NaN:NaN,13.7,0,-2,1.3,12.3
NaN:NaN:NaN,14,0,-2,1.3,12.4
NaN:NaN:NaN,13.8,0,-2,1.3,12.4
NaN:NaN:NaN,13.9,0,-2,1.3,12.3
NaN:NaN:NaN,13.8,0,-2,1.31,12.3
NaN:NaN:NaN,13.4,0,-2,1.31,12.4
NaN:NaN:NaN,13.8,0,-2,1.31,12.4
NaN:NaN:NaN,13.7,0,-2,1.31,12.3
NaN:NaN:NaN,13.9,0,-2,1.31,12.3
NaN:NaN:NaN,14,0,-2,1.31,12.4
NaN:NaN:NaN,13.7,0,-2,1.3,12.3
NaN:NaN:NaN,13.8,0,-2,1.3,12.4
NaN:NaN:NaN,13.5,0,-2,1.3,12.4
NaN:NaN:NaN,13.7,0,-2,1.3,12.3
NaN:NaN:NaN,13.7,0,-2,1.3,12.3
NaN:NaN:NaN,13.7,0,-2,1.3,12.4
NaN:NaN:NaN,14,0,-2,1.3,12.4
NaN:NaN:NaN,14,0,-2,1.31,12.4
NaN:NaN:NaN,14,0,-2,1.31,12.4
NaN:NaN:NaN,13.9,0,-2,1.31,12.2
NaN:NaN:NaN,13.7,0,-2,1.31,12.4
NaN:NaN:NaN,14.1,0,-2,1.31,12.4
NaN:NaN:NaN,14,0,-2,1.31,12.4
NaN:NaN:NaN,14.2,0,-2,1.31,12.3
NaN:NaN:NaN,14,0,-2,1.31,12.3
NaN:NaN:NaN,13.7,0,-2,1.31,12.4
NaN:NaN:NaN,13.7,0,-2,1.31,12.4
NaN:NaN:NaN,13.5,0,-2,1.3,12.3
NaN:NaN:NaN,14.1,0,-2,1.3,12.4
NaN:NaN:NaN,13.9,0,-2,1.3,12.4
NaN:NaN:NaN,13.9,0,-2,1.3,12.3
NaN:NaN:NaN,14,0,-2,1.3,12.4
NaN:NaN:NaN,13.6,0,-2,1.3,12.3
NaN:NaN:NaN,14,0,-2,1.3,12.4
NaN:NaN:NaN,14,0,-2,1.3,12.4
NaN:NaN:NaN,13.9,0,-2,1.3,12.3
NaN:NaN:NaN,14.2,0,-2,1.3,12.4
NaN:NaN:NaN,13.8,0,-2,1.3,12.4
NaN:NaN:NaN,14.1,0,-2,1.31,12.3
NaN:NaN:NaN,14,0,-2,1.31,12.4
NaN:NaN:NaN,13.9,0,-2,1.31,12.4
NaN:NaN:NaN,14.2,0,-2,1.31,12.3
NaN:NaN:NaN,13.5,0,-2,1.31,12.3
NaN:NaN:NaN,13.8,0,-2,1.31,12.4
NaN:NaN:NaN,13.6,0,-2,1.31,12.4
NaN:NaN:NaN,13.8,0,-2,1.32,12.4
NaN:NaN:NaN,14.4,0,-2,1.32,12.3
NaN:NaN:NaN,13.9,0,-2,1.32,12.3
NaN:NaN:NaN,13.7,0,-2,1.32,12.4
NaN:NaN:NaN,13.6,0,-2,1.32,12.3
NaN:NaN:NaN,13.9,0,-2,1.32,12.4
NaN:NaN:NaN,14.4,0,-2,1.32,12.4
NaN:NaN:NaN,14,0,-2,1.32,12.4
NaN:NaN:NaN,13.8,0,-2,1.31,12.3
NaN:NaN:NaN,13.7,0,-2,1.31,12.3
NaN:NaN:NaN,13.8,0,-2,1.31,12.4
NaN:NaN:NaN,14.2,0,-2,1.3,12.4
NaN:NaN:NaN,14,0,-2,1.3,12.4
NaN:NaN:NaN,14,0,-2,1.3,12.2
NaN:NaN:NaN,13.8,0,-2,1.3,12.4
NaN:NaN:NaN,13.5,0,-2,1.3,12.4
NaN:NaN:NaN,13.7,0,-2,1.3,12.4
NaN:NaN:NaN,13.7,0,-2,1.3,12.3
NaN:NaN:NaN,14.2,0,-2,1.31,12.4
NaN:NaN:NaN,14,0,-2,1.31,12.3
NaN:NaN:NaN,13.9,0,-2,1.31,12.3
NaN:NaN:NaN,14,0,-2,1.31,12.4
NaN:NaN:NaN,13.4,0,-2,1.31,12.4
NaN:NaN:NaN,13.4,0,-2,1.31,12.4
NaN:NaN:NaN,13.3,0,-2,1.31,12.3
NaN:NaN:NaN,13.6,0,-2,1.32,12.3
NaN:NaN:NaN,14.4,0,-2,1.32,12.4
NaN:NaN:NaN,13.7,0,-2,1.32,12.3
NaN:NaN:NaN,13.9,0,-2,1.31,12.4
NaN:NaN:NaN,13.6,0,-2,1.31,12.4
NaN:NaN:NaN,13.4,0,-2,1.31,12.4
NaN:NaN:NaN,13.6,0,-2,1.31,12.3
NaN:NaN:NaN,13.7,0,-2,1.3,12.3
NaN:NaN:NaN,13.9,0,-2,1.3,12.4
NaN:NaN:NaN,13.7,0,-2,1.3,12.4
NaN:NaN:NaN,13.5,0,-2,1.3,12.4
NaN:NaN:NaN,13.5,0,-2,1.3,12.4
NaN:NaN:NaN,13.5,0,-2,1.3,12.2
NaN:NaN:NaN,14.2,0,-2,1.31,12.4
NaN:NaN:NaN,13.7,0,-2,1.31,12.4
NaN:NaN:NaN,13.6,0,-2,1.31,12.4
NaN:NaN:NaN,13.5,0,-2,1.31,12.3
NaN:NaN:NaN,13.1,0,-2,1.3,12.4
NaN:NaN:NaN,13.7,0,-2,1.3,12.4
NaN:NaN:NaN,14,0,-2,1.3,12.3
NaN:NaN:NaN,13.7,0,-2,1.3,12.3
NaN:NaN:NaN,13.8,0,-2,1.3,12.4
NaN:NaN:NaN,13.5,0,-2,1.3,12.4
NaN:NaN:NaN,13.7,0,-2,1.3,12.4
NaN:NaN:NaN,14.3,0,-2,1.3,12.4
NaN:NaN:NaN,13.8,0,-2,1.3,12.3
NaN:NaN:NaN,13.6,0,-2,1.31,12.3
NaN:NaN:NaN,13.5,0,-2,1.31,12.4
NaN:NaN:NaN,14,0,-2,1.31,12.4
NaN:NaN:NaN,13.9,0,-2,1.31,12.4
NaN:NaN:NaN,13.4,0,-2,1.31,12.4
NaN:NaN:NaN,13.8,0,-2,1.31,12.4
NaN:NaN:NaN,13.9,0,-2,1.3,12.3
NaN:NaN:NaN,13.7,0,-2,1.3,12.4
NaN:NaN:NaN,13.8,0,-2,1.3,12.3
NaN:NaN:NaN,13.4,0,-2,1.3,12.4
NaN:NaN:NaN,13.6,0,-2,1.3,12.4
NaN:NaN:NaN,13.7,0,-2,1.3,12.3
NaN:NaN:NaN,13.5,0,-2,1.3,12.4
NaN:NaN:NaN,13.6,0,-2,1.3,12.3
NaN:NaN:NaN,13.6,0,-2,1.3,12.4
NaN:NaN:NaN,13.9,0,-2,1.31,12.4
NaN:NaN:NaN,13.9,0,-2,1.31,12.4
NaN:NaN:NaN,13.8,0,-2,1.31,12.3
NaN:NaN:NaN,13.7,0,-2,1.31,12.4
NaN:NaN:NaN,13.4,0,-2,1.31,12.4
NaN:NaN:NaN,13.9,0,-2,1.31,12.4
NaN:NaN:NaN,14,0,-2,1.31,12.4
NaN:NaN:NaN,13.6,0,-2,1.31,12.4
NaN:NaN:NaN,14.1,0,-2,1.31,12.3
NaN:NaN:NaN,13.5,0,-2,1.3,12.4
NaN:NaN:NaN,13.6,0,-2,1.3,12.3
NaN:NaN:NaN,14.2,0,-2,1.3,12.4
NaN:NaN:NaN,13.7,0,-2,1.3,12.4
NaN:NaN:NaN,13.6,0,-2,1.3,12.4
NaN:NaN:NaN,13.6,0,-2,1.3,12.3
NaN:NaN:NaN,13.9,0,-2,1.3,12.4
NaN:NaN:NaN,14.2,0,-2,1.3,12.4
NaN:NaN:NaN,13.5,0,-2,1.3,12.3
NaN:NaN:NaN,13.6,0,-2,1.3,12.4
NaN:NaN:NaN,13.9,0,-2,1.3,12.4
NaN:NaN:NaN,13.8,0,-2,1.3,12.3
NaN:NaN:NaN,14,0,-2,1.3,12.4
NaN:NaN:NaN,13.4,0,-2,1.3,12.4
NaN:NaN:NaN,13.7,0,-2,1.3,12.4
NaN:NaN:NaN,13.9,0,-2,1.3,12.4
NaN:NaN:NaN,13.3,0,-2,1.3,12.3
NaN:NaN:NaN,13.6,0,-2,1.31,12.4
NaN:NaN:NaN,13.9,0,-2,1.31,12.3
NaN:NaN:NaN,13.5,0,-2,1.31,12.4
NaN:NaN:NaN,13.9,0,-2,1.31,12.4
NaN:NaN:NaN,13.4,0,-2,1.31,12.4
NaN:NaN:NaN,13.8,0,-2,1.31,12.4
NaN:NaN:NaN,14.1,0,-2,1.31,12.4
NaN:NaN:NaN,13.5,0,-2,1.31,12.3
NaN:NaN:NaN,13.5,0,-2,1.31,12.4
NaN:NaN:NaN,13.6,0,-2,1.31,12.4
NaN:NaN:NaN,13.7,0,-2,1.31,12.3
NaN:NaN:NaN,13.7,0,-2,1.31,12.5
NaN:NaN:NaN,13.7,0,-2,1.31,12.4
NaN:NaN:NaN,13.8,0,-2,1.31,12.3
NaN:NaN:NaN,13.5,0,-2,1.31,12.3
NaN:NaN:NaN,13.8,0,-2,1.31,12.4
NaN:NaN:NaN,14.1,0,-2,1.31,12.4
NaN:NaN:NaN,13.6,0,-2,1.31,12.4
NaN:NaN:NaN,13.4,0,-2,1.31,12.4
NaN:NaN:NaN,14,0,-2,1.31,12.4
NaN:NaN:NaN,13.2,0,-2,1.31,12.3
NaN:NaN:NaN,13.6,0,-2,1.32,12.4
NaN:NaN:NaN,13.6,0,-2,1.32,12.4
NaN:NaN:NaN,13.6,0,-2,1.31,12.4
NaN:NaN:NaN,13.7,0,-2,1.31,12.3
NaN:NaN:NaN,13.2,0,-2,1.31,12.4
NaN:NaN:NaN,13.8,0,-2,1.31,12.4
NaN:NaN:NaN,13.9,0,-2,1.3,12.3
NaN:NaN:NaN,13.5,0,-2,1.3,12.4
NaN:NaN:NaN,13.8,0,-2,1.3,12.4
NaN:NaN:NaN,13.4,0,-2,1.29,12.4
NaN:NaN:NaN,13.8,0,-2,1.3,12.4
NaN:NaN:NaN,13.7,0,-2,1.3,12.4
NaN:NaN:NaN,13.4,0,-2,1.3,12.4
NaN:NaN:NaN,13.7,0,-2,1.3,12.3
NaN:NaN:NaN,13.6,0,-2,1.3,12.4
NaN:NaN:NaN,13.8,0,-2,1.3,12.4
NaN:NaN:NaN,13.8,0,-2,1.3,12.4
NaN:NaN:NaN,13.4,0,-2,1.3,12.4
NaN:NaN:NaN,13.7,0,-2,1.3,12.4
NaN:NaN:NaN,13.9,0,-2,1.3,12.3
NaN:NaN:NaN,13.3,0,-2,1.3,12.4
NaN:NaN:NaN,13.7,0,-2,1.3,12.4
NaN:NaN:NaN,13.7,0,-2,1.3,12.4
NaN:NaN:NaN,13.2,0,-2,1.3,12.4
NaN:NaN:NaN,13.9,0,-2,1.3,12.4
NaN:NaN:NaN,13.6,0,-2,1.3,12.4
NaN:NaN:NaN,13.6,0,-2,1.3,12.3
NaN:NaN:NaN,13.3,0,-2,1.3,12.4
NaN:NaN:NaN,13.6,0,-2,1.3,12.4
NaN:NaN:NaN,13.4,0,-2,1.3,12.4
NaN:NaN:NaN,13.4,0,-2,1.3,12.3
NaN:NaN:NaN,13.7,0,-2,1.3,12.4
NaN:NaN:NaN,13.4,0,-2,1.3,12.4
NaN:NaN:NaN,13.2,0,-2,1.3,12.3
NaN:NaN:NaN,13.8,0,-2,1.3,12.4
NaN:NaN:NaN,13.9,0,-2,1.3,12.4
NaN:NaN:NaN,13.6,0,-2,1.3,12.4
NaN:NaN:NaN,14,0,-2,1.3,12.4
NaN:NaN:NaN,13.5,0,-2,1.3,12.4
NaN:NaN:NaN,13.3,0,-2,1.3,12.4
NaN:NaN:NaN,13.9,0,-2,1.3,12.3
NaN:NaN:NaN,13.5,0,-2,1.3,12.4
NaN:NaN:NaN,13.6,0,-2,1.3,12.4
NaN:NaN:NaN,13.7,0,-2,1.3,12.4
NaN:NaN:NaN,13.2,0,-2,1.3,12.4
NaN:NaN:NaN,13.6,0,-2,1.3,12.4
NaN:NaN:NaN,13.7,0,-2,1.3,12.4
NaN:NaN:NaN,13.4,0,-2,1.3,12.3
NaN:NaN:NaN,13.4,0,-2,1.3,12.4
NaN:NaN:NaN,13.3,0,-2,1.3,12.4
NaN:NaN:NaN,13.5,0,-2,1.3,12.4
NaN:NaN:NaN,13.4,0,-2,1.3,12.4
NaN:NaN:NaN,13.4,0,-2,1.3,12.4
NaN:NaN:NaN,13.7,0,-2,1.3,12.4
NaN:NaN:NaN,13.3,0,-2,1.3,12.3
NaN:NaN:NaN,13.5,0,-2,1.3,12.4
NaN:NaN:NaN,13.5,0,-2,1.3,12.4
NaN:NaN:NaN,13.1,0,-2,1.3,12.5
NaN:NaN:NaN,13.5,0,-2,1.31,12.4
NaN:NaN:NaN,13.2,0,-2,1.31,12.3
NaN:NaN:NaN,13.3,0,-2,1.31,12.5
NaN:NaN:NaN,13.5,0,-2,1.31,12.4
NaN:NaN:NaN,13,0,-2,1.31,12.3
NaN:NaN:NaN,13.2,0,-2,1.31,12.3
NaN:NaN:NaN,13.4,0,-2,1.31,12.5
NaN:NaN:NaN,13.1,0,-2,1.31,12.4
NaN:NaN:NaN,13.4,0,-2,1.31,12.4
NaN:NaN:NaN,13.7,0,-2,1.3,12.4
NaN:NaN:NaN,13.2,0,-2,1.3,12.4
NaN:NaN:NaN,13.6,0,-2,1.3,12.3
NaN:NaN:NaN,13.2,0,-2,1.3,12.4
NaN:NaN:NaN,13.1,0,-2,1.3,12.4
NaN:NaN:NaN,13.4,0,-2,1.3,12.4
NaN:NaN:NaN,13,0,-2,1.3,12.4
NaN:NaN:NaN,13.5,0,-2,1.3,12.4
NaN:NaN:NaN,13.4,0,-2,1.3,12.4
NaN:NaN:NaN,12.9,0,-2,1.3,12.3
NaN:NaN:NaN,13.4,0,-2,1.3,12.4
NaN:NaN:NaN,13.3,0,-2,1.3,12.4
NaN:NaN:NaN,12.8,0,-2,1.29,12.4
NaN:NaN:NaN,13.5,0,-2,1.29,12.4
NaN:NaN:NaN,13.5,0,-2,1.29,12.4
NaN:NaN:NaN,13.3,0,-2,1.29,12.4
NaN:NaN:NaN,13.2,0,-2,1.29,12.4
NaN:NaN:NaN,13,0,-2,1.29,12.3
NaN:NaN:NaN,13.2,0,-2,1.29,12.5
NaN:NaN:NaN,13.2,0,-2,1.29,12.4
NaN:NaN:NaN,13.1,0,-2,1.29,12.4
NaN:NaN:NaN,13.3,0,-2,1.29,12.4
NaN:NaN:NaN,13.2,0,-2,1.28,12.4
NaN:NaN:NaN,13.1,0,-2,1.28,12.4
NaN:NaN:NaN,13.5,0,-2,1.28,12.4
NaN:NaN:NaN,13.1,0,-2,1.28,12.3
NaN:NaN:NaN,12.8,0,-2,1.29,12.4
NaN:NaN:NaN,13.3,0,-2,1.29,12.5
NaN:NaN:NaN,12.7,0,-2,1.29,12.4
NaN:NaN:NaN,13.1,0,-2,1.29,12.4
NaN:NaN:NaN,13.5,0,-2,1.29,12.4
NaN:NaN:NaN,12.9,0,-2,1.29,12.3
NaN:NaN:NaN,13.2,0,-2,1.28,12.4
NaN:NaN:NaN,13.3,0,-2,1.28,12.4
NaN:NaN:NaN,13,0,-2,1.28,12.5
NaN:NaN:NaN,13.2,0,-2,1.28,12.4
NaN:NaN:NaN,13.2,0,-2,1.28,12.4
NaN:NaN:NaN,13.2,0,-2,1.28,12.4
NaN:NaN:NaN,13.9,0,-3,1.28,12.4
NaN:NaN:NaN,13.2,0,-3,1.28,12.4
NaN:NaN:NaN,13.4,0,-3,1.28,12.4
NaN:NaN:NaN,13,0,-3,1.27,12.4
NaN:NaN:NaN,12.8,0,-3,1.27,12.4
NaN:NaN:NaN,13,0,-3,1.27,12.4
NaN:NaN:NaN,13.1,0,-3,1.28,12.4
NaN:NaN:NaN,13,0,-3,1.28,12.4
NaN:NaN:NaN,13.4,0,-3,1.28,12.5
NaN:NaN:NaN,13.6,0,-3,1.28,12.3
NaN:NaN:NaN,13.3,0,-3,1.28,12.4
NaN:NaN:NaN,13.6,0,-3,1.28,12.4
NaN:NaN:NaN,13.2,0,-3,1.28,12.4
NaN:NaN:NaN,13,0,-3,1.28,12.4
NaN:NaN:NaN,13.2,0,-3,1.28,12.5
NaN:NaN:NaN,13.3,0,-3,1.28,12.4
NaN:NaN:NaN,13.3,0,-3,1.28,12.3
NaN:NaN:NaN,13,0,-3,1.28,12.4
NaN:NaN:NaN,12.8,0,-3,1.28,12.4
NaN:NaN:NaN,13.3,0,-3,1.28,12.5
NaN:NaN:NaN,13.4,0,-3,1.28,12.4
NaN:NaN:NaN,13.4,0,-3,1.28,12.4
NaN:NaN:NaN,13.4,0,-3,1.28,12.4
NaN:NaN:NaN,13.1,0,-3,1.28,12.3
NaN:NaN:NaN,12.9,0,-3,1.28,12.4
NaN:NaN:NaN,13.4,0,-3,1.28,12.4
NaN:NaN:NaN,13.1,0,-3,1.28,12.5
NaN:NaN:NaN,12.8,0,-3,1.28,12.4
NaN:NaN:NaN,13.2,0,-3,1.28,12.4
NaN:NaN:NaN,12.9,0,-3,1.28,12.4
NaN:NaN:NaN,13.2,0,-3,1.28,12.4
NaN:NaN:NaN,13.4,0,-3,1.28,12.3
NaN:NaN:NaN,12.8,0,-3,1.28,12.4
NaN:NaN:NaN,13.4,0,-3,1.28,12.4
NaN:NaN:NaN,13.3,0,-3,1.28,12.4
NaN:NaN:NaN,13.2,0,-3,1.28,12.5
NaN:NaN:NaN,13.4,0,-3,1.28,12.4
NaN:NaN:NaN,13.2,0,-3,1.28,12.4
NaN:NaN:NaN,13,0,-3,1.28,12.3
NaN:NaN:NaN,13.5,0,-3,1.28,12.4
NaN:NaN:NaN,13,0,-3,1.28,12.4
NaN:NaN:NaN,13.2,0,-3,1.28,12.4
NaN:NaN:NaN,13.1,0,-3,1.28,12.4
NaN:NaN:NaN,12.9,0,-3,1.28,12.4
NaN:NaN:NaN,13.4,0,-3,1.28,12.4
NaN:NaN:NaN,13.4,0,-3,1.28,12.4
NaN:NaN:NaN,13.1,0,-3,1.28,12.4
NaN:NaN:NaN,13.5,0,-3,1.28,12.4
NaN:NaN:NaN,13,0,-3,1.28,12.4
NaN:NaN:NaN,13.1,0,-3,1.28,12.4
NaN:NaN:NaN,13.6,0,-3,1.28,12.4
NaN:NaN:NaN,13.1,0,-3,1.28,12.4
NaN:NaN:NaN,13.1,0,-3,1.28,12.3
NaN:NaN:NaN,13.3,0,-3,1.28,12.4
NaN:NaN:NaN,12.8,0,-3,1.28,12.5
NaN:NaN:NaN,13.3,0,-3,1.28,12.3
NaN:NaN:NaN,13.1,0,-3,1.28,12.5
NaN:NaN:NaN,12.9,0,-3,1.28,12.4
NaN:NaN:NaN,13,0,-3,1.28,12.4
NaN:NaN:NaN,12.7,0,-3,1.28,12.4
NaN:NaN:NaN,13,0,-3,1.28,12.3
NaN:NaN:NaN,13.2,0,-3,1.28,12.4
NaN:NaN:NaN,12.9,0,-3,1.28,12.4
NaN:NaN:NaN,13,0,-3,1.28,12.4
NaN:NaN:NaN,13.4,0,-3,1.28,12.4
NaN:NaN:NaN,12.6,0,-3,1.28,12.5
NaN:NaN:NaN,12.7,0,-3,1.28,12.3
NaN:NaN:NaN,12.8,0,-3,1.28,12.4
NaN:NaN:NaN,12.3,0,-3,1.28,12.4
NaN:NaN:NaN,13.1,0,-3,1.28,12.4
NaN:NaN:NaN,12.8,0,-3,1.28,12.4
NaN:NaN:NaN,12.6,0,-3,1.28,12.5
NaN:NaN:NaN,12.7,0,-3,1.28,12.4
NaN:NaN:NaN,12.5,0,-3,1.28,12.4
NaN:NaN:NaN,12.9,0,-3,1.28,12.4
NaN:NaN:NaN,13.1,0,-3,1.28,12.4
NaN:NaN:NaN,12.4,0,-3,1.28,12.5
NaN:NaN:NaN,12.6,0,-3,1.28,12.3
NaN:NaN:NaN,13,0,-3,1.28,12.4
NaN:NaN:NaN,12.2,0,-3,1.28,12.4
NaN:NaN:NaN,12.7,0,-3,1.28,12.5
NaN:NaN:NaN,12.8,0,-3,1.28,12.4
NaN:NaN:NaN,12.3,0,-3,1.28,12.4
NaN:NaN:NaN,12.8,0,-3,1.28,12.4
NaN:NaN:NaN,12.8,0,-3,1.28,12.5
NaN:NaN:NaN,12.5,0,-3,1.28,12.4
NaN:NaN:NaN,12.8,0,-3,1.28,12.4
NaN:NaN:NaN,13,0,-3,1.28,12.4
NaN:NaN:NaN,12.6,0,-3,1.28,12.5
NaN:NaN:NaN,12.6,0,-3,1.28,12.4
NaN:NaN:NaN,12.5,0,-3,1.28,12.3
NaN:NaN:NaN,12.4,0,-3,1.28,12.5
NaN:NaN:NaN,12.7,0,-3,1.28,12.4
NaN:NaN:NaN,12.4,0,-3,1.28,12.4
NaN:NaN:NaN,12.1,0,-3,1.28,12.5
NaN:NaN:NaN,12.3,0,-3,1.28,12.4
NaN:NaN:NaN,12.9,0,-3,1.28,12.4
NaN:NaN:NaN,12.5,0,-3,1.28,12.5
NaN:NaN:NaN,12.1,0,-3,1.28,12.4
NaN:NaN:NaN,12.3,0,-3,1.28,12.4
NaN:NaN:NaN,12.1,0,-3,1.28,12.5
NaN:NaN:NaN,12.3,0,-3,1.28,12.4
NaN:NaN:NaN,12.8,0,-3,1.28,12.4
NaN:NaN:NaN,12.4,0,-3,1.28,12.5
NaN:NaN:NaN,11.9,0,-3,1.27,12.4
NaN:NaN:NaN,12.6,0,-3,1.27,12.4
NaN:NaN:NaN,12.3,0,-3,1.26,12.5
NaN:NaN:NaN,12.5,0,-3,1.26,12.4
NaN:NaN:NaN,12.4,0,-3,1.25,12.4
NaN:NaN:NaN,12.4,0,-3,1.25,12.5
NaN:NaN:NaN,12.1,0,-3,1.26,12.4
NaN:NaN:NaN,12.7,0,-3,1.26,12.3
NaN:NaN:NaN,12.6,0,-3,1.26,12.5
NaN:NaN:NaN,11.9,0,-3,1.26,12.4
NaN:NaN:NaN,12.4,0,-3,1.26,12.5
NaN:NaN:NaN,12.3,0,-3,1.26,12.4
NaN:NaN:NaN,12.2,0,-3,1.26,12.4
NaN:NaN:NaN,12.6,0,-3,1.26,12.4
NaN:NaN:NaN,12.6,0,-3,1.26,12.5
NaN:NaN:NaN,12.2,0,-3,1.26,12.4
NaN:NaN:NaN,12.5,0,-3,1.26,12.4
NaN:NaN:NaN,13,0,-3,1.26,12.4
NaN:NaN:NaN,12.4,0,-3,1.26,12.5
NaN:NaN:NaN,12.4,0,-3,1.26,12.4
NaN:NaN:NaN,12.5,0,-3,1.26,12.4
NaN:NaN:NaN,12.3,0,-3,1.26,12.4
NaN:NaN:NaN,12.4,0,-3,1.26,12.5
NaN:NaN:NaN,12.7,0,-3,1.27,12.3
NaN:NaN:NaN,12.1,0,-3,1.27,12.4
NaN:NaN:NaN,12.6,0,-3,1.27,12.4
NaN:NaN:NaN,12.8,0,-3,1.27,12.5
NaN:NaN:NaN,12.7,0,-3,1.28,12.4
NaN:NaN:NaN,12.2,0,-3,1.28,12.4
NaN:NaN:NaN,12.7,0,-3,1.28,12.4
NaN:NaN:NaN,12.3,0,-3,1.28,12.4
NaN:NaN:NaN,12.8,0,-3,1.28,12.5
NaN:NaN:NaN,12.7,0,-3,1.28,12.4
NaN:NaN:NaN,12.3,0,-3,1.28,12.4
NaN:NaN:NaN,12.3,0,-3,1.28,12.4
NaN:NaN:NaN,12.5,0,-3,1.28,12.5
NaN:NaN:NaN,12.3,0,-3,1.28,12.3
NaN:NaN:NaN,12.1,0,-3,1.28,12.4
NaN:NaN:NaN,11.8,0,-3,1.28,12.5
NaN:NaN:NaN,11.5,0,-3,1.28,12.5
NaN:NaN:NaN,11.4,0,-3,1.27,12.4
NaN:NaN:NaN,11.6,0,-3,1.26,12.5
NaN:NaN:NaN,11.2,0,-3,1.25,12.4
NaN:NaN:NaN,11.2,0,-3,1.23,12.5
NaN:NaN:NaN,11.7,0,-3,1.21,12.5
NaN:NaN:NaN,11.5,0,-3,1.2,12.6
NaN:NaN:NaN,11.8,0,-3,1.19,12.5
NaN:NaN:NaN,11.6,0,-3,1.17,12.5
NaN:NaN:NaN,11.1,0,-3,1.14,12.5
NaN:NaN:NaN,11.6,0,-3,1.16,12.5
NaN:NaN:NaN,11.6,0,-3,1.23,12.5
NaN:NaN:NaN,11.8,0,-3,1.27,12.5
NaN:NaN:NaN,11.9,0,-3,1.28,12.5
NaN:NaN:NaN,11.6,0,-3,1.28,12.5
NaN:NaN:NaN,12.5,0,-3,1.23,12.4
NaN:NaN:NaN,11.9,0,-3,1.13,12.5
NaN:NaN:NaN,12.1,0,-3,1.01,12.5
NaN:NaN:NaN,12.1,0,-3,0.94,12.5
NaN:NaN:NaN,12.2,0,-3,0.93,12.5
NaN:NaN:NaN,12.3,0,-3,0.92,12.5
NaN:NaN:NaN,12.8,0,-3,0.83,12.5
NaN:NaN:NaN,12.5,0,-3,0.76,12.5
NaN:NaN:NaN,11.7,0,-3,0.75,12.5
NaN:NaN:NaN,12.4,0,-3,0.76,12.5
NaN:NaN:NaN,12.6,0,-3,0.77,12.5
NaN:NaN:NaN,12.2,0,-3,0.84,12.4
NaN:NaN:NaN,12.5,0,-3,0.85,12.5
NaN:NaN:NaN,12.7,0,-3,0.88,12.5
NaN:NaN:NaN,12.5,0,-3,0.92,12.5
NaN:NaN:NaN,12.1,0,-3,0.94,12.5
NaN:NaN:NaN,12.7,0,-3,0.93,12.4
NaN:NaN:NaN,12.6,0,-3,0.91,12.5
NaN:NaN:NaN,12.4,0,-3,0.93,12.5
NaN:NaN:NaN,12.6,0,-3,0.95,12.4
NaN:NaN:NaN,12.7,0,-3,0.96,12.4
NaN:NaN:NaN,12.5,0,-3,0.97,12.5
NaN:NaN:NaN,12.2,0,-3,0.98,12.5
NaN:NaN:NaN,12.8,0,-3,0.99,12.5
NaN:NaN:NaN,12.7,0,-3,0.98,12.4
NaN:NaN:NaN,12,0,-3,0.97,12.5
NaN:NaN:NaN,12.3,0,-3,0.99,12.5
NaN:NaN:NaN,12.7,0,-3,1,12.5
NaN:NaN:NaN,12.1,0,-3,1,12.4
NaN:NaN:NaN,12.5,0,-3,1,12.5
NaN:NaN:NaN,12.7,0,-3,1,12.5
NaN:NaN:NaN,12.5,0,-3,0.99,12.4
NaN:NaN:NaN,11.9,0,-3,0.99,12.4
NaN:NaN:NaN,12.4,0,-3,0.99,12.5
NaN:NaN:NaN,12.3,0,-3,1,12.5
NaN:NaN:NaN,12.1,0,-3,1,12.5
NaN:NaN:NaN,12.4,0,-3,0.99,12.5
NaN:NaN:NaN,12.2,0,-3,0.99,12.4
NaN:NaN:NaN,12.1,0,-3,0.99,12.5
NaN:NaN:NaN,12.3,0,-3,1,12.5
NaN:NaN:NaN,12.4,0,-3,1,12.5
NaN:NaN:NaN,12.4,0,-3,1,12.4
NaN:NaN:NaN,12.1,0,-3,1,12.5
NaN:NaN:NaN,12.4,0,-3,1,12.5
NaN:NaN:NaN,12.4,0,-3,1,12.5
NaN:NaN:NaN,12.1,0,-3,1,12.5
NaN:NaN:NaN,12.5,0,-3,1,12.4
NaN:NaN:NaN,12.8,0,-3,1,12.5
NaN:NaN:NaN,11.9,0,-3,1,12.5
NaN:NaN:NaN,12.3,0,-3,1,12.4
NaN:NaN:NaN,12.5,0,-3,1,12.4
NaN:NaN:NaN,12.5,0,-3,1,12.5
NaN:NaN:NaN,11.9,0,-3,1,12.5
NaN:NaN:NaN,11.8,0,-3,1,12.5
NaN:NaN:NaN,11.9,0,-3,1,12.5
NaN:NaN:NaN,12.3,0,-3,1,12.5
NaN:NaN:NaN,11.7,0,-3,1,12.5
NaN:NaN:NaN,11.7,0,-3,1,12.4
NaN:NaN:NaN,11.9,0,-3,1,12.5
NaN:NaN:NaN,11.7,0,-3,1,12.5
NaN:NaN:NaN,11.5,0,-3,1,12.5
NaN:NaN:NaN,11.8,0,-3,1,12.5
NaN:NaN:NaN,11.9,0,-3,1,12.5
NaN:NaN:NaN,11.8,0,-3,1,12.5
NaN:NaN:NaN,12.3,0,-3,1,12.5
NaN:NaN:NaN,11.7,0,-3,1,12.5
NaN:NaN:NaN,11.6,0,-3,1,12.5
NaN:NaN:NaN,5.6,0,-3,1,10.6
NaN:NaN:NaN,1.9,0,-3,1,3.5
NaN:NaN:NaN,1.9,0,-3,1,3.8
NaN:NaN:NaN,-1.1,0,-3,1,2.3
NaN:NaN:NaN,-1.7,0,-3,1,0
NaN:NaN:NaN,-1.8,0,-3,1,0
NaN:NaN:NaN,-2.1,0,-3,1,0
NaN:NaN:NaN,-2.2,0,-3,1,0
NaN:NaN:NaN,-2.4,0,-3,1,0
NaN:NaN:NaN,-2.5,0,-3,1,0
NaN:NaN:NaN,-2.7,0,-3,1,0
NaN:NaN:NaN,-2.8,0,-3,1,0
NaN:NaN:NaN,-2.8,0,-3,1,0
NaN:NaN:NaN,-2.8,0,-3,1,0
NaN:NaN:NaN,-2.9,0,-3,1,0
NaN:NaN:NaN,-2.9,0,-3,1,0
NaN:NaN:NaN,-2.9,0,-3,1,0
NaN:NaN:NaN,-2.9,0,-3,1,0
NaN:NaN:NaN,-3,0,0,1,0
NaN:NaN:NaN,-3,0,0,1,0
NaN:NaN:NaN,-3.1,0,0,1,0
NaN:NaN:NaN,-3.1,0,0,1,0
NaN:NaN:NaN,-3.1,0,0,1,0
NaN:NaN:NaN,-3.1,0,0,1,0
NaN:NaN:NaN,-3.2,0,0,1,0
NaN:NaN:NaN,-3.2,0,0,1,0
NaN:NaN:NaN,-3.2,0,0,1,0
NaN:NaN:NaN,-3.2,0,0,1,0
NaN:NaN:NaN,-3.2,0,0,1,0
NaN:NaN:NaN,-3.2,0,0,1,0
NaN:NaN:NaN,-3.2,0,0,1,0
NaN:NaN:NaN,-3.2,0,0,1,0
NaN:NaN:NaN,-3.2,0,0,1,0
NaN:NaN:NaN,-3.2,0,0,1,0
NaN:NaN:NaN,-3.2,0,0,1,0
NaN:NaN:NaN,-3.1,0,0,1,0
NaN:NaN:NaN,-3.1,0,0,1,0
NaN:NaN:NaN,-3.1,0,0,1,0
NaN:NaN:NaN,-3.1,0,0,1,0
NaN:NaN:NaN,-3.2,0,0,1,0
NaN:NaN:NaN,-3.2,0,0,1,0
NaN:NaN:NaN,-3.1,0,0,1,0
NaN:NaN:NaN,-3.1,0,0,1,0
NaN:NaN:NaN,-3.2,0,0,1,0
NaN:NaN:NaN,-3.2,0,0,1.01,0
NaN:NaN:NaN,-3.2,0,0,1.01,0
NaN:NaN:NaN,-3.2,0,0,1.01,0
NaN:NaN:NaN,-3.2,0,0,1,0
NaN:NaN:NaN,-3.2,0,0,1.01,0
NaN:NaN:NaN,-3.2,0,0,1.01,0
NaN:NaN:NaN,-3.2,0,0,1,0
NaN:NaN:NaN,-3.2,0,0,1,0
NaN:NaN:NaN,-3.2,0,0,1,0
NaN:NaN:NaN,-3.2,0,0,1,0
NaN:NaN:NaN,-3.2,0,0,1,0
NaN:NaN:NaN,-3.2,0,0,1.01,0
NaN:NaN:NaN,-3.2,0,0,1.01,0
NaN:NaN:NaN,-3.2,0,0,1.02,0
NaN:NaN:NaN,-3.2,0,0,1.02,0
NaN:NaN:NaN,-3.2,0,0,1.03,0
NaN:NaN:NaN,-3.2,0,0,1.03,0
NaN:NaN:NaN,-3.2,0,0,1.04,0
NaN:NaN:NaN,-3.2,0,0,1.06,0
NaN:NaN:NaN,-3.2,0,0,1.07,0
NaN:NaN:NaN,-3.2,0,0,1.08,0
NaN:NaN:NaN,-3.2,0,0,1.09,0
NaN:NaN:NaN,-3.2,0,0,1.09,0
NaN:NaN:NaN,-3.2,0,0,1.1,0
NaN:NaN:NaN,-3.2,0,0,1.11,0
NaN:NaN:NaN,-3.2,0,0,1.13,0
NaN:NaN:NaN,-3.2,0,0,1.15,0
NaN:NaN:NaN,-3.2,0,0,1.17,0
NaN:NaN:NaN,-3.2,0,0,1.17,0
NaN:NaN:NaN,-3.2,0,0,1.17,0
NaN:NaN:NaN,-3.2,0,0,1.18,0
NaN:NaN:NaN,-3.2,0,0,1.2,0
NaN:NaN:NaN,-3.2,0,0,1.21,0
NaN:NaN:NaN,-3.2,0,0,1.22,0
NaN:NaN:NaN,-3.2,0,0,1.24,0
NaN:NaN:NaN,-3.2,0,0,1.25,0
NaN:NaN:NaN,-3.2,0,0,1.26,0
NaN:NaN:NaN,-3.2,0,0,1.27,0
NaN:NaN:NaN,-3.2,0,0,1.27,0
NaN:NaN:NaN,-3.2,0,0,1.28,0
NaN:NaN:NaN,-3.2,0,0,1.29,0
NaN:NaN:NaN,-3.2,0,0,1.3,0
NaN:NaN:NaN,-3.2,0,0,1.32,0
NaN:NaN:NaN,-3.2,0,0,1.34,0
NaN:NaN:NaN,-3.2,0,0,1.35,0
NaN:NaN:NaN,-3.2,0,0,1.36,0
NaN:NaN:NaN,-3.2,0,0,1.37,0
NaN:NaN:NaN,-3.2,0,0,1.38,0
NaN:NaN:NaN,-3.2,0,0,1.39,0
NaN:NaN:NaN,-3.2,0,0,1.4,0
NaN:NaN:NaN,-3.2,0,0,1.41,0
NaN:NaN:NaN,-3.2,0,0,1.42,0
NaN:NaN:NaN,-3.2,0,0,1.43,0
NaN:NaN:NaN,-3.3,0,0,1.43,0
NaN:NaN:NaN,-3.3,0,0,1.44,0
NaN:NaN:NaN,-3.3,0,0,1.44,0
NaN:NaN:NaN,-3.3,0,0,1.45,0
NaN:NaN:NaN,-3.2,0,0,1.45,0
NaN:NaN:NaN,-3.2,0,0,1.45,0
NaN:NaN:NaN,-3.2,0,0,1.45,0
NaN:NaN:NaN,-3.2,0,0,1.45,0
NaN:NaN:NaN,-3.2,0,0,1.45,0
NaN:NaN:NaN,-3.2,0,0,1.45,0
NaN:NaN:NaN,-3.2,0,0,1.45,0
NaN:NaN:NaN,-3.3,0,0,1.45,0
NaN:NaN:NaN,-3.3,0,0,1.45,0
NaN:NaN:NaN,-3.2,0,0,1.45,0
NaN:NaN:NaN,-3.3,0,0,1.45,0
NaN:NaN:NaN,-3.3,0,0,1.44,0
NaN:NaN:NaN,-3.2,0,0,1.44,0
NaN:NaN:NaN,-3.2,0,0,1.44,0
NaN:NaN:NaN,-3.3,0,0,1.43,0
NaN:NaN:NaN,-3.3,0,0,1.43,0
NaN:NaN:NaN,-3.3,0,0,1.43,0
NaN:NaN:NaN,-3.3,0,0,1.42,0
NaN:NaN:NaN,-3.3,0,0,1.42,0
NaN:NaN:NaN,-3.3,0,0,1.42,0
NaN:NaN:NaN,-3.3,0,0,1.42,0
NaN:NaN:NaN,-3.3,0,0,1.42,0
NaN:NaN:NaN,-3.3,0,0,1.42,0
NaN:NaN:NaN,-3.3,0,0,1.42,0
NaN:NaN:NaN,-3.3,0,0,1.42,0
NaN:NaN:NaN,-3.3,0,0,1.41,0
NaN:NaN:NaN,-3.3,0,0,1.41,0
NaN:NaN:NaN,-3.3,0,0,1.41,0
NaN:NaN:NaN,-3.3,0,0,1.41,0
NaN:NaN:NaN,-3.3,0,0,1.41,0
NaN:NaN:NaN,-3.3,0,0,1.41,0
NaN:NaN:NaN,-3.3,0,0,1.41,0
NaN:NaN:NaN,-3.3,0,0,1.41,0
NaN:NaN:NaN,-3.3,0,0,1.41,0
NaN:NaN:NaN,-3.3,0,0,1.41,0
NaN:NaN:NaN,-3.3,0,0,1.41,0
NaN:NaN:NaN,-3.3,0,0,1.42,0
NaN:NaN:NaN,-3.3,0,0,1.42,0
NaN:NaN:NaN,-3.3,0,0,1.42,0
NaN:NaN:NaN,-3.3,0,0,1.42,0
NaN:NaN:NaN,-3.3,0,0,1.42,0
NaN:NaN:NaN,-3.3,0,0,1.42,0
NaN:NaN:NaN,-3.3,0,0,1.43,0
NaN:NaN:NaN,-3.3,0,0,1.43,0
NaN:NaN:NaN,-3.3,0,0,1.43,0
NaN:NaN:NaN,-3.3,0,0,1.43,0
NaN:NaN:NaN,-3.3,0,0,1.43,0
NaN:NaN:NaN,-3.3,0,0,1.43,0
NaN:NaN:NaN,-3.3,0,0,1.42,0
NaN:NaN:NaN,-3.3,0,0,1.42,0
NaN:NaN:NaN,-3.3,0,0,1.42,0
NaN:NaN:NaN,-3.3,0,0,1.41,0
NaN:NaN:NaN,-3.3,0,0,1.42,0
NaN:NaN:NaN,-3.3,0,0,1.42,0
NaN:NaN:NaN,-3.3,0,0,1.42,0
NaN:NaN:NaN,-3.3,0,0,1.42,0
NaN:NaN:NaN,-3.3,0,0,1.42,0
NaN:NaN:NaN,-3.3,0,0,1.42,0
NaN:NaN:NaN,-3.3,0,0,1.42,0
NaN:NaN:NaN,-3.3,0,0,1.42,0
NaN:NaN:NaN,-3.3,0,0,1.42,0
NaN:NaN:NaN,-3.3,0,0,1.42,0
NaN:NaN:NaN,-3.3,0,0,1.42,0
NaN:NaN:NaN,-3.3,0,0,1.42,0
NaN:NaN:NaN,-3.3,0,0,1.42,0
NaN:NaN:NaN,-3.3,0,0,1.42,0
NaN:NaN:NaN,-3.3,0,0,1.42,0
NaN:NaN:NaN,-3.3,0,0,1.42,0
NaN:NaN:NaN,-3.3,0,0,1.43,0
NaN:NaN:NaN,-3.3,0,0,1.43,0
NaN:NaN:NaN,-3.3,0,0,1.43,0
NaN:NaN:NaN,-3.3,0,0,1.43,0
NaN:NaN:NaN,-3.3,0,0,1.43,0
NaN:NaN:NaN,-3.3,0,0,1.43,0
NaN:NaN:NaN,-3.3,0,0,1.44,0
NaN:NaN:NaN,-3.3,0,0,1.44,0
NaN:NaN:NaN,-3.3,0,0,1.44,0
NaN:NaN:NaN,-3.3,0,0,1.44,0
NaN:NaN:NaN,-3.3,0,0,1.44,0
NaN:NaN:NaN,-3.3,0,0,1.43,0
NaN:NaN:NaN,-3.3,0,0,1.43,0
NaN:NaN:NaN,-3.3,0,0,1.43,0
NaN:NaN:NaN,-3.3,0,0,1.43,0
NaN:NaN:NaN,-3.3,0,0,1.42,0
NaN:NaN:NaN,-3.3,0,0,1.42,0
NaN:NaN:NaN,-3.3,0,0,1.41,0
NaN:NaN:NaN,-3.3,0,0,1.41,0
NaN:NaN:NaN,-3.3,0,0,1.42,0
NaN:NaN:NaN,-3.3,0,0,1.42,0
NaN:NaN:NaN,-3.3,0,0,1.42,0
NaN:NaN:NaN,-3.4,0,0,1.42,0
NaN:NaN:NaN,-3.4,0,0,1.42,0
NaN:NaN:NaN,-3.4,0,0,1.43,0
NaN:NaN:NaN,-3.3,0,0,1.43,0
NaN:NaN:NaN,-3.4,0,0,1.43,0
NaN:NaN:NaN,-3.4,0,0,1.43,0
NaN:NaN:NaN,-3.4,0,0,1.43,0
NaN:NaN:NaN,-3.4,0,0,1.43,0
NaN:NaN:NaN,-3.4,0,0,1.42,0
NaN:NaN:NaN,-3.4,0,0,1.42,0
NaN:NaN:NaN,-3.4,0,0,1.42,0
NaN:NaN:NaN,-3.4,0,0,1.42,0
NaN:NaN:NaN,-3.4,0,0,1.42,0
NaN:NaN:NaN,-3.4,0,0,1.42,0
NaN:NaN:NaN,-3.4,0,0,1.42,0
NaN:NaN:NaN,-3.4,0,0,1.43,0
NaN:NaN:NaN,-3.4,0,0,1.43,0
NaN:NaN:NaN,-3.4,0,0,1.43,0
NaN:NaN:NaN,-3.3,0,0,1.43,0
NaN:NaN:NaN,-3.4,0,0,1.43,0
NaN:NaN:NaN,-3.4,0,0,1.43,0
NaN:NaN:NaN,-3.4,0,0,1.43,0
NaN:NaN:NaN,-3.4,0,0,1.43,0
NaN:NaN:NaN,-3.4,0,0,1.43,0
NaN:NaN:NaN,-3.4,0,0,1.43,0
NaN:NaN:NaN,-3.4,0,0,1.43,0
NaN:NaN:NaN,-3.3,0,0,1.43,0
NaN:NaN:NaN,-3.4,0,0,1.43,0
NaN:NaN:NaN,-3.4,0,0,1.43,0
NaN:NaN:NaN,-3.4,0,0,1.43,0
NaN:NaN:NaN,-3.4,0,0,1.43,0
NaN:NaN:NaN,-3.4,0,0,1.43,0
NaN:NaN:NaN,-3.4,0,0,1.43,0
NaN:NaN:NaN,-3.4,0,0,1.43,0
NaN:NaN:NaN,-3.4,0,0,1.43,0
NaN:NaN:NaN,-3.4,0,0,1.43,0
NaN:NaN:NaN,-3.4,0,0,1.43,0
NaN:NaN:NaN,-3.4,0,0,1.43,0
NaN:NaN:NaN,-3.4,0,0,1.43,0
NaN:NaN:NaN,-3.4,0,0,1.43,0
NaN:NaN:NaN,-3.4,0,0,1.43,0
NaN:NaN:NaN,-3.4,0,0,1.43,0
NaN:NaN:NaN,-3.4,0,0,1.43,0
NaN:NaN:NaN,-3.4,0,0,1.43,0
NaN:NaN:NaN,-3.4,0,0,1.42,0
NaN:NaN:NaN,-3.4,0,0,1.42,0
NaN:NaN:NaN,-3.4,0,0,1.42,0
NaN:NaN:NaN,-3.4,0,0,1.42,0
NaN:NaN:NaN,-3.4,0,0,1.42,0
NaN:NaN:NaN,-3.4,0,0,1.42,0
NaN:NaN:NaN,-3.4,0,0,1.42,0
NaN:NaN:NaN,-3.4,0,0,1.42,0
NaN:NaN:NaN,-3.4,0,0,1.42,0
NaN:NaN:NaN,-3.4,0,0,1.42,0
NaN:NaN:NaN,-3.4,0,0,1.42,0
NaN:NaN:NaN,-3.4,0,0,1.42,0
NaN:NaN:NaN,-3.4,0,0,1.42,0
NaN:NaN:NaN,-3.4,0,0,1.42,0
NaN:NaN:NaN,-3.4,0,0,1.42,0
NaN:NaN:NaN,-3.4,0,0,1.42,0
NaN:NaN:NaN,-3.5,0,0,1.42,0
NaN:NaN:NaN,-3.5,0,0,1.42,0
NaN:NaN:NaN,-3.5,0,0,1.42,0
NaN:NaN:NaN,-3.6,0,0,1.42,0
NaN:NaN:NaN,-3.5,0,0,1.42,0
NaN:NaN:NaN,-3.5,0,0,1.42,0
NaN:NaN:NaN,-3.5,0,0,1.42,0
NaN:NaN:NaN,-3.5,0,0,1.42,0
NaN:NaN:NaN,-3.5,0,0,1.42,0
NaN:NaN:NaN,-3.5,0,0,1.42,0
NaN:NaN:NaN,-3.6,0,0,1.42,0
NaN:NaN:NaN,-3.6,0,0,1.42,0
NaN:NaN:NaN,-3.5,0,0,1.42,0
NaN:NaN:NaN,-3.5,0,0,1.42,0
NaN:NaN:NaN,-3.5,0,0,1.42,0
NaN:NaN:NaN,-3.5,0,0,1.42,0
NaN:NaN:NaN,-3.6,0,0,1.42,0
NaN:NaN:NaN,-3.1,0,0,1.42,0.6
NaN:NaN:NaN,-1.7,0,0,1.42,3.8
NaN:NaN:NaN,-1,0,0,1.42,3.8
NaN:NaN:NaN,-0.3,0,0,1.42,3.8
NaN:NaN:NaN,1,0,0,1.42,4.5
NaN:NaN:NaN,3.4,0,0,1.42,6.6
NaN:NaN:NaN,4,0,0,1.42,6.4
NaN:NaN:NaN,5,0,0,1.42,6.4
NaN:NaN:NaN,5.4,0,0,1.42,6.4
NaN:NaN:NaN,5.4,0,0,1.42,6.5
NaN:NaN:NaN,5.7,0,0,1.42,6.4
NaN:NaN:NaN,5.9,0,0,1.42,6.5
NaN:NaN:NaN,5.9,0,0,1.42,6.4
NaN:NaN:NaN,6,0,0,1.42,6.5
NaN:NaN:NaN,6,0,0,1.42,6.4
NaN:NaN:NaN,6.1,0,0,1.42,6.5
NaN:NaN:NaN,6.2,0,0,1.42,6.5
NaN:NaN:NaN,6.4,0,0,1.42,6.4
NaN:NaN:NaN,6.7,0,0,1.42,6.5
NaN:NaN:NaN,6.7,0,0,1.42,6.4
NaN:NaN:NaN,7,0,0,1.42,6.5
NaN:NaN:NaN,7.2,0,0,1.42,6.4
NaN:NaN:NaN,7.5,0,0,1.42,6.5
NaN:NaN:NaN,7.7,0,0,1.42,6.4
NaN:NaN:NaN,8.1,0,0,1.42,6.4
NaN:NaN:NaN,8.3,0,0,1.42,6.4
NaN:NaN:NaN,8.4,0,0,1.42,6.4
NaN:NaN:NaN,8.3,0,0,1.42,6.4
NaN:NaN:NaN,8.3,0,0,1.42,6.5
NaN:NaN:NaN,8,0,0,1.42,6.4
NaN:NaN:NaN,8,0,0,1.42,6.3
NaN:NaN:NaN,7.8,0,0,1.42,6.4
NaN:NaN:NaN,7.8,0,0,1.42,6.5
NaN:NaN:NaN,7.6,0,0,1.42,6.4
NaN:NaN:NaN,7.5,0,0,1.42,6.6
NaN:NaN:NaN,7.4,0,0,1.42,6.3
NaN:NaN:NaN,7.3,0,0,1.42,6.5
NaN:NaN:NaN,7.3,0,0,1.42,6.4
NaN:NaN:NaN,7.1,0,0,1.42,6.5
NaN:NaN:NaN,7,0,0,1.42,6.5
NaN:NaN:NaN,6.8,0,0,1.42,6.4
NaN:NaN:NaN,6.8,0,0,1.42,6.6
NaN:NaN:NaN,6.6,0,0,1.42,6.4
NaN:NaN:NaN,6.6,0,0,1.42,6.5
NaN:NaN:NaN,6.6,0,0,1.42,6.4
NaN:NaN:NaN,6.6,0,0,1.42,6.5
NaN:NaN:NaN,6.6,0,0,1.42,6.5
NaN:NaN:NaN,6.5,0,0,1.42,6.4
NaN:NaN:NaN,6.5,0,0,1.42,6.6
NaN:NaN:NaN,6.5,0,0,1.42,6.4
NaN:NaN:NaN,6.3,0,0,1.42,6.5
NaN:NaN:NaN,6.3,0,0,1.42,6.5
NaN:NaN:NaN,6.4,0,0,1.42,6.4
NaN:NaN:NaN,6.2,0,0,1.42,6.5
NaN:NaN:NaN,6,0,0,1.42,6.5
NaN:NaN:NaN,6,0,0,1.42,6.4
NaN:NaN:NaN,6,0,0,1.42,6.5
NaN:NaN:NaN,6.1,0,0,1.42,6.4
NaN:NaN:NaN,6,0,0,1.42,6.5
NaN:NaN:NaN,6,0,0,1.42,6.4
NaN:NaN:NaN,6.2,0,0,1.42,6.6
NaN:NaN:NaN,6.2,0,0,1.42,6.4
NaN:NaN:NaN,6.3,0,0,1.42,6.5
NaN:NaN:NaN,6.5,0,0,1.42,6.5
NaN:NaN:NaN,6.4,0,0,1.42,6.4
NaN:NaN:NaN,6.3,0,0,1.42,6.5
NaN:NaN:NaN,6.2,0,0,1.42,6.4
NaN:NaN:NaN,6.1,0,0,1.42,6.5
NaN:NaN:NaN,6.1,0,0,1.42,6.5
NaN:NaN:NaN,6.1,0,0,1.42,6.4
NaN:NaN:NaN,6.2,0,0,1.42,6.5
NaN:NaN:NaN,6.1,0,0,1.42,6.4
NaN:NaN:NaN,6.2,0,0,1.42,6.6
NaN:NaN:NaN,6.1,0,0,1.42,6.5
NaN:NaN:NaN,6.4,0,0,1.42,6.3
NaN:NaN:NaN,7.4,0,0,1.42,7.7
NaN:NaN:NaN,8.5,0,0,1.42,8.4
NaN:NaN:NaN,8.2,0,0,1.42,8.3
NaN:NaN:NaN,8.5,0,0,1.43,8.2
NaN:NaN:NaN,8.5,0,0,1.43,8.2
NaN:NaN:NaN,8.8,0,0,1.43,8.2
NaN:NaN:NaN,8.6,0,0,1.43,8.2
NaN:NaN:NaN,8.3,0,0,1.43,8.2
NaN:NaN:NaN,8.7,0,0,1.43,8.2
NaN:NaN:NaN,8.9,0,0,1.43,8.2
NaN:NaN:NaN,8.7,0,0,1.43,8.2
NaN:NaN:NaN,8.5,0,0,1.43,8.2
NaN:NaN:NaN,8.6,0,0,1.43,8.2
NaN:NaN:NaN,8.7,0,0,1.43,8.1
NaN:NaN:NaN,8.7,0,0,1.42,8.4
NaN:NaN:NaN,8.5,0,0,1.42,8.2
NaN:NaN:NaN,8.9,0,0,1.42,8.2
NaN:NaN:NaN,8.8,0,0,1.42,8.3
NaN:NaN:NaN,8.7,0,0,1.42,8.2
NaN:NaN:NaN,8.5,0,0,1.42,8.2
NaN:NaN:NaN,8.5,0,0,1.42,8.2
NaN:NaN:NaN,8.7,0,0,1.42,8.1
NaN:NaN:NaN,8.2,0,0,1.43,8.4
NaN:NaN:NaN,8.4,0,0,1.43,8.2
NaN:NaN:NaN,8.5,0,0,1.43,8.1
NaN:NaN:NaN,8.7,0,0,1.43,8.2
NaN:NaN:NaN,8.6,0,0,1.43,8.1
NaN:NaN:NaN,8.3,0,0,1.43,8.4
NaN:NaN:NaN,8.7,0,0,1.43,8.1
NaN:NaN:NaN,8.3,0,0,1.43,8.2
NaN:NaN:NaN,8.3,0,0,1.43,8.2
NaN:NaN:NaN,8.3,0,0,1.43,8.2
NaN:NaN:NaN,8.2,0,0,1.42,8.2
NaN:NaN:NaN,8.3,0,0,1.42,8.2
NaN:NaN:NaN,8.2,0,0,1.42,8.1
NaN:NaN:NaN,8.3,0,0,1.42,8.2
NaN:NaN:NaN,8,0,0,1.42,8.1
NaN:NaN:NaN,8.1,0,0,1.42,8.2
NaN:NaN:NaN,8.5,0,0,1.42,8.2
NaN:NaN:NaN,8.4,0,0,1.42,8.1
NaN:NaN:NaN,8.5,0,0,1.42,8.2
NaN:NaN:NaN,8,0,0,1.42,8.2
NaN:NaN:NaN,9,0,0,1.42,8.2
NaN:NaN:NaN,11.1,0,0,1.43,9.8
NaN:NaN:NaN,13.4,0,0,1.43,10.9
NaN:NaN:NaN,14.3,0,0,1.43,11.3
NaN:NaN:NaN,14.1,0,0,1.43,11.4
NaN:NaN:NaN,14.1,0,0,1.43,11.3
NaN:NaN:NaN,14.5,0,0,1.43,11.5
NaN:NaN:NaN,14.7,0,0,1.43,11.6
NaN:NaN:NaN,15.1,0,0,1.43,11.8
NaN:NaN:NaN,16.5,0,0,1.43,12.2
NaN:NaN:NaN,16.7,0,0,1.43,12.7
NaN:NaN:NaN,17.8,0,0,1.43,12.9
NaN:NaN:NaN,17.6,0,0,1.43,12.9
NaN:NaN:NaN,17.5,0,0,1.43,13.1
NaN:NaN:NaN,17.9,0,0,1.43,12.9
NaN:NaN:NaN,18.3,0,0,1.43,13.2
NaN:NaN:NaN,18.5,0,0,1.43,13.3
NaN:NaN:NaN,18.2,0,0,1.43,13.4
NaN:NaN:NaN,18.3,0,0,1.43,13.2
NaN:NaN:NaN,17.6,0,0,1.43,13.3
NaN:NaN:NaN,18,0,0,1.43,13.2
NaN:NaN:NaN,18.1,0,0,1.43,13.3
NaN:NaN:NaN,18.6,0,0,1.43,13.4
NaN:NaN:NaN,18.7,0,0,1.43,13.1
NaN:NaN:NaN,18.4,0,0,1.43,13.4
NaN:NaN:NaN,17.9,0,0,1.43,13.3
NaN:NaN:NaN,17.6,0,0,1.44,13.1
NaN:NaN:NaN,18.2,0,-1,1.44,13.4
NaN:NaN:NaN,18.2,0,-1,1.44,13.4
NaN:NaN:NaN,18.4,0,-1,1.43,13.1
NaN:NaN:NaN,18,0,-1,1.43,13.3
NaN:NaN:NaN,18,0,-1,1.42,13.4
NaN:NaN:NaN,17.9,0,-1,1.42,13.1
NaN:NaN:NaN,17.8,0,-1,1.42,13.3
NaN:NaN:NaN,18.4,0,-1,1.42,13.5
NaN:NaN:NaN,19.4,0,-1,1.41,13.6
NaN:NaN:NaN,19.3,0,-1,1.41,13.6
NaN:NaN:NaN,18.7,0,-1,1.41,13.9
NaN:NaN:NaN,18.8,0,-1,1.41,13.8
NaN:NaN:NaN,19,0,-1,1.41,14.1
NaN:NaN:NaN,19.9,0,-1,1.41,13.9
NaN:NaN:NaN,19.9,0,-1,1.41,14.3
NaN:NaN:NaN,19.8,0,-1,1.41,14.1
NaN:NaN:NaN,20.3,0,-1,1.41,14.5
NaN:NaN:NaN,20.5,0,-1,1.41,14.3
NaN:NaN:NaN,20.8,0,-1,1.41,14.5
NaN:NaN:NaN,21.3,0,-1,1.42,14.5
NaN:NaN:NaN,21.1,0,-1,1.42,14.3
NaN:NaN:NaN,20.9,0,-1,1.42,14.5
NaN:NaN:NaN,20.7,0,-1,1.42,14.3
NaN:NaN:NaN,20.6,0,-1,1.42,14.3
NaN:NaN:NaN,20.8,0,-1,1.42,14.3
NaN:NaN:NaN,20.2,0,-1,1.42,14.3
NaN:NaN:NaN,20.6,0,-1,1.42,14.5
NaN:NaN:NaN,20.5,0,-1,1.43,14.3
NaN:NaN:NaN,20.8,0,-1,1.43,14.5
NaN:NaN:NaN,20,0,-1,1.43,14.5
NaN:NaN:NaN,19.9,0,-1,1.43,14.3
NaN:NaN:NaN,20.2,0,-1,1.43,14.3
NaN:NaN:NaN,20.4,0,-1,1.43,14.5
NaN:NaN:NaN,19.9,0,-1,1.42,14.3
NaN:NaN:NaN,20.1,0,-1,1.42,14.5
NaN:NaN:NaN,19.9,0,-1,1.42,14.5
NaN:NaN:NaN,20.1,0,-1,1.42,14.3
NaN:NaN:NaN,20.1,0,-1,1.42,14.5
NaN:NaN:NaN,19.8,0,-1,1.42,14.5
NaN:NaN:NaN,19.5,0,-1,1.42,14.5
NaN:NaN:NaN,19.6,0,-1,1.42,14.3
NaN:NaN:NaN,20.1,0,-1,1.42,14.5
NaN:NaN:NaN,19.9,0,-1,1.42,14.3
NaN:NaN:NaN,20.3,0,-1,1.42,14.5
NaN:NaN:NaN,20.3,0,-1,1.42,14.5
NaN:NaN:NaN,20.4,0,-1,1.43,14.3
NaN:NaN:NaN,20.3,0,-1,1.43,14.5
NaN:NaN:NaN,19.6,0,-1,1.43,14.5
NaN:NaN:NaN,20.3,0,-1,1.43,14.3
NaN:NaN:NaN,19.8,0,-1,1.43,14.6
NaN:NaN:NaN,19.1,0,-1,1.43,14.5
NaN:NaN:NaN,19.1,0,-1,1.43,14.3
NaN:NaN:NaN,20.2,0,-1,1.43,14.5
NaN:NaN:NaN,20.3,0,-1,1.43,14.5
NaN:NaN:NaN,20.3,0,-1,1.43,14.5
NaN:NaN:NaN,20.1,0,-1,1.43,14.3
NaN:NaN:NaN,19.4,0,-1,1.43,14.5
NaN:NaN:NaN,19.4,0,-1,1.43,14.3
NaN:NaN:NaN,19.9,0,-1,1.42,14.5
NaN:NaN:NaN,19.6,0,-1,1.42,14.5
NaN:NaN:NaN,19.8,0,-1,1.42,14.3
NaN:NaN:NaN,20,0,-1,1.42,14.5
NaN:NaN:NaN,19.9,0,-1,1.42,14.5
NaN:NaN:NaN,19.4,0,-1,1.42,14.5
NaN:NaN:NaN,19.7,0,-1,1.42,14.3
NaN:NaN:NaN,20.3,0,-1,1.42,14.5
NaN:NaN:NaN,20.2,0,-1,1.42,14.5
NaN:NaN:NaN,20.4,0,-1,1.42,14.5
NaN:NaN:NaN,19.7,0,-1,1.42,14.5
NaN:NaN:NaN,19.6,0,-1,1.42,14.3
NaN:NaN:NaN,19.8,0,-1,1.42,14.5
NaN:NaN:NaN,19.3,0,-1,1.42,14.5
NaN:NaN:NaN,19.4,0,-1,1.42,14.3
NaN:NaN:NaN,19.6,0,-1,1.43,14.5
NaN:NaN:NaN,19.9,0,-1,1.43,14.3
NaN:NaN:NaN,20.1,0,-1,1.43,14.5
NaN:NaN:NaN,20.4,0,-1,1.43,14.5
NaN:NaN:NaN,19.7,0,-1,1.43,14.3
NaN:NaN:NaN,19.9,0,-1,1.43,14.5
NaN:NaN:NaN,20.2,0,-1,1.43,14.5
NaN:NaN:NaN,19.8,0,-1,1.43,14.3
NaN:NaN:NaN,19.9,0,-1,1.43,14.3
NaN:NaN:NaN,19.7,0,-1,1.43,14.5
NaN:NaN:NaN,20.2,0,-1,1.43,14.6
NaN:NaN:NaN,19.9,0,-1,1.43,14.3
NaN:NaN:NaN,19.3,0,-1,1.43,14.5
NaN:NaN:NaN,19.3,0,-1,1.43,14.3
NaN:NaN:NaN,19.9,0,-1,1.43,14.5
NaN:NaN:NaN,19.9,0,-1,1.43,14.5
NaN:NaN:NaN,19.8,0,-1,1.43,14.3
NaN:NaN:NaN,20.1,0,-1,1.43,14.5
NaN:NaN:NaN,20.3,0,-1,1.43,14.3
NaN:NaN:NaN,19.8,0,-1,1.43,14.5
NaN:NaN:NaN,19.4,0,-1,1.43,14.5
NaN:NaN:NaN,19.2,0,-1,1.43,14.3
NaN:NaN:NaN,19.2,0,-1,1.43,14.5
NaN:NaN:NaN,19.9,0,-1,1.43,14.5
NaN:NaN:NaN,20.6,0,-1,1.43,14.5
NaN:NaN:NaN,20.3,0,-1,1.43,14.5
NaN:NaN:NaN,19.6,0,-1,1.43,14.3
NaN:NaN:NaN,19.5,0,-1,1.43,14.5
NaN:NaN:NaN,18.8,0,-1,1.43,14.3
NaN:NaN:NaN,19.3,0,-1,1.43,14.5
NaN:NaN:NaN,18.8,0,-1,1.43,14.5
NaN:NaN:NaN,19.6,0,-1,1.43,14.3
NaN:NaN:NaN,19.8,0,-1,1.43,14.5
NaN:NaN:NaN,19.4,0,-1,1.42,14.3
NaN:NaN:NaN,19,0,-1,1.42,14.5
NaN:NaN:NaN,19.6,0,-1,1.42,14.3
NaN:NaN:NaN,19.2,0,-1,1.42,14.5
NaN:NaN:NaN,19.7,0,-1,1.42,14.5
NaN:NaN:NaN,19,0,-1,1.42,14.3
NaN:NaN:NaN,19.3,0,-1,1.42,14.6
NaN:NaN:NaN,19.3,0,-1,1.42,14.5
NaN:NaN:NaN,19.3,0,-1,1.42,14.3
NaN:NaN:NaN,19.3,0,-1,1.42,14.5
NaN:NaN:NaN,19.2,0,-1,1.42,14.3
NaN:NaN:NaN,19.7,0,-1,1.42,14.5
NaN:NaN:NaN,20.2,0,-1,1.42,14.5
NaN:NaN:NaN,19.8,0,-1,1.42,14.3
NaN:NaN:NaN,19.1,0,-1,1.42,14.5
NaN:NaN:NaN,19.1,0,-1,1.42,14.5
NaN:NaN:NaN,19.2,0,-1,1.42,14.3
NaN:NaN:NaN,19.3,0,-1,1.42,14.5
NaN:NaN:NaN,19.3,0,-1,1.42,14.3
NaN:NaN:NaN,19,0,-1,1.42,14.6
NaN:NaN:NaN,19.2,0,-1,1.42,14.5
NaN:NaN:NaN,19.7,0,-1,1.42,14.3
NaN:NaN:NaN,19.3,0,-1,1.42,14.5
NaN:NaN:NaN,18.9,0,-1,1.42,14.3
NaN:NaN:NaN,18.9,0,-1,1.42,14.5
NaN:NaN:NaN,18.8,0,-1,1.42,14.5
NaN:NaN:NaN,18.9,0,-1,1.42,14.3
NaN:NaN:NaN,18.6,0,-1,1.42,14.5
NaN:NaN:NaN,18.9,0,-1,1.42,14.3
NaN:NaN:NaN,18.5,0,-1,1.42,14.6
NaN:NaN:NaN,19.6,0,-1,1.42,14.3
NaN:NaN:NaN,19.1,0,-1,1.42,14.5
NaN:NaN:NaN,18.8,0,-1,1.42,14.3
NaN:NaN:NaN,18.4,0,-1,1.42,14.5
NaN:NaN:NaN,19.3,0,-1,1.42,14.3
NaN:NaN:NaN,19.3,0,-1,1.42,14.5
NaN:NaN:NaN,19.7,0,-1,1.42,14.5
NaN:NaN:NaN,19.6,0,-1,1.42,14.3
NaN:NaN:NaN,18.8,0,-1,1.42,14.5
NaN:NaN:NaN,18.9,0,-1,1.42,14.3
NaN:NaN:NaN,19.1,0,-1,1.42,14.6
NaN:NaN:NaN,18.3,0,-1,1.42,14.3
NaN:NaN:NaN,18.3,0,-1,1.42,14.5
NaN:NaN:NaN,18.8,0,-1,1.42,14.3
NaN:NaN:NaN,19.2,0,-1,1.42,14.5
NaN:NaN:NaN,19.1,0,-1,1.42,14.3
NaN:NaN:NaN,18.6,0,-1,1.42,14.5
NaN:NaN:NaN,19.1,0,-1,1.42,14.3
NaN:NaN:NaN,19.2,0,-1,1.42,14.5
NaN:NaN:NaN,18.6,0,-1,1.42,14.3
NaN:NaN:NaN,18.8,0,-1,1.43,14.6
NaN:NaN:NaN,19.1,0,-1,1.43,14.5
NaN:NaN:NaN,19.5,0,-1,1.43,14.3
NaN:NaN:NaN,19.9,0,-1,1.42,14.5
NaN:NaN:NaN,19,0,-1,1.42,14.3
NaN:NaN:NaN,18.9,0,-1,1.42,14.5
NaN:NaN:NaN,18.7,0,-1,1.42,14.3
NaN:NaN:NaN,18.9,0,-1,1.42,14.5
NaN:NaN:NaN,19.1,0,-1,1.42,14.3
NaN:NaN:NaN,19.2,0,-1,1.42,14.5
NaN:NaN:NaN,18.5,0,-1,1.42,14.5
NaN:NaN:NaN,18.6,0,-1,1.42,14.5
NaN:NaN:NaN,19.1,0,-1,1.42,14.5
NaN:NaN:NaN,19.7,0,-1,1.42,14.3
NaN:NaN:NaN,19.1,0,-1,1.42,14.5
NaN:NaN:NaN,19.3,0,-1,1.42,14.3
NaN:NaN:NaN,18.9,0,-1,1.42,14.5
NaN:NaN:NaN,19.1,0,-1,1.42,14.3
NaN:NaN:NaN,19.2,0,-1,1.42,14.5
NaN:NaN:NaN,18.9,0,-1,1.42,14.3
NaN:NaN:NaN,18.7,0,-1,1.42,14.6
NaN:NaN:NaN,19,0,-1,1.42,14.3
NaN:NaN:NaN,19,0,-1,1.42,14.5
NaN:NaN:NaN,19,0,-1,1.42,14.3
NaN:NaN:NaN,19.2,0,-1,1.42,14.5
NaN:NaN:NaN,19.2,0,-1,1.42,14.5
NaN:NaN:NaN,19.4,0,-1,1.42,14.3
NaN:NaN:NaN,18.7,0,-1,1.42,14.3
NaN:NaN:NaN,17.9,0,-1,1.42,14.5
NaN:NaN:NaN,18.3,0,-1,1.42,14.3
NaN:NaN:NaN,18.9,0,-1,1.42,14.6
NaN:NaN:NaN,19.5,0,-1,1.42,14.5
NaN:NaN:NaN,19.3,0,-1,1.42,14.3
NaN:NaN:NaN,19.4,0,-1,1.42,14.3
NaN:NaN:NaN,18.7,0,-1,1.42,14.5
NaN:NaN:NaN,18.6,0,-1,1.42,14.3
NaN:NaN:NaN,18.6,0,-1,1.42,14.5
NaN:NaN:NaN,18.9,0,-1,1.42,14.3
NaN:NaN:NaN,18.6,0,-1,1.42,14.5
NaN:NaN:NaN,19.1,0,-1,1.42,14.3
NaN:NaN:NaN,18.9,0,-1,1.42,14.5
NaN:NaN:NaN,18.8,0,-1,1.42,14.6
NaN:NaN:NaN,18.9,0,-1,1.42,14.3
NaN:NaN:NaN,18.4,0,-1,1.42,14.3
NaN:NaN:NaN,18.6,0,-1,1.42,14.5
NaN:NaN:NaN,18.7,0,-1,1.42,14.3
NaN:NaN:NaN,18.9,0,-1,1.42,14.5
NaN:NaN:NaN,18.7,0,-1,1.42,14.5
NaN:NaN:NaN,18.9,0,-1,1.42,14.5
NaN:NaN:NaN,19.5,0,-1,1.42,14.5
NaN:NaN:NaN,19.1,0,-1,1.42,14.3
NaN:NaN:NaN,18.6,0,-1,1.43,14.5
NaN:NaN:NaN,18.5,0,-1,1.43,14.3
NaN:NaN:NaN,19,0,-1,1.43,14.5
NaN:NaN:NaN,19.2,0,-1,1.43,14.3
NaN:NaN:NaN,19.2,0,-1,1.43,14.5
NaN:NaN:NaN,18.4,0,-1,1.43,14.5
NaN:NaN:NaN,18.3,0,-1,1.43,14.5
NaN:NaN:NaN,18.8,0,-1,1.43,14.5
NaN:NaN:NaN,18.9,0,-1,1.43,14.3
NaN:NaN:NaN,18.6,0,-1,1.43,14.5
NaN:NaN:NaN,19.2,0,-1,1.43,14.3
NaN:NaN:NaN,19.4,0,-1,1.43,14.5
NaN:NaN:NaN,18.8,0,-1,1.43,14.5
NaN:NaN:NaN,18.6,0,-1,1.43,14.3
NaN:NaN:NaN,18.1,0,-1,1.43,14.5
NaN:NaN:NaN,18.3,0,-1,1.43,14.3
NaN:NaN:NaN,18.6,0,-1,1.43,14.6
NaN:NaN:NaN,19,0,-1,1.43,14.5
NaN:NaN:NaN,18.9,0,-1,1.43,14.3
NaN:NaN:NaN,19.1,0,-1,1.43,14.5
NaN:NaN:NaN,18.7,0,-1,1.43,14.3
NaN:NaN:NaN,19.4,0,-1,1.43,14.5
NaN:NaN:NaN,19.4,0,-1,1.43,14.5
NaN:NaN:NaN,18,0,-1,1.43,14.3
NaN:NaN:NaN,18.3,0,-1,1.43,14.6
NaN:NaN:NaN,18.7,0,-1,1.43,14.3
NaN:NaN:NaN,19,0,-1,1.42,14.5
NaN:NaN:NaN,18.5,0,-1,1.42,14.3
NaN:NaN:NaN,18.2,0,-1,1.42,14.5
NaN:NaN:NaN,18.1,0,-1,1.41,14.5
NaN:NaN:NaN,18.4,0,-1,1.41,14.3
NaN:NaN:NaN,18.8,0,-1,1.41,14.5
NaN:NaN:NaN,18.4,0,-1,1.41,14.3
NaN:NaN:NaN,18.6,0,-1,1.41,14.6
NaN:NaN:NaN,18.6,0,-1,1.41,14.3
NaN:NaN:NaN,18.7,0,-1,1.41,14.5
NaN:NaN:NaN,18.8,0,-1,1.41,14.5
NaN:NaN:NaN,17.7,0,-1,1.41,14.3
NaN:NaN:NaN,18.1,0,-1,1.41,14.5
NaN:NaN:NaN,18.5,0,-1,1.42,14.5
NaN:NaN:NaN,19.4,0,-1,1.42,14.3
NaN:NaN:NaN,18.9,0,-1,1.42,14.5
NaN:NaN:NaN,19.2,0,-1,1.42,14.5
NaN:NaN:NaN,18.5,0,-1,1.41,14.5
NaN:NaN:NaN,18.4,0,-1,1.41,14.5
NaN:NaN:NaN,18.4,0,-1,1.41,14.3
NaN:NaN:NaN,18.4,0,-1,1.41,14.5
NaN:NaN:NaN,18.5,0,-1,1.4,14.5
NaN:NaN:NaN,18.1,0,-1,1.4,14.3
NaN:NaN:NaN,18.7,0,-1,1.4,14.5
NaN:NaN:NaN,18.8,0,-1,1.4,14.5
NaN:NaN:NaN,18.9,0,-1,1.4,14.5
NaN:NaN:NaN,18.4,0,-1,1.39,14.5
NaN:NaN:NaN,18.5,0,-1,1.39,14.3
NaN:NaN:NaN,18.9,0,-1,1.39,14.5
NaN:NaN:NaN,18.4,0,-1,1.39,14.3
NaN:NaN:NaN,18.1,0,-1,1.39,14.5
NaN:NaN:NaN,18.6,0,-1,1.39,14.3
NaN:NaN:NaN,18,0,-1,1.39,14.6
NaN:NaN:NaN,18.5,0,-1,1.39,14.5
NaN:NaN:NaN,18.3,0,-1,1.4,14.3
NaN:NaN:NaN,17.8,0,-1,1.4,14.5
NaN:NaN:NaN,17.5,0,-1,1.4,14.5
NaN:NaN:NaN,18.5,0,-1,1.4,14.3
NaN:NaN:NaN,19.3,0,-1,1.4,14.5
NaN:NaN:NaN,18.8,0,-1,1.4,14.3
NaN:NaN:NaN,18.2,0,-1,1.4,14.6
NaN:NaN:NaN,18.1,0,-1,1.4,14.5
NaN:NaN:NaN,18.1,0,-1,1.4,14.5
NaN:NaN:NaN,18.3,0,-1,1.4,14.3
NaN:NaN:NaN,18.6,0,-1,1.4,14.5
NaN:NaN:NaN,17.7,0,-1,1.4,14.5
NaN:NaN:NaN,18.1,0,-1,1.4,14.3
NaN:NaN:NaN,18.4,0,-1,1.4,14.6
NaN:NaN:NaN,18.5,0,-1,1.4,14.5
NaN:NaN:NaN,18.3,0,-1,1.4,14.3
NaN:NaN:NaN,18.1,0,-1,1.4,14.5
NaN:NaN:NaN,18.6,0,-1,1.4,14.5
NaN:NaN:NaN,18.3,0,-1,1.4,14.5
NaN:NaN:NaN,18.3,0,-1,1.41,14.5
NaN:NaN:NaN,18.1,0,-1,1.41,14.5
NaN:NaN:NaN,17.1,0,-1,1.41,14.5
NaN:NaN:NaN,17.5,0,-1,1.41,14.5
NaN:NaN:NaN,18.5,0,-1,1.41,14.3
NaN:NaN:NaN,18.8,0,-1,1.41,14.5
NaN:NaN:NaN,17.8,0,-1,1.41,14.5
NaN:NaN:NaN,17.4,0,-1,1.41,14.5
NaN:NaN:NaN,18.2,0,-1,1.41,14.5
NaN:NaN:NaN,18.6,0,-1,1.41,14.5
NaN:NaN:NaN,18.8,0,-1,1.41,14.5
NaN:NaN:NaN,18.5,0,-1,1.42,14.5
NaN:NaN:NaN,17.8,0,-1,1.42,14.3
NaN:NaN:NaN,17.6,0,-1,1.42,14.5
NaN:NaN:NaN,17.4,0,-1,1.42,14.5
NaN:NaN:NaN,18.5,0,-1,1.42,14.5
NaN:NaN:NaN,18.6,0,-1,1.42,14.5
NaN:NaN:NaN,18.3,0,-1,1.42,14.5
NaN:NaN:NaN,18.1,0,-1,1.42,14.5
NaN:NaN:NaN,17.9,0,-1,1.42,14.5
NaN:NaN:NaN,17.9,0,-1,1.43,14.3
NaN:NaN:NaN,17.5,0,-1,1.43,14.5
NaN:NaN:NaN,17.6,0,-1,1.43,14.6
NaN:NaN:NaN,17.9,0,-1,1.43,14.5
NaN:NaN:NaN,17.8,0,-1,1.43,14.5
NaN:NaN:NaN,18,0,-1,1.43,14.3
NaN:NaN:NaN,17.3,0,-1,1.43,14.5
NaN:NaN:NaN,17.6,0,-1,1.43,14.5
NaN:NaN:NaN,17.7,0,-1,1.42,14.5
NaN:NaN:NaN,18.4,0,-1,1.42,14.5
NaN:NaN:NaN,17.6,0,-1,1.42,14.5
NaN:NaN:NaN,17.5,0,-1,1.42,14.5
NaN:NaN:NaN,17,0,-1,1.42,14.3
NaN:NaN:NaN,17.7,0,-1,1.42,14.5
NaN:NaN:NaN,17.9,0,-1,1.41,14.5
NaN:NaN:NaN,18.3,0,-1,1.41,14.5
NaN:NaN:NaN,18,0,-1,1.41,14.5
NaN:NaN:NaN,17.2,0,-1,1.41,14.5
NaN:NaN:NaN,17,0,-1,1.41,14.5
NaN:NaN:NaN,17.7,0,-1,1.41,14.3
NaN:NaN:NaN,18.2,0,-1,1.42,14.5
NaN:NaN:NaN,18.4,0,-1,1.42,14.5
NaN:NaN:NaN,17.9,0,-1,1.42,14.5
NaN:NaN:NaN,17.6,0,-1,1.42,14.5
NaN:NaN:NaN,17.4,0,-1,1.42,14.5
NaN:NaN:NaN,17.4,0,-1,1.42,14.5
NaN:NaN:NaN,17.3,0,-1,1.43,14.3
NaN:NaN:NaN,17.5,0,-1,1.43,14.5
NaN:NaN:NaN,17.3,0,-1,1.43,14.6
NaN:NaN:NaN,18.4,0,-1,1.43,14.5
NaN:NaN:NaN,18.1,0,-1,1.43,14.3
NaN:NaN:NaN,18,0,-1,1.43,14.5
NaN:NaN:NaN,17.3,0,-1,1.43,14.5
NaN:NaN:NaN,17.2,0,-1,1.43,14.5
NaN:NaN:NaN,17.6,0,-1,1.43,14.3
NaN:NaN:NaN,17.8,0,-1,1.42,14.6
NaN:NaN:NaN,17.8,0,-1,1.42,14.5
NaN:NaN:NaN,17.4,0,-1,1.42,14.3
NaN:NaN:NaN,17.2,0,-1,1.42,14.5
NaN:NaN:NaN,17.9,0,-1,1.42,14.5
NaN:NaN:NaN,17.9,0,-1,1.42,14.6
NaN:NaN:NaN,17.1,0,-1,1.42,14.5
NaN:NaN:NaN,17.1,0,-1,1.42,14.3
NaN:NaN:NaN,16.7,0,-1,1.42,14.5
NaN:NaN:NaN,18.1,0,-1,1.43,14.5
NaN:NaN:NaN,17.9,0,-1,1.43,14.5
NaN:NaN:NaN,17.6,0,-1,1.43,14.5
NaN:NaN:NaN,17.6,0,-1,1.43,14.5
NaN:NaN:NaN,17.2,0,-1,1.43,14.5
NaN:NaN:NaN,17.4,0,-1,1.43,14.5
NaN:NaN:NaN,17.8,0,-1,1.42,14.5
NaN:NaN:NaN,17.7,0,-1,1.42,14.5
NaN:NaN:NaN,17.6,0,-1,1.42,14.3
NaN:NaN:NaN,17.1,0,-1,1.42,14.6
NaN:NaN:NaN,17.5,0,-1,1.42,14.5
NaN:NaN:NaN,17.8,0,-1,1.42,14.5
NaN:NaN:NaN,17.8,0,-1,1.42,14.3
NaN:NaN:NaN,17.7,0,-1,1.42,14.5
NaN:NaN:NaN,17.8,0,-1,1.42,14.5
NaN:NaN:NaN,17.8,0,-1,1.42,14.5
NaN:NaN:NaN,18,0,-1,1.42,14.6
NaN:NaN:NaN,18,0,-1,1.42,14.5
NaN:NaN:NaN,17.6,0,-1,1.43,14.3
NaN:NaN:NaN,17.9,0,-1,1.43,14.5
NaN:NaN:NaN,17.7,0,-1,1.43,14.5
NaN:NaN:NaN,17.6,0,-1,1.43,14.6
NaN:NaN:NaN,17.9,0,-1,1.43,14.5
NaN:NaN:NaN,17.9,0,-1,1.43,14.5
NaN:NaN:NaN,17.5,0,-1,1.43,14.5
NaN:NaN:NaN,17.4,0,-1,1.42,14.3
NaN:NaN:NaN,17.9,0,-1,1.42,14.5
NaN:NaN:NaN,17.9,0,-1,1.42,14.5
NaN:NaN:NaN,18.3,0,-1,1.42,14.6
NaN:NaN:NaN,17.7,0,-1,1.42,14.5
NaN:NaN:NaN,17.8,0,-1,1.42,14.3
NaN:NaN:NaN,17.7,0,-1,1.42,14.5
NaN:NaN:NaN,18,0,-1,1.42,14.5
NaN:NaN:NaN,18,0,-1,1.42,14.5
NaN:NaN:NaN,17.7,0,-1,1.42,14.6
NaN:NaN:NaN,17.2,0,-1,1.42,14.3
NaN:NaN:NaN,17.9,0,-1,1.42,14.5
NaN:NaN:NaN,18.2,0,-1,1.42,14.5
NaN:NaN:NaN,17.9,0,-1,1.42,14.5
NaN:NaN:NaN,17.9,0,-1,1.42,14.5
NaN:NaN:NaN,17.5,0,-1,1.42,14.5
NaN:NaN:NaN,17.5,0,-1,1.42,14.5
NaN:NaN:NaN,17.5,0,-1,1.42,14.5
NaN:NaN:NaN,18,0,-1,1.42,14.5
NaN:NaN:NaN,17.5,0,-1,1.42,14.5
NaN:NaN:NaN,17.3,0,-1,1.42,14.3
NaN:NaN:NaN,17.9,0,-1,1.42,14.6
NaN:NaN:NaN,17.8,0,-1,1.42,14.5
NaN:NaN:NaN,17.9,0,-1,1.43,14.5
NaN:NaN:NaN,18.2,0,-1,1.43,14.5
NaN:NaN:NaN,17.6,0,-1,1.43,14.3
NaN:NaN:NaN,17.1,0,-1,1.43,14.5
NaN:NaN:NaN,17.5,0,-1,1.43,14.6
NaN:NaN:NaN,17.6,0,-1,1.43,14.5
NaN:NaN:NaN,17.6,0,-1,1.43,14.5
NaN:NaN:NaN,17.3,0,-1,1.43,14.5
NaN:NaN:NaN,17.7,0,-1,1.43,14.5
NaN:NaN:NaN,18.2,0,-1,1.43,14.3
NaN:NaN:NaN,18.1,0,-1,1.43,14.6
NaN:NaN:NaN,17.7,0,-1,1.43,14.5
NaN:NaN:NaN,17.4,0,-1,1.43,14.5
NaN:NaN:NaN,17.1,0,-1,1.43,14.5
NaN:NaN:NaN,17.6,0,-1,1.42,14.5
NaN:NaN:NaN,17.2,0,-1,1.42,14.5
NaN:NaN:NaN,17.6,0,-1,1.42,14.6
NaN:NaN:NaN,17.3,0,-1,1.42,14.3
NaN:NaN:NaN,17.1,0,-1,1.42,14.5
NaN:NaN:NaN,17.5,0,-1,1.42,14.5
NaN:NaN:NaN,17.6,0,-1,1.42,14.5
NaN:NaN:NaN,17.9,0,-1,1.42,14.5
NaN:NaN:NaN,17.6,0,-1,1.42,14.6
NaN:NaN:NaN,17.2,0,-1,1.43,14.3
NaN:NaN:NaN,16.8,0,-1,1.43,14.5
NaN:NaN:NaN,17.6,0,-1,1.43,14.5
NaN:NaN:NaN,17.6,0,-1,1.44,14.5
NaN:NaN:NaN,17.8,0,-1,1.44,14.5
NaN:NaN:NaN,17.8,0,-1,1.43,14.6
NaN:NaN:NaN,17.4,0,-1,1.43,14.5
NaN:NaN:NaN,17.8,0,-1,1.43,14.5
NaN:NaN:NaN,17.6,0,-1,1.43,14.5
NaN:NaN:NaN,17.6,0,-1,1.42,14.5
NaN:NaN:NaN,17,0,-1,1.42,14.6
NaN:NaN:NaN,16.9,0,-1,1.42,14.5
NaN:NaN:NaN,17.2,0,-1,1.42,14.3
NaN:NaN:NaN,17.9,0,-1,1.42,14.5
NaN:NaN:NaN,17.8,0,-1,1.42,14.5
NaN:NaN:NaN,17.3,0,-1,1.42,14.5
NaN:NaN:NaN,17.2,0,-1,1.42,14.6
NaN:NaN:NaN,17.6,0,-1,1.42,14.5
NaN:NaN:NaN,17.9,0,-1,1.42,14.5
NaN:NaN:NaN,17.8,0,-1,1.42,14.5
NaN:NaN:NaN,17.1,0,-1,1.42,14.5
NaN:NaN:NaN,16.7,0,-1,1.42,14.5
NaN:NaN:NaN,16.9,0,-1,1.42,14.6
NaN:NaN:NaN,16.6,0,-1,1.42,14.5
NaN:NaN:NaN,17,0,-1,1.42,14.5
NaN:NaN:NaN,17.3,0,-1,1.42,14.5
NaN:NaN:NaN,17.7,0,-1,1.42,14.5
NaN:NaN:NaN,17,0,-1,1.43,14.5
NaN:NaN:NaN,17.7,0,-1,1.43,14.6
NaN:NaN:NaN,17.9,0,-1,1.43,14.5
NaN:NaN:NaN,18,0,-1,1.43,14.5
NaN:NaN:NaN,17.4,0,-1,1.43,14.5
NaN:NaN:NaN,17.6,0,-1,1.43,14.5
NaN:NaN:NaN,17.7,0,-1,1.43,14.5
NaN:NaN:NaN,17.4,0,-1,1.43,14.6
NaN:NaN:NaN,18.1,0,-1,1.43,14.5
NaN:NaN:NaN,17.2,0,-1,1.43,14.5
NaN:NaN:NaN,17,0,-1,1.43,14.5
NaN:NaN:NaN,17.2,0,-1,1.43,14.5
NaN:NaN:NaN,17.6,0,-1,1.43,14.6
NaN:NaN:NaN,16.9,0,-1,1.43,14.5
NaN:NaN:NaN,16.7,0,-1,1.43,14.5
NaN:NaN:NaN,17.1,0,-1,1.42,14.5
NaN:NaN:NaN,17,0,-1,1.42,14.5
NaN:NaN:NaN,17.3,0,-1,1.41,14.6
NaN:NaN:NaN,17.2,0,-1,1.41,14.5
NaN:NaN:NaN,17.2,0,-1,1.41,14.5
NaN:NaN:NaN,17.9,0,-1,1.41,14.5
NaN:NaN:NaN,17.4,0,-1,1.41,14.5
NaN:NaN:NaN,17.6,0,-1,1.41,14.5
NaN:NaN:NaN,18,0,-1,1.42,14.6
NaN:NaN:NaN,18.1,0,-1,1.42,14.5
NaN:NaN:NaN,17.2,0,-1,1.42,14.5
NaN:NaN:NaN,16.8,0,-1,1.42,14.5
NaN:NaN:NaN,16.9,0,-1,1.42,14.5
NaN:NaN:NaN,17.3,0,-1,1.42,14.6
NaN:NaN:NaN,17.7,0,-1,1.42,14.5
NaN:NaN:NaN,17,0,-1,1.42,14.5
NaN:NaN:NaN,16.2,0,-1,1.42,14.5
NaN:NaN:NaN,17.2,0,-1,1.43,14.6
NaN:NaN:NaN,17.4,0,-1,1.43,14.5
NaN:NaN:NaN,17.4,0,-1,1.43,14.6
NaN:NaN:NaN,17.9,0,-1,1.43,14.5
NaN:NaN:NaN,17.9,0,-1,1.43,14.5
NaN:NaN:NaN,17,0,-1,1.43,14.5
NaN:NaN:NaN,17.2,0,-1,1.43,14.5
NaN:NaN:NaN,17.2,0,-1,1.43,14.6
NaN:NaN:NaN,17.9,0,-1,1.43,14.5
NaN:NaN:NaN,17.1,0,-1,1.43,14.6
NaN:NaN:NaN,16.2,0,-1,1.43,14.5
NaN:NaN:NaN,17,0,-1,1.43,14.5
NaN:NaN:NaN,17.6,0,-1,1.43,14.5
NaN:NaN:NaN,17,0,-1,1.43,14.6
NaN:NaN:NaN,17.1,0,-1,1.43,14.5
NaN:NaN:NaN,17.2,0,-1,1.43,14.5
NaN:NaN:NaN,16.8,0,-1,1.43,14.5
NaN:NaN:NaN,17.1,0,-1,1.43,14.5
NaN:NaN:NaN,17.8,0,-1,1.43,14.6
NaN:NaN:NaN,17.7,0,-1,1.42,14.6
NaN:NaN:NaN,16.8,0,-1,1.42,14.5
NaN:NaN:NaN,16.5,0,-1,1.42,14.5
NaN:NaN:NaN,16.6,0,-1,1.42,14.5
NaN:NaN:NaN,16.6,0,-1,1.43,14.5
NaN:NaN:NaN,17.1,0,-1,1.43,14.6
NaN:NaN:NaN,17.1,0,-1,1.43,14.5
NaN:NaN:NaN,17.2,0,-1,1.43,14.5
NaN:NaN:NaN,17.1,0,-1,1.43,14.5
NaN:NaN:NaN,17.5,0,-1,1.43,14.6
NaN:NaN:NaN,17.7,0,-1,1.43,14.6
NaN:NaN:NaN,17.9,0,-1,1.43,14.5
NaN:NaN:NaN,17.2,0,-1,1.43,14.5
NaN:NaN:NaN,16.7,0,-1,1.43,14.5
NaN:NaN:NaN,17.1,0,-1,1.43,14.5
NaN:NaN:NaN,17.2,0,-1,1.43,14.6
NaN:NaN:NaN,16.9,0,-1,1.43,14.5
NaN:NaN:NaN,17.1,0,-1,1.43,14.6
NaN:NaN:NaN,16.5,0,-1,1.43,14.5
NaN:NaN:NaN,16.9,0,-1,1.43,14.5
NaN:NaN:NaN,16.9,0,-1,1.43,14.5
NaN:NaN:NaN,17.5,0,-1,1.43,14.6
NaN:NaN:NaN,17.4,0,-1,1.43,14.5
NaN:NaN:NaN,16.5,0,-1,1.43,14.5
NaN:NaN:NaN,17,0,-1,1.43,14.6
NaN:NaN:NaN,17.1,0,-1,1.43,14.5
NaN:NaN:NaN,17.1,0,-1,1.43,14.6
NaN:NaN:NaN,16.1,0,-1,1.43,14.5
NaN:NaN:NaN,17.2,0,-1,1.43,14.5
NaN:NaN:NaN,16.8,0,-1,1.43,14.5
NaN:NaN:NaN,17,0,-1,1.43,14.6
NaN:NaN:NaN,17.5,0,-1,1.43,14.6
NaN:NaN:NaN,17.2,0,-1,1.43,14.5
NaN:NaN:NaN,17,0,-1,1.43,14.5
NaN:NaN:NaN,16.6,0,-1,1.43,14.5
NaN:NaN:NaN,16.6,0,-1,1.43,14.6
NaN:NaN:NaN,16.7,0,-1,1.43,14.6
NaN:NaN:NaN,17.1,0,-1,1.42,14.5
NaN:NaN:NaN,17.2,0,-1,1.42,14.5
NaN:NaN:NaN,18,0,-1,1.42,14.5
NaN:NaN:NaN,17,0,-1,1.42,14.5
NaN:NaN:NaN,16.9,0,-1,1.42,14.5
NaN:NaN:NaN,17.1,0,-1,1.42,14.7
NaN:NaN:NaN,17.1,0,-1,1.42,14.5
NaN:NaN:NaN,17,0,-1,1.42,14.5
NaN:NaN:NaN,16.3,0,-2,1.42,14.5
NaN:NaN:NaN,16.4,0,-2,1.42,14.6
NaN:NaN:NaN,16.6,0,-2,1.42,14.5
NaN:NaN:NaN,16.8,0,-2,1.42,14.6
NaN:NaN:NaN,17.4,0,-2,1.42,14.5
NaN:NaN:NaN,16.8,0,-2,1.42,14.5
NaN:NaN:NaN,16.6,0,-2,1.42,14.5
NaN:NaN:NaN,16.7,0,-2,1.42,14.7
NaN:NaN:NaN,17,0,-2,1.42,14.5
NaN:NaN:NaN,16.5,0,-2,1.42,14.5
NaN:NaN:NaN,16.5,0,-2,1.42,14.5
NaN:NaN:NaN,16.6,0,-2,1.42,14.5
NaN:NaN:NaN,16.9,0,-2,1.42,14.7
NaN:NaN:NaN,17,0,-2,1.42,14.5
NaN:NaN:NaN,17.1,0,-2,1.42,14.5
NaN:NaN:NaN,17,0,-2,1.43,14.5
NaN:NaN:NaN,16.4,0,-2,1.43,14.6
NaN:NaN:NaN,16.1,0,-2,1.43,14.5
NaN:NaN:NaN,16.7,0,-2,1.43,14.6
NaN:NaN:NaN,16.2,0,-2,1.43,14.5
NaN:NaN:NaN,16.8,0,-2,1.43,14.6
NaN:NaN:NaN,16.6,0,-2,1.43,14.5
NaN:NaN:NaN,16.3,0,-2,1.42,14.5
NaN:NaN:NaN,16.7,0,-2,1.42,14.5
NaN:NaN:NaN,17.2,0,-2,1.41,14.6
NaN:NaN:NaN,16.6,0,-2,1.41,14.6
NaN:NaN:NaN,16.3,0,-2,1.41,14.5
NaN:NaN:NaN,16.4,0,-2,1.41,14.5
NaN:NaN:NaN,16.9,0,-2,1.42,14.6
NaN:NaN:NaN,17.4,0,-2,1.42,14.6
NaN:NaN:NaN,17.2,0,-2,1.42,14.5
NaN:NaN:NaN,17.3,0,-2,1.42,14.5
NaN:NaN:NaN,16.3,0,-2,1.42,14.6
NaN:NaN:NaN,15.7,0,-2,1.42,14.5
NaN:NaN:NaN,16.5,0,-2,1.42,14.6
NaN:NaN:NaN,16.9,0,-2,1.42,14.5
NaN:NaN:NaN,17.3,0,-2,1.42,14.6
NaN:NaN:NaN,17.1,0,-2,1.42,14.5
NaN:NaN:NaN,16.6,0,-2,1.42,14.5
NaN:NaN:NaN,16.7,0,-2,1.42,14.5
NaN:NaN:NaN,16.8,0,-2,1.42,14.7
NaN:NaN:NaN,16.5,0,-2,1.42,14.5
NaN:NaN:NaN,16.6,0,-2,1.42,14.5
NaN:NaN:NaN,16.6,0,-2,1.42,14.5
NaN:NaN:NaN,17.1,0,-2,1.42,14.6
NaN:NaN:NaN,17,0,-2,1.42,14.6
NaN:NaN:NaN,16.9,0,-2,1.42,14.5
NaN:NaN:NaN,16.3,0,-2,1.42,14.6
NaN:NaN:NaN,16.1,0,-2,1.42,14.5
NaN:NaN:NaN,16.2,0,-2,1.42,14.5
NaN:NaN:NaN,16.7,0,-2,1.42,14.5
NaN:NaN:NaN,17,0,-2,1.42,14.7
NaN:NaN:NaN,16.7,0,-2,1.42,14.5
NaN:NaN:NaN,16.8,0,-2,1.42,14.5
NaN:NaN:NaN,15.5,0,-2,1.43,14.6
NaN:NaN:NaN,15.9,0,-2,1.43,14.5
NaN:NaN:NaN,16.8,0,-2,1.43,14.6
NaN:NaN:NaN,17.3,0,-2,1.43,14.6
NaN:NaN:NaN,17,0,-2,1.43,14.5
NaN:NaN:NaN,17.2,0,-2,1.44,14.5
NaN:NaN:NaN,16.3,0,-2,1.43,14.5
NaN:NaN:NaN,16.3,0,-2,1.43,14.7
NaN:NaN:NaN,16.5,0,-2,1.43,14.5
NaN:NaN:NaN,16.3,0,-2,1.43,14.6
NaN:NaN:NaN,17.2,0,-2,1.43,14.5
NaN:NaN:NaN,16.8,0,-2,1.43,14.5
NaN:NaN:NaN,16.2,0,-2,1.43,14.7
NaN:NaN:NaN,15.9,0,-2,1.43,14.5
NaN:NaN:NaN,16.6,0,-2,1.43,14.5
NaN:NaN:NaN,16.3,0,-2,1.43,14.5
NaN:NaN:NaN,16.1,0,-2,1.43,14.6
NaN:NaN:NaN,16.2,0,-2,1.43,14.6
NaN:NaN:NaN,16.3,0,-2,1.43,14.5
NaN:NaN:NaN,16.7,0,-2,1.43,14.6
NaN:NaN:NaN,16.4,0,-2,1.43,14.5
NaN:NaN:NaN,16.1,0,-2,1.43,14.5
NaN:NaN:NaN,16.5,0,-2,1.43,14.6
NaN:NaN:NaN,16.2,0,-2,1.43,14.6
NaN:NaN:NaN,16.8,0,-2,1.43,14.5
NaN:NaN:NaN,16.8,0,-2,1.43,14.6
NaN:NaN:NaN,16.5,0,-2,1.43,14.5
NaN:NaN:NaN,16.2,0,-2,1.43,14.5
NaN:NaN:NaN,16.1,0,-2,1.43,14.7
NaN:NaN:NaN,16.1,0,-2,1.44,14.5
NaN:NaN:NaN,15.7,0,-2,1.43,14.5
NaN:NaN:NaN,16.6,0,-2,1.43,14.6
NaN:NaN:NaN,16.6,0,-2,1.43,14.5
NaN:NaN:NaN,15.6,0,-2,1.42,14.6
NaN:NaN:NaN,15.6,0,-2,1.42,14.5
NaN:NaN:NaN,16.3,0,-2,1.42,14.6
NaN:NaN:NaN,16,0,-2,1.41,14.5
NaN:NaN:NaN,16.7,0,-2,1.41,14.6
NaN:NaN:NaN,16.8,0,-2,1.41,14.5
NaN:NaN:NaN,16.1,0,-2,1.41,14.6
NaN:NaN:NaN,16.3,0,-2,1.41,14.6
NaN:NaN:NaN,16.7,0,-2,1.42,14.5
NaN:NaN:NaN,16.5,0,-2,1.42,14.5
NaN:NaN:NaN,16.2,0,-2,1.42,14.6
NaN:NaN:NaN,16.2,0,-2,1.42,14.6
NaN:NaN:NaN,16.2,0,-2,1.43,14.5
NaN:NaN:NaN,16.3,0,-2,1.43,14.6
NaN:NaN:NaN,16.4,0,-2,1.43,14.5
NaN:NaN:NaN,15.7,0,-2,1.43,14.5
NaN:NaN:NaN,16.4,0,-2,1.43,14.7
NaN:NaN:NaN,16.1,0,-2,1.43,14.5
NaN:NaN:NaN,16.1,0,-2,1.43,14.6
NaN:NaN:NaN,16.1,0,-2,1.43,14.5
NaN:NaN:NaN,16.4,0,-2,1.42,14.5
NaN:NaN:NaN,15.8,0,-2,1.42,14.7
NaN:NaN:NaN,15.5,0,-2,1.42,14.5
NaN:NaN:NaN,16.2,0,-2,1.41,14.6
NaN:NaN:NaN,16.2,0,-2,1.41,14.5
NaN:NaN:NaN,16.1,0,-2,1.41,14.5
NaN:NaN:NaN,15.7,0,-2,1.41,14.7
NaN:NaN:NaN,16.1,0,-2,1.42,14.5
NaN:NaN:NaN,16.2,0,-2,1.42,14.6
NaN:NaN:NaN,16.3,0,-2,1.42,14.5
NaN:NaN:NaN,16.3,0,-2,1.42,14.5
NaN:NaN:NaN,16.3,0,-2,1.42,14.7
NaN:NaN:NaN,15.9,0,-2,1.42,14.5
NaN:NaN:NaN,16.2,0,-2,1.42,14.6
NaN:NaN:NaN,16.3,0,-2,1.42,14.5
NaN:NaN:NaN,16.2,0,-2,1.42,14.5
NaN:NaN:NaN,16.2,0,-2,1.42,14.7
NaN:NaN:NaN,16.2,0,-2,1.42,14.5
NaN:NaN:NaN,16.1,0,-2,1.42,14.6
NaN:NaN:NaN,15.7,0,-2,1.42,14.5
NaN:NaN:NaN,16.2,0,-2,1.42,14.5
NaN:NaN:NaN,16.7,0,-2,1.42,14.7
NaN:NaN:NaN,15.8,0,-2,1.42,14.5
NaN:NaN:NaN,15.4,0,-2,1.42,14.6
NaN:NaN:NaN,15.5,0,-2,1.42,14.6
NaN:NaN:NaN,16.1,0,-2,1.42,14.5
NaN:NaN:NaN,16.4,0,-2,1.42,14.6
NaN:NaN:NaN,16.2,0,-2,1.42,14.6
NaN:NaN:NaN,15.9,0,-2,1.42,14.5
NaN:NaN:NaN,15.2,0,-2,1.42,14.6
NaN:NaN:NaN,15.9,0,-2,1.42,14.5
NaN:NaN:NaN,16.1,0,-2,1.42,14.6
NaN:NaN:NaN,16.6,0,-2,1.42,14.6
NaN:NaN:NaN,16.6,0,-2,1.42,14.5
NaN:NaN:NaN,15.5,0,-2,1.42,14.6
NaN:NaN:NaN,15.1,0,-2,1.42,14.6
NaN:NaN:NaN,15.6,0,-2,1.42,14.6
NaN:NaN:NaN,16.1,0,-2,1.42,14.5
NaN:NaN:NaN,16.6,0,-2,1.42,14.6
NaN:NaN:NaN,16.1,0,-2,1.42,14.5
NaN:NaN:NaN,15.6,0,-2,1.42,14.6
NaN:NaN:NaN,15.7,0,-2,1.42,14.6
NaN:NaN:NaN,16.2,0,-2,1.42,14.5
NaN:NaN:NaN,16.2,0,-2,1.42,14.6
NaN:NaN:NaN,15.9,0,-2,1.42,14.5
NaN:NaN:NaN,15.8,0,-2,1.42,14.7
NaN:NaN:NaN,15.6,0,-2,1.42,14.5
NaN:NaN:NaN,15.9,0,-2,1.42,14.6
NaN:NaN:NaN,15.4,0,-2,1.42,14.5
NaN:NaN:NaN,15.9,0,-2,1.42,14.6
NaN:NaN:NaN,16,0,-2,1.42,14.6
NaN:NaN:NaN,15.7,0,-2,1.42,14.6
NaN:NaN:NaN,15.8,0,-2,1.42,14.5
NaN:NaN:NaN,15.4,0,-2,1.42,14.5
NaN:NaN:NaN,15.8,0,-2,1.42,14.7
NaN:NaN:NaN,15.6,0,-2,1.42,14.5
NaN:NaN:NaN,15.4,0,-2,1.43,14.6
NaN:NaN:NaN,15.7,0,-2,1.43,14.5
NaN:NaN:NaN,15.5,0,-2,1.43,14.6
NaN:NaN:NaN,16.1,0,-2,1.43,14.6
NaN:NaN:NaN,15.6,0,-2,1.43,14.6
NaN:NaN:NaN,15.3,0,-2,1.42,14.5
NaN:NaN:NaN,15.9,0,-2,1.42,14.6
NaN:NaN:NaN,15.8,0,-2,1.42,14.6
NaN:NaN:NaN,15.7,0,-2,1.42,14.6
NaN:NaN:NaN,16,0,-2,1.42,14.5
NaN:NaN:NaN,15.5,0,-2,1.42,14.6
NaN:NaN:NaN,15.8,0,-2,1.42,14.5
NaN:NaN:NaN,16.3,0,-2,1.42,14.7
NaN:NaN:NaN,15.5,0,-2,1.42,14.5
NaN:NaN:NaN,15.8,0,-2,1.42,14.6
NaN:NaN:NaN,15.6,0,-2,1.42,14.6
NaN:NaN:NaN,15.6,0,-2,1.42,14.5
NaN:NaN:NaN,16.3,0,-2,1.42,14.7
NaN:NaN:NaN,15.4,0,-2,1.42,14.5
NaN:NaN:NaN,14.9,0,-2,1.43,14.6
NaN:NaN:NaN,15.5,0,-2,1.43,14.5
NaN:NaN:NaN,15.7,0,-2,1.43,14.6
NaN:NaN:NaN,16.1,0,-2,1.43,14.6
NaN:NaN:NaN,15.4,0,-2,1.43,14.5
NaN:NaN:NaN,14.8,0,-2,1.43,14.6
NaN:NaN:NaN,14.9,0,-2,1.43,14.6
NaN:NaN:NaN,15.7,0,-2,1.43,14.6
NaN:NaN:NaN,15.7,0,-2,1.43,14.6
NaN:NaN:NaN,15.1,0,-2,1.43,14.5
NaN:NaN:NaN,15.7,0,-2,1.43,14.6
NaN:NaN:NaN,15.8,0,-2,1.43,14.6
NaN:NaN:NaN,15.7,0,-2,1.43,14.6
NaN:NaN:NaN,16.2,0,-2,1.43,14.5
NaN:NaN:NaN,15.8,0,-2,1.43,14.6
NaN:NaN:NaN,15.5,0,-2,1.43,14.5
NaN:NaN:NaN,16.1,0,-2,1.42,14.7
NaN:NaN:NaN,15.8,0,-2,1.42,14.5
NaN:NaN:NaN,15.4,0,-2,1.42,14.6
NaN:NaN:NaN,15.5,0,-2,1.42,14.5
NaN:NaN:NaN,15.8,0,-2,1.42,14.6
NaN:NaN:NaN,16.3,0,-2,1.42,14.6
NaN:NaN:NaN,15.6,0,-2,1.42,14.6
NaN:NaN:NaN,15.1,0,-2,1.42,14.5
NaN:NaN:NaN,15.5,0,-2,1.42,14.6
NaN:NaN:NaN,15.9,0,-2,1.42,14.5
NaN:NaN:NaN,15.9,0,-2,1.43,14.7
NaN:NaN:NaN,16,0,-2,1.43,14.5
NaN:NaN:NaN,15,0,-2,1.43,14.6
NaN:NaN:NaN,14.9,0,-2,1.43,14.5
NaN:NaN:NaN,15.3,0,-2,1.43,14.7
NaN:NaN:NaN,15.7,0,-2,1.43,14.5
NaN:NaN:NaN,16.1,0,-2,1.43,14.6
NaN:NaN:NaN,15.2,0,-2,1.43,14.6
NaN:NaN:NaN,14.5,0,-2,1.43,14.5
NaN:NaN:NaN,15.2,0,-2,1.43,14.7
NaN:NaN:NaN,15.3,0,-2,1.43,14.5
NaN:NaN:NaN,15.3,0,-2,1.43,14.6
NaN:NaN:NaN,15.3,0,-2,1.43,14.5
NaN:NaN:NaN,15.3,0,-2,1.43,14.7
NaN:NaN:NaN,14.7,0,-2,1.43,14.6
NaN:NaN:NaN,15.1,0,-2,1.43,14.5
NaN:NaN:NaN,15.3,0,-2,1.43,14.6
NaN:NaN:NaN,15.8,0,-2,1.42,14.6
NaN:NaN:NaN,16.1,0,-2,1.42,14.6
NaN:NaN:NaN,14.9,0,-2,1.42,14.6
NaN:NaN:NaN,15.1,0,-2,1.42,14.5
NaN:NaN:NaN,15.5,0,-2,1.42,14.6
NaN:NaN:NaN,15.8,0,-2,1.42,14.6
NaN:NaN:NaN,15.8,0,-2,1.42,14.6
NaN:NaN:NaN,15.1,0,-2,1.42,14.5
NaN:NaN:NaN,14.6,0,-2,1.42,14.7
NaN:NaN:NaN,15.2,0,-2,1.42,14.6
NaN:NaN:NaN,14.6,0,-2,1.42,14.5
NaN:NaN:NaN,15.6,0,-2,1.42,14.6
NaN:NaN:NaN,15.3,0,-2,1.42,14.7
NaN:NaN:NaN,15.8,0,-2,1.42,14.5
NaN:NaN:NaN,15.8,0,-2,1.43,14.6
NaN:NaN:NaN,15.2,0,-2,1.43,14.5
NaN:NaN:NaN,15,0,-2,1.43,14.7
NaN:NaN:NaN,15.6,0,-2,1.43,14.6
NaN:NaN:NaN,15.6,0,-2,1.43,14.5
NaN:NaN:NaN,15.5,0,-2,1.43,14.6
NaN:NaN:NaN,15.1,0,-2,1.43,14.6
NaN:NaN:NaN,15.4,0,-2,1.43,14.6
NaN:NaN:NaN,14.4,0,-2,1.42,14.6
NaN:NaN:NaN,15.1,0,-2,1.42,14.5
NaN:NaN:NaN,15.5,0,-2,1.42,14.7
NaN:NaN:NaN,15.1,0,-2,1.42,14.6
NaN:NaN:NaN,15.2,0,-2,1.42,14.5
NaN:NaN:NaN,14.8,0,-2,1.42,14.6
NaN:NaN:NaN,14.7,0,-2,1.42,14.6
NaN:NaN:NaN,14.8,0,-2,1.43,14.6
NaN:NaN:NaN,15.3,0,-2,1.42,14.6
NaN:NaN:NaN,15.5,0,-2,1.42,14.5
NaN:NaN:NaN,15.5,0,-2,1.42,14.7
NaN:NaN:NaN,15.8,0,-2,1.42,14.6
NaN:NaN:NaN,14.8,0,-2,1.42,14.5
NaN:NaN:NaN,14.5,0,-2,1.42,14.6
NaN:NaN:NaN,15.5,0,-2,1.42,14.7
NaN:NaN:NaN,15.6,0,-2,1.42,14.5
NaN:NaN:NaN,15.7,0,-2,1.42,14.6
NaN:NaN:NaN,15.1,0,-2,1.42,14.5
NaN:NaN:NaN,15.1,0,-2,1.42,14.7
NaN:NaN:NaN,14.8,0,-2,1.42,14.6
NaN:NaN:NaN,15,0,-2,1.42,14.5
NaN:NaN:NaN,15.6,0,-2,1.42,14.7
NaN:NaN:NaN,15.6,0,-2,1.42,14.5
NaN:NaN:NaN,15.5,0,-2,1.42,14.6
NaN:NaN:NaN,15.2,0,-2,1.42,14.6
NaN:NaN:NaN,14.9,0,-2,1.42,14.6
NaN:NaN:NaN,14.9,0,-2,1.42,14.6
NaN:NaN:NaN,15.3,0,-2,1.42,14.6
NaN:NaN:NaN,15.3,0,-2,1.42,14.5
NaN:NaN:NaN,15.6,0,-2,1.42,14.7
NaN:NaN:NaN,15.8,0,-2,1.42,14.6
NaN:NaN:NaN,15.4,0,-2,1.42,14.5
NaN:NaN:NaN,14.7,0,-2,1.42,14.6
NaN:NaN:NaN,15,0,-2,1.42,14.7
NaN:NaN:NaN,15.4,0,-2,1.42,14.5
NaN:NaN:NaN,15.4,0,-2,1.42,14.6
NaN:NaN:NaN,15.4,0,-2,1.43,14.6
NaN:NaN:NaN,15.3,0,-2,1.43,14.6
NaN:NaN:NaN,14.6,0,-2,1.42,14.6
NaN:NaN:NaN,14.4,0,-2,1.42,14.6
NaN:NaN:NaN,15,0,-2,1.42,14.6
NaN:NaN:NaN,15,0,-2,1.42,14.6
NaN:NaN:NaN,15.3,0,-2,1.42,14.5
NaN:NaN:NaN,15.1,0,-2,1.42,14.7
NaN:NaN:NaN,15.5,0,-2,1.42,14.6
NaN:NaN:NaN,14.6,0,-2,1.43,14.5
NaN:NaN:NaN,14.3,0,-2,1.43,14.6
NaN:NaN:NaN,15.1,0,-2,1.43,14.7
NaN:NaN:NaN,15.5,0,-2,1.43,14.5
NaN:NaN:NaN,15.3,0,-2,1.43,14.6
NaN:NaN:NaN,14.9,0,-2,1.43,14.6
NaN:NaN:NaN,15.1,0,-2,1.43,14.6
NaN:NaN:NaN,14.7,0,-2,1.43,14.6
NaN:NaN:NaN,14.3,0,-2,1.43,14.6
NaN:NaN:NaN,14.5,0,-2,1.43,14.6
NaN:NaN:NaN,15.3,0,-2,1.43,14.6
NaN:NaN:NaN,15,0,-2,1.43,14.6
NaN:NaN:NaN,15.1,0,-2,1.43,14.7
NaN:NaN:NaN,15.7,0,-2,1.43,14.5
NaN:NaN:NaN,15.2,0,-2,1.43,14.6
NaN:NaN:NaN,14.7,0,-2,1.43,14.6
NaN:NaN:NaN,15.1,0,-2,1.43,14.7
NaN:NaN:NaN,14.8,0,-2,1.43,14.5
NaN:NaN:NaN,15,0,-2,1.43,14.6
NaN:NaN:NaN,15.1,0,-2,1.43,14.7
NaN:NaN:NaN,15,0,-2,1.43,14.6
NaN:NaN:NaN,14.6,0,-2,1.43,14.5
NaN:NaN:NaN,13.6,0,-2,1.43,14.7
NaN:NaN:NaN,15.2,0,-2,1.43,14.6
NaN:NaN:NaN,15.5,0,-2,1.43,14.6
NaN:NaN:NaN,15.5,0,-2,1.43,14.5
NaN:NaN:NaN,14.4,0,-2,1.44,14.7
NaN:NaN:NaN,15.2,0,-2,1.44,14.6
NaN:NaN:NaN,14.1,0,-2,1.44,14.5
NaN:NaN:NaN,14.6,0,-2,1.43,14.7
NaN:NaN:NaN,15.1,0,-2,1.43,14.6
NaN:NaN:NaN,15,0,-2,1.43,14.6
NaN:NaN:NaN,14.8,0,-2,1.43,14.5
NaN:NaN:NaN,15.3,0,-2,1.42,14.7
NaN:NaN:NaN,14.9,0,-2,1.42,14.6
NaN:NaN:NaN,14.1,0,-2,1.42,14.5
NaN:NaN:NaN,14.7,0,-2,1.42,14.7
NaN:NaN:NaN,15.1,0,-2,1.42,14.6
NaN:NaN:NaN,15.1,0,-2,1.42,14.6
NaN:NaN:NaN,15.3,0,-2,1.42,14.5
NaN:NaN:NaN,15,0,-2,1.42,14.7
NaN:NaN:NaN,14.7,0,-2,1.42,14.6
NaN:NaN:NaN,14.1,0,-2,1.42,14.6
NaN:NaN:NaN,15,0,-2,1.42,14.6
NaN:NaN:NaN,15.5,0,-2,1.42,14.6
NaN:NaN:NaN,15.3,0,-2,1.42,14.6
NaN:NaN:NaN,14.4,0,-2,1.42,14.6
NaN:NaN:NaN,14.7,0,-2,1.42,14.6
NaN:NaN:NaN,14.7,0,-2,1.43,14.6
NaN:NaN:NaN,14.2,0,-2,1.43,14.6
NaN:NaN:NaN,14.7,0,-2,1.43,14.7
NaN:NaN:NaN,14.6,0,-2,1.43,14.5
NaN:NaN:NaN,14.9,0,-2,1.43,14.6
NaN:NaN:NaN,15,0,-2,1.43,14.6
NaN:NaN:NaN,15,0,-2,1.43,14.7
NaN:NaN:NaN,14.5,0,-2,1.43,14.5
NaN:NaN:NaN,14,0,-2,1.43,14.6
NaN:NaN:NaN,14,0,-2,1.43,14.7
NaN:NaN:NaN,15.1,0,-2,1.42,14.6
NaN:NaN:NaN,14.9,0,-2,1.42,14.6
NaN:NaN:NaN,14.9,0,-2,1.42,14.6
NaN:NaN:NaN,15.1,0,-2,1.42,14.6
NaN:NaN:NaN,14.8,0,-2,1.42,14.6
NaN:NaN:NaN,14.4,0,-2,1.42,14.6
NaN:NaN:NaN,14.8,0,-2,1.42,14.7
NaN:NaN:NaN,14.6,0,-2,1.42,14.6
NaN:NaN:NaN,14.5,0,-2,1.42,14.5
NaN:NaN:NaN,14.6,0,-2,1.42,14.7
NaN:NaN:NaN,14.5,0,-2,1.42,14.6
NaN:NaN:NaN,14.2,0,-2,1.42,14.6
NaN:NaN:NaN,14.1,0,-2,1.42,14.5
NaN:NaN:NaN,14,0,-2,1.42,14.7
NaN:NaN:NaN,14.2,0,-2,1.42,14.6
NaN:NaN:NaN,14.7,0,-2,1.42,14.6
NaN:NaN:NaN,15.1,0,-2,1.42,14.7
NaN:NaN:NaN,14.5,0,-2,1.42,14.6
NaN:NaN:NaN,14.5,0,-2,1.42,14.5
NaN:NaN:NaN,13.9,0,-2,1.42,14.7
NaN:NaN:NaN,14.5,0,-2,1.42,14.6
NaN:NaN:NaN,14.9,0,-2,1.42,14.6
NaN:NaN:NaN,14.2,0,-2,1.42,14.7
NaN:NaN:NaN,14.7,0,-2,1.42,14.5
NaN:NaN:NaN,14.9,0,-2,1.42,14.6
NaN:NaN:NaN,14.2,0,-2,1.42,14.6
NaN:NaN:NaN,13.9,0,-2,1.42,14.7
NaN:NaN:NaN,14.7,0,-2,1.42,14.5
NaN:NaN:NaN,14.5,0,-2,1.42,14.6
NaN:NaN:NaN,14.6,0,-2,1.42,14.7
NaN:NaN:NaN,14.6,0,-2,1.42,14.6
NaN:NaN:NaN,14.4,0,-2,1.42,14.6
NaN:NaN:NaN,14.3,0,-2,1.42,14.7
NaN:NaN:NaN,14.6,0,-2,1.42,14.6
NaN:NaN:NaN,14.1,0,-2,1.42,14.5
NaN:NaN:NaN,14.1,0,-2,1.42,14.6
NaN:NaN:NaN,14.7,0,-2,1.42,14.7
NaN:NaN:NaN,14.4,0,-2,1.42,14.6
NaN:NaN:NaN,14.6,0,-2,1.42,14.6
NaN:NaN:NaN,15,0,-2,1.42,14.7
NaN:NaN:NaN,13.9,0,-2,1.42,14.6
NaN:NaN:NaN,13.5,0,-2,1.42,14.5
NaN:NaN:NaN,14.2,0,-2,1.42,14.7
NaN:NaN:NaN,14.6,0,-2,1.42,14.6
NaN:NaN:NaN,14.9,0,-2,1.42,14.6
NaN:NaN:NaN,14.6,0,-2,1.42,14.7
NaN:NaN:NaN,14.8,0,-2,1.42,14.6
NaN:NaN:NaN,14.6,0,-2,1.42,14.5
NaN:NaN:NaN,14.1,0,-2,1.42,14.6
NaN:NaN:NaN,14.2,0,-2,1.42,14.7
NaN:NaN:NaN,14.5,0,-2,1.42,14.6
NaN:NaN:NaN,14.4,0,-2,1.42,14.6
NaN:NaN:NaN,14.9,0,-2,1.42,14.7
NaN:NaN:NaN,14.5,0,-2,1.42,14.5
NaN:NaN:NaN,14.4,0,-2,1.42,14.6
NaN:NaN:NaN,14,0,-2,1.42,14.8
NaN:NaN:NaN,14,0,-2,1.42,14.5
NaN:NaN:NaN,14.2,0,-2,1.42,14.6
NaN:NaN:NaN,14.4,0,-2,1.42,14.7
NaN:NaN:NaN,14.4,0,-2,1.42,14.6
NaN:NaN:NaN,14.4,0,-2,1.42,14.6
NaN:NaN:NaN,14.6,0,-2,1.42,14.7
NaN:NaN:NaN,14.3,0,-2,1.42,14.6
NaN:NaN:NaN,13.7,0,-2,1.42,14.6
NaN:NaN:NaN,14.1,0,-2,1.42,14.7
NaN:NaN:NaN,14.1,0,-2,1.42,14.6
NaN:NaN:NaN,14.4,0,-2,1.42,14.5
NaN:NaN:NaN,14.2,0,-2,1.42,14.6
NaN:NaN:NaN,14.5,0,-2,1.42,14.7
NaN:NaN:NaN,14.3,0,-2,1.42,14.6
NaN:NaN:NaN,13.6,0,-2,1.42,14.7
NaN:NaN:NaN,14,0,-2,1.42,14.6
NaN:NaN:NaN,14.7,0,-2,1.42,14.6
NaN:NaN:NaN,14.5,0,-2,1.42,14.7
NaN:NaN:NaN,14.1,0,-2,1.42,14.6
NaN:NaN:NaN,14.4,0,-2,1.43,14.6
NaN:NaN:NaN,14.2,0,-2,1.43,14.7
NaN:NaN:NaN,14.4,0,-2,1.43,14.6
NaN:NaN:NaN,13.7,0,-2,1.43,14.6
NaN:NaN:NaN,13.1,0,-2,1.43,14.7
NaN:NaN:NaN,14.3,0,-2,1.43,14.6
NaN:NaN:NaN,14.1,0,-2,1.43,14.6
NaN:NaN:NaN,14.1,0,-2,1.43,14.6
NaN:NaN:NaN,14.4,0,-2,1.43,14.7
NaN:NaN:NaN,14.3,0,-2,1.43,14.5
NaN:NaN:NaN,13.9,0,-2,1.43,14.7
NaN:NaN:NaN,13.6,0,-2,1.43,14.6
NaN:NaN:NaN,14.4,0,-2,1.43,14.6
NaN:NaN:NaN,14.8,0,-2,1.43,14.6
NaN:NaN:NaN,14.2,0,-2,1.43,14.7
NaN:NaN:NaN,14.3,0,-2,1.43,14.6
NaN:NaN:NaN,14.4,0,-2,1.43,14.6
NaN:NaN:NaN,14.2,0,-2,1.43,14.7
NaN:NaN:NaN,13.6,0,-2,1.43,14.6
NaN:NaN:NaN,13.6,0,-2,1.43,14.6
NaN:NaN:NaN,14.4,0,-2,1.43,14.7
NaN:NaN:NaN,14,0,-2,1.43,14.6
NaN:NaN:NaN,14.1,0,-2,1.43,14.6
NaN:NaN:NaN,14.2,0,-2,1.43,14.6
NaN:NaN:NaN,14,0,-2,1.42,14.7
NaN:NaN:NaN,13.9,0,-2,1.42,14.6
NaN:NaN:NaN,13.8,0,-2,1.42,14.6
NaN:NaN:NaN,14,0,-2,1.43,14.7
NaN:NaN:NaN,14,0,-2,1.43,14.6
NaN:NaN:NaN,13.8,0,-2,1.43,14.7
NaN:NaN:NaN,14.1,0,-2,1.43,14.6
NaN:NaN:NaN,14.1,0,-2,1.43,14.6
NaN:NaN:NaN,14,0,-2,1.43,14.7
NaN:NaN:NaN,13.7,0,-2,1.43,14.6
NaN:NaN:NaN,14,0,-2,1.43,14.6
NaN:NaN:NaN,14.1,0,-2,1.43,14.6
NaN:NaN:NaN,14.3,0,-2,1.43,14.6
NaN:NaN:NaN,13.9,0,-2,1.43,14.6
NaN:NaN:NaN,13.7,0,-2,1.42,14.6
NaN:NaN:NaN,14.5,0,-2,1.42,14.7
NaN:NaN:NaN,14.2,0,-2,1.42,14.6
NaN:NaN:NaN,13.6,0,-2,1.42,14.6
NaN:NaN:NaN,13.9,0,-2,1.42,14.7
NaN:NaN:NaN,13.7,0,-2,1.42,14.6
NaN:NaN:NaN,14.4,0,-2,1.42,14.6
NaN:NaN:NaN,13.9,0,-2,1.42,14.7
NaN:NaN:NaN,13.9,0,-2,1.42,14.6
NaN:NaN:NaN,13.6,0,-2,1.42,14.6
NaN:NaN:NaN,13.4,0,-2,1.42,14.7
NaN:NaN:NaN,13.7,0,-2,1.42,14.6
NaN:NaN:NaN,14,0,-2,1.42,14.6
NaN:NaN:NaN,14.1,0,-2,1.43,14.7
NaN:NaN:NaN,13.4,0,-2,1.43,14.6
NaN:NaN:NaN,14.6,0,-2,1.43,14.6
NaN:NaN:NaN,14,0,-2,1.43,14.6
NaN:NaN:NaN,13.1,0,-2,1.43,14.7
NaN:NaN:NaN,13.3,0,-2,1.43,14.6
NaN:NaN:NaN,13.2,0,-2,1.43,14.7
NaN:NaN:NaN,13.7,0,-2,1.43,14.6
NaN:NaN:NaN,13.7,0,-2,1.43,14.6
NaN:NaN:NaN,13.8,0,-2,1.43,14.7
NaN:NaN:NaN,13.9,0,-2,1.43,14.6
NaN:NaN:NaN,13.8,0,-2,1.43,14.7
NaN:NaN:NaN,13.2,0,-2,1.43,14.6
NaN:NaN:NaN,13.1,0,-2,1.43,14.6
NaN:NaN:NaN,13.6,0,-2,1.43,14.7
NaN:NaN:NaN,13.2,0,-2,1.43,14.7
NaN:NaN:NaN,13.6,0,-2,1.43,14.6
NaN:NaN:NaN,14.2,0,-2,1.42,14.6
NaN:NaN:NaN,13.3,0,-2,1.42,14.7
NaN:NaN:NaN,13.3,0,-2,1.42,14.6
NaN:NaN:NaN,13.2,0,-2,1.42,14.6
NaN:NaN:NaN,13,0,-2,1.42,14.7
NaN:NaN:NaN,13.7,0,-2,1.42,14.6
NaN:NaN:NaN,13.2,0,-2,1.42,14.6
NaN:NaN:NaN,13.6,0,-2,1.42,14.7
NaN:NaN:NaN,14.2,0,-2,1.42,14.6
NaN:NaN:NaN,13.4,0,-2,1.43,14.7
NaN:NaN:NaN,13.4,0,-2,1.43,14.7
NaN:NaN:NaN,12.8,0,-2,1.43,14.6
NaN:NaN:NaN,13,0,-2,1.43,14.6
NaN:NaN:NaN,13.2,0,-2,1.43,14.7
NaN:NaN:NaN,13.1,0,-2,1.43,14.6
NaN:NaN:NaN,13.3,0,-2,1.43,14.6
NaN:NaN:NaN,13.7,0,-2,1.43,14.7
NaN:NaN:NaN,13.2,0,-2,1.43,14.6
NaN:NaN:NaN,13.2,0,-2,1.43,14.7
NaN:NaN:NaN,13.3,0,-2,1.43,14.7
NaN:NaN:NaN,13.1,0,-2,1.43,14.6
NaN:NaN:NaN,13.4,0,-2,1.43,14.7
NaN:NaN:NaN,13.5,0,-2,1.43,14.6
NaN:NaN:NaN,12.9,0,-2,1.43,14.6
NaN:NaN:NaN,13.6,0,-2,1.42,14.7
NaN:NaN:NaN,13.6,0,-2,1.42,14.6
NaN:NaN:NaN,12.9,0,-2,1.42,14.6
NaN:NaN:NaN,13,0,-2,1.42,14.7
NaN:NaN:NaN,13.2,0,-2,1.42,14.6
NaN:NaN:NaN,13.7,0,-2,1.42,14.7
NaN:NaN:NaN,13.2,0,-2,1.42,14.7
NaN:NaN:NaN,13.2,0,-2,1.42,14.6
NaN:NaN:NaN,13.1,0,-2,1.42,14.7
NaN:NaN:NaN,13.4,0,-2,1.42,14.6
NaN:NaN:NaN,12.6,0,-2,1.43,14.6
NaN:NaN:NaN,13.1,0,-2,1.43,14.7
NaN:NaN:NaN,12.6,0,-2,1.43,14.7
NaN:NaN:NaN,12.4,0,-2,1.43,14.6
NaN:NaN:NaN,12.9,0,-2,1.43,14.7
NaN:NaN:NaN,13.1,0,-2,1.43,14.6
NaN:NaN:NaN,13.5,0,-2,1.43,14.7
NaN:NaN:NaN,13.4,0,-2,1.43,14.6
NaN:NaN:NaN,12.4,0,-2,1.42,14.7
NaN:NaN:NaN,12.6,0,-2,1.42,14.7
NaN:NaN:NaN,12.8,0,-2,1.42,14.6
NaN:NaN:NaN,12.7,0,-2,1.42,14.6
NaN:NaN:NaN,12.6,0,-2,1.41,14.7
NaN:NaN:NaN,12.4,0,-2,1.41,14.6
NaN:NaN:NaN,12.8,0,-2,1.42,14.7
NaN:NaN:NaN,13.1,0,-2,1.42,14.7
NaN:NaN:NaN,13.2,0,-2,1.42,14.6
NaN:NaN:NaN,12.7,0,-2,1.42,14.7
NaN:NaN:NaN,12.6,0,-2,1.42,14.6
NaN:NaN:NaN,12.7,0,-2,1.42,14.8
NaN:NaN:NaN,12.5,0,-2,1.42,14.6
NaN:NaN:NaN,12.3,0,-2,1.42,14.6
NaN:NaN:NaN,13,0,-2,1.43,14.7
NaN:NaN:NaN,12.9,0,-2,1.43,14.6
NaN:NaN:NaN,12.9,0,-2,1.42,14.7
NaN:NaN:NaN,12.9,0,-2,1.42,14.7
NaN:NaN:NaN,13.4,0,-2,1.42,14.6
NaN:NaN:NaN,13,0,-2,1.42,14.7
NaN:NaN:NaN,12.5,0,-2,1.42,14.6
NaN:NaN:NaN,12,0,-2,1.42,14.7
NaN:NaN:NaN,12.1,0,-2,1.42,14.7
NaN:NaN:NaN,12.5,0,-2,1.42,14.6
NaN:NaN:NaN,13.3,0,-2,1.42,14.7
NaN:NaN:NaN,12.6,0,-2,1.42,14.6
NaN:NaN:NaN,12.9,0,-2,1.42,14.7
NaN:NaN:NaN,12.7,0,-2,1.42,14.7
NaN:NaN:NaN,12.8,0,-2,1.42,14.6
NaN:NaN:NaN,12.7,0,-2,1.42,14.7
NaN:NaN:NaN,12.1,0,-2,1.42,14.7
NaN:NaN:NaN,12.1,0,-2,1.42,14.6
NaN:NaN:NaN,12.3,0,-2,1.42,14.7
NaN:NaN:NaN,11.9,0,-2,1.42,14.6
NaN:NaN:NaN,12.1,0,-2,1.43,14.8
NaN:NaN:NaN,12.3,0,-2,1.43,14.6
NaN:NaN:NaN,12.2,0,-2,1.43,14.7
NaN:NaN:NaN,12.7,0,-2,1.43,14.6
NaN:NaN:NaN,12.9,0,-2,1.43,14.7
NaN:NaN:NaN,11.9,0,-2,1.43,14.7
NaN:NaN:NaN,12.1,0,-2,1.43,14.6
NaN:NaN:NaN,11.6,0,-2,1.43,14.6
NaN:NaN:NaN,12.2,0,-2,1.44,14.8
NaN:NaN:NaN,12.5,0,-2,1.44,14.6
NaN:NaN:NaN,12.3,0,-2,1.44,14.7
NaN:NaN:NaN,12.7,0,-2,1.44,14.6
NaN:NaN:NaN,12.8,0,-2,1.43,14.8
NaN:NaN:NaN,12,0,-2,1.43,14.6
NaN:NaN:NaN,12.4,0,-2,1.42,14.6
NaN:NaN:NaN,12.1,0,-2,1.42,14.8
NaN:NaN:NaN,12.1,0,-2,1.41,14.6
NaN:NaN:NaN,11.7,0,-2,1.41,14.7
NaN:NaN:NaN,11.4,0,-2,1.41,14.7
NaN:NaN:NaN,11.9,0,-2,1.41,14.6
NaN:NaN:NaN,11.6,0,-2,1.41,14.7
NaN:NaN:NaN,11.5,0,-2,1.41,14.6
NaN:NaN:NaN,12.1,0,-2,1.41,14.8
NaN:NaN:NaN,12.3,0,-2,1.41,14.6
NaN:NaN:NaN,12.2,0,-2,1.41,14.7
NaN:NaN:NaN,11.9,0,-2,1.41,14.7
NaN:NaN:NaN,12,0,-2,1.42,14.7
NaN:NaN:NaN,11.4,0,-2,1.42,14.6
NaN:NaN:NaN,11.5,0,-2,1.42,14.7
NaN:NaN:NaN,11.7,0,-2,1.42,14.7
NaN:NaN:NaN,11.7,0,-2,1.42,14.6
NaN:NaN:NaN,12.2,0,-2,1.42,14.8
NaN:NaN:NaN,12.2,0,-2,1.42,14.6
NaN:NaN:NaN,12.1,0,-2,1.43,14.8
NaN:NaN:NaN,12,0,-2,1.43,14.6
NaN:NaN:NaN,11.5,0,-2,1.43,14.6
NaN:NaN:NaN,11.5,0,-2,1.43,14.7
NaN:NaN:NaN,11.6,0,-2,1.43,14.7
NaN:NaN:NaN,11.4,0,-2,1.43,14.7
NaN:NaN:NaN,11.6,0,-2,1.43,14.6
NaN:NaN:NaN,11.9,0,-2,1.43,14.8
NaN:NaN:NaN,11.3,0,-2,1.42,14.6
NaN:NaN:NaN,11.1,0,-2,1.42,14.8
NaN:NaN:NaN,11.5,0,-2,1.41,14.6
NaN:NaN:NaN,11.6,0,-2,1.41,14.6
NaN:NaN:NaN,11.8,0,-2,1.41,14.7
NaN:NaN:NaN,11.4,0,-2,1.41,14.7
NaN:NaN:NaN,12.1,0,-2,1.41,14.7
NaN:NaN:NaN,11.8,0,-2,1.42,14.7
NaN:NaN:NaN,11.4,0,-2,1.42,14.7
NaN:NaN:NaN,11.2,0,-2,1.42,14.6
NaN:NaN:NaN,10.9,0,-2,1.43,14.8
NaN:NaN:NaN,10.4,0,-2,1.43,14.6
NaN:NaN:NaN,10.6,0,-2,1.43,14.8
NaN:NaN:NaN,10.9,0,-2,1.43,14.6
NaN:NaN:NaN,11,0,-2,1.43,14.7
NaN:NaN:NaN,11,0,-2,1.43,14.7
NaN:NaN:NaN,11.8,0,-2,1.42,14.7
NaN:NaN:NaN,12,0,-2,1.42,14.7
NaN:NaN:NaN,11.6,0,-2,1.41,14.7
NaN:NaN:NaN,11.5,0,-2,1.41,14.7
NaN:NaN:NaN,11.5,0,-2,1.41,14.6
NaN:NaN:NaN,11,0,-2,1.41,14.8
NaN:NaN:NaN,10.4,0,-2,1.41,14.6
NaN:NaN:NaN,10.4,0,-2,1.42,14.8
NaN:NaN:NaN,10.8,0,-2,1.42,14.7
NaN:NaN:NaN,10.9,0,-2,1.43,14.7
NaN:NaN:NaN,10.7,0,-2,1.43,14.6
NaN:NaN:NaN,10.9,0,-2,1.43,14.8
NaN:NaN:NaN,10.9,0,-2,1.43,14.7
NaN:NaN:NaN,10.6,0,-2,1.43,14.7
NaN:NaN:NaN,11,0,-2,1.43,14.6
NaN:NaN:NaN,11.2,0,-2,1.42,14.8
NaN:NaN:NaN,10.6,0,-2,1.42,14.7
NaN:NaN:NaN,10.9,0,-2,1.41,14.7
NaN:NaN:NaN,11.4,0,-2,1.41,14.7
NaN:NaN:NaN,10.9,0,-2,1.41,14.7
NaN:NaN:NaN,10.9,0,-2,1.41,14.7
NaN:NaN:NaN,11.3,0,-2,1.41,14.6
NaN:NaN:NaN,10.9,0,-2,1.42,14.8
NaN:NaN:NaN,10.5,0,-2,1.42,14.7
NaN:NaN:NaN,10.9,0,-2,1.42,14.7
NaN:NaN:NaN,10.7,0,-2,1.42,14.6
NaN:NaN:NaN,10.8,0,-2,1.42,14.8
NaN:NaN:NaN,10.8,0,-2,1.43,14.6
NaN:NaN:NaN,10.8,0,-2,1.43,14.8
NaN:NaN:NaN,10.7,0,-2,1.43,14.6
NaN:NaN:NaN,11,0,-2,1.43,14.8
NaN:NaN:NaN,10.7,0,-2,1.43,14.6
NaN:NaN:NaN,10.2,0,-2,1.42,14.8
NaN:NaN:NaN,10.3,0,-2,1.42,14.6
NaN:NaN:NaN,10.8,0,-2,1.42,14.8
NaN:NaN:NaN,10.3,0,-2,1.41,14.7
NaN:NaN:NaN,10.3,0,-2,1.41,14.7
NaN:NaN:NaN,11.1,0,-2,1.41,14.7
NaN:NaN:NaN,11.1,0,-2,1.41,14.7
NaN:NaN:NaN,10.5,0,-2,1.41,14.8
NaN:NaN:NaN,11.2,0,-2,1.41,14.7
NaN:NaN:NaN,11.1,0,-2,1.41,14.6
NaN:NaN:NaN,10.3,0,-2,1.41,14.8
NaN:NaN:NaN,11.1,0,-2,1.42,14.7
NaN:NaN:NaN,10.9,0,-2,1.42,14.7
NaN:NaN:NaN,10.4,0,-2,1.42,14.7
NaN:NaN:NaN,10.9,0,-2,1.43,14.7
NaN:NaN:NaN,10.9,0,-2,1.43,14.8
NaN:NaN:NaN,10.4,0,-2,1.43,14.7
NaN:NaN:NaN,10.6,0,-2,1.43,14.7
NaN:NaN:NaN,10.9,0,-2,1.43,14.7
NaN:NaN:NaN,10.4,0,-2,1.43,14.8
NaN:NaN:NaN,10.3,0,-2,1.43,14.6
NaN:NaN:NaN,10.6,0,-2,1.42,14.8
NaN:NaN:NaN,10.8,0,-2,1.42,14.7
NaN:NaN:NaN,10.6,0,-2,1.42,14.7
NaN:NaN:NaN,10.9,0,-2,1.42,14.7
NaN:NaN:NaN,11,0,-2,1.42,14.8
NaN:NaN:NaN,10.8,0,-2,1.42,14.7
NaN:NaN:NaN,10.7,0,-2,1.42,14.7
NaN:NaN:NaN,10.9,0,-2,1.42,14.7
NaN:NaN:NaN,11,0,-2,1.43,14.8
NaN:NaN:NaN,10.9,0,-2,1.43,14.6
NaN:NaN:NaN,10.4,0,-2,1.43,14.8
NaN:NaN:NaN,10,0,-2,1.43,14.7
NaN:NaN:NaN,9.8,0,-2,1.43,14.8
NaN:NaN:NaN,9.8,0,-2,1.43,14.6
NaN:NaN:NaN,9.9,0,-2,1.42,14.8
NaN:NaN:NaN,9.7,0,-2,1.42,14.7
NaN:NaN:NaN,9.6,0,-2,1.42,14.7
NaN:NaN:NaN,9.7,0,-2,1.42,14.8
NaN:NaN:NaN,9.6,0,-2,1.42,14.7
NaN:NaN:NaN,9.9,0,-2,1.42,14.8
NaN:NaN:NaN,9.9,0,-2,1.43,14.6
NaN:NaN:NaN,10,0,-2,1.43,14.8
NaN:NaN:NaN,10,0,-2,1.43,14.7
NaN:NaN:NaN,9.8,0,-2,1.43,14.8
NaN:NaN:NaN,10,0,-2,1.43,14.7
NaN:NaN:NaN,10.2,0,-2,1.43,14.7
NaN:NaN:NaN,9.7,0,-2,1.43,14.8
NaN:NaN:NaN,10.1,0,-2,1.43,14.7
NaN:NaN:NaN,10.1,0,-2,1.43,14.8
NaN:NaN:NaN,10.1,0,-2,1.43,14.6
NaN:NaN:NaN,10.1,0,-2,1.43,14.9
NaN:NaN:NaN,10,0,-2,1.42,14.6
NaN:NaN:NaN,9.7,0,-2,1.42,14.8
NaN:NaN:NaN,9.4,0,-2,1.42,14.7
NaN:NaN:NaN,9.7,0,-2,1.41,14.8
NaN:NaN:NaN,9,0,-2,1.41,14.6
NaN:NaN:NaN,9,0,-2,1.41,14.8
NaN:NaN:NaN,9.2,0,-2,1.41,14.8
NaN:NaN:NaN,9.2,0,-2,1.42,14.7
NaN:NaN:NaN,9.3,0,-2,1.42,14.8
NaN:NaN:NaN,9.5,0,-2,1.42,14.6
NaN:NaN:NaN,9.2,0,-2,1.42,14.8
NaN:NaN:NaN,9.6,0,-2,1.42,14.7
NaN:NaN:NaN,9.9,0,-2,1.42,14.8
NaN:NaN:NaN,9.6,0,-2,1.43,14.7
NaN:NaN:NaN,9.9,0,-2,1.43,14.8
NaN:NaN:NaN,9.7,0,-2,1.43,14.7
NaN:NaN:NaN,9.9,0,-2,1.42,14.7
NaN:NaN:NaN,9.9,0,-2,1.42,14.8
NaN:NaN:NaN,9.6,0,-2,1.43,14.7
NaN:NaN:NaN,9.5,0,-2,1.43,14.8
NaN:NaN:NaN,9.4,0,-2,1.43,14.7
NaN:NaN:NaN,9.5,0,-2,1.43,14.8
NaN:NaN:NaN,9.3,0,-2,1.43,14.8
NaN:NaN:NaN,9.3,0,-2,1.43,14.6
NaN:NaN:NaN,9.4,0,-2,1.43,14.9
NaN:NaN:NaN,9.2,0,-2,1.43,14.6
NaN:NaN:NaN,9.2,0,-2,1.43,14.8
NaN:NaN:NaN,9.4,0,-2,1.42,14.7
NaN:NaN:NaN,9.1,0,-2,1.42,14.8
NaN:NaN:NaN,9.4,0,-2,1.42,14.8
NaN:NaN:NaN,9,0,-2,1.42,14.7
NaN:NaN:NaN,8.6,0,-2,1.42,14.8
NaN:NaN:NaN,9.1,0,-2,1.42,14.7
NaN:NaN:NaN,9.3,0,-2,1.42,14.8
NaN:NaN:NaN,9.3,0,-2,1.42,14.7
NaN:NaN:NaN,9.5,0,-2,1.42,14.7
NaN:NaN:NaN,9.2,0,-2,1.42,14.8
NaN:NaN:NaN,9.9,0,-2,1.43,14.7
NaN:NaN:NaN,9.9,0,-2,1.43,14.8
NaN:NaN:NaN,9.4,0,-2,1.43,14.7
NaN:NaN:NaN,9.4,0,-2,1.43,14.8
NaN:NaN:NaN,9.2,0,-2,1.43,14.8
NaN:NaN:NaN,9.1,0,-2,1.43,14.7
NaN:NaN:NaN,9.4,0,-2,1.43,14.8
NaN:NaN:NaN,9,0,-2,1.42,14.7
NaN:NaN:NaN,9.3,0,-2,1.42,14.7
NaN:NaN:NaN,9.1,0,-2,1.42,14.7
NaN:NaN:NaN,9,0,-2,1.42,14.8
NaN:NaN:NaN,9.3,0,-2,1.42,14.8
NaN:NaN:NaN,9.3,0,-2,1.42,14.7
NaN:NaN:NaN,8.7,0,-2,1.42,14.8
NaN:NaN:NaN,8.7,0,-2,1.42,14.7
NaN:NaN:NaN,8.9,0,-2,1.42,14.8
NaN:NaN:NaN,8.5,0,-2,1.42,14.8
NaN:NaN:NaN,8.5,0,-2,1.42,14.7
NaN:NaN:NaN,8.7,0,-2,1.42,14.8
NaN:NaN:NaN,8.8,0,-2,1.42,14.7
NaN:NaN:NaN,8.8,0,-2,1.42,14.8
NaN:NaN:NaN,8.5,0,-2,1.42,14.8
NaN:NaN:NaN,8.5,0,-2,1.42,14.7
NaN:NaN:NaN,8.6,0,-2,1.42,14.8
NaN:NaN:NaN,8.4,0,-2,1.43,14.7
NaN:NaN:NaN,8.9,0,-2,1.43,14.8
NaN:NaN:NaN,9.1,0,-2,1.43,14.8
NaN:NaN:NaN,8.8,0,-2,1.43,14.7
NaN:NaN:NaN,9,0,-2,1.43,14.8
NaN:NaN:NaN,8.8,0,-2,1.43,14.6
NaN:NaN:NaN,8.5,0,-2,1.43,14.9
NaN:NaN:NaN,8.9,0,-2,1.43,14.8
NaN:NaN:NaN,8.5,0,-2,1.42,14.7
NaN:NaN:NaN,8.7,0,-2,1.42,14.8
NaN:NaN:NaN,9,0,-2,1.42,14.7
NaN:NaN:NaN,8.8,0,-2,1.42,14.8
NaN:NaN:NaN,9,0,-2,1.42,14.8
NaN:NaN:NaN,8.7,0,-2,1.42,14.7
NaN:NaN:NaN,8.7,0,-2,1.42,14.8
NaN:NaN:NaN,8.7,0,-2,1.42,14.7
NaN:NaN:NaN,8.8,0,-2,1.43,14.8
NaN:NaN:NaN,8.8,0,-2,1.43,14.8
NaN:NaN:NaN,9,0,-2,1.43,14.7
NaN:NaN:NaN,8.9,0,-2,1.43,14.7
NaN:NaN:NaN,9,0,-2,1.43,14.8
NaN:NaN:NaN,8.5,0,-2,1.43,14.8
NaN:NaN:NaN,8.7,0,-2,1.43,14.8
NaN:NaN:NaN,8.7,0,-2,1.43,14.7
NaN:NaN:NaN,8.8,0,-2,1.43,14.8
NaN:NaN:NaN,9.1,0,-2,1.42,14.8
NaN:NaN:NaN,8.8,0,-2,1.42,14.7
NaN:NaN:NaN,8.8,0,-2,1.42,14.8
NaN:NaN:NaN,8.4,0,-2,1.42,14.7
NaN:NaN:NaN,8.5,0,-2,1.42,14.8
NaN:NaN:NaN,8.6,0,-2,1.42,14.8
NaN:NaN:NaN,8.4,0,-2,1.42,14.7
NaN:NaN:NaN,8.7,0,-2,1.42,14.8
NaN:NaN:NaN,8.3,0,-2,1.42,14.7
NaN:NaN:NaN,8,0,-2,1.43,14.8
NaN:NaN:NaN,8.1,0,-2,1.43,14.8
NaN:NaN:NaN,8.2,0,-2,1.43,14.7
NaN:NaN:NaN,8.7,0,-2,1.43,14.8
NaN:NaN:NaN,8,0,-2,1.43,14.9
NaN:NaN:NaN,7.9,0,-2,1.42,14.7
NaN:NaN:NaN,8.2,0,-2,1.42,14.8
NaN:NaN:NaN,8.2,0,-2,1.42,14.7
NaN:NaN:NaN,8.5,0,-2,1.42,14.8
NaN:NaN:NaN,8.7,0,-2,1.42,14.8
NaN:NaN:NaN,8.5,0,-2,1.42,14.7
NaN:NaN:NaN,8.5,0,-2,1.42,14.8
NaN:NaN:NaN,8.2,0,-2,1.42,14.8
NaN:NaN:NaN,8.3,0,-2,1.42,14.7
NaN:NaN:NaN,8.4,0,-2,1.43,14.8
NaN:NaN:NaN,8.3,0,-2,1.43,14.8
NaN:NaN:NaN,8.4,0,-2,1.43,14.8
NaN:NaN:NaN,8.5,0,-2,1.43,14.8
NaN:NaN:NaN,8.5,0,-2,1.43,14.7
NaN:NaN:NaN,8.6,0,-2,1.43,14.8
NaN:NaN:NaN,8.2,0,-2,1.43,14.8
NaN:NaN:NaN,8.6,0,-2,1.42,14.7
NaN:NaN:NaN,8.4,0,-2,1.42,14.8
NaN:NaN:NaN,8.4,0,-2,1.42,14.8
NaN:NaN:NaN,8.4,0,-2,1.41,14.8
NaN:NaN:NaN,8.4,0,-2,1.42,14.8
NaN:NaN:NaN,8.4,0,-2,1.42,14.7
NaN:NaN:NaN,8.5,0,-2,1.41,14.8
NaN:NaN:NaN,8.2,0,-2,1.42,14.8
NaN:NaN:NaN,8.4,0,-2,1.42,14.7
NaN:NaN:NaN,8.4,0,-2,1.42,14.8
NaN:NaN:NaN,8.5,0,-2,1.43,14.8
NaN:NaN:NaN,8.5,0,-2,1.43,14.8
NaN:NaN:NaN,8.1,0,-2,1.43,14.8
NaN:NaN:NaN,8.3,0,-2,1.43,14.7
NaN:NaN:NaN,8.5,0,-2,1.43,14.8
NaN:NaN:NaN,8.5,0,-2,1.43,14.8
NaN:NaN:NaN,8.5,0,-2,1.43,14.7
NaN:NaN:NaN,8.4,0,-2,1.43,14.9
NaN:NaN:NaN,8.4,0,-2,1.43,14.8
NaN:NaN:NaN,7.9,0,-2,1.43,14.7
NaN:NaN:NaN,8.3,0,-2,1.43,14.8
NaN:NaN:NaN,8.3,0,-2,1.43,14.8
NaN:NaN:NaN,8.3,0,-2,1.43,14.7
NaN:NaN:NaN,7.8,0,-2,1.42,14.9
NaN:NaN:NaN,8.2,0,-2,1.42,14.7
NaN:NaN:NaN,8.3,0,-2,1.42,14.8
NaN:NaN:NaN,8.3,0,-2,1.42,14.8
NaN:NaN:NaN,7.8,0,-2,1.42,14.7
NaN:NaN:NaN,7.9,0,-2,1.42,14.9
NaN:NaN:NaN,8.2,0,-2,1.43,14.8
NaN:NaN:NaN,8.3,0,-2,1.43,14.7
NaN:NaN:NaN,8.2,0,-2,1.42,14.8
NaN:NaN:NaN,8.4,0,-2,1.42,14.8
NaN:NaN:NaN,7.8,0,-2,1.43,14.7
NaN:NaN:NaN,7.8,0,-2,1.42,14.9
NaN:NaN:NaN,8,0,-2,1.42,14.8
NaN:NaN:NaN,7.7,0,-2,1.42,14.7
NaN:NaN:NaN,7.6,0,-2,1.43,14.8
NaN:NaN:NaN,8,0,-2,1.43,14.8
NaN:NaN:NaN,8,0,-2,1.43,14.7
NaN:NaN:NaN,8.2,0,-2,1.43,14.9
NaN:NaN:NaN,8,0,-2,1.43,14.8
NaN:NaN:NaN,7.3,0,-2,1.43,14.7
NaN:NaN:NaN,7.7,0,-2,1.44,14.8
NaN:NaN:NaN,7.7,0,-2,1.44,14.8
NaN:NaN:NaN,8,0,-2,1.43,14.8
NaN:NaN:NaN,7.8,0,-2,1.43,14.8
NaN:NaN:NaN,7.3,0,-2,1.43,14.7
NaN:NaN:NaN,7.6,0,-2,1.42,14.8
NaN:NaN:NaN,7.6,0,-2,1.42,14.8
NaN:NaN:NaN,8,0,-2,1.42,14.8
NaN:NaN:NaN,7.5,0,-2,1.41,14.8
NaN:NaN:NaN,7.3,0,-2,1.42,14.8
NaN:NaN:NaN,7.3,0,-2,1.42,14.7
NaN:NaN:NaN,7.5,0,-2,1.42,14.8
NaN:NaN:NaN,8,0,-2,1.42,14.9
NaN:NaN:NaN,7.8,0,-2,1.42,14.7
NaN:NaN:NaN,7.7,0,-2,1.43,14.8
NaN:NaN:NaN,8,0,-2,1.43,14.8
NaN:NaN:NaN,8,0,-2,1.43,14.7
NaN:NaN:NaN,7.9,0,-2,1.43,14.9
NaN:NaN:NaN,7.7,0,-2,1.43,14.8
NaN:NaN:NaN,7.7,0,-2,1.42,14.7
NaN:NaN:NaN,8.1,0,-2,1.42,14.8
NaN:NaN:NaN,7.5,0,-2,1.42,14.8
NaN:NaN:NaN,7.7,0,-2,1.41,14.8
NaN:NaN:NaN,7.5,0,-2,1.41,14.8
NaN:NaN:NaN,7.8,0,-2,1.41,14.8
NaN:NaN:NaN,8,0,-2,1.41,14.7
NaN:NaN:NaN,7.9,0,-2,1.41,14.9
NaN:NaN:NaN,7.7,0,-2,1.42,14.7
NaN:NaN:NaN,7.7,0,-2,1.42,14.8
NaN:NaN:NaN,7.9,0,-2,1.42,14.8
NaN:NaN:NaN,8,0,-2,1.42,14.7
NaN:NaN:NaN,8.2,0,-2,1.42,14.9
NaN:NaN:NaN,8,0,-2,1.42,14.8
NaN:NaN:NaN,8.1,0,-2,1.43,14.7
NaN:NaN:NaN,7.9,0,-2,1.43,14.8
NaN:NaN:NaN,8,0,-2,1.43,14.8
NaN:NaN:NaN,7.7,0,-2,1.43,14.8
NaN:NaN:NaN,7.8,0,-2,1.43,14.8
NaN:NaN:NaN,8.2,0,-2,1.43,14.8
NaN:NaN:NaN,7.9,0,-2,1.43,14.7
NaN:NaN:NaN,8,0,-2,1.43,14.9
NaN:NaN:NaN,7.6,0,-2,1.42,14.8
NaN:NaN:NaN,7.8,0,-2,1.42,14.7
NaN:NaN:NaN,8,0,-2,1.42,14.8
NaN:NaN:NaN,7.8,0,-2,1.41,14.9
NaN:NaN:NaN,8,0,-2,1.41,14.7
NaN:NaN:NaN,7.8,0,-2,1.41,14.8
NaN:NaN:NaN,8.2,0,-2,1.41,14.8
NaN:NaN:NaN,8.2,0,-2,1.41,14.8
NaN:NaN:NaN,7.8,0,-2,1.42,14.8
NaN:NaN:NaN,7.8,0,-2,1.42,14.8
NaN:NaN:NaN,7.7,0,-2,1.43,14.7
NaN:NaN:NaN,7.8,0,-2,1.43,14.9
NaN:NaN:NaN,7.7,0,-2,1.43,14.7
NaN:NaN:NaN,7.6,0,-2,1.43,14.8
NaN:NaN:NaN,7.9,0,-2,1.43,14.8
NaN:NaN:NaN,8,0,-2,1.43,14.8
NaN:NaN:NaN,8,0,-2,1.43,14.8
NaN:NaN:NaN,7.9,0,-2,1.43,14.8
NaN:NaN:NaN,8,0,-2,1.43,14.7
NaN:NaN:NaN,8.1,0,-2,1.43,14.9
NaN:NaN:NaN,8.1,0,-2,1.43,14.8
NaN:NaN:NaN,7.9,0,-2,1.42,14.7
NaN:NaN:NaN,7.6,0,-2,1.42,14.8
NaN:NaN:NaN,8,0,-2,1.42,14.9
NaN:NaN:NaN,8.1,0,-2,1.42,14.7
NaN:NaN:NaN,8,0,-2,1.42,14.8
NaN:NaN:NaN,7.6,0,-2,1.42,14.9
NaN:NaN:NaN,7.7,0,-2,1.42,14.7
NaN:NaN:NaN,7.8,0,-2,1.42,14.8
NaN:NaN:NaN,8.1,0,-2,1.43,14.8
NaN:NaN:NaN,7.9,0,-2,1.43,14.8
NaN:NaN:NaN,7.8,0,-2,1.43,14.8
NaN:NaN:NaN,8.3,0,-2,1.43,14.8
NaN:NaN:NaN,8.3,0,-2,1.43,14.7
NaN:NaN:NaN,8,0,-2,1.43,14.9
NaN:NaN:NaN,7.7,0,-2,1.42,14.8
NaN:NaN:NaN,7.9,0,-2,1.42,14.7
NaN:NaN:NaN,7.8,0,-2,1.43,14.9
NaN:NaN:NaN,7.7,0,-2,1.43,14.8
NaN:NaN:NaN,7.9,0,-2,1.43,14.7
NaN:NaN:NaN,8.2,0,-2,1.43,14.8
NaN:NaN:NaN,8.1,0,-2,1.43,14.8
NaN:NaN:NaN,7.9,0,-2,1.43,14.8
NaN:NaN:NaN,7.8,0,-2,1.43,14.8
NaN:NaN:NaN,7.7,0,-2,1.43,14.7
NaN:NaN:NaN,8,0,-2,1.43,14.9
NaN:NaN:NaN,7.8,0,-2,1.43,14.8
NaN:NaN:NaN,7.5,0,-2,1.43,14.7
NaN:NaN:NaN,7.7,0,-2,1.43,14.9
NaN:NaN:NaN,7.7,0,-2,1.42,14.8
NaN:NaN:NaN,7.8,0,-2,1.42,14.7
NaN:NaN:NaN,7.7,0,-2,1.43,14.8
NaN:NaN:NaN,7.6,0,-2,1.43,14.9
NaN:NaN:NaN,7.9,0,-2,1.43,14.7
NaN:NaN:NaN,7.8,0,-2,1.43,14.8
NaN:NaN:NaN,7.6,0,-2,1.43,14.9
NaN:NaN:NaN,7.6,0,-2,1.43,14.7
NaN:NaN:NaN,7.7,0,-2,1.43,14.8
NaN:NaN:NaN,8,0,-2,1.43,14.8
NaN:NaN:NaN,7.6,0,-2,1.43,14.8
NaN:NaN:NaN,7.4,0,-2,1.43,14.8
NaN:NaN:NaN,7.5,0,-2,1.42,14.8
NaN:NaN:NaN,7.5,0,-2,1.42,14.7
NaN:NaN:NaN,7.4,0,-2,1.42,14.8
NaN:NaN:NaN,7.2,0,-2,1.42,14.9
NaN:NaN:NaN,7.3,0,-2,1.42,14.7
NaN:NaN:NaN,7.5,0,-2,1.42,14.8
NaN:NaN:NaN,7.5,0,-2,1.42,14.7
NaN:NaN:NaN,7.3,0,-2,1.42,14.9
NaN:NaN:NaN,7.1,0,-2,1.42,14.8
NaN:NaN:NaN,7.7,0,-2,1.42,14.7
NaN:NaN:NaN,7.6,0,-2,1.42,14.9
NaN:NaN:NaN,7.3,0,-2,1.42,14.8
NaN:NaN:NaN,7.6,0,-2,1.43,14.7
NaN:NaN:NaN,7.5,0,-2,1.42,14.8
NaN:NaN:NaN,7.6,0,-2,1.42,14.9
NaN:NaN:NaN,7.6,0,-2,1.43,14.7
NaN:NaN:NaN,7.5,0,-2,1.43,14.8
NaN:NaN:NaN,7.9,0,-2,1.43,14.8
NaN:NaN:NaN,7.9,0,-2,1.43,14.8
NaN:NaN:NaN,7.5,0,-2,1.43,14.8
NaN:NaN:NaN,7.9,0,-2,1.43,14.9
NaN:NaN:NaN,7.9,0,-2,1.43,14.7
NaN:NaN:NaN,7.9,0,-2,1.43,14.8
NaN:NaN:NaN,7.5,0,-2,1.43,14.7
NaN:NaN:NaN,7.8,0,-2,1.42,14.9
NaN:NaN:NaN,8.1,0,-2,1.42,14.8
NaN:NaN:NaN,7.9,0,-2,1.42,14.7
NaN:NaN:NaN,7.9,0,-2,1.42,14.8
NaN:NaN:NaN,7.6,0,-2,1.42,14.9
NaN:NaN:NaN,7.7,0,-2,1.42,14.7
NaN:NaN:NaN,8,0,-2,1.42,14.8
NaN:NaN:NaN,7.7,0,-2,1.42,14.8
NaN:NaN:NaN,7.9,0,-2,1.42,14.8
NaN:NaN:NaN,7.7,0,-2,1.42,14.8
NaN:NaN:NaN,7.9,0,-2,1.42,14.8
NaN:NaN:NaN,7.8,0,-2,1.43,14.7
NaN:NaN:NaN,7.5,0,-2,1.43,14.9
NaN:NaN:NaN,7.7,0,-2,1.43,14.8
NaN:NaN:NaN,7.5,0,-2,1.43,14.7
NaN:NaN:NaN,7.7,0,-2,1.42,14.9
NaN:NaN:NaN,7.5,0,-2,1.42,14.8
NaN:NaN:NaN,7.5,0,-2,1.42,14.7
NaN:NaN:NaN,8,0,-2,1.42,14.9
NaN:NaN:NaN,8.1,0,-2,1.42,14.7
NaN:NaN:NaN,7.6,0,-2,1.42,14.8
NaN:NaN:NaN,7.5,0,-2,1.42,14.8
NaN:NaN:NaN,7.7,0,-2,1.42,14.8
NaN:NaN:NaN,7.8,0,-2,1.43,14.8
NaN:NaN:NaN,7.7,0,-2,1.43,14.8
NaN:NaN:NaN,7.7,0,-2,1.42,14.7
NaN:NaN:NaN,8.1,0,-2,1.43,14.9
NaN:NaN:NaN,8.2,0,-2,1.43,14.8
NaN:NaN:NaN,8.2,0,-2,1.43,14.7
NaN:NaN:NaN,7.6,0,-2,1.43,14.8
NaN:NaN:NaN,7.8,0,-2,1.43,14.9
NaN:NaN:NaN,8,0,-2,1.43,14.7
NaN:NaN:NaN,7.7,0,-2,1.42,14.8
NaN:NaN:NaN,8,0,-2,1.42,14.8
NaN:NaN:NaN,8.2,0,-2,1.42,14.8
NaN:NaN:NaN,8.3,0,-2,1.42,14.8
NaN:NaN:NaN,8.1,0,-2,1.42,14.7
NaN:NaN:NaN,8.1,0,-2,1.42,14.8
NaN:NaN:NaN,8.1,0,-2,1.42,14.9
NaN:NaN:NaN,8.2,0,-2,1.42,14.7
NaN:NaN:NaN,8.2,0,-2,1.42,14.8
NaN:NaN:NaN,8,0,-2,1.42,14.8
NaN:NaN:NaN,8,0,-2,1.42,14.8
NaN:NaN:NaN,8,0,-2,1.42,14.8
NaN:NaN:NaN,8.3,0,-2,1.42,14.8
NaN:NaN:NaN,7.9,0,-2,1.42,14.7
NaN:NaN:NaN,7.8,0,-2,1.42,14.9
NaN:NaN:NaN,8.3,0,-2,1.42,14.8
NaN:NaN:NaN,8.1,0,-2,1.42,14.7
NaN:NaN:NaN,8,0,-2,1.43,14.8
NaN:NaN:NaN,7.9,0,-2,1.42,14.9
NaN:NaN:NaN,8,0,-2,1.42,14.7
NaN:NaN:NaN,8.3,0,-2,1.42,14.8
NaN:NaN:NaN,8.3,0,-2,1.42,14.9
NaN:NaN:NaN,7.9,0,-2,1.42,14.7
NaN:NaN:NaN,7.9,0,-2,1.42,14.8
NaN:NaN:NaN,8,0,-2,1.42,14.8
NaN:NaN:NaN,7.9,0,-2,1.42,14.8
NaN:NaN:NaN,7.7,0,-2,1.42,14.8
NaN:NaN:NaN,7.8,0,-2,1.42,14.7
NaN:NaN:NaN,7.7,0,-2,1.42,14.9
NaN:NaN:NaN,8.1,0,-2,1.42,14.8
NaN:NaN:NaN,7.9,0,-2,1.42,14.7
NaN:NaN:NaN,7.7,0,-2,1.42,14.8
NaN:NaN:NaN,8,0,-2,1.42,14.9
NaN:NaN:NaN,8,0,-2,1.42,14.7
NaN:NaN:NaN,7.5,0,-2,1.42,14.8
NaN:NaN:NaN,7.5,0,-2,1.42,14.8
NaN:NaN:NaN,7.5,0,-2,1.42,14.8
NaN:NaN:NaN,7.6,0,-2,1.42,14.8
NaN:NaN:NaN,7.3,0,-2,1.42,14.7
NaN:NaN:NaN,7.4,0,-2,1.42,14.8
NaN:NaN:NaN,7.7,0,-2,1.42,14.9
NaN:NaN:NaN,7.4,0,-2,1.42,14.7
NaN:NaN:NaN,7.4,0,-2,1.43,14.8
NaN:NaN:NaN,7.3,0,-2,1.43,14.8
NaN:NaN:NaN,7.5,0,-2,1.43,14.8
NaN:NaN:NaN,7.6,0,-2,1.43,14.8
NaN:NaN:NaN,7.6,0,-2,1.43,14.8
NaN:NaN:NaN,7.6,0,-2,1.43,14.7
NaN:NaN:NaN,7.5,0,-2,1.43,14.9
NaN:NaN:NaN,7.6,0,-2,1.43,14.8
NaN:NaN:NaN,8,0,-2,1.43,14.7
NaN:NaN:NaN,7.8,0,-2,1.43,14.9
NaN:NaN:NaN,7.6,0,-2,1.43,14.8
NaN:NaN:NaN,7.8,0,-2,1.43,14.7
NaN:NaN:NaN,7.5,0,-2,1.43,14.8
NaN:NaN:NaN,7.5,0,-2,1.43,14.8
NaN:NaN:NaN,7.3,0,-2,1.43,14.8
NaN:NaN:NaN,7.7,0,-2,1.43,14.8
NaN:NaN:NaN,8,0,-2,1.42,14.7
NaN:NaN:NaN,8,0,-2,1.42,14.8
NaN:NaN:NaN,8.1,0,-2,1.43,14.9
NaN:NaN:NaN,7.7,0,-2,1.43,14.7
NaN:NaN:NaN,8.3,0,-2,1.43,14.8
NaN:NaN:NaN,7.7,0,-2,1.43,14.8
NaN:NaN:NaN,7.8,0,-2,1.43,14.8
NaN:NaN:NaN,8,0,-2,1.43,14.8
NaN:NaN:NaN,7.7,0,-2,1.43,14.8
NaN:NaN:NaN,7.8,0,-2,1.43,14.7
NaN:NaN:NaN,7.8,0,-2,1.43,14.9
NaN:NaN:NaN,7.6,0,-2,1.43,14.7
NaN:NaN:NaN,8,0,-2,1.43,14.8
NaN:NaN:NaN,8,0,-2,1.43,14.8
NaN:NaN:NaN,8,0,-2,1.43,14.8
NaN:NaN:NaN,8.2,0,-2,1.44,14.8
NaN:NaN:NaN,8,0,-3,1.44,14.8
NaN:NaN:NaN,8.2,0,-3,1.43,14.7
NaN:NaN:NaN,7.9,0,-3,1.43,14.9
NaN:NaN:NaN,7.8,0,-3,1.43,14.8
NaN:NaN:NaN,7.9,0,-3,1.43,14.7
NaN:NaN:NaN,8,0,-3,1.43,14.8
NaN:NaN:NaN,7.9,0,-3,1.43,14.9
NaN:NaN:NaN,7.9,0,-3,1.42,14.7
NaN:NaN:NaN,8,0,-3,1.42,14.8
NaN:NaN:NaN,7.6,0,-3,1.42,14.8
NaN:NaN:NaN,8,0,-3,1.42,14.7
NaN:NaN:NaN,8,0,-3,1.42,14.9
NaN:NaN:NaN,8.3,0,-3,1.42,14.7
NaN:NaN:NaN,7.9,0,-3,1.42,14.8
NaN:NaN:NaN,8.2,0,-3,1.42,14.8
NaN:NaN:NaN,8.3,0,-3,1.42,14.8
NaN:NaN:NaN,8.3,0,-3,1.42,14.8
NaN:NaN:NaN,8.1,0,-3,1.42,14.8
NaN:NaN:NaN,8.1,0,-3,1.42,14.7
NaN:NaN:NaN,8.3,0,-3,1.42,14.9
NaN:NaN:NaN,8,0,-3,1.42,14.8
NaN:NaN:NaN,8,0,-3,1.42,14.7
NaN:NaN:NaN,7.9,0,-3,1.42,14.8
NaN:NaN:NaN,7.8,0,-3,1.42,14.8
NaN:NaN:NaN,8.1,0,-3,1.42,14.8
NaN:NaN:NaN,8.1,0,-3,1.42,14.8
NaN:NaN:NaN,8,0,-3,1.42,14.7
NaN:NaN:NaN,8.4,0,-3,1.42,14.8
NaN:NaN:NaN,8.4,0,-3,1.42,14.9
NaN:NaN:NaN,8.3,0,-3,1.42,14.7
NaN:NaN:NaN,8.2,0,-3,1.42,14.8
NaN:NaN:NaN,7.9,0,-3,1.42,14.8
NaN:NaN:NaN,8,0,-3,1.42,14.7
NaN:NaN:NaN,8.1,0,-3,1.42,14.9
NaN:NaN:NaN,8,0,-3,1.42,14.8
NaN:NaN:NaN,8,0,-3,1.42,14.7
NaN:NaN:NaN,8,0,-3,1.42,14.8
NaN:NaN:NaN,8,0,-3,1.42,14.8
NaN:NaN:NaN,8,0,-3,1.42,14.8
NaN:NaN:NaN,7.6,0,-3,1.42,14.8
NaN:NaN:NaN,7.8,0,-3,1.42,14.7
NaN:NaN:NaN,7.7,0,-3,1.42,14.8
NaN:NaN:NaN,8,0,-3,1.42,14.9
NaN:NaN:NaN,8,0,-3,1.42,14.7
NaN:NaN:NaN,7.6,0,-3,1.42,14.8
NaN:NaN:NaN,7.6,0,-3,1.42,14.8
NaN:NaN:NaN,7.8,0,-3,1.42,14.8
NaN:NaN:NaN,7.6,0,-3,1.42,14.8
NaN:NaN:NaN,7.6,0,-3,1.41,14.7
NaN:NaN:NaN,7.5,0,-3,1.41,14.8
NaN:NaN:NaN,7.6,0,-3,1.41,14.8
NaN:NaN:NaN,7.5,0,-3,1.41,14.8
NaN:NaN:NaN,7.6,0,-3,1.41,14.8
NaN:NaN:NaN,7.6,0,-3,1.41,14.8
NaN:NaN:NaN,7.4,0,-3,1.41,14.7
NaN:NaN:NaN,7.8,0,-3,1.41,14.9
NaN:NaN:NaN,7.9,0,-3,1.41,14.8
NaN:NaN:NaN,7.6,0,-3,1.41,14.7
NaN:NaN:NaN,7.3,0,-3,1.41,14.8
NaN:NaN:NaN,7.7,0,-3,1.41,14.7
NaN:NaN:NaN,8.2,0,-3,1.41,14.9
NaN:NaN:NaN,7.9,0,-3,1.41,14.8
NaN:NaN:NaN,7.8,0,-3,1.41,14.7
NaN:NaN:NaN,7.7,0,-3,1.41,14.8
NaN:NaN:NaN,7.5,0,-3,1.41,14.9
NaN:NaN:NaN,7.7,0,-3,1.41,14.7
NaN:NaN:NaN,7.8,0,-3,1.41,14.8
NaN:NaN:NaN,8,0,-3,1.41,14.9
NaN:NaN:NaN,8.1,0,-3,1.41,14.7
NaN:NaN:NaN,8.2,0,-3,1.41,14.8
NaN:NaN:NaN,8,0,-3,1.41,14.7
NaN:NaN:NaN,7.9,0,-3,1.41,14.8
NaN:NaN:NaN,8,0,-3,1.41,14.9
NaN:NaN:NaN,8.5,0,-3,1.41,14.7
NaN:NaN:NaN,8.4,0,-3,1.41,14.8
NaN:NaN:NaN,7.9,0,-3,1.41,14.8
NaN:NaN:NaN,7.7,0,-3,1.41,14.7
NaN:NaN:NaN,8,0,-3,1.41,14.9
NaN:NaN:NaN,8.2,0,-3,1.41,14.7
NaN:NaN:NaN,8.1,0,-3,1.41,14.8
NaN:NaN:NaN,7.8,0,-3,1.41,14.8
NaN:NaN:NaN,7.6,0,-3,1.41,14.7
NaN:NaN:NaN,8,0,-3,1.42,14.9
NaN:NaN:NaN,8,0,-3,1.42,14.8
NaN:NaN:NaN,7.9,0,-3,1.43,14.7
NaN:NaN:NaN,7.8,0,-3,1.43,14.8
NaN:NaN:NaN,8.1,0,-3,1.43,14.9
NaN:NaN:NaN,8.3,0,-3,1.42,14.7
NaN:NaN:NaN,7.9,0,-3,1.42,14.8
NaN:NaN:NaN,7.8,0,-3,1.42,14.9
NaN:NaN:NaN,7.9,0,-3,1.42,14.7
NaN:NaN:NaN,8,0,-3,1.42,14.8
NaN:NaN:NaN,7.9,0,-3,1.42,14.7
NaN:NaN:NaN,8,0,-3,1.42,14.8
NaN:NaN:NaN,7.9,0,-3,1.42,14.9
NaN:NaN:NaN,8,0,-3,1.42,14.7
NaN:NaN:NaN,8.1,0,-3,1.42,14.8
NaN:NaN:NaN,8,0,-3,1.42,14.9
NaN:NaN:NaN,7.8,0,-3,1.43,14.7
NaN:NaN:NaN,7.8,0,-3,1.43,14.8
NaN:NaN:NaN,8.2,0,-3,1.43,14.8
NaN:NaN:NaN,7.7,0,-3,1.43,14.8
NaN:NaN:NaN,7.7,0,-3,1.43,14.8
NaN:NaN:NaN,7.5,0,-3,1.43,14.8
NaN:NaN:NaN,7.5,0,-3,1.43,14.8
NaN:NaN:NaN,7.2,0,-3,1.42,14.8
NaN:NaN:NaN,7.2,0,-3,1.42,14.8
NaN:NaN:NaN,7.7,0,-3,1.42,14.8
NaN:NaN:NaN,7.6,0,-3,1.42,14.8
NaN:NaN:NaN,7.5,0,-3,1.42,14.8
NaN:NaN:NaN,7.1,0,-3,1.42,14.8
NaN:NaN:NaN,7.8,0,-3,1.42,14.8
NaN:NaN:NaN,7.7,0,-3,1.42,14.9
NaN:NaN:NaN,7.2,0,-3,1.42,14.7
NaN:NaN:NaN,7.1,0,-3,1.42,14.8
NaN:NaN:NaN,7.4,0,-3,1.42,14.9
NaN:NaN:NaN,7.3,0,-3,1.42,14.7
NaN:NaN:NaN,7.6,0,-3,1.42,14.9
NaN:NaN:NaN,7.4,0,-3,1.42,14.7
NaN:NaN:NaN,7.2,0,-3,1.42,14.8
NaN:NaN:NaN,7.2,0,-3,1.42,14.9
NaN:NaN:NaN,7.3,0,-3,1.42,14.7
NaN:NaN:NaN,7.5,0,-3,1.42,14.8
NaN:NaN:NaN,7.2,0,-3,1.42,14.9
NaN:NaN:NaN,7.1,0,-3,1.42,14.7
NaN:NaN:NaN,7.3,0,-3,1.42,14.9
NaN:NaN:NaN,7.2,0,-3,1.42,14.8
NaN:NaN:NaN,7.5,0,-3,1.42,14.8
NaN:NaN:NaN,7.2,0,-3,1.41,14.8
NaN:NaN:NaN,7.1,0,-3,1.41,14.8
NaN:NaN:NaN,6.9,0,-3,1.41,14.8
NaN:NaN:NaN,7.1,0,-3,1.41,14.8
NaN:NaN:NaN,7.1,0,-3,1.41,14.9
NaN:NaN:NaN,7,0,-3,1.41,14.7
NaN:NaN:NaN,7.1,0,-3,1.41,14.8
NaN:NaN:NaN,6.9,0,-3,1.41,14.9
NaN:NaN:NaN,7,0,-3,1.41,14.7
NaN:NaN:NaN,7.1,0,-3,1.41,14.8
NaN:NaN:NaN,7.1,0,-3,1.41,14.9
NaN:NaN:NaN,7.2,0,-3,1.41,14.7
NaN:NaN:NaN,7.2,0,-3,1.41,14.9
NaN:NaN:NaN,7.1,0,-3,1.41,14.8
NaN:NaN:NaN,7.1,0,-3,1.41,14.7
NaN:NaN:NaN,7.3,0,-3,1.41,14.9
NaN:NaN:NaN,7.3,0,-3,1.41,14.8
NaN:NaN:NaN,7.1,0,-3,1.42,14.8
NaN:NaN:NaN,7.2,0,-3,1.42,14.8
NaN:NaN:NaN,7.1,0,-3,1.42,14.8
NaN:NaN:NaN,7.2,0,-3,1.42,14.8
NaN:NaN:NaN,7.4,0,-3,1.42,14.8
NaN:NaN:NaN,7.4,0,-3,1.42,14.9
NaN:NaN:NaN,7,0,-3,1.42,14.8
NaN:NaN:NaN,6.8,0,-3,1.41,14.7
NaN:NaN:NaN,7.3,0,-3,1.41,14.9
NaN:NaN:NaN,7.3,0,-3,1.41,14.8
NaN:NaN:NaN,7.2,0,-3,1.41,14.8
NaN:NaN:NaN,7.2,0,-3,1.41,14.8
NaN:NaN:NaN,7.1,0,-3,1.41,14.8
NaN:NaN:NaN,7.2,0,-3,1.41,14.8
NaN:NaN:NaN,7.2,0,-3,1.42,14.8
NaN:NaN:NaN,7.2,0,-3,1.42,14.9
NaN:NaN:NaN,7,0,-3,1.42,14.7
NaN:NaN:NaN,6.8,0,-3,1.42,14.8
NaN:NaN:NaN,7.3,0,-3,1.42,14.9
NaN:NaN:NaN,7.3,0,-3,1.43,14.7
NaN:NaN:NaN,7.5,0,-3,1.43,14.9
NaN:NaN:NaN,7.6,0,-3,1.43,14.8
NaN:NaN:NaN,7.5,0,-3,1.43,14.7
NaN:NaN:NaN,7.2,0,-3,1.43,14.9
NaN:NaN:NaN,7.5,0,-3,1.43,14.8
NaN:NaN:NaN,7.6,0,-3,1.43,14.7
NaN:NaN:NaN,7.4,0,-3,1.43,14.9
NaN:NaN:NaN,7.2,0,-3,1.42,14.7
NaN:NaN:NaN,7.7,0,-3,1.42,14.8
NaN:NaN:NaN,7.4,0,-3,1.42,14.8
NaN:NaN:NaN,7.8,0,-3,1.42,14.8
NaN:NaN:NaN,7.3,0,-3,1.42,14.8
NaN:NaN:NaN,7.3,0,-3,1.42,14.8
NaN:NaN:NaN,7.7,0,-3,1.42,14.8
NaN:NaN:NaN,7.7,0,-3,1.42,14.8
NaN:NaN:NaN,7.7,0,-3,1.43,14.8
NaN:NaN:NaN,7.3,0,-3,1.43,14.7
NaN:NaN:NaN,7.9,0,-3,1.43,14.9
NaN:NaN:NaN,7.7,0,-3,1.43,14.8
NaN:NaN:NaN,7.7,0,-3,1.43,14.7
NaN:NaN:NaN,7.7,0,-3,1.43,14.8
NaN:NaN:NaN,7.8,0,-3,1.43,14.9
NaN:NaN:NaN,7.8,0,-3,1.43,14.7
NaN:NaN:NaN,7.8,0,-3,1.42,14.8
NaN:NaN:NaN,7.6,0,-3,1.42,14.8
NaN:NaN:NaN,7.8,0,-3,1.42,14.8
NaN:NaN:NaN,7.8,0,-3,1.41,14.8
NaN:NaN:NaN,8,0,-3,1.41,14.8
NaN:NaN:NaN,7.8,0,-3,1.41,14.7
NaN:NaN:NaN,7.5,0,-3,1.41,14.9
NaN:NaN:NaN,8.2,0,-3,1.41,14.8
NaN:NaN:NaN,8.2,0,-3,1.41,14.7
NaN:NaN:NaN,7.8,0,-3,1.41,14.9
NaN:NaN:NaN,7.9,0,-3,1.41,14.7
NaN:NaN:NaN,7.9,0,-3,1.41,14.8
NaN:NaN:NaN,8,0,-3,1.41,14.8
NaN:NaN:NaN,8.2,0,-3,1.41,14.8
NaN:NaN:NaN,7.9,0,-3,1.41,14.8
NaN:NaN:NaN,8,0,-3,1.42,14.8
NaN:NaN:NaN,8,0,-3,1.42,14.7
NaN:NaN:NaN,8.2,0,-3,1.42,14.8
NaN:NaN:NaN,7.9,0,-3,1.43,14.9
NaN:NaN:NaN,7.9,0,-3,1.43,14.7
NaN:NaN:NaN,8.2,0,-3,1.43,14.8
NaN:NaN:NaN,7.8,0,-3,1.43,14.8
NaN:NaN:NaN,7.8,0,-3,1.44,14.8
NaN:NaN:NaN,7.8,0,-3,1.44,14.8
NaN:NaN:NaN,7.8,0,-3,1.44,14.7
NaN:NaN:NaN,8,0,-3,1.44,14.8
NaN:NaN:NaN,8.3,0,-3,1.44,14.9
NaN:NaN:NaN,8,0,-3,1.44,14.7
NaN:NaN:NaN,7.7,0,-3,1.44,14.8
NaN:NaN:NaN,8,0,-3,1.44,14.8
NaN:NaN:NaN,8.1,0,-3,1.43,14.7
NaN:NaN:NaN,8.2,0,-3,1.43,14.9
NaN:NaN:NaN,7.9,0,-3,1.43,14.8
NaN:NaN:NaN,7.5,0,-3,1.43,14.7
NaN:NaN:NaN,8,0,-3,1.43,14.8
NaN:NaN:NaN,7.7,0,-3,1.43,14.8
NaN:NaN:NaN,8.1,0,-3,1.43,14.8
NaN:NaN:NaN,7.6,0,-3,1.43,14.8
NaN:NaN:NaN,7.8,0,-3,1.43,14.8
NaN:NaN:NaN,8.2,0,-3,1.42,14.7
NaN:NaN:NaN,8.2,0,-3,1.43,14.8
NaN:NaN:NaN,7.9,0,-3,1.43,14.8
NaN:NaN:NaN,8.1,0,-3,1.43,14.8
NaN:NaN:NaN,8.3,0,-3,1.43,14.8
NaN:NaN:NaN,8.4,0,-3,1.43,14.8
NaN:NaN:NaN,8.3,0,-3,1.44,14.8
NaN:NaN:NaN,7.8,0,-3,1.44,14.8
NaN:NaN:NaN,8,0,-3,1.44,14.7
NaN:NaN:NaN,8.1,0,-3,1.44,14.8
NaN:NaN:NaN,8.1,0,-3,1.44,14.8
NaN:NaN:NaN,8.3,0,-3,1.44,14.8
NaN:NaN:NaN,8.1,0,-3,1.44,14.8
NaN:NaN:NaN,8.3,0,-3,1.44,14.8
NaN:NaN:NaN,8,0,-3,1.44,14.7
NaN:NaN:NaN,8.1,0,-3,1.43,14.8
NaN:NaN:NaN,7.7,0,-3,1.43,14.8
NaN:NaN:NaN,7.9,0,-3,1.43,14.8
NaN:NaN:NaN,7.7,0,-3,1.43,14.8
NaN:NaN:NaN,7.9,0,-3,1.43,14.7
NaN:NaN:NaN,8.1,0,-3,1.43,14.8
NaN:NaN:NaN,7.7,0,-3,1.43,14.9
NaN:NaN:NaN,7.7,0,-3,1.44,14.7
NaN:NaN:NaN,7.9,0,-3,1.44,14.8
NaN:NaN:NaN,7.6,0,-3,1.44,14.8
NaN:NaN:NaN,8.2,0,-3,1.44,14.7
NaN:NaN:NaN,7.8,0,-3,1.44,14.8
NaN:NaN:NaN,7.7,0,-3,1.44,14.7
NaN:NaN:NaN,8.3,0,-3,1.43,14.9
NaN:NaN:NaN,7.8,0,-3,1.43,14.8
NaN:NaN:NaN,8,0,-3,1.43,14.7
NaN:NaN:NaN,7.8,0,-3,1.43,14.8
NaN:NaN:NaN,7.7,0,-3,1.43,14.7
NaN:NaN:NaN,8.2,0,-3,1.43,14.8
NaN:NaN:NaN,8.2,0,-3,1.43,14.8
NaN:NaN:NaN,8.2,0,-3,1.43,14.8
NaN:NaN:NaN,8.4,0,-3,1.44,14.8
NaN:NaN:NaN,8.2,0,-3,1.44,14.8
NaN:NaN:NaN,8.7,0,-3,1.44,14.7
NaN:NaN:NaN,8.2,0,-3,1.44,14.8
NaN:NaN:NaN,8.2,0,-3,1.43,14.8
NaN:NaN:NaN,8.6,0,-3,1.43,14.8
NaN:NaN:NaN,7.9,0,-3,1.43,14.8
NaN:NaN:NaN,8.1,0,-3,1.42,14.7
NaN:NaN:NaN,8.7,0,-3,1.42,14.8
NaN:NaN:NaN,8.3,0,-3,1.42,14.8
NaN:NaN:NaN,7.9,0,-3,1.42,14.7
NaN:NaN:NaN,7.9,0,-3,1.43,14.9
NaN:NaN:NaN,7.8,0,-3,1.43,14.7
NaN:NaN:NaN,8.4,0,-3,1.43,14.8
NaN:NaN:NaN,8.4,0,-3,1.43,14.8
NaN:NaN:NaN,8.3,0,-3,1.43,14.7
NaN:NaN:NaN,7.9,0,-3,1.43,14.8
NaN:NaN:NaN,8.2,0,-3,1.43,14.8
NaN:NaN:NaN,8.4,0,-3,1.44,14.8
NaN:NaN:NaN,8.5,0,-3,1.44,14.8
NaN:NaN:NaN,8.3,0,-3,1.44,14.7
NaN:NaN:NaN,8,0,-3,1.44,14.8
NaN:NaN:NaN,8.1,0,-3,1.44,14.9
NaN:NaN:NaN,8.4,0,-3,1.44,14.6
NaN:NaN:NaN,8.2,0,-3,1.44,14.8
NaN:NaN:NaN,8.3,0,-3,1.43,14.8
NaN:NaN:NaN,8,0,-3,1.43,14.8
NaN:NaN:NaN,7.5,0,-3,1.43,14.8
NaN:NaN:NaN,7.8,0,-3,1.42,14.7
NaN:NaN:NaN,8.1,0,-3,1.42,14.8
NaN:NaN:NaN,8.1,0,-3,1.42,14.8
NaN:NaN:NaN,7.8,0,-3,1.42,14.8
NaN:NaN:NaN,7.7,0,-3,1.42,14.8
NaN:NaN:NaN,7.6,0,-3,1.42,14.7
NaN:NaN:NaN,7.8,0,-3,1.42,14.8
NaN:NaN:NaN,8.1,0,-3,1.43,14.8
NaN:NaN:NaN,8.1,0,-3,1.43,14.7
NaN:NaN:NaN,8.2,0,-3,1.43,14.8
NaN:NaN:NaN,8,0,-3,1.43,14.8
NaN:NaN:NaN,8.7,0,-3,1.44,14.8
NaN:NaN:NaN,7.9,0,-3,1.44,14.8
NaN:NaN:NaN,8.1,0,-3,1.44,14.7
NaN:NaN:NaN,8.4,0,-3,1.44,14.8
NaN:NaN:NaN,8,0,-3,1.44,14.8
NaN:NaN:NaN,8.4,0,-3,1.44,14.8
NaN:NaN:NaN,8.3,0,-3,1.44,14.8
NaN:NaN:NaN,8.2,0,-3,1.44,14.7
NaN:NaN:NaN,8.2,0,-3,1.43,14.8
NaN:NaN:NaN,8,0,-3,1.43,14.7
NaN:NaN:NaN,8.3,0,-3,1.42,14.8
NaN:NaN:NaN,8.4,0,-3,1.42,14.8
NaN:NaN:NaN,8.3,0,-3,1.42,14.7
NaN:NaN:NaN,8.6,0,-3,1.42,14.9
NaN:NaN:NaN,8.2,0,-3,1.42,14.8
NaN:NaN:NaN,8.2,0,-3,1.42,14.7
NaN:NaN:NaN,8.5,0,-3,1.42,14.8
NaN:NaN:NaN,8.7,0,-3,1.42,14.7
NaN:NaN:NaN,8.4,0,-3,1.43,14.8
NaN:NaN:NaN,8.3,0,-3,1.43,14.8
NaN:NaN:NaN,8.2,0,-3,1.43,14.7
NaN:NaN:NaN,8.4,0,-3,1.43,14.9
NaN:NaN:NaN,8.2,0,-3,1.43,14.7
NaN:NaN:NaN,8.4,0,-3,1.43,14.8
NaN:NaN:NaN,8.6,0,-3,1.44,14.8
NaN:NaN:NaN,8.4,0,-3,1.44,14.7
NaN:NaN:NaN,8.3,0,-3,1.44,14.8
NaN:NaN:NaN,8.2,0,-3,1.44,14.7
NaN:NaN:NaN,8.4,0,-3,1.44,14.8
NaN:NaN:NaN,8.2,0,-3,1.43,14.9
NaN:NaN:NaN,8,0,-3,1.43,14.7
NaN:NaN:NaN,7.7,0,-3,1.43,14.8
NaN:NaN:NaN,7.7,0,-3,1.43,14.8
NaN:NaN:NaN,7.9,0,-3,1.43,14.7
NaN:NaN:NaN,7.6,0,-3,1.43,14.8
NaN:NaN:NaN,7.8,0,-3,1.43,14.7
NaN:NaN:NaN,7.7,0,-3,1.43,14.8
NaN:NaN:NaN,7.7,0,-3,1.43,14.8
NaN:NaN:NaN,8.2,0,-3,1.43,14.7
NaN:NaN:NaN,8,0,-3,1.43,14.9
NaN:NaN:NaN,8.2,0,-3,1.43,14.7
NaN:NaN:NaN,8.1,0,-3,1.43,14.8
NaN:NaN:NaN,7.7,0,-3,1.43,14.8
NaN:NaN:NaN,8.4,0,-3,1.44,14.7
NaN:NaN:NaN,8.3,0,-3,1.44,14.8
NaN:NaN:NaN,8.4,0,-3,1.44,14.7
NaN:NaN:NaN,8.3,0,-3,1.44,14.9
NaN:NaN:NaN,8.2,0,-3,1.44,14.8
NaN:NaN:NaN,8.3,0,-3,1.44,14.7
NaN:NaN:NaN,8.4,0,-3,1.44,14.8
NaN:NaN:NaN,8.4,0,-3,1.43,14.7
NaN:NaN:NaN,8.7,0,-3,1.43,14.8
NaN:NaN:NaN,8.4,0,-3,1.43,14.8
NaN:NaN:NaN,8.4,0,-3,1.42,14.7
NaN:NaN:NaN,8.7,0,-3,1.42,14.8
NaN:NaN:NaN,8.7,0,-3,1.42,14.8
NaN:NaN:NaN,8.6,0,-3,1.42,14.8
NaN:NaN:NaN,8.8,0,-3,1.43,14.8
NaN:NaN:NaN,8.5,0,-3,1.43,14.7
NaN:NaN:NaN,8.3,0,-3,1.43,14.8
NaN:NaN:NaN,8.5,0,-3,1.43,14.7
NaN:NaN:NaN,8.6,0,-3,1.43,14.8
NaN:NaN:NaN,8.7,0,-3,1.43,14.8
NaN:NaN:NaN,8.6,0,-3,1.43,14.7
NaN:NaN:NaN,7.8,0,-3,1.43,14.9
NaN:NaN:NaN,8.4,0,-3,1.43,14.8
NaN:NaN:NaN,8,0,-3,1.43,14.7
NaN:NaN:NaN,8.1,0,-3,1.43,14.8
NaN:NaN:NaN,8,0,-3,1.43,14.7
NaN:NaN:NaN,7.7,0,-3,1.43,14.8
NaN:NaN:NaN,8,0,-3,1.43,14.8
NaN:NaN:NaN,7.7,0,-3,1.43,14.7
NaN:NaN:NaN,8.2,0,-3,1.43,14.8
NaN:NaN:NaN,8.4,0,-3,1.43,14.7
NaN:NaN:NaN,8,0,-3,1.43,14.9
NaN:NaN:NaN,7.8,0,-3,1.43,14.8
NaN:NaN:NaN,8,0,-3,1.43,14.7
NaN:NaN:NaN,8.2,0,-3,1.43,14.8
NaN:NaN:NaN,8.4,0,-3,1.43,14.7
NaN:NaN:NaN,8.4,0,-3,1.43,14.8
NaN:NaN:NaN,8.2,0,-3,1.43,14.8
NaN:NaN:NaN,8.2,0,-3,1.43,14.7
NaN:NaN:NaN,8.1,0,-3,1.43,14.8
NaN:NaN:NaN,8.7,0,-3,1.43,14.7
NaN:NaN:NaN,8.4,0,-3,1.43,14.8
NaN:NaN:NaN,8.3,0,-3,1.43,14.8
NaN:NaN:NaN,8.3,0,-3,1.43,14.9
NaN:NaN:NaN,7.9,0,-3,1.44,14.7
NaN:NaN:NaN,8.3,0,-3,1.44,14.8
NaN:NaN:NaN,8.4,0,-3,1.44,14.7
NaN:NaN:NaN,8.2,0,-3,1.44,14.8
NaN:NaN:NaN,8.9,0,-3,1.44,14.7
NaN:NaN:NaN,8.6,0,-3,1.44,14.8
NaN:NaN:NaN,8.4,0,-3,1.44,14.8
NaN:NaN:NaN,8.4,0,-3,1.44,14.7
NaN:NaN:NaN,8.5,0,-3,1.44,14.8
NaN:NaN:NaN,8.5,0,-3,1.44,14.7
NaN:NaN:NaN,8.5,0,-3,1.44,14.9
NaN:NaN:NaN,8.3,0,-3,1.44,14.8
NaN:NaN:NaN,8,0,-3,1.44,14.7
NaN:NaN:NaN,8.3,0,-3,1.43,14.8
NaN:NaN:NaN,8.5,0,-3,1.43,14.7
NaN:NaN:NaN,8.5,0,-3,1.44,14.8
NaN:NaN:NaN,8.6,0,-3,1.44,14.8
NaN:NaN:NaN,8.4,0,-3,1.44,14.7
NaN:NaN:NaN,8.2,0,-3,1.44,14.8
NaN:NaN:NaN,8,0,-3,1.44,14.7
NaN:NaN:NaN,8.2,0,-3,1.43,14.8
NaN:NaN:NaN,8.3,0,-3,1.43,14.8
NaN:NaN:NaN,8.1,0,-3,1.43,14.7
NaN:NaN:NaN,8.2,0,-3,1.43,14.8
NaN:NaN:NaN,8.2,0,-3,1.43,14.7
NaN:NaN:NaN,7.9,0,-3,1.43,14.8
NaN:NaN:NaN,8.4,0,-3,1.43,14.7
NaN:NaN:NaN,8.6,0,-3,1.43,14.9
NaN:NaN:NaN,8.5,0,-3,1.43,14.8
NaN:NaN:NaN,9,0,-3,1.43,14.7
NaN:NaN:NaN,8.3,0,-3,1.43,14.8
NaN:NaN:NaN,8.7,0,-3,1.43,14.7
NaN:NaN:NaN,8.5,0,-3,1.43,14.8
NaN:NaN:NaN,8.6,0,-3,1.43,14.8
NaN:NaN:NaN,8.8,0,-3,1.43,14.7
NaN:NaN:NaN,8.7,0,-3,1.43,14.8
NaN:NaN:NaN,8.6,0,-3,1.43,14.7
NaN:NaN:NaN,8.5,0,-3,1.43,14.8
NaN:NaN:NaN,8.5,0,-3,1.43,14.7
NaN:NaN:NaN,8.6,0,-3,1.43,14.8
NaN:NaN:NaN,8.4,0,-3,1.43,14.8
NaN:NaN:NaN,8.7,0,-3,1.43,14.7
NaN:NaN:NaN,8.6,0,-3,1.43,14.8
NaN:NaN:NaN,8.8,0,-3,1.43,14.7
NaN:NaN:NaN,8.7,0,-3,1.43,14.8
NaN:NaN:NaN,8.6,0,-3,1.43,14.8
NaN:NaN:NaN,8.8,0,-3,1.43,14.7
NaN:NaN:NaN,8.6,0,-4,1.43,14.8
NaN:NaN:NaN,8.6,0,-4,1.42,14.7
NaN:NaN:NaN,8.8,0,-4,1.42,14.8
NaN:NaN:NaN,8.4,0,-4,1.42,14.7
NaN:NaN:NaN,8.3,0,-4,1.42,14.8
NaN:NaN:NaN,8.3,0,-4,1.42,14.8
NaN:NaN:NaN,8.3,0,-4,1.42,14.7
NaN:NaN:NaN,8.3,0,-4,1.42,14.8
NaN:NaN:NaN,8.1,0,-4,1.43,14.7
NaN:NaN:NaN,8.7,0,-4,1.43,14.8
NaN:NaN:NaN,8.8,0,-4,1.43,14.8
NaN:NaN:NaN,8.5,0,-4,1.43,14.7
NaN:NaN:NaN,8.7,0,-4,1.43,14.8
NaN:NaN:NaN,8.4,0,-4,1.43,14.7
NaN:NaN:NaN,8.8,0,-4,1.43,14.8
NaN:NaN:NaN,9.3,0,-4,1.42,14.7
NaN:NaN:NaN,8.7,0,-4,1.43,14.8
NaN:NaN:NaN,8.9,0,-4,1.43,14.8
NaN:NaN:NaN,8.8,0,-4,1.43,14.7
NaN:NaN:NaN,8.7,0,-4,1.43,14.8
NaN:NaN:NaN,8.8,0,-4,1.43,14.7
NaN:NaN:NaN,8.4,0,-4,1.43,14.8
NaN:NaN:NaN,8.8,0,-4,1.43,14.8
NaN:NaN:NaN,8.9,0,-4,1.43,14.7
NaN:NaN:NaN,8.8,0,-4,1.43,14.8
NaN:NaN:NaN,8.9,0,-4,1.43,14.7
NaN:NaN:NaN,9,0,-4,1.43,14.8
NaN:NaN:NaN,8.7,0,-4,1.43,14.7
NaN:NaN:NaN,8.7,0,-4,1.43,14.8
NaN:NaN:NaN,8.5,0,-4,1.43,14.8
NaN:NaN:NaN,8.7,0,-4,1.43,14.7
NaN:NaN:NaN,8.3,0,-4,1.43,14.8
NaN:NaN:NaN,8.6,0,-4,1.43,14.7
NaN:NaN:NaN,8.5,0,-4,1.43,14.8
NaN:NaN:NaN,8,0,-4,1.43,14.7
NaN:NaN:NaN,8.3,0,-4,1.43,14.8
NaN:NaN:NaN,8.3,0,-4,1.43,14.8
NaN:NaN:NaN,8.6,0,-4,1.43,14.7
NaN:NaN:NaN,8.9,0,-4,1.43,14.8
NaN:NaN:NaN,8.7,0,-4,1.43,14.7
NaN:NaN:NaN,9,0,-4,1.43,14.8
NaN:NaN:NaN,9,0,-4,1.43,14.8
NaN:NaN:NaN,8.7,0,-4,1.43,14.7
NaN:NaN:NaN,8.7,0,-4,1.43,14.8
NaN:NaN:NaN,9,0,-4,1.43,14.7
NaN:NaN:NaN,9,0,-4,1.43,14.8
NaN:NaN:NaN,8.8,0,-4,1.43,14.7
NaN:NaN:NaN,8.9,0,-4,1.43,14.8
NaN:NaN:NaN,8.9,0,-4,1.43,14.8
NaN:NaN:NaN,8.9,0,-4,1.43,14.7
NaN:NaN:NaN,8.8,0,-4,1.43,14.8
NaN:NaN:NaN,8.5,0,-4,1.43,14.7
NaN:NaN:NaN,8.5,0,-4,1.43,14.8
NaN:NaN:NaN,8.8,0,-4,1.43,14.8
NaN:NaN:NaN,9,0,-4,1.43,14.7
NaN:NaN:NaN,8.9,0,-4,1.43,14.8
NaN:NaN:NaN,8.6,0,-4,1.43,14.7
NaN:NaN:NaN,8.6,0,-4,1.43,14.8
NaN:NaN:NaN,8.4,0,-4,1.43,14.7
NaN:NaN:NaN,8.3,0,-4,1.43,14.8
NaN:NaN:NaN,8.6,0,-4,1.43,14.8
NaN:NaN:NaN,8.3,0,-4,1.43,14.7
NaN:NaN:NaN,8.5,0,-4,1.43,14.8
NaN:NaN:NaN,8.7,0,-4,1.43,14.6
NaN:NaN:NaN,8.3,0,-4,1.43,14.8
NaN:NaN:NaN,8.3,0,-4,1.43,14.8
NaN:NaN:NaN,8.4,0,-4,1.43,14.7
NaN:NaN:NaN,8.5,0,-4,1.43,14.8
NaN:NaN:NaN,8.5,0,-4,1.43,14.7
NaN:NaN:NaN,8.4,0,-4,1.43,14.8
NaN:NaN:NaN,8.5,0,-4,1.43,14.7
NaN:NaN:NaN,9,0,-4,1.43,14.8
NaN:NaN:NaN,8.8,0,-4,1.43,14.8
NaN:NaN:NaN,9.3,0,-4,1.43,14.7
NaN:NaN:NaN,8.9,0,-4,1.43,14.8
NaN:NaN:NaN,9.1,0,-4,1.43,14.7
NaN:NaN:NaN,9,0,-4,1.43,14.8
NaN:NaN:NaN,8.7,0,-4,1.43,14.7
NaN:NaN:NaN,8.8,0,-4,1.43,14.8
NaN:NaN:NaN,9,0,-4,1.43,14.8
NaN:NaN:NaN,8.8,0,-4,1.43,14.7
NaN:NaN:NaN,8.9,0,-4,1.43,14.8
NaN:NaN:NaN,8.8,0,-4,1.43,14.7
NaN:NaN:NaN,8.3,0,-4,1.43,14.8
NaN:NaN:NaN,8.5,0,-4,1.43,14.7
NaN:NaN:NaN,8.4,0,-4,1.43,14.8
NaN:NaN:NaN,8.5,0,-4,1.43,14.8
NaN:NaN:NaN,8.2,0,-4,1.43,14.7
NaN:NaN:NaN,8.2,0,-4,1.43,14.8
NaN:NaN:NaN,8.8,0,-4,1.43,14.7
NaN:NaN:NaN,8.4,0,-4,1.43,14.8
NaN:NaN:NaN,8.2,0,-4,1.43,14.7
NaN:NaN:NaN,8.3,0,-4,1.43,14.8
NaN:NaN:NaN,8.8,0,-4,1.43,14.7
NaN:NaN:NaN,8.7,0,-4,1.43,14.8
NaN:NaN:NaN,8.8,0,-4,1.43,14.7
NaN:NaN:NaN,9,0,-4,1.43,14.7
NaN:NaN:NaN,8.7,0,-4,1.43,14.8
NaN:NaN:NaN,8.9,0,-4,1.43,14.7
NaN:NaN:NaN,8.5,0,-4,1.43,14.8
NaN:NaN:NaN,8.5,0,-4,1.43,14.8
NaN:NaN:NaN,8.9,0,-4,1.43,14.7
NaN:NaN:NaN,8.6,0,-4,1.43,14.8
NaN:NaN:NaN,9,0,-4,1.43,14.7
NaN:NaN:NaN,8.9,0,-4,1.43,14.8
NaN:NaN:NaN,9.1,0,-4,1.43,14.7
NaN:NaN:NaN,9.1,0,-4,1.43,14.8
NaN:NaN:NaN,8.6,0,-4,1.43,14.8
NaN:NaN:NaN,8.9,0,-4,1.43,14.7
NaN:NaN:NaN,8.6,0,-4,1.43,14.8
NaN:NaN:NaN,8.5,0,-4,1.43,14.7
NaN:NaN:NaN,8.8,0,-4,1.43,14.8
NaN:NaN:NaN,8.5,0,-4,1.43,14.7
NaN:NaN:NaN,8.9,0,-4,1.43,14.8
NaN:NaN:NaN,8.7,0,-4,1.43,14.7
NaN:NaN:NaN,8.2,0,-4,1.43,14.8
NaN:NaN:NaN,8.3,0,-4,1.43,14.8
NaN:NaN:NaN,8.1,0,-4,1.43,14.6
NaN:NaN:NaN,8.4,0,-4,1.43,14.8
NaN:NaN:NaN,9,0,-4,1.43,14.7
NaN:NaN:NaN,8.5,0,-4,1.43,14.8
NaN:NaN:NaN,9.3,0,-4,1.43,14.8
NaN:NaN:NaN,8.6,0,-4,1.43,14.8
NaN:NaN:NaN,8.7,0,-4,1.43,14.7
NaN:NaN:NaN,9.1,0,-4,1.43,14.7
NaN:NaN:NaN,8.5,0,-4,1.43,14.8
NaN:NaN:NaN,8.7,0,-4,1.43,14.7
NaN:NaN:NaN,9,0,-4,1.43,14.9
NaN:NaN:NaN,8.7,0,-4,1.43,14.7
NaN:NaN:NaN,8.9,0,-4,1.44,14.7
NaN:NaN:NaN,9.1,0,-4,1.44,14.8
NaN:NaN:NaN,8.7,0,-4,1.44,14.7
NaN:NaN:NaN,8.8,0,-4,1.44,14.8
NaN:NaN:NaN,8.6,0,-4,1.44,14.7
NaN:NaN:NaN,8.6,0,-4,1.44,14.8
NaN:NaN:NaN,8.9,0,-4,1.44,14.7
NaN:NaN:NaN,8.6,0,-4,1.44,14.8
NaN:NaN:NaN,8.4,0,-4,1.44,14.8
NaN:NaN:NaN,8.2,0,-4,1.44,14.7
NaN:NaN:NaN,8.1,0,-4,1.44,14.9
NaN:NaN:NaN,8.3,0,-4,1.43,14.6
NaN:NaN:NaN,8.5,0,-4,1.43,14.8
NaN:NaN:NaN,8.5,0,-4,1.43,14.7
NaN:NaN:NaN,8.6,0,-4,1.42,14.8
NaN:NaN:NaN,8.9,0,-4,1.42,14.8
NaN:NaN:NaN,8.9,0,-4,1.43,14.7
NaN:NaN:NaN,8.9,0,-4,1.43,14.8
NaN:NaN:NaN,8.7,0,-4,1.43,14.7
NaN:NaN:NaN,8.7,0,-4,1.43,14.8
NaN:NaN:NaN,8.9,0,-4,1.43,14.7
NaN:NaN:NaN,9.2,0,-4,1.43,14.8
NaN:NaN:NaN,9,0,-4,1.43,14.8
NaN:NaN:NaN,9,0,-4,1.43,14.7
NaN:NaN:NaN,9,0,-4,1.43,14.8
NaN:NaN:NaN,8.8,0,-4,1.43,14.7
NaN:NaN:NaN,8.5,0,-4,1.43,14.8
NaN:NaN:NaN,8.6,0,-4,1.43,14.7
NaN:NaN:NaN,8.8,0,-4,1.43,14.8
NaN:NaN:NaN,9,0,-4,1.43,14.8
NaN:NaN:NaN,8.9,0,-4,1.43,14.7
NaN:NaN:NaN,8.4,0,-4,1.43,14.8
NaN:NaN:NaN,8.6,0,-4,1.43,14.7
NaN:NaN:NaN,8.4,0,-4,1.43,14.8
NaN:NaN:NaN,8.3,0,-4,1.43,14.7
NaN:NaN:NaN,8.6,0,-4,1.43,14.8
NaN:NaN:NaN,8.3,0,-4,1.43,14.8
NaN:NaN:NaN,8.5,0,-4,1.43,14.7
NaN:NaN:NaN,8.7,0,-4,1.43,14.8
NaN:NaN:NaN,8.5,0,-4,1.43,14.7
NaN:NaN:NaN,8.7,0,-4,1.43,14.8
NaN:NaN:NaN,8.7,0,-4,1.43,14.7
NaN:NaN:NaN,8.8,0,-4,1.43,14.8
NaN:NaN:NaN,8.9,0,-4,1.43,14.7
NaN:NaN:NaN,8.7,0,-4,1.43,14.8
NaN:NaN:NaN,9,0,-4,1.43,14.8
NaN:NaN:NaN,9.3,0,-4,1.43,14.7
NaN:NaN:NaN,8.6,0,-4,1.43,14.8
NaN:NaN:NaN,8.9,0,-4,1.43,14.7
NaN:NaN:NaN,8.7,0,-4,1.43,14.8
NaN:NaN:NaN,8.8,0,-4,1.43,14.7
NaN:NaN:NaN,8.9,0,-4,1.43,14.8
NaN:NaN:NaN,9,0,-4,1.43,14.8
NaN:NaN:NaN,9.2,0,-4,1.43,14.7
NaN:NaN:NaN,8.9,0,-4,1.43,14.8
NaN:NaN:NaN,8.8,0,-4,1.43,14.7
NaN:NaN:NaN,8.5,0,-4,1.43,14.8
NaN:NaN:NaN,8.2,0,-4,1.43,14.7
NaN:NaN:NaN,8.3,0,-4,1.43,14.8
NaN:NaN:NaN,8.6,0,-4,1.43,14.7
NaN:NaN:NaN,8.7,0,-4,1.43,14.8
NaN:NaN:NaN,8.8,0,-4,1.43,14.7
NaN:NaN:NaN,9.1,0,-4,1.43,14.8
NaN:NaN:NaN,8.8,0,-4,1.43,14.8
NaN:NaN:NaN,8.4,0,-4,1.43,14.6
NaN:NaN:NaN,9,0,-4,1.43,14.8
NaN:NaN:NaN,8.4,0,-4,1.43,14.7
NaN:NaN:NaN,8.5,0,-4,1.43,14.8
NaN:NaN:NaN,8.9,0,-4,1.43,14.8
NaN:NaN:NaN,9,0,-4,1.43,14.7
NaN:NaN:NaN,9,0,-4,1.43,14.8
NaN:NaN:NaN,8.9,0,-4,1.43,14.7
NaN:NaN:NaN,8.9,0,-4,1.43,14.8
NaN:NaN:NaN,8.7,0,-4,1.43,14.7
NaN:NaN:NaN,8.8,0,-4,1.43,14.8
NaN:NaN:NaN,8.9,0,-4,1.43,14.7
NaN:NaN:NaN,8.9,0,-4,1.43,14.8
NaN:NaN:NaN,8.8,0,-4,1.43,14.7
NaN:NaN:NaN,8.5,0,-4,1.43,14.8
NaN:NaN:NaN,8.4,0,-4,1.43,14.8
NaN:NaN:NaN,8.8,0,-4,1.43,14.7
NaN:NaN:NaN,9,0,-4,1.43,14.7
NaN:NaN:NaN,8.8,0,-4,1.43,14.7
NaN:NaN:NaN,8.9,0,-4,1.43,14.8
NaN:NaN:NaN,8.8,0,-4,1.43,14.7
NaN:NaN:NaN,9,0,-4,1.43,14.8
NaN:NaN:NaN,9.4,0,-4,1.43,14.7
NaN:NaN:NaN,9,0,-4,1.43,14.8
NaN:NaN:NaN,9.3,0,-4,1.43,14.7
NaN:NaN:NaN,9.3,0,-4,1.43,14.8
NaN:NaN:NaN,9.1,0,-4,1.43,14.8
NaN:NaN:NaN,9.2,0,-4,1.43,14.7
NaN:NaN:NaN,9.2,0,-4,1.43,14.7
NaN:NaN:NaN,8.9,0,-4,1.43,14.8
NaN:NaN:NaN,8.9,0,-4,1.43,14.7
NaN:NaN:NaN,8.9,0,-4,1.43,14.7
NaN:NaN:NaN,9,0,-4,1.43,14.8
NaN:NaN:NaN,9.3,0,-4,1.43,14.7
NaN:NaN:NaN,9.1,0,-4,1.43,14.8
NaN:NaN:NaN,9.1,0,-4,1.43,14.8
NaN:NaN:NaN,9.2,0,-4,1.43,14.7
NaN:NaN:NaN,8.8,0,-4,1.42,14.8
NaN:NaN:NaN,8.4,0,-4,1.42,14.7
NaN:NaN:NaN,8.7,0,-4,1.42,14.8
NaN:NaN:NaN,8.8,0,-4,1.42,14.7
NaN:NaN:NaN,8.9,0,-4,1.42,14.8
NaN:NaN:NaN,9.2,0,-4,1.42,14.7
NaN:NaN:NaN,9,0,-4,1.42,14.8
NaN:NaN:NaN,9.2,0,-4,1.42,14.6
NaN:NaN:NaN,9.2,0,-4,1.42,14.8
NaN:NaN:NaN,9,0,-4,1.42,14.8
NaN:NaN:NaN,9.1,0,-4,1.42,14.7
NaN:NaN:NaN,9,0,-4,1.42,14.8
NaN:NaN:NaN,9.2,0,-4,1.43,14.7
NaN:NaN:NaN,9.1,0,-4,1.43,14.8
NaN:NaN:NaN,9.1,0,-4,1.43,14.7
NaN:NaN:NaN,8.8,0,-4,1.43,14.8
NaN:NaN:NaN,8.7,0,-4,1.43,14.7
NaN:NaN:NaN,8.9,0,-4,1.43,14.8
NaN:NaN:NaN,8.8,0,-4,1.43,14.7
NaN:NaN:NaN,8.4,0,-4,1.43,14.8
NaN:NaN:NaN,8.9,0,-4,1.43,14.8
NaN:NaN:NaN,8.6,0,-4,1.43,14.7
NaN:NaN:NaN,8.8,0,-4,1.43,14.8
NaN:NaN:NaN,8.7,0,-4,1.43,14.7
NaN:NaN:NaN,8.7,0,-4,1.43,14.8
NaN:NaN:NaN,8.9,0,-4,1.43,14.7
NaN:NaN:NaN,8.7,0,-4,1.43,14.8
NaN:NaN:NaN,8.5,0,-4,1.43,14.7
NaN:NaN:NaN,8.8,0,-4,1.43,14.8
NaN:NaN:NaN,9.3,0,-4,1.43,14.8
NaN:NaN:NaN,9.3,0,-4,1.43,14.7
NaN:NaN:NaN,9.1,0,-4,1.43,14.7
NaN:NaN:NaN,9.3,0,-4,1.43,14.8
NaN:NaN:NaN,9.2,0,-4,1.43,14.7
NaN:NaN:NaN,9.4,0,-4,1.43,14.7
NaN:NaN:NaN,9.1,0,-4,1.43,14.8
NaN:NaN:NaN,8.7,0,-4,1.43,14.7
NaN:NaN:NaN,8.9,0,-4,1.43,14.8
NaN:NaN:NaN,8.9,0,-4,1.43,14.7
NaN:NaN:NaN,9,0,-4,1.43,14.8
NaN:NaN:NaN,9.1,0,-4,1.43,14.8
NaN:NaN:NaN,8.9,0,-4,1.43,14.7
NaN:NaN:NaN,9.3,0,-4,1.43,14.8
NaN:NaN:NaN,8.7,0,-4,1.43,14.7
NaN:NaN:NaN,8.3,0,-4,1.43,14.8
NaN:NaN:NaN,8.7,0,-4,1.43,14.7
NaN:NaN:NaN,8.7,0,-4,1.43,14.8
NaN:NaN:NaN,9.1,0,-4,1.43,14.7
NaN:NaN:NaN,9.2,0,-4,1.43,14.8
NaN:NaN:NaN,9.1,0,-4,1.43,14.7
NaN:NaN:NaN,9.2,0,-4,1.43,14.8
NaN:NaN:NaN,9.2,0,-4,1.43,14.7
NaN:NaN:NaN,9.1,0,-4,1.43,14.8
NaN:NaN:NaN,9,0,-4,1.43,14.8
NaN:NaN:NaN,8.7,0,-4,1.43,14.7
NaN:NaN:NaN,9,0,-4,1.43,14.8
NaN:NaN:NaN,9.2,0,-4,1.43,14.6
NaN:NaN:NaN,9.2,0,-4,1.43,14.8
NaN:NaN:NaN,9.2,0,-4,1.43,14.7
NaN:NaN:NaN,9.2,0,-4,1.44,14.8
NaN:NaN:NaN,9,0,-4,1.44,14.7
NaN:NaN:NaN,9,0,-4,1.44,14.8
NaN:NaN:NaN,8.7,0,-4,1.44,14.7
NaN:NaN:NaN,8.7,0,-4,1.44,14.8
NaN:NaN:NaN,8.7,0,-4,1.44,14.7
NaN:NaN:NaN,8.8,0,-4,1.44,14.8
NaN:NaN:NaN,9.2,0,-4,1.44,14.7
NaN:NaN:NaN,8.9,0,-4,1.44,14.8
NaN:NaN:NaN,9,0,-4,1.44,14.8
NaN:NaN:NaN,8.7,0,-4,1.44,14.7
NaN:NaN:NaN,8.9,0,-4,1.44,14.8
NaN:NaN:NaN,9.2,0,-4,1.44,14.7
NaN:NaN:NaN,8.8,0,-4,1.44,14.8
NaN:NaN:NaN,9.2,0,-4,1.44,14.6
NaN:NaN:NaN,9.2,0,-4,1.43,14.8
NaN:NaN:NaN,9.3,0,-4,1.43,14.7
NaN:NaN:NaN,9.3,0,-4,1.43,14.8
NaN:NaN:NaN,9.3,0,-4,1.43,14.7
NaN:NaN:NaN,9,0,-4,1.43,14.8
NaN:NaN:NaN,9,0,-4,1.43,14.7
NaN:NaN:NaN,9.1,0,-4,1.43,14.8
NaN:NaN:NaN,8.6,0,-4,1.43,14.8
NaN:NaN:NaN,8.5,0,-4,1.43,14.7
NaN:NaN:NaN,8.7,0,-4,1.43,14.8
NaN:NaN:NaN,8.8,0,-4,1.43,14.7
NaN:NaN:NaN,9.2,0,-4,1.43,14.8
NaN:NaN:NaN,9.2,0,-4,1.43,14.7
NaN:NaN:NaN,9,0,-4,1.43,14.8
NaN:NaN:NaN,9,0,-4,1.43,14.7
NaN:NaN:NaN,8.9,0,-4,1.43,14.8
NaN:NaN:NaN,9.3,0,-4,1.43,14.7
NaN:NaN:NaN,9.4,0,-4,1.44,14.8
NaN:NaN:NaN,9.2,0,-4,1.44,14.8
NaN:NaN:NaN,9.3,0,-4,1.44,14.7
NaN:NaN:NaN,9.3,0,-4,1.44,14.8
NaN:NaN:NaN,9.3,0,-4,1.44,14.7
NaN:NaN:NaN,9.1,0,-4,1.44,14.7
NaN:NaN:NaN,8.9,0,-4,1.44,14.7
NaN:NaN:NaN,8.6,0,-4,1.44,14.8
NaN:NaN:NaN,8.5,0,-4,1.44,14.7
NaN:NaN:NaN,8.7,0,-4,1.44,14.8
NaN:NaN:NaN,8.7,0,-4,1.44,14.7
NaN:NaN:NaN,8.7,0,-4,1.44,14.9
NaN:NaN:NaN,8.8,0,-4,1.44,14.6
NaN:NaN:NaN,9,0,-4,1.44,14.8
NaN:NaN:NaN,8.9,0,-4,1.43,14.8
NaN:NaN:NaN,9.1,0,-4,1.43,14.8
NaN:NaN:NaN,8.7,0,-4,1.43,14.8
NaN:NaN:NaN,9.1,0,-4,1.42,14.6
NaN:NaN:NaN,9.6,0,-4,1.42,14.8
NaN:NaN:NaN,9,0,-4,1.42,14.7
NaN:NaN:NaN,9.2,0,-4,1.42,14.8
NaN:NaN:NaN,9.4,0,-4,1.42,14.7
NaN:NaN:NaN,8.9,0,-4,1.42,14.8
NaN:NaN:NaN,9,0,-4,1.42,14.7
NaN:NaN:NaN,9,0,-4,1.42,14.8
NaN:NaN:NaN,8.9,0,-4,1.43,14.7
NaN:NaN:NaN,9,0,-4,1.43,14.8
NaN:NaN:NaN,9,0,-4,1.43,14.8
NaN:NaN:NaN,8.9,0,-4,1.43,14.7
NaN:NaN:NaN,8.7,0,-4,1.43,14.8
NaN:NaN:NaN,8.7,0,-4,1.43,14.7
NaN:NaN:NaN,8.7,0,-4,1.43,14.8
NaN:NaN:NaN,8.9,0,-4,1.43,14.7
NaN:NaN:NaN,8.8,0,-4,1.43,14.8
NaN:NaN:NaN,9.2,0,-4,1.43,14.7
NaN:NaN:NaN,9.3,0,-4,1.43,14.8
NaN:NaN:NaN,8.9,0,-4,1.43,14.7
NaN:NaN:NaN,9,0,-4,1.43,14.8
NaN:NaN:NaN,9,0,-4,1.44,14.7
NaN:NaN:NaN,9.3,0,-4,1.44,14.8
NaN:NaN:NaN,9.2,0,-4,1.44,14.8
NaN:NaN:NaN,9,0,-4,1.43,14.7
NaN:NaN:NaN,9.4,0,-4,1.43,14.8
NaN:NaN:NaN,9.4,0,-4,1.43,14.7
NaN:NaN:NaN,9.5,0,-4,1.43,14.8
NaN:NaN:NaN,9.3,0,-4,1.43,14.7
NaN:NaN:NaN,9,0,-4,1.43,14.8
NaN:NaN:NaN,9,0,-4,1.43,14.6
NaN:NaN:NaN,8.4,0,-4,1.43,14.8
NaN:NaN:NaN,8.5,0,-4,1.43,14.7
NaN:NaN:NaN,8.9,0,-4,1.43,14.8
NaN:NaN:NaN,8.9,0,-4,1.43,14.8
NaN:NaN:NaN,9,0,-4,1.43,14.7
NaN:NaN:NaN,8.7,0,-4,1.43,14.8
NaN:NaN:NaN,9.2,0,-4,1.43,14.7
NaN:NaN:NaN,9,0,-4,1.43,14.8
NaN:NaN:NaN,8.9,0,-4,1.43,14.7
NaN:NaN:NaN,8.9,0,-4,1.43,14.8
NaN:NaN:NaN,8.9,0,-4,1.43,14.7
NaN:NaN:NaN,8.8,0,-4,1.43,14.8
NaN:NaN:NaN,9,0,-4,1.44,14.6
NaN:NaN:NaN,9.2,0,-4,1.44,14.8
NaN:NaN:NaN,8.9,0,-4,1.44,14.8
NaN:NaN:NaN,9,0,-4,1.44,14.7
NaN:NaN:NaN,9.3,0,-4,1.44,14.8
NaN:NaN:NaN,9,0,-4,1.44,14.7
NaN:NaN:NaN,9.3,0,-4,1.43,14.8
NaN:NaN:NaN,8.8,0,-4,1.43,14.7
NaN:NaN:NaN,8.8,0,-4,1.43,14.8
NaN:NaN:NaN,8.8,0,-4,1.44,14.7
NaN:NaN:NaN,8.7,0,-4,1.44,14.7
NaN:NaN:NaN,8.5,0,-4,1.44,14.7
NaN:NaN:NaN,9,0,-4,1.44,14.8
NaN:NaN:NaN,9.2,0,-4,1.44,14.7
NaN:NaN:NaN,8.9,0,-4,1.44,14.8
NaN:NaN:NaN,9.2,0,-4,1.44,14.8
NaN:NaN:NaN,9.2,0,-4,1.44,14.7
NaN:NaN:NaN,9.1,0,-4,1.44,14.8
NaN:NaN:NaN,9.5,0,-4,1.44,14.7
NaN:NaN:NaN,8.9,0,-4,1.44,14.8
NaN:NaN:NaN,8.9,0,-4,1.43,14.6
NaN:NaN:NaN,9,0,-4,1.43,14.9
NaN:NaN:NaN,9.1,0,-4,1.43,14.6
NaN:NaN:NaN,9.3,0,-4,1.43,14.8
NaN:NaN:NaN,9.3,0,-4,1.42,14.7
NaN:NaN:NaN,8.7,0,-4,1.42,14.8
NaN:NaN:NaN,8.8,0,-4,1.41,14.7
NaN:NaN:NaN,8.8,0,-4,1.41,14.8
NaN:NaN:NaN,8.9,0,-4,1.41,14.7
NaN:NaN:NaN,8.7,0,-4,1.41,14.8
NaN:NaN:NaN,8.8,0,-4,1.42,14.8
NaN:NaN:NaN,8.6,0,-4,1.42,14.6
NaN:NaN:NaN,9,0,-4,1.42,14.8
NaN:NaN:NaN,9.4,0,-4,1.42,14.7
NaN:NaN:NaN,9,0,-4,1.42,14.8
NaN:NaN:NaN,9.7,0,-4,1.42,14.7
NaN:NaN:NaN,9.3,0,-4,1.42,14.8
NaN:NaN:NaN,9.1,0,-4,1.42,14.7
NaN:NaN:NaN,9.3,0,-4,1.42,14.8
NaN:NaN:NaN,9,0,-4,1.42,14.7
NaN:NaN:NaN,9.2,0,-4,1.43,14.8
NaN:NaN:NaN,9.2,0,-4,1.43,14.7
NaN:NaN:NaN,9,0,-4,1.43,14.7
NaN:NaN:NaN,9.3,0,-4,1.43,14.8
NaN:NaN:NaN,9.7,0,-4,1.43,14.7
NaN:NaN:NaN,9.2,0,-4,1.43,14.8
NaN:NaN:NaN,9,0,-4,1.43,14.7
NaN:NaN:NaN,9.1,0,-4,1.43,14.8
NaN:NaN:NaN,8.6,0,-4,1.43,14.7
NaN:NaN:NaN,8.4,0,-4,1.43,14.8
NaN:NaN:NaN,8.6,0,-4,1.43,14.7
NaN:NaN:NaN,8.8,0,-4,1.43,14.8
NaN:NaN:NaN,9,0,-4,1.43,14.7
NaN:NaN:NaN,9.2,0,-4,1.43,14.8
NaN:NaN:NaN,9.3,0,-4,1.43,14.8
NaN:NaN:NaN,9.5,0,-4,1.43,14.6
NaN:NaN:NaN,8.9,0,-4,1.44,14.8
NaN:NaN:NaN,8.9,0,-4,1.44,14.7
NaN:NaN:NaN,9.2,0,-4,1.44,14.8
NaN:NaN:NaN,8.7,0,-4,1.44,14.7
NaN:NaN:NaN,8.7,0,-4,1.44,14.8
NaN:NaN:NaN,9,0,-4,1.44,14.7
NaN:NaN:NaN,9.1,0,-4,1.44,14.8
NaN:NaN:NaN,8.9,0,-4,1.44,14.7
NaN:NaN:NaN,8.8,0,-4,1.44,14.8
NaN:NaN:NaN,9.1,0,-4,1.44,14.8
NaN:NaN:NaN,8.6,0,-4,1.44,14.7
NaN:NaN:NaN,8.9,0,-4,1.44,14.8
NaN:NaN:NaN,8.7,0,-4,1.44,14.7
NaN:NaN:NaN,8.5,0,-4,1.44,14.8
NaN:NaN:NaN,8.6,0,-4,1.44,14.6
NaN:NaN:NaN,9.1,0,-4,1.44,14.8
NaN:NaN:NaN,8.8,0,-4,1.44,14.7
NaN:NaN:NaN,9.2,0,-4,1.44,14.8
NaN:NaN:NaN,8.9,0,-4,1.44,14.7
NaN:NaN:NaN,8.7,0,-4,1.43,14.8
NaN:NaN:NaN,9.1,0,-4,1.43,14.7
NaN:NaN:NaN,8.9,0,-4,1.43,14.8
NaN:NaN:NaN,9.2,0,-4,1.42,14.8
NaN:NaN:NaN,9,0,-4,1.42,14.7
NaN:NaN:NaN,8.9,0,-4,1.42,14.8
NaN:NaN:NaN,9.2,0,-4,1.42,14.7
NaN:NaN:NaN,9.2,0,-4,1.42,14.8
NaN:NaN:NaN,9.1,0,-4,1.42,14.6
NaN:NaN:NaN,9.3,0,-4,1.42,14.8
NaN:NaN:NaN,8.9,0,-4,1.42,14.7
NaN:NaN:NaN,8.6,0,-4,1.42,14.8
NaN:NaN:NaN,8.6,0,-4,1.42,14.8
NaN:NaN:NaN,8.8,0,-4,1.42,14.7
NaN:NaN:NaN,8.7,0,-4,1.42,14.8
NaN:NaN:NaN,8.7,0,-4,1.42,14.7
NaN:NaN:NaN,8.8,0,-4,1.42,14.8
NaN:NaN:NaN,9,0,-4,1.42,14.7
NaN:NaN:NaN,9.3,0,-4,1.43,14.8
NaN:NaN:NaN,9.2,0,-4,1.43,14.7
NaN:NaN:NaN,8.8,0,-4,1.43,14.8
NaN:NaN:NaN,8.9,0,-4,1.43,14.7
NaN:NaN:NaN,8.8,0,-4,1.43,14.7
NaN:NaN:NaN,9,0,-4,1.43,14.9
NaN:NaN:NaN,9.4,0,-4,1.43,14.7
NaN:NaN:NaN,9.3,0,-4,1.43,14.8
NaN:NaN:NaN,9.2,0,-4,1.43,14.7
NaN:NaN:NaN,9.4,0,-4,1.43,14.7
NaN:NaN:NaN,8.9,0,-4,1.43,14.7
NaN:NaN:NaN,9.2,0,-4,1.43,14.8
NaN:NaN:NaN,8.6,0,-4,1.43,14.7
NaN:NaN:NaN,8.7,0,-4,1.43,14.8
NaN:NaN:NaN,8.8,0,-4,1.43,14.8
NaN:NaN:NaN,9.1,0,-4,1.43,14.7
NaN:NaN:NaN,8.6,0,-4,1.43,14.8
NaN:NaN:NaN,8.5,0,-4,1.43,14.7
NaN:NaN:NaN,8.8,0,-4,1.43,14.8
NaN:NaN:NaN,8.8,0,-4,1.43,14.7
NaN:NaN:NaN,8.6,0,-4,1.43,14.8
NaN:NaN:NaN,8.3,0,-4,1.43,14.7
NaN:NaN:NaN,8.7,0,-4,1.43,14.8
NaN:NaN:NaN,9.2,0,-4,1.43,14.8
NaN:NaN:NaN,9.3,0,-4,1.43,14.7
NaN:NaN:NaN,9,0,-4,1.43,14.8
NaN:NaN:NaN,9.4,0,-4,1.43,14.6
NaN:NaN:NaN,9.5,0,-4,1.43,14.8
NaN:NaN:NaN,8.9,0,-4,1.43,14.7
NaN:NaN:NaN,9,0,-4,1.43,14.8
NaN:NaN:NaN,8.8,0,-4,1.43,14.7
NaN:NaN:NaN,9.2,0,-4,1.43,14.8
NaN:NaN:NaN,9,0,-4,1.43,14.7
NaN:NaN:NaN,9.3,0,-4,1.43,14.8
NaN:NaN:NaN,9.3,0,-4,1.43,14.8
NaN:NaN:NaN,9.4,0,-4,1.43,14.7
NaN:NaN:NaN,8.9,0,-4,1.43,14.8
NaN:NaN:NaN,8.6,0,-4,1.43,14.6
NaN:NaN:NaN,8.7,0,-4,1.43,14.9
NaN:NaN:NaN,8.8,0,-4,1.43,14.6
NaN:NaN:NaN,8.8,0,-4,1.43,14.8
NaN:NaN:NaN,9,0,-4,1.43,14.7
NaN:NaN:NaN,8.7,0,-4,1.43,14.8
NaN:NaN:NaN,9.3,0,-4,1.43,14.7
NaN:NaN:NaN,9.1,0,-4,1.43,14.8
NaN:NaN:NaN,8.9,0,-4,1.43,14.7
NaN:NaN:NaN,9.5,0,-4,1.43,14.8
NaN:NaN:NaN,9.2,0,-4,1.43,14.8
NaN:NaN:NaN,8.8,0,-4,1.43,14.7
NaN:NaN:NaN,9.3,0,-4,1.43,14.8
NaN:NaN:NaN,9.1,0,-4,1.44,14.7
NaN:NaN:NaN,9,0,-4,1.44,14.8
NaN:NaN:NaN,9.3,0,-4,1.44,14.7
NaN:NaN:NaN,9.2,0,-4,1.44,14.7
NaN:NaN:NaN,9.4,0,-4,1.44,14.7
NaN:NaN:NaN,9.3,0,-4,1.44,14.8
NaN:NaN:NaN,9.2,0,-4,1.44,14.7
NaN:NaN:NaN,8.7,0,-4,1.44,14.8
NaN:NaN:NaN,8.4,0,-4,1.44,14.8
NaN:NaN:NaN,8.2,0,-4,1.44,14.7
NaN:NaN:NaN,8.5,0,-4,1.44,14.8
NaN:NaN:NaN,9,0,-4,1.44,14.7
NaN:NaN:NaN,8.8,0,-4,1.44,14.8
NaN:NaN:NaN,8.9,0,-4,1.44,14.7
NaN:NaN:NaN,9,0,-4,1.44,14.7
NaN:NaN:NaN,9,0,-4,1.44,14.7
NaN:NaN:NaN,9.1,0,-4,1.44,14.8
NaN:NaN:NaN,8.9,0,-4,1.44,14.7
NaN:NaN:NaN,9.2,0,-4,1.44,14.8
NaN:NaN:NaN,9.2,0,-4,1.44,14.7
NaN:NaN:NaN,8.8,0,-4,1.44,14.8
NaN:NaN:NaN,9,0,-4,1.44,14.7
NaN:NaN:NaN,9.3,0,-4,1.44,14.8
NaN:NaN:NaN,8.9,0,-4,1.44,14.8
NaN:NaN:NaN,9,0,-4,1.44,14.7
NaN:NaN:NaN,9,0,-4,1.44,14.8
NaN:NaN:NaN,9.3,0,-4,1.44,14.6
NaN:NaN:NaN,9.2,0,-4,1.44,14.8
NaN:NaN:NaN,8.8,0,-4,1.44,14.7
NaN:NaN:NaN,8.8,0,-4,1.44,14.8
NaN:NaN:NaN,8.8,0,-4,1.44,14.7
NaN:NaN:NaN,8.9,0,-4,1.44,14.8
NaN:NaN:NaN,8.9,0,-4,1.44,14.8
NaN:NaN:NaN,8.8,0,-4,1.44,14.7
NaN:NaN:NaN,9.2,0,-4,1.44,14.8
NaN:NaN:NaN,9.4,0,-4,1.44,14.6
NaN:NaN:NaN,8.9,0,-4,1.44,14.8
NaN:NaN:NaN,9.4,0,-4,1.44,14.7
NaN:NaN:NaN,8.9,0,-4,1.44,14.8
NaN:NaN:NaN,9.2,0,-4,1.44,14.7
NaN:NaN:NaN,8.9,0,-4,1.44,14.8
NaN:NaN:NaN,8.9,0,-4,1.44,14.7
NaN:NaN:NaN,9.2,0,-4,1.44,14.8
NaN:NaN:NaN,9.1,0,-4,1.44,14.7
NaN:NaN:NaN,9.6,0,-4,1.44,14.8
NaN:NaN:NaN,9.3,0,-4,1.44,14.8
NaN:NaN:NaN,9.2,0,-4,1.44,14.6
NaN:NaN:NaN,8.8,0,-4,1.44,14.8
NaN:NaN:NaN,8.7,0,-4,1.44,14.7
NaN:NaN:NaN,8.9,0,-4,1.44,14.8
NaN:NaN:NaN,8.4,0,-4,1.44,14.7
NaN:NaN:NaN,8.7,0,-4,1.44,14.8
NaN:NaN:NaN,8.7,0,-4,1.44,14.7
NaN:NaN:NaN,8.8,0,-4,1.44,14.8
NaN:NaN:NaN,9.4,0,-4,1.44,14.8
NaN:NaN:NaN,9.4,0,-4,1.44,14.7
NaN:NaN:NaN,9,0,-4,1.44,14.8
NaN:NaN:NaN,9.7,0,-4,1.44,14.6
NaN:NaN:NaN,9.4,0,-4,1.44,14.8
NaN:NaN:NaN,9,0,-4,1.44,14.7
NaN:NaN:NaN,9.4,0,-4,1.44,14.8
NaN:NaN:NaN,9.2,0,-4,1.44,14.7
NaN:NaN:NaN,9.3,0,-4,1.44,14.8
NaN:NaN:NaN,9.5,0,-4,1.44,14.7
NaN:NaN:NaN,9.5,0,-4,1.44,14.8
NaN:NaN:NaN,9.7,0,-4,1.44,14.7
NaN:NaN:NaN,9.4,0,-4,1.44,14.8
NaN:NaN:NaN,9.4,0,-4,1.44,14.7
NaN:NaN:NaN,8.9,0,-4,1.44,14.7
NaN:NaN:NaN,9,0,-4,1.44,14.8
NaN:NaN:NaN,8.8,0,-4,1.44,14.7
NaN:NaN:NaN,8.6,0,-4,1.43,14.8
NaN:NaN:NaN,9.1,0,-4,1.43,14.7
NaN:NaN:NaN,9.4,0,-4,1.43,14.8
NaN:NaN:NaN,9.6,0,-4,1.43,14.7
NaN:NaN:NaN,9.3,0,-4,1.43,14.8
NaN:NaN:NaN,9,0,-4,1.43,14.6
NaN:NaN:NaN,9.8,0,-4,1.43,14.8
NaN:NaN:NaN,9.5,0,-4,1.44,14.7
NaN:NaN:NaN,9.2,0,-4,1.44,14.8
NaN:NaN:NaN,9.4,0,-4,1.43,14.7
NaN:NaN:NaN,9.3,0,-4,1.43,14.8
NaN:NaN:NaN,9.1,0,-4,1.43,14.8
NaN:NaN:NaN,9,0,-4,1.44,14.7
NaN:NaN:NaN,9.2,0,-4,1.44,14.7
NaN:NaN:NaN,9.2,0,-4,1.44,14.7
NaN:NaN:NaN,9.3,0,-4,1.44,14.8
NaN:NaN:NaN,9,0,-4,1.44,14.7
NaN:NaN:NaN,8.7,0,-4,1.44,14.8
NaN:NaN:NaN,9.2,0,-4,1.44,14.7
NaN:NaN:NaN,9.4,0,-4,1.44,14.8
NaN:NaN:NaN,9.2,0,-4,1.44,14.7
NaN:NaN:NaN,9,0,-4,1.44,14.7
NaN:NaN:NaN,8.9,0,-4,1.44,14.7
NaN:NaN:NaN,9.2,0,-4,1.44,14.8
NaN:NaN:NaN,9.1,0,-4,1.44,14.7
NaN:NaN:NaN,9.5,0,-4,1.44,14.8
NaN:NaN:NaN,8.9,0,-4,1.43,14.7
NaN:NaN:NaN,9.3,0,-4,1.43,14.8
NaN:NaN:NaN,9.6,0,-4,1.43,14.7
NaN:NaN:NaN,9.4,0,-4,1.43,14.8
NaN:NaN:NaN,9.5,0,-4,1.43,14.8
NaN:NaN:NaN,9.2,0,-4,1.43,14.6
NaN:NaN:NaN,8.9,0,-4,1.43,14.8
NaN:NaN:NaN,8.7,0,-4,1.43,14.7
NaN:NaN:NaN,8.5,0,-4,1.43,14.8
NaN:NaN:NaN,8.4,0,-4,1.43,14.7
NaN:NaN:NaN,8.7,0,-4,1.43,14.8
NaN:NaN:NaN,9.1,0,-4,1.43,14.7
NaN:NaN:NaN,8.9,0,-4,1.43,14.8
NaN:NaN:NaN,9.1,0,-4,1.44,14.7
NaN:NaN:NaN,9.2,0,-4,1.44,14.8
NaN:NaN:NaN,9.1,0,-4,1.44,14.6
NaN:NaN:NaN,8.9,0,-4,1.44,14.8
NaN:NaN:NaN,9.1,0,-4,1.44,14.8
NaN:NaN:NaN,9.3,0,-4,1.44,14.7
NaN:NaN:NaN,9.3,0,-4,1.44,14.8
NaN:NaN:NaN,9.1,0,-4,1.44,14.7
NaN:NaN:NaN,9.3,0,-4,1.44,14.8
NaN:NaN:NaN,9.2,0,-4,1.44,14.7
NaN:NaN:NaN,9.3,0,-4,1.44,14.8
NaN:NaN:NaN,9.6,0,-4,1.44,14.7
NaN:NaN:NaN,9.4,0,-4,1.44,14.8
NaN:NaN:NaN,8.8,0,-4,1.44,14.7
NaN:NaN:NaN,8.7,0,-4,1.44,14.7
NaN:NaN:NaN,8.8,0,-4,1.44,14.7
NaN:NaN:NaN,8.7,0,-4,1.44,14.8
NaN:NaN:NaN,8.8,0,-4,1.44,14.7
NaN:NaN:NaN,9.2,0,-4,1.44,14.8
NaN:NaN:NaN,9.2,0,-4,1.44,14.8
NaN:NaN:NaN,9.6,0,-4,1.44,14.7
NaN:NaN:NaN,9.4,0,-4,1.44,14.8
NaN:NaN:NaN,9.1,0,-4,1.44,14.7
NaN:NaN:NaN,9.1,0,-4,1.44,14.8
NaN:NaN:NaN,9,0,-4,1.44,14.7
NaN:NaN:NaN,9.1,0,-4,1.44,14.7
NaN:NaN:NaN,9.4,0,-4,1.44,14.8
NaN:NaN:NaN,9.3,0,-4,1.44,14.7
NaN:NaN:NaN,9.5,0,-4,1.44,14.7
NaN:NaN:NaN,9.8,0,-4,1.44,14.8
NaN:NaN:NaN,9.4,0,-4,1.44,14.7
NaN:NaN:NaN,9.4,0,-4,1.44,14.8
NaN:NaN:NaN,9.4,0,-4,1.44,14.7
NaN:NaN:NaN,8.8,0,-4,1.43,14.8
NaN:NaN:NaN,8.6,0,-4,1.43,14.7
NaN:NaN:NaN,8.6,0,-4,1.43,14.8
NaN:NaN:NaN,9,0,-4,1.43,14.8
NaN:NaN:NaN,9,0,-4,1.43,14.7
NaN:NaN:NaN,9.3,0,-4,1.44,14.8
NaN:NaN:NaN,9.5,0,-4,1.44,14.6
NaN:NaN:NaN,9.4,0,-4,1.44,14.8
NaN:NaN:NaN,9.7,0,-4,1.44,14.8
NaN:NaN:NaN,9.3,0,-4,1.44,14.7
NaN:NaN:NaN,9.3,0,-4,1.44,14.7
NaN:NaN:NaN,9.2,0,-4,1.44,14.8
NaN:NaN:NaN,9.2,0,-4,1.44,14.7
NaN:NaN:NaN,9.2,0,-4,1.44,14.8
NaN:NaN:NaN,9.3,0,-4,1.44,14.7
NaN:NaN:NaN,9.2,0,-4,1.44,14.8
NaN:NaN:NaN,9.1,0,-4,1.44,14.7
NaN:NaN:NaN,8.9,0,-4,1.44,14.7
NaN:NaN:NaN,9.2,0,-4,1.43,14.7
NaN:NaN:NaN,9,0,-4,1.44,14.8
NaN:NaN:NaN,9,0,-4,1.44,14.7
NaN:NaN:NaN,8.9,0,-4,1.43,14.8
NaN:NaN:NaN,9.1,0,-4,1.44,14.7
NaN:NaN:NaN,9.2,0,-4,1.44,14.8
NaN:NaN:NaN,8.9,0,-4,1.44,14.8
NaN:NaN:NaN,9.5,0,-4,1.44,14.7
NaN:NaN:NaN,9.4,0,-4,1.44,14.8
NaN:NaN:NaN,9,0,-4,1.44,14.7
NaN:NaN:NaN,9.3,0,-4,1.44,14.7
NaN:NaN:NaN,9.3,0,-4,1.44,14.7
NaN:NaN:NaN,9,0,-4,1.44,14.8
NaN:NaN:NaN,9.1,0,-4,1.44,14.7
NaN:NaN:NaN,9.1,0,-4,1.44,14.8
NaN:NaN:NaN,9.2,0,-4,1.44,14.7
NaN:NaN:NaN,9.4,0,-4,1.44,14.8
NaN:NaN:NaN,9,0,-4,1.44,14.7
NaN:NaN:NaN,8.9,0,-4,1.44,14.8
NaN:NaN:NaN,8.9,0,-4,1.44,14.7
NaN:NaN:NaN,9,0,-4,1.44,14.7
NaN:NaN:NaN,9,0,-4,1.44,14.7
NaN:NaN:NaN,9,0,-4,1.44,14.8
NaN:NaN:NaN,8.9,0,-4,1.44,14.7
NaN:NaN:NaN,9.1,0,-4,1.44,14.8
NaN:NaN:NaN,9.4,0,-4,1.44,14.8
NaN:NaN:NaN,9.2,0,-4,1.44,14.7
NaN:NaN:NaN,9.1,0,-4,1.44,14.8
NaN:NaN:NaN,9.4,0,-4,1.44,14.7
NaN:NaN:NaN,9.4,0,-4,1.44,14.8
NaN:NaN:NaN,9.5,0,-4,1.44,14.7
NaN:NaN:NaN,9.3,0,-4,1.44,14.7
NaN:NaN:NaN,9.1,0,-4,1.44,14.7
NaN:NaN:NaN,9.4,0,-4,1.44,14.8
NaN:NaN:NaN,9,0,-4,1.44,14.7
NaN:NaN:NaN,9.2,0,-4,1.44,14.8
NaN:NaN:NaN,8.9,0,-4,1.44,14.7
NaN:NaN:NaN,8.9,0,-4,1.44,14.8
NaN:NaN:NaN,9,0,-4,1.44,14.7
NaN:NaN:NaN,9.3,0,-4,1.43,14.8
NaN:NaN:NaN,9.5,0,-4,1.43,14.7
NaN:NaN:NaN,9.4,0,-4,1.43,14.8
NaN:NaN:NaN,9.5,0,-4,1.43,14.6
NaN:NaN:NaN,9.2,0,-4,1.43,14.8
NaN:NaN:NaN,9.2,0,-4,1.43,14.7
NaN:NaN:NaN,9.6,0,-4,1.43,14.8
NaN:NaN:NaN,9.8,0,-4,1.43,14.7
NaN:NaN:NaN,9.4,0,-4,1.43,14.8
NaN:NaN:NaN,9.6,0,-4,1.43,14.8
NaN:NaN:NaN,9.3,0,-4,1.43,14.7
NaN:NaN:NaN,9.5,0,-4,1.44,14.8
NaN:NaN:NaN,9.4,0,-5,1.44,14.7
NaN:NaN:NaN,9.6,0,-5,1.44,14.8
NaN:NaN:NaN,9.3,0,-5,1.44,14.6
NaN:NaN:NaN,8.7,0,-5,1.44,14.8
NaN:NaN:NaN,8.7,0,-5,1.44,14.7
NaN:NaN:NaN,8.7,0,-5,1.44,14.8
NaN:NaN:NaN,9.2,0,-5,1.43,14.7
NaN:NaN:NaN,9.2,0,-5,1.43,14.8
NaN:NaN:NaN,9,0,-5,1.43,14.7
NaN:NaN:NaN,9.9,0,-5,1.43,14.8
NaN:NaN:NaN,9.2,0,-5,1.43,14.7
NaN:NaN:NaN,9.1,0,-5,1.43,14.8
NaN:NaN:NaN,9.7,0,-5,1.43,14.7
NaN:NaN:NaN,9.2,0,-5,1.43,14.8
NaN:NaN:NaN,9.1,0,-5,1.43,14.7
NaN:NaN:NaN,9.6,0,-5,1.43,14.8
NaN:NaN:NaN,9.6,0,-5,1.43,14.8
NaN:NaN:NaN,9.4,0,-5,1.43,14.7
NaN:NaN:NaN,9.6,0,-5,1.43,14.8
NaN:NaN:NaN,9.3,0,-5,1.43,14.7
NaN:NaN:NaN,9.1,0,-5,1.43,14.7
NaN:NaN:NaN,9,0,-5,1.43,14.8
NaN:NaN:NaN,8.7,0,-5,1.43,14.7
NaN:NaN:NaN,8.8,0,-5,1.43,14.7
NaN:NaN:NaN,9.2,0,-5,1.44,14.8
NaN:NaN:NaN,9,0,-5,1.44,14.7
NaN:NaN:NaN,9.2,0,-5,1.44,14.8
NaN:NaN:NaN,9.5,0,-5,1.44,14.7
NaN:NaN:NaN,9.3,0,-5,1.44,14.8
NaN:NaN:NaN,9.2,0,-5,1.44,14.7
NaN:NaN:NaN,9.4,0,-5,1.44,14.8
NaN:NaN:NaN,9.3,0,-5,1.44,14.7
NaN:NaN:NaN,9.5,0,-5,1.44,14.8
NaN:NaN:NaN,9.4,0,-5,1.44,14.7
NaN:NaN:NaN,9.5,0,-5,1.44,14.8
NaN:NaN:NaN,9.7,0,-5,1.44,14.8
NaN:NaN:NaN,9.5,0,-5,1.43,14.7
NaN:NaN:NaN,9.6,0,-5,1.44,14.8
NaN:NaN:NaN,8.9,0,-5,1.44,14.7
NaN:NaN:NaN,9.2,0,-5,1.44,14.8
NaN:NaN:NaN,9.1,0,-5,1.44,14.7
NaN:NaN:NaN,9.2,0,-5,1.44,14.7
NaN:NaN:NaN,9.5,0,-5,1.44,14.7
NaN:NaN:NaN,9.3,0,-5,1.44,14.8
NaN:NaN:NaN,9.7,0,-5,1.43,14.7
NaN:NaN:NaN,9.6,0,-5,1.43,14.8
NaN:NaN:NaN,9.4,0,-5,1.43,14.7
NaN:NaN:NaN,9.4,0,-5,1.43,14.8
NaN:NaN:NaN,9,0,-5,1.43,14.7
NaN:NaN:NaN,9.6,0,-5,1.44,14.8
NaN:NaN:NaN,9.7,0,-5,1.44,14.8
NaN:NaN:NaN,9.5,0,-5,1.44,14.7
NaN:NaN:NaN,10,0,-5,1.44,14.8
NaN:NaN:NaN,9.7,0,-5,1.44,14.7
NaN:NaN:NaN,9.6,0,-5,1.44,14.8
NaN:NaN:NaN,9.5,0,-5,1.44,14.7
NaN:NaN:NaN,9.5,0,-5,1.44,14.8
NaN:NaN:NaN,8.9,0,-5,1.44,14.7
NaN:NaN:NaN,8.5,0,-5,1.44,14.8
NaN:NaN:NaN,8.9,0,-5,1.44,14.7
NaN:NaN:NaN,9.3,0,-5,1.43,14.7
NaN:NaN:NaN,9.3,0,-5,1.43,14.8
NaN:NaN:NaN,9.5,0,-5,1.43,14.7
NaN:NaN:NaN,9.1,0,-5,1.43,14.8
NaN:NaN:NaN,9.7,0,-5,1.43,14.7
NaN:NaN:NaN,9.4,0,-5,1.43,14.7
NaN:NaN:NaN,9.1,0,-5,1.43,14.8
NaN:NaN:NaN,9.7,0,-5,1.43,14.8
NaN:NaN:NaN,9.2,0,-5,1.43,14.7
NaN:NaN:NaN,9.1,0,-5,1.43,14.8
NaN:NaN:NaN,9.6,0,-5,1.43,14.7
NaN:NaN:NaN,9.5,0,-5,1.43,14.8
NaN:NaN:NaN,9.3,0,-5,1.43,14.7
NaN:NaN:NaN,9.2,0,-5,1.43,14.8
NaN:NaN:NaN,9.3,0,-5,1.44,14.7
NaN:NaN:NaN,9.2,0,-5,1.44,14.8
NaN:NaN:NaN,8.5,0,-5,1.44,14.6
NaN:NaN:NaN,9,0,-5,1.44,14.8
NaN:NaN:NaN,9.1,0,-5,1.44,14.7
NaN:NaN:NaN,9.1,0,-5,1.43,14.8
NaN:NaN:NaN,9.1,0,-5,1.43,14.7
NaN:NaN:NaN,9.2,0,-5,1.43,14.8
NaN:NaN:NaN,9.3,0,-5,1.43,14.8
NaN:NaN:NaN,9.7,0,-5,1.43,14.7
NaN:NaN:NaN,9.2,0,-5,1.43,14.8
NaN:NaN:NaN,9.7,0,-5,1.43,14.7
NaN:NaN:NaN,9.3,0,-5,1.43,14.8
NaN:NaN:NaN,9.5,0,-5,1.43,14.7
NaN:NaN:NaN,9.2,0,-5,1.43,14.8
NaN:NaN:NaN,9.5,0,-5,1.43,14.7
NaN:NaN:NaN,9.4,0,-5,1.43,14.8
NaN:NaN:NaN,9.7,0,-5,1.43,14.6
NaN:NaN:NaN,9.3,0,-5,1.43,14.8
NaN:NaN:NaN,9.2,0,-5,1.43,14.7
NaN:NaN:NaN,8.9,0,-5,1.43,14.8
NaN:NaN:NaN,9,0,-5,1.43,14.7
NaN:NaN:NaN,8.9,0,-5,1.43,14.8
NaN:NaN:NaN,9.2,0,-5,1.43,14.8
NaN:NaN:NaN,9,0,-5,1.43,14.7
NaN:NaN:NaN,9.4,0,-5,1.43,14.8
NaN:NaN:NaN,9.8,0,-5,1.43,14.7
NaN:NaN:NaN,9.6,0,-5,1.43,14.8
NaN:NaN:NaN,9.7,0,-5,1.43,14.7
NaN:NaN:NaN,9.2,0,-5,1.43,14.8
NaN:NaN:NaN,9.1,0,-5,1.43,14.7
NaN:NaN:NaN,9.2,0,-5,1.43,14.8
NaN:NaN:NaN,9.3,0,-5,1.43,14.7
NaN:NaN:NaN,9.7,0,-5,1.43,14.8
NaN:NaN:NaN,9.7,0,-5,1.43,14.7
NaN:NaN:NaN,9.5,0,-5,1.43,14.8
NaN:NaN:NaN,9.6,0,-5,1.43,14.8
NaN:NaN:NaN,9.1,0,-5,1.43,14.7
NaN:NaN:NaN,9.2,0,-5,1.43,14.8
NaN:NaN:NaN,8.7,0,-5,1.43,14.7
NaN:NaN:NaN,8.9,0,-5,1.43,14.8
NaN:NaN:NaN,9,0,-5,1.43,14.7
NaN:NaN:NaN,8.8,0,-5,1.44,14.8
NaN:NaN:NaN,9.1,0,-5,1.44,14.6
NaN:NaN:NaN,9.2,0,-5,1.44,14.9
NaN:NaN:NaN,8.9,0,-5,1.44,14.6
NaN:NaN:NaN,8.9,0,-5,1.44,14.8
NaN:NaN:NaN,8.9,0,-5,1.44,14.7
NaN:NaN:NaN,9.4,0,-5,1.44,14.9
NaN:NaN:NaN,9.5,0,-5,1.44,14.6
NaN:NaN:NaN,9.2,0,-5,1.44,14.8
NaN:NaN:NaN,9.2,0,-5,1.44,14.7
NaN:NaN:NaN,9.3,0,-5,1.44,14.8
NaN:NaN:NaN,9,0,-5,1.43,14.8
NaN:NaN:NaN,9,0,-5,1.43,14.7
NaN:NaN:NaN,9,0,-5,1.43,14.8
NaN:NaN:NaN,8.7,0,-5,1.43,14.7
NaN:NaN:NaN,8.9,0,-5,1.43,14.8
NaN:NaN:NaN,9.2,0,-5,1.44,14.7
NaN:NaN:NaN,8.9,0,-5,1.44,14.8
NaN:NaN:NaN,9.2,0,-5,1.44,14.7
NaN:NaN:NaN,9,0,-5,1.44,14.8
NaN:NaN:NaN,8.9,0,-5,1.44,14.7
NaN:NaN:NaN,9.2,0,-5,1.44,14.8
NaN:NaN:NaN,9.1,0,-5,1.44,14.7
NaN:NaN:NaN,9.4,0,-5,1.44,14.9
NaN:NaN:NaN,9.8,0,-5,1.44,14.6
NaN:NaN:NaN,9.6,0,-5,1.44,14.8
NaN:NaN:NaN,9.3,0,-5,1.44,14.9
NaN:NaN:NaN,9.3,0,-5,1.44,14.7
NaN:NaN:NaN,9.4,0,-5,1.44,14.8
NaN:NaN:NaN,9.6,0,-5,1.44,14.7
NaN:NaN:NaN,9.5,0,-5,1.44,14.8
NaN:NaN:NaN,9.7,0,-5,1.44,14.7
NaN:NaN:NaN,9,0,-5,1.44,14.8
NaN:NaN:NaN,9.1,0,-5,1.44,14.7
NaN:NaN:NaN,8.7,0,-5,1.44,14.8
NaN:NaN:NaN,8.7,0,-5,1.44,14.7
NaN:NaN:NaN,8.9,0,-5,1.44,14.8
NaN:NaN:NaN,8.7,0,-5,1.44,14.7
NaN:NaN:NaN,9,0,-5,1.44,14.8
NaN:NaN:NaN,9,0,-5,1.44,14.8
NaN:NaN:NaN,8.6,0,-5,1.44,14.7
NaN:NaN:NaN,9.2,0,-5,1.44,14.8
NaN:NaN:NaN,8.7,0,-5,1.44,14.7
NaN:NaN:NaN,9,0,-5,1.44,14.8
NaN:NaN:NaN,9.4,0,-5,1.44,14.7
NaN:NaN:NaN,9.1,0,-5,1.44,14.8
NaN:NaN:NaN,9.4,0,-5,1.44,14.8
NaN:NaN:NaN,8.8,0,-5,1.44,14.8
NaN:NaN:NaN,9.2,0,-5,1.44,14.8
NaN:NaN:NaN,9.2,0,-5,1.44,14.7
NaN:NaN:NaN,9.1,0,-5,1.44,14.8
NaN:NaN:NaN,9.3,0,-5,1.44,14.7
NaN:NaN:NaN,8.8,0,-5,1.44,14.8
NaN:NaN:NaN,8.5,0,-5,1.44,14.7
NaN:NaN:NaN,8.8,0,-5,1.44,14.8
NaN:NaN:NaN,9,0,-5,1.44,14.7
NaN:NaN:NaN,9.2,0,-5,1.44,14.8
NaN:NaN:NaN,8.9,0,-5,1.44,14.7
NaN:NaN:NaN,8.7,0,-5,1.44,14.8
NaN:NaN:NaN,8.5,0,-5,1.44,14.8
NaN:NaN:NaN,9,0,-5,1.44,14.8
NaN:NaN:NaN,9,0,-5,1.44,14.8
NaN:NaN:NaN,8.8,0,-5,1.44,14.7
NaN:NaN:NaN,9.2,0,-5,1.44,14.8
NaN:NaN:NaN,9.3,0,-5,1.44,14.7
NaN:NaN:NaN,9.1,0,-5,1.44,14.8
NaN:NaN:NaN,9.5,0,-5,1.44,14.7
NaN:NaN:NaN,9,0,-5,1.44,14.8
NaN:NaN:NaN,9.3,0,-5,1.44,14.7
NaN:NaN:NaN,9.2,0,-5,1.44,14.8
NaN:NaN:NaN,9,0,-5,1.44,14.7
NaN:NaN:NaN,9.3,0,-5,1.44,14.9
NaN:NaN:NaN,9,0,-5,1.44,14.7
NaN:NaN:NaN,8.9,0,-5,1.44,14.8
NaN:NaN:NaN,9.3,0,-5,1.44,14.8
NaN:NaN:NaN,8.9,0,-5,1.44,14.7
NaN:NaN:NaN,9,0,-5,1.44,14.8
NaN:NaN:NaN,8.7,0,-5,1.43,14.7
NaN:NaN:NaN,8.5,0,-5,1.43,14.8
NaN:NaN:NaN,8.5,0,-5,1.44,14.7
NaN:NaN:NaN,9.1,0,-5,1.44,14.8
NaN:NaN:NaN,9.2,0,-5,1.44,14.7
NaN:NaN:NaN,9.3,0,-5,1.44,14.8
NaN:NaN:NaN,9.3,0,-5,1.44,14.7
NaN:NaN:NaN,8.8,0,-5,1.44,14.8
NaN:NaN:NaN,9.1,0,-5,1.44,14.8
NaN:NaN:NaN,9.3,0,-5,1.44,14.8
NaN:NaN:NaN,9.2,0,-5,1.44,14.8
NaN:NaN:NaN,9.2,0,-5,1.44,14.7
NaN:NaN:NaN,8.9,0,-5,1.44,14.8
NaN:NaN:NaN,9.4,0,-5,1.44,14.7
NaN:NaN:NaN,9,0,-5,1.44,14.8
NaN:NaN:NaN,9.2,0,-5,1.44,14.7
NaN:NaN:NaN,9.3,0,-5,1.44,14.8
NaN:NaN:NaN,9,0,-5,1.44,14.7
NaN:NaN:NaN,8.8,0,-5,1.44,14.8
NaN:NaN:NaN,8.4,0,-5,1.44,14.8
NaN:NaN:NaN,8.6,0,-5,1.44,14.7
NaN:NaN:NaN,8.9,0,-5,1.44,14.8
NaN:NaN:NaN,8.7,0,-5,1.44,14.8
NaN:NaN:NaN,8.8,0,-5,1.45,14.8
NaN:NaN:NaN,8.8,0,-5,1.45,14.7
NaN:NaN:NaN,9,0,-5,1.45,14.8
NaN:NaN:NaN,8.9,0,-5,1.45,14.7
NaN:NaN:NaN,9,0,-5,1.44,14.8
NaN:NaN:NaN,9.4,0,-5,1.44,14.8
NaN:NaN:NaN,9,0,-5,1.44,14.7
NaN:NaN:NaN,9.2,0,-5,1.44,14.9
NaN:NaN:NaN,8.7,0,-5,1.44,14.7
NaN:NaN:NaN,9.3,0,-5,1.44,14.8
NaN:NaN:NaN,9.3,0,-5,1.44,14.7
NaN:NaN:NaN,9.3,0,-5,1.43,14.8
NaN:NaN:NaN,9.4,0,-5,1.44,14.7
NaN:NaN:NaN,9,0,-5,1.44,14.8
NaN:NaN:NaN,8.8,0,-6,1.44,14.7
NaN:NaN:NaN,8.4,0,-6,1.44,14.8
NaN:NaN:NaN,8.9,0,-6,1.44,14.9
NaN:NaN:NaN,8.7,0,-6,1.44,14.7
NaN:NaN:NaN,8.9,0,-6,1.44,14.8
NaN:NaN:NaN,8.5,0,-6,1.44,14.7
NaN:NaN:NaN,8.4,0,-6,1.44,14.8
NaN:NaN:NaN,8.3,0,-6,1.44,14.7
NaN:NaN:NaN,8.9,0,-6,1.44,14.9
NaN:NaN:NaN,8.6,0,-6,1.44,14.6
NaN:NaN:NaN,8.9,0,-6,1.44,14.9
NaN:NaN:NaN,8.8,0,-6,1.44,14.7
NaN:NaN:NaN,9,0,-6,1.44,14.8
NaN:NaN:NaN,9.2,0,-6,1.44,14.8
NaN:NaN:NaN,9.2,0,-6,1.44,14.7
NaN:NaN:NaN,9.1,0,-6,1.44,14.8
NaN:NaN:NaN,8.9,0,-6,1.44,14.7
NaN:NaN:NaN,9.1,0,-6,1.44,14.8
NaN:NaN:NaN,9.3,0,-6,1.44,14.8
NaN:NaN:NaN,9.3,0,-6,1.44,14.8
NaN:NaN:NaN,9.1,0,-6,1.44,14.7
NaN:NaN:NaN,9,0,-6,1.44,14.8
NaN:NaN:NaN,8.8,0,-6,1.44,14.8
NaN:NaN:NaN,8.6,0,-6,1.44,14.7
NaN:NaN:NaN,9,0,-6,1.44,14.9
NaN:NaN:NaN,8.9,0,-6,1.44,14.7
NaN:NaN:NaN,8.3,0,-6,1.44,14.8
NaN:NaN:NaN,8.2,0,-6,1.44,14.7
NaN:NaN:NaN,8.2,0,-6,1.44,14.8
NaN:NaN:NaN,8.3,0,-6,1.44,14.7
NaN:NaN:NaN,9,0,-6,1.44,14.8
NaN:NaN:NaN,8.7,0,-6,1.44,14.8
NaN:NaN:NaN,9.1,0,-6,1.44,14.7
NaN:NaN:NaN,8.6,0,-6,1.44,14.8
NaN:NaN:NaN,8.7,0,-6,1.44,14.7
NaN:NaN:NaN,9.1,0,-6,1.45,14.8
NaN:NaN:NaN,8.9,0,-6,1.45,14.7
NaN:NaN:NaN,9.1,0,-6,1.45,14.8
NaN:NaN:NaN,9.2,0,-6,1.45,14.8
NaN:NaN:NaN,8.6,0,-6,1.45,14.8
NaN:NaN:NaN,9,0,-6,1.45,14.8
NaN:NaN:NaN,8.9,0,-6,1.44,14.7
NaN:NaN:NaN,9,0,-6,1.44,14.8
NaN:NaN:NaN,9.2,0,-6,1.44,14.7
NaN:NaN:NaN,9.1,0,-6,1.44,14.8
NaN:NaN:NaN,8.9,0,-6,1.44,14.7
NaN:NaN:NaN,8.1,0,-6,1.44,14.9
NaN:NaN:NaN,8.7,0,-6,1.44,14.7
NaN:NaN:NaN,8.4,0,-6,1.44,14.8
NaN:NaN:NaN,8.9,0,-6,1.44,14.7
NaN:NaN:NaN,8.7,0,-6,1.45,14.8
NaN:NaN:NaN,8.3,0,-6,1.45,14.7
NaN:NaN:NaN,8.8,0,-6,1.45,14.8
NaN:NaN:NaN,8.6,0,-6,1.45,14.8
NaN:NaN:NaN,8.8,0,-6,1.45,14.7
NaN:NaN:NaN,9,0,-6,1.45,14.8
NaN:NaN:NaN,8.9,0,-6,1.44,14.8
NaN:NaN:NaN,9.2,0,-6,1.44,14.8
NaN:NaN:NaN,8.7,0,-6,1.44,14.7
NaN:NaN:NaN,9,0,-6,1.44,14.8
NaN:NaN:NaN,9,0,-6,1.44,14.8
NaN:NaN:NaN,9.2,0,-6,1.44,14.7
NaN:NaN:NaN,9,0,-6,1.44,14.8
NaN:NaN:NaN,8.9,0,-6,1.44,14.7
NaN:NaN:NaN,8.9,0,-6,1.44,14.8
NaN:NaN:NaN,8.8,0,-6,1.44,14.7
NaN:NaN:NaN,9,0,-6,1.44,14.8
NaN:NaN:NaN,9.3,0,-6,1.44,14.7
NaN:NaN:NaN,9.2,0,-6,1.44,14.9
NaN:NaN:NaN,8.9,0,-6,1.44,14.7
NaN:NaN:NaN,8.4,0,-6,1.44,14.8
NaN:NaN:NaN,8.7,0,-6,1.44,14.8
NaN:NaN:NaN,8.8,0,-6,1.44,14.7
NaN:NaN:NaN,8.5,0,-6,1.45,14.8
NaN:NaN:NaN,9.1,0,-6,1.44,14.7
NaN:NaN:NaN,9.1,0,-6,1.44,14.8
NaN:NaN:NaN,8.8,0,-6,1.44,14.7
NaN:NaN:NaN,8.9,0,-6,1.44,14.8
NaN:NaN:NaN,8.7,0,-6,1.44,14.7
NaN:NaN:NaN,9.2,0,-6,1.44,14.8
NaN:NaN:NaN,9,0,-6,1.44,14.7
NaN:NaN:NaN,9,0,-6,1.44,14.8
NaN:NaN:NaN,9.2,0,-6,1.44,14.8
NaN:NaN:NaN,8.8,0,-6,1.44,14.8
NaN:NaN:NaN,8.8,0,-6,1.44,14.8
NaN:NaN:NaN,9,0,-6,1.44,14.7
NaN:NaN:NaN,9,0,-6,1.44,14.8
NaN:NaN:NaN,9.1,0,-6,1.44,14.7
NaN:NaN:NaN,8.5,0,-6,1.44,14.8
NaN:NaN:NaN,8.8,0,-6,1.44,14.7
NaN:NaN:NaN,8.3,0,-6,1.44,14.8
NaN:NaN:NaN,8.9,0,-6,1.44,14.7
NaN:NaN:NaN,9,0,-6,1.44,14.8
NaN:NaN:NaN,8.6,0,-6,1.44,14.8
NaN:NaN:NaN,8.8,0,-6,1.44,14.7
NaN:NaN:NaN,8.5,0,-6,1.44,14.9
NaN:NaN:NaN,9.1,0,-6,1.45,14.7
NaN:NaN:NaN,9.1,0,-6,1.45,14.8
NaN:NaN:NaN,8.8,0,-6,1.45,14.7
NaN:NaN:NaN,9.2,0,-6,1.45,14.8
NaN:NaN:NaN,9,0,-6,1.45,14.7
NaN:NaN:NaN,8.9,0,-6,1.45,14.8
NaN:NaN:NaN,9.1,0,-6,1.45,14.8
NaN:NaN:NaN,9,0,-6,1.45,14.7
NaN:NaN:NaN,9,0,-6,1.44,14.8
NaN:NaN:NaN,9.2,0,-6,1.44,14.7
NaN:NaN:NaN,8.5,0,-6,1.44,14.9
NaN:NaN:NaN,8.4,0,-6,1.44,14.7
NaN:NaN:NaN,8.8,0,-6,1.44,14.8
NaN:NaN:NaN,8.5,0,-6,1.44,14.7
NaN:NaN:NaN,8.7,0,-6,1.44,14.8
NaN:NaN:NaN,8.7,0,-6,1.44,14.7
NaN:NaN:NaN,8.8,0,-6,1.45,14.8
NaN:NaN:NaN,8.4,0,-6,1.45,14.8
NaN:NaN:NaN,8.5,0,-6,1.45,14.7
NaN:NaN:NaN,8.8,0,-6,1.45,14.8
NaN:NaN:NaN,9.2,0,-6,1.45,14.7
NaN:NaN:NaN,9.1,0,-6,1.45,14.8
NaN:NaN:NaN,9.3,0,-6,1.44,14.8
NaN:NaN:NaN,9.2,0,-6,1.44,14.8
NaN:NaN:NaN,9.2,0,-6,1.44,14.7
NaN:NaN:NaN,9.3,0,-6,1.44,14.8
NaN:NaN:NaN,9.7,0,-6,1.44,14.7
NaN:NaN:NaN,9.4,0,-6,1.44,14.8
NaN:NaN:NaN,9,0,-6,1.44,14.8
NaN:NaN:NaN,9.3,0,-6,1.44,14.7
NaN:NaN:NaN,8.8,0,-6,1.44,14.8
NaN:NaN:NaN,8.8,0,-6,1.43,14.7
NaN:NaN:NaN,9,0,-6,1.44,14.8
NaN:NaN:NaN,8.5,0,-6,1.44,14.7
NaN:NaN:NaN,9,0,-6,1.44,14.9
NaN:NaN:NaN,8.7,0,-6,1.44,14.7
NaN:NaN:NaN,8.3,0,-6,1.44,14.8
NaN:NaN:NaN,8.6,0,-6,1.44,14.7
NaN:NaN:NaN,8.7,0,-6,1.44,14.8
NaN:NaN:NaN,8.8,0,-6,1.44,14.8
NaN:NaN:NaN,8.9,0,-6,1.44,14.7
NaN:NaN:NaN,8.9,0,-6,1.44,14.8
NaN:NaN:NaN,9,0,-6,1.44,14.7
NaN:NaN:NaN,9.1,0,-6,1.44,14.9
NaN:NaN:NaN,8.8,0,-6,1.43,14.6
NaN:NaN:NaN,8.9,0,-6,1.43,14.8
NaN:NaN:NaN,9.3,0,-6,1.43,14.8
NaN:NaN:NaN,8.8,0,-6,1.43,14.8
NaN:NaN:NaN,8.9,0,-6,1.43,14.8
NaN:NaN:NaN,9,0,-6,1.43,14.7
NaN:NaN:NaN,9.2,0,-6,1.43,14.7
NaN:NaN:NaN,9.4,0,-6,1.43,14.8
NaN:NaN:NaN,9.5,0,-6,1.43,14.8
NaN:NaN:NaN,8.8,0,-6,1.43,14.7
NaN:NaN:NaN,8.7,0,-6,1.43,14.8
NaN:NaN:NaN,8.4,0,-6,1.43,14.7
NaN:NaN:NaN,8.7,0,-6,1.43,14.8
NaN:NaN:NaN,8.7,0,-6,1.43,14.7
NaN:NaN:NaN,8.7,0,-6,1.43,14.8
NaN:NaN:NaN,8.8,0,-6,1.43,14.9
NaN:NaN:NaN,8.6,0,-6,1.43,14.6
NaN:NaN:NaN,8.5,0,-6,1.43,14.9
NaN:NaN:NaN,9.2,0,-6,1.43,14.7
NaN:NaN:NaN,9.2,0,-6,1.43,14.8
NaN:NaN:NaN,9,0,-6,1.43,14.7
NaN:NaN:NaN,9.1,0,-6,1.43,14.8
NaN:NaN:NaN,9,0,-6,1.43,14.7
NaN:NaN:NaN,9.3,0,-6,1.43,14.8
NaN:NaN:NaN,8.8,0,-6,1.43,14.7
NaN:NaN:NaN,8.9,0,-6,1.43,14.8
NaN:NaN:NaN,9,0,-6,1.43,14.8
NaN:NaN:NaN,9.1,0,-6,1.43,14.7
NaN:NaN:NaN,9.1,0,-6,1.43,14.9
NaN:NaN:NaN,8.7,0,-6,1.43,14.7
NaN:NaN:NaN,9.1,0,-6,1.43,14.8
NaN:NaN:NaN,8.7,0,-6,1.43,14.7
NaN:NaN:NaN,9,0,-6,1.43,14.8
NaN:NaN:NaN,9,0,-6,1.43,14.7
NaN:NaN:NaN,8.7,0,-6,1.43,14.8
NaN:NaN:NaN,8.7,0,-6,1.43,14.8
NaN:NaN:NaN,8.4,0,-6,1.43,14.7
NaN:NaN:NaN,8.7,0,-6,1.43,14.8
NaN:NaN:NaN,8.9,0,-6,1.43,14.8
NaN:NaN:NaN,9,0,-6,1.43,14.8
NaN:NaN:NaN,9.2,0,-6,1.43,14.7
NaN:NaN:NaN,8.9,0,-6,1.43,14.8
NaN:NaN:NaN,9,0,-6,1.43,14.7
NaN:NaN:NaN,9.1,0,-6,1.43,14.8
NaN:NaN:NaN,9,0,-6,1.43,14.7
NaN:NaN:NaN,9,0,-6,1.42,14.8
NaN:NaN:NaN,8.9,0,-6,1.42,14.7
NaN:NaN:NaN,8.9,0,-6,1.42,14.8
NaN:NaN:NaN,9.1,0,-6,1.42,14.8
NaN:NaN:NaN,8.8,0,-6,1.42,14.7
NaN:NaN:NaN,8.9,0,-6,1.42,14.8
NaN:NaN:NaN,8.8,0,-6,1.42,14.7
NaN:NaN:NaN,8.7,0,-6,1.42,14.8
NaN:NaN:NaN,8.9,0,-6,1.42,14.8
NaN:NaN:NaN,8.3,0,-6,1.42,14.7
NaN:NaN:NaN,8.7,0,-6,1.42,14.8
NaN:NaN:NaN,8.5,0,-6,1.42,14.8
NaN:NaN:NaN,9.1,0,-6,1.41,14.8
NaN:NaN:NaN,9.1,0,-6,1.41,14.7
NaN:NaN:NaN,8.7,0,-6,1.41,14.8
NaN:NaN:NaN,9,0,-6,1.41,14.7
NaN:NaN:NaN,9.1,0,-6,1.41,14.9
NaN:NaN:NaN,9.2,0,-6,1.41,14.7
NaN:NaN:NaN,9.6,0,-6,1.41,14.8
NaN:NaN:NaN,9.4,0,-6,1.41,14.7
NaN:NaN:NaN,9.6,0,-6,1.41,14.8
NaN:NaN:NaN,9.4,0,-6,1.41,14.7
NaN:NaN:NaN,9.5,0,-6,1.41,14.8
NaN:NaN:NaN,9.4,0,-6,1.41,14.7
NaN:NaN:NaN,9.7,0,-6,1.41,14.8
NaN:NaN:NaN,9.7,0,-6,1.41,14.8
NaN:NaN:NaN,9.5,0,-6,1.41,14.7
NaN:NaN:NaN,9.3,0,-6,1.41,14.8
NaN:NaN:NaN,9.3,0,-6,1.41,14.7
NaN:NaN:NaN,9.1,0,-6,1.41,14.8
NaN:NaN:NaN,9.3,0,-6,1.41,14.7
NaN:NaN:NaN,9,0,-6,1.41,14.8
NaN:NaN:NaN,9.4,0,-6,1.41,14.7
NaN:NaN:NaN,9.4,0,-6,1.41,14.8
NaN:NaN:NaN,9,0,-6,1.41,14.7
NaN:NaN:NaN,9.3,0,-6,1.41,14.8
NaN:NaN:NaN,9.2,0,-6,1.41,14.8
NaN:NaN:NaN,9.2,0,-6,1.41,14.7
NaN:NaN:NaN,9,0,-6,1.41,14.8
NaN:NaN:NaN,9.3,0,-6,1.41,14.7
NaN:NaN:NaN,9.4,0,-6,1.41,14.8
NaN:NaN:NaN,9.7,0,-6,1.41,14.7
NaN:NaN:NaN,9.4,0,-6,1.41,14.8
NaN:NaN:NaN,8.9,0,-6,1.41,14.7
NaN:NaN:NaN,9.4,0,-6,1.42,14.8
NaN:NaN:NaN,9,0,-6,1.42,14.7
NaN:NaN:NaN,9.2,0,-6,1.42,14.8
NaN:NaN:NaN,9.2,0,-6,1.41,14.7
NaN:NaN:NaN,9.2,0,-6,1.41,14.8
NaN:NaN:NaN,9.3,0,-6,1.41,14.8
NaN:NaN:NaN,9.2,0,-6,1.41,14.7
NaN:NaN:NaN,8.7,0,-6,1.41,14.8
NaN:NaN:NaN,9,0,-6,1.41,14.7
NaN:NaN:NaN,9,0,-6,1.41,14.8
NaN:NaN:NaN,9.3,0,-6,1.41,14.7
NaN:NaN:NaN,9.6,0,-6,1.41,14.8
NaN:NaN:NaN,9.5,0,-6,1.41,14.7
NaN:NaN:NaN,9.3,0,-6,1.41,14.8
NaN:NaN:NaN,9.2,0,-6,1.41,14.7
NaN:NaN:NaN,9.3,0,-6,1.41,14.8
NaN:NaN:NaN,9.3,0,-6,1.41,14.8
NaN:NaN:NaN,9.3,0,-6,1.41,14.7
NaN:NaN:NaN,9.8,0,-6,1.41,14.8
NaN:NaN:NaN,9.2,0,-6,1.41,14.7
NaN:NaN:NaN,9.3,0,-6,1.41,14.8
NaN:NaN:NaN,9.1,0,-6,1.41,14.7
NaN:NaN:NaN,9,0,-6,1.41,14.8
NaN:NaN:NaN,9.1,0,-6,1.41,14.7
NaN:NaN:NaN,9.1,0,-6,1.41,14.8
NaN:NaN:NaN,9.3,0,-6,1.41,14.8
NaN:NaN:NaN,9,0,-6,1.41,14.8
NaN:NaN:NaN,8.7,0,-6,1.41,14.7
NaN:NaN:NaN,9.2,0,-6,1.41,14.8
NaN:NaN:NaN,8.9,0,-6,1.4,14.8
NaN:NaN:NaN,9,0,-6,1.4,14.7
NaN:NaN:NaN,9.4,0,-6,1.4,14.8
NaN:NaN:NaN,9.1,0,-6,1.4,14.7
NaN:NaN:NaN,9.2,0,-6,1.4,14.8
NaN:NaN:NaN,9.4,0,-6,1.41,14.7
NaN:NaN:NaN,9.1,0,-6,1.42,14.8
NaN:NaN:NaN,9.1,0,-6,1.42,14.7
NaN:NaN:NaN,9.3,0,-6,1.42,14.8
NaN:NaN:NaN,9.4,0,-6,1.43,14.8
NaN:NaN:NaN,9.5,0,-6,1.44,14.7
NaN:NaN:NaN,9.6,0,-6,1.45,14.8
NaN:NaN:NaN,9.2,0,-6,1.46,14.7
NaN:NaN:NaN,8.5,0,-6,1.46,14.8
NaN:NaN:NaN,8.7,0,-6,1.47,14.7
NaN:NaN:NaN,8.4,0,-6,1.48,14.8
NaN:NaN:NaN,8.9,0,-6,1.48,14.7
NaN:NaN:NaN,9,0,-6,1.49,14.8
NaN:NaN:NaN,8.9,0,0,1.5,14.8
NaN:NaN:NaN,8.8,0,0,1.51,14.7
NaN:NaN:NaN,8.8,0,0,1.51,14.9
NaN:NaN:NaN,8.7,0,0,1.52,14.7
NaN:NaN:NaN,8.5,0,0,1.52,14.8
NaN:NaN:NaN,8.9,0,0,1.53,14.7
NaN:NaN:NaN,9,0,0,1.54,14.8
NaN:NaN:NaN,8.8,0,0,1.54,14.7
NaN:NaN:NaN,8.8,0,0,1.55,14.8
NaN:NaN:NaN,8.9,0,0,1.56,14.8
NaN:NaN:NaN,9.1,0,0,1.56,14.7
NaN:NaN:NaN,9,0,0,1.56,14.8
NaN:NaN:NaN,9.2,0,0,1.57,14.7
NaN:NaN:NaN,9.2,0,0,1.57,14.8
NaN:NaN:NaN,8.9,0,0,1.58,14.8
NaN:NaN:NaN,9,0,0,1.58,14.8
NaN:NaN:NaN,8.5,0,0,1.59,14.7
NaN:NaN:NaN,8.5,0,0,1.59,14.8
NaN:NaN:NaN,8.9,0,0,1.59,14.8
NaN:NaN:NaN,9.2,0,0,1.6,14.7
NaN:NaN:NaN,9.3,0,0,1.6,14.8
NaN:NaN:NaN,8.9,0,0,1.6,14.7
NaN:NaN:NaN,9,0,0,1.61,14.8
NaN:NaN:NaN,9.4,0,0,1.61,14.7
NaN:NaN:NaN,9.5,0,0,1.62,14.8
NaN:NaN:NaN,9.6,0,0,1.62,14.7
NaN:NaN:NaN,9.4,0,0,1.62,14.9
NaN:NaN:NaN,9.1,0,0,1.63,14.6
NaN:NaN:NaN,9.8,0,0,1.63,14.8
NaN:NaN:NaN,9.1,0,0,1.64,14.7
NaN:NaN:NaN,9.2,0,0,1.64,14.9
NaN:NaN:NaN,9.5,0,0,1.64,14.7
NaN:NaN:NaN,9.6,0,0,1.64,14.7
NaN:NaN:NaN,9.6,0,0,1.65,14.7
NaN:NaN:NaN,9.2,0,0,1.65,14.8
NaN:NaN:NaN,9.4,0,0,1.65,14.8
NaN:NaN:NaN,9,0,0,1.65,14.7
NaN:NaN:NaN,8.9,0,0,1.65,14.7
NaN:NaN:NaN,9.7,0,0,1.66,14.8
NaN:NaN:NaN,9.4,0,0,1.66,14.8
NaN:NaN:NaN,9.6,0,0,1.66,14.7
NaN:NaN:NaN,10.2,0,0,1.66,14.7
NaN:NaN:NaN,10,0,0,1.67,14.8
NaN:NaN:NaN,9.7,0,0,1.67,14.8
NaN:NaN:NaN,10,0,0,1.67,14.7
NaN:NaN:NaN,10.1,0,0,1.67,14.6
NaN:NaN:NaN,10.2,0,0,1.68,14.8
NaN:NaN:NaN,10,0,0,1.68,14.7
NaN:NaN:NaN,9.7,0,0,1.68,14.8
NaN:NaN:NaN,9.8,0,0,1.68,14.7
NaN:NaN:NaN,9.7,0,0,1.69,14.8
NaN:NaN:NaN,9.7,0,0,1.69,14.6
NaN:NaN:NaN,9.7,0,0,1.69,14.8
NaN:NaN:NaN,9.9,0,0,1.69,14.7
NaN:NaN:NaN,10.2,0,0,1.69,14.8
NaN:NaN:NaN,10.3,0,0,1.69,14.7
NaN:NaN:NaN,10.6,0,0,1.69,14.8
NaN:NaN:NaN,10.7,0,0,1.69,14.6
NaN:NaN:NaN,10.5,0,0,1.69,14.8
NaN:NaN:NaN,10.6,0,0,1.69,14.7
NaN:NaN:NaN,10.3,0,0,1.69,14.8
NaN:NaN:NaN,10.4,0,0,1.7,14.6
NaN:NaN:NaN,10.2,0,0,1.7,14.7
NaN:NaN:NaN,10.3,0,0,1.7,14.8
NaN:NaN:NaN,10.3,0,0,1.71,14.7
NaN:NaN:NaN,10.3,0,0,1.71,14.7
NaN:NaN:NaN,10.1,0,0,1.71,14.7
NaN:NaN:NaN,10.2,0,0,1.71,14.8
NaN:NaN:NaN,10.9,0,0,1.72,14.6
NaN:NaN:NaN,10.6,0,0,1.71,14.7
NaN:NaN:NaN,10.9,0,0,1.72,14.8
NaN:NaN:NaN,11,0,0,1.72,14.6
NaN:NaN:NaN,10.9,0,0,1.72,14.8
NaN:NaN:NaN,10.9,0,0,1.72,14.6
NaN:NaN:NaN,10.9,0,0,1.72,14.8
NaN:NaN:NaN,10.9,0,0,1.73,14.7
NaN:NaN:NaN,11.3,0,0,1.73,14.6
NaN:NaN:NaN,11.4,0,0,1.73,14.8
NaN:NaN:NaN,11.3,0,0,1.73,14.6
NaN:NaN:NaN,11.6,0,0,1.73,14.8
NaN:NaN:NaN,11.6,0,0,1.74,14.7
NaN:NaN:NaN,11.8,0,0,1.74,14.6
NaN:NaN:NaN,10.6,0,0,1.74,14.8
NaN:NaN:NaN,10.6,0,0,1.74,14.7
NaN:NaN:NaN,11.1,0,0,1.74,14.7
NaN:NaN:NaN,10.9,0,0,1.74,14.7
NaN:NaN:NaN,11.2,0,0,1.74,14.7
NaN:NaN:NaN,12,0,0,1.74,14.7
NaN:NaN:NaN,11.5,0,0,1.74,14.6
NaN:NaN:NaN,11.3,0,0,1.74,14.8
NaN:NaN:NaN,10.9,0,0,1.75,14.6
NaN:NaN:NaN,11.2,0,0,1.75,14.7
NaN:NaN:NaN,11.1,0,0,1.75,14.7
NaN:NaN:NaN,10.6,0,0,1.75,14.7
NaN:NaN:NaN,10.9,0,0,1.75,14.7
NaN:NaN:NaN,11.2,0,0,1.75,14.7
NaN:NaN:NaN,11.8,0,0,1.75,14.6
NaN:NaN:NaN,12.1,0,0,1.75,14.8
NaN:NaN:NaN,11.9,0,0,1.75,14.6
NaN:NaN:NaN,11.7,0,0,1.75,14.7
NaN:NaN:NaN,12.3,0,0,1.75,14.7
NaN:NaN:NaN,11.9,0,0,1.75,14.6
NaN:NaN:NaN,11.7,0,0,1.75,14.8
NaN:NaN:NaN,11.9,0,0,1.76,14.6
NaN:NaN:NaN,11.8,0,0,1.76,14.7
NaN:NaN:NaN,11.6,0,0,1.76,14.7
NaN:NaN:NaN,11.9,0,0,1.76,14.7
NaN:NaN:NaN,11.9,0,0,1.76,14.6
NaN:NaN:NaN,11.9,0,0,1.77,14.8
NaN:NaN:NaN,12.5,0,0,1.77,14.6
NaN:NaN:NaN,12.3,0,0,1.77,14.6
NaN:NaN:NaN,12,0,0,1.77,14.8
NaN:NaN:NaN,12,0,0,1.77,14.6
NaN:NaN:NaN,11.7,0,0,1.77,14.7
NaN:NaN:NaN,12,0,0,1.77,14.7
NaN:NaN:NaN,12.2,0,0,1.77,14.6
NaN:NaN:NaN,12.4,0,0,1.78,14.8
NaN:NaN:NaN,12.2,0,0,1.78,14.6
NaN:NaN:NaN,12.1,0,0,1.78,14.6
NaN:NaN:NaN,12.8,0,0,1.78,14.7
NaN:NaN:NaN,12.7,0,0,1.78,14.7
NaN:NaN:NaN,12.1,0,0,1.79,14.6
NaN:NaN:NaN,12.1,0,0,1.79,14.7
NaN:NaN:NaN,12.4,0,0,1.79,14.7
NaN:NaN:NaN,12.5,0,0,1.79,14.6
NaN:NaN:NaN,12.4,0,0,1.79,14.7
NaN:NaN:NaN,12.4,0,0,1.79,14.7
NaN:NaN:NaN,12.4,0,0,1.8,14.6
NaN:NaN:NaN,12.3,0,0,1.8,14.7
NaN:NaN:NaN,12.3,0,0,1.81,14.7
NaN:NaN:NaN,12.6,0,0,1.81,14.6
NaN:NaN:NaN,13.1,0,0,1.81,14.7
NaN:NaN:NaN,13.2,0,0,1.81,14.7
NaN:NaN:NaN,13.4,0,0,1.82,14.6
NaN:NaN:NaN,12.6,0,0,1.82,14.7
NaN:NaN:NaN,12.5,0,0,1.82,14.6
NaN:NaN:NaN,12.5,0,0,1.83,14.7
NaN:NaN:NaN,12.1,0,0,1.83,14.7
NaN:NaN:NaN,12.1,0,0,1.83,14.6
NaN:NaN:NaN,12.9,0,0,1.83,14.6
NaN:NaN:NaN,12.9,0,0,1.84,14.7
NaN:NaN:NaN,12.4,0,0,1.84,14.7
NaN:NaN:NaN,12.3,0,0,1.84,14.6
NaN:NaN:NaN,12.8,0,0,1.84,14.7
NaN:NaN:NaN,12.9,0,0,1.85,14.6
NaN:NaN:NaN,12.6,0,0,1.85,14.7
NaN:NaN:NaN,12.8,0,0,1.85,14.7
NaN:NaN:NaN,12.7,0,0,1.86,14.6
NaN:NaN:NaN,13,0,0,1.86,14.6
NaN:NaN:NaN,12.8,0,0,1.86,14.6
NaN:NaN:NaN,12.4,0,0,1.86,14.7
NaN:NaN:NaN,13.1,0,0,1.86,14.6
NaN:NaN:NaN,13.2,0,0,1.86,14.6
NaN:NaN:NaN,13.2,0,0,1.87,14.7
NaN:NaN:NaN,13.1,0,0,1.87,14.7
NaN:NaN:NaN,12.9,0,0,1.87,14.5
NaN:NaN:NaN,12.7,0,0,1.87,14.7
NaN:NaN:NaN,13.1,0,0,1.87,14.6
NaN:NaN:NaN,13.5,0,0,1.87,14.6
NaN:NaN:NaN,13.2,0,0,1.87,14.6
NaN:NaN:NaN,13.5,0,0,1.87,14.7
NaN:NaN:NaN,13.4,0,0,1.87,14.6
NaN:NaN:NaN,13.3,0,0,1.87,14.6
NaN:NaN:NaN,12.9,0,0,1.87,14.7
NaN:NaN:NaN,12.7,0,0,1.87,14.6
NaN:NaN:NaN,13.6,0,0,1.87,14.6
NaN:NaN:NaN,13.2,0,0,1.88,14.7
NaN:NaN:NaN,13.1,0,0,1.88,14.6
NaN:NaN:NaN,13.6,0,0,1.88,14.6
NaN:NaN:NaN,13.7,0,0,1.88,14.6
NaN:NaN:NaN,13.7,0,0,1.88,14.7
NaN:NaN:NaN,13.2,0,0,1.88,14.6
NaN:NaN:NaN,12.9,0,0,1.88,14.6
NaN:NaN:NaN,13.6,0,0,1.88,14.6
NaN:NaN:NaN,13.6,0,0,1.88,14.7
NaN:NaN:NaN,13.5,0,0,1.88,14.5
NaN:NaN:NaN,13.7,0,0,1.87,14.6
NaN:NaN:NaN,13.3,0,0,1.87,14.6
NaN:NaN:NaN,13.2,0,0,1.86,14.7
NaN:NaN:NaN,14.3,0,0,1.86,14.6
NaN:NaN:NaN,14.1,0,0,1.86,14.6
NaN:NaN:NaN,13.7,0,0,1.87,14.6
NaN:NaN:NaN,14.1,0,0,1.87,14.7
NaN:NaN:NaN,13.7,0,0,1.87,14.5
NaN:NaN:NaN,13.2,0,0,1.87,14.6
NaN:NaN:NaN,14,0,0,1.87,14.6
NaN:NaN:NaN,13.9,0,0,1.88,14.7
NaN:NaN:NaN,14.1,0,0,1.88,14.6
NaN:NaN:NaN,14.2,0,0,1.88,14.6
NaN:NaN:NaN,13.9,0,0,1.88,14.5
NaN:NaN:NaN,13.5,0,0,1.88,14.7
NaN:NaN:NaN,13.7,0,0,1.88,14.6
NaN:NaN:NaN,14.3,0,0,1.88,14.6
NaN:NaN:NaN,14.4,0,0,1.88,14.6
NaN:NaN:NaN,13.9,0,0,1.88,14.6
NaN:NaN:NaN,14.2,0,0,1.88,14.6
NaN:NaN:NaN,14.1,0,0,1.88,14.6
NaN:NaN:NaN,14.1,0,0,1.87,14.6
NaN:NaN:NaN,13.9,0,0,1.87,14.7
NaN:NaN:NaN,14.6,0,0,1.87,14.5
NaN:NaN:NaN,14.5,0,0,1.86,14.6
NaN:NaN:NaN,14.1,0,0,1.86,14.6
NaN:NaN:NaN,14,0,0,1.86,14.7
NaN:NaN:NaN,14.1,0,0,1.86,14.5
NaN:NaN:NaN,14.2,0,0,1.87,14.6
NaN:NaN:NaN,14.4,0,0,1.87,14.5
NaN:NaN:NaN,14.1,0,0,1.87,14.6
NaN:NaN:NaN,14.2,0,0,1.87,14.7
NaN:NaN:NaN,14.1,0,0,1.88,14.6
NaN:NaN:NaN,14.1,0,0,1.88,14.5
NaN:NaN:NaN,14.7,0,0,1.88,14.6
NaN:NaN:NaN,15.1,0,0,1.88,14.7
NaN:NaN:NaN,14.6,0,0,1.88,14.6
NaN:NaN:NaN,14.6,0,0,1.88,14.5
NaN:NaN:NaN,14.3,0,0,1.88,14.6
NaN:NaN:NaN,14.4,0,0,1.89,14.6
NaN:NaN:NaN,14.5,0,0,1.89,14.6
NaN:NaN:NaN,14.4,0,0,1.88,14.6
NaN:NaN:NaN,14.6,0,0,1.88,14.6
NaN:NaN:NaN,15,0,0,1.87,14.5
NaN:NaN:NaN,14.2,0,0,1.86,14.7
NaN:NaN:NaN,14.9,0,0,1.86,14.6
NaN:NaN:NaN,14.9,0,0,1.85,14.6
NaN:NaN:NaN,14.7,0,0,1.85,14.5
NaN:NaN:NaN,14.8,0,0,1.84,14.6
NaN:NaN:NaN,14.5,0,0,1.84,14.6
NaN:NaN:NaN,14.7,0,0,1.83,14.6
NaN:NaN:NaN,14.9,0,0,1.83,14.6
NaN:NaN:NaN,15.1,0,0,1.83,14.5
NaN:NaN:NaN,14.9,0,0,1.84,14.6
NaN:NaN:NaN,14.5,0,0,1.84,14.6
NaN:NaN:NaN,14.9,0,0,1.84,14.6
NaN:NaN:NaN,14.6,0,0,1.85,14.6
NaN:NaN:NaN,14.7,0,0,1.85,14.5
NaN:NaN:NaN,14.3,0,0,1.85,14.6
NaN:NaN:NaN,14.8,0,0,1.85,14.7
NaN:NaN:NaN,15.1,0,0,1.85,14.5
NaN:NaN:NaN,14.7,0,0,1.85,14.6
NaN:NaN:NaN,14.4,0,0,1.86,14.6
NaN:NaN:NaN,14.9,0,0,1.86,14.5
NaN:NaN:NaN,15.4,0,0,1.86,14.7
NaN:NaN:NaN,15,0,0,1.87,14.5
NaN:NaN:NaN,14.7,0,0,1.87,14.6
NaN:NaN:NaN,14.7,0,0,1.87,14.7
NaN:NaN:NaN,14.9,0,0,1.88,14.5
NaN:NaN:NaN,14.6,0,0,1.88,14.6
NaN:NaN:NaN,14.6,0,0,1.88,14.5
NaN:NaN:NaN,15.3,0,0,1.88,14.6
NaN:NaN:NaN,14.7,0,0,1.88,14.7
NaN:NaN:NaN,14.2,0,0,1.88,14.5
NaN:NaN:NaN,14.3,0,0,1.88,14.6
NaN:NaN:NaN,14.7,0,0,1.88,14.6
NaN:NaN:NaN,15.1,0,0,1.88,14.5
NaN:NaN:NaN,15.3,0,0,1.88,14.7
NaN:NaN:NaN,14.6,0,0,1.88,14.5
NaN:NaN:NaN,14.1,0,0,1.89,14.6
NaN:NaN:NaN,15.1,0,0,1.88,14.6
NaN:NaN:NaN,15.4,0,0,1.88,14.5
NaN:NaN:NaN,15.3,0,0,1.88,14.7
NaN:NaN:NaN,14.9,0,0,1.88,14.6
NaN:NaN:NaN,14.8,0,0,1.87,14.5
NaN:NaN:NaN,14.7,0,0,1.87,14.6
NaN:NaN:NaN,15.3,0,0,1.87,14.5
NaN:NaN:NaN,15.4,0,0,1.87,14.7
NaN:NaN:NaN,15.1,0,0,1.87,14.5
NaN:NaN:NaN,14.9,0,0,1.87,14.6
NaN:NaN:NaN,14.6,0,0,1.87,14.6
NaN:NaN:NaN,15.1,0,0,1.87,14.5
NaN:NaN:NaN,15.6,0,0,1.87,14.6
NaN:NaN:NaN,15.5,0,0,1.87,14.6
NaN:NaN:NaN,14.9,0,0,1.87,14.6
NaN:NaN:NaN,14.5,0,0,1.87,14.5
NaN:NaN:NaN,15.2,0,0,1.87,14.6
NaN:NaN:NaN,15.4,0,0,1.87,14.5
NaN:NaN:NaN,15.6,0,0,1.88,14.7
NaN:NaN:NaN,15.2,0,0,1.88,14.5
NaN:NaN:NaN,14.7,0,0,1.88,14.6
NaN:NaN:NaN,15.2,0,0,1.87,14.5
NaN:NaN:NaN,14.4,0,0,1.87,14.6
NaN:NaN:NaN,15.1,0,0,1.87,14.5
NaN:NaN:NaN,15.2,0,0,1.88,14.7
NaN:NaN:NaN,15.8,0,0,1.88,14.5
NaN:NaN:NaN,15.5,0,0,1.88,14.6
NaN:NaN:NaN,14.9,0,0,1.88,14.6
NaN:NaN:NaN,15.1,0,0,1.88,14.5
NaN:NaN:NaN,15.4,0,0,1.87,14.6
NaN:NaN:NaN,16,0,0,1.88,14.6
NaN:NaN:NaN,15.7,0,0,1.88,14.6
NaN:NaN:NaN,15.4,0,0,1.88,14.5
NaN:NaN:NaN,15.8,0,0,1.88,14.6
NaN:NaN:NaN,15.4,0,0,1.88,14.5
NaN:NaN:NaN,16.2,0,0,1.88,14.7
NaN:NaN:NaN,16,0,0,1.87,14.5
NaN:NaN:NaN,15,0,0,1.87,14.6
NaN:NaN:NaN,15.6,0,0,1.87,14.5
NaN:NaN:NaN,15,0,0,1.87,14.5
NaN:NaN:NaN,15.4,0,0,1.87,14.6
NaN:NaN:NaN,15.6,0,0,1.87,14.7
NaN:NaN:NaN,15.6,0,0,1.88,14.5
NaN:NaN:NaN,15.7,0,0,1.88,14.5
NaN:NaN:NaN,15.6,0,0,1.88,14.6
NaN:NaN:NaN,15.5,0,0,1.88,14.5
NaN:NaN:NaN,15.8,0,0,1.88,14.6
NaN:NaN:NaN,15.6,0,0,1.88,14.6
NaN:NaN:NaN,14.9,0,0,1.88,14.6
NaN:NaN:NaN,15.6,0,0,1.87,14.5
NaN:NaN:NaN,16.1,0,0,1.87,14.6
NaN:NaN:NaN,15.6,0,0,1.87,14.5
NaN:NaN:NaN,15.4,0,0,1.87,14.5
NaN:NaN:NaN,15.1,0,0,1.87,14.6
NaN:NaN:NaN,15.5,0,0,1.87,14.6
NaN:NaN:NaN,15.8,0,0,1.87,14.6
NaN:NaN:NaN,15.9,0,0,1.87,14.6
NaN:NaN:NaN,15.8,0,0,1.87,14.5
NaN:NaN:NaN,15.2,0,0,1.87,14.6
NaN:NaN:NaN,15.4,0,0,1.87,14.5
NaN:NaN:NaN,15,0,0,1.87,14.6
NaN:NaN:NaN,15.4,0,0,1.88,14.6
NaN:NaN:NaN,16.4,0,0,1.88,14.5
NaN:NaN:NaN,15.7,0,0,1.88,14.6
NaN:NaN:NaN,15.8,0,0,1.88,14.5
NaN:NaN:NaN,15.6,0,0,1.88,14.6
NaN:NaN:NaN,16.2,0,0,1.88,14.5
NaN:NaN:NaN,16.6,0,0,1.88,14.7
NaN:NaN:NaN,15.7,0,0,1.88,14.5
NaN:NaN:NaN,15.8,0,0,1.87,14.5
NaN:NaN:NaN,16.1,0,0,1.87,14.6
NaN:NaN:NaN,16.1,0,0,1.87,14.5
NaN:NaN:NaN,15.7,0,0,1.87,14.6
NaN:NaN:NaN,15.9,0,0,1.87,14.6
NaN:NaN:NaN,15.3,0,0,1.87,14.6
NaN:NaN:NaN,15.7,0,0,1.87,14.5
NaN:NaN:NaN,15.9,0,0,1.87,14.6
NaN:NaN:NaN,15.8,0,0,1.87,14.5
NaN:NaN:NaN,15.9,0,0,1.88,14.5
NaN:NaN:NaN,15.4,0,0,1.88,14.7
NaN:NaN:NaN,15.6,0,0,1.88,14.5
NaN:NaN:NaN,16.3,0,0,1.88,14.6
NaN:NaN:NaN,15.8,0,0,1.88,14.5
NaN:NaN:NaN,15.3,0,0,1.88,14.6
NaN:NaN:NaN,15.4,0,0,1.88,14.5
NaN:NaN:NaN,15.8,0,0,1.88,14.7
NaN:NaN:NaN,15.9,0,0,1.87,14.5
NaN:NaN:NaN,15.4,0,0,1.88,14.6
NaN:NaN:NaN,15.6,0,0,1.88,14.5
NaN:NaN:NaN,15.3,0,0,1.87,14.7
NaN:NaN:NaN,15.4,0,0,1.87,14.5
NaN:NaN:NaN,15.6,0,0,1.87,14.5
NaN:NaN:NaN,15.5,0,0,1.87,14.6
NaN:NaN:NaN,15.3,0,0,1.87,14.5
NaN:NaN:NaN,15.8,0,0,1.87,14.6
NaN:NaN:NaN,15.7,0,0,1.87,14.5
NaN:NaN:NaN,15.9,0,0,1.87,14.7
NaN:NaN:NaN,15.6,0,0,1.86,14.5
NaN:NaN:NaN,15.8,0,0,1.86,14.6
NaN:NaN:NaN,16.1,0,0,1.86,14.5
NaN:NaN:NaN,15.1,0,0,1.86,14.5
NaN:NaN:NaN,15,0,0,1.86,14.6
NaN:NaN:NaN,16.3,0,0,1.86,14.6
NaN:NaN:NaN,16.2,0,0,1.86,14.6
NaN:NaN:NaN,16,0,0,1.86,14.5
NaN:NaN:NaN,15.8,0,0,1.86,14.6
NaN:NaN:NaN,15.9,0,0,1.86,14.5
NaN:NaN:NaN,16.2,0,0,1.86,14.5
NaN:NaN:NaN,16.5,0,0,1.86,14.7
NaN:NaN:NaN,16.2,0,0,1.86,14.5
NaN:NaN:NaN,16,0,0,1.86,14.6
NaN:NaN:NaN,15.9,0,0,1.86,14.5
NaN:NaN:NaN,15.9,0,0,1.87,14.5
NaN:NaN:NaN,16.5,0,0,1.87,14.6
NaN:NaN:NaN,16.1,0,0,1.87,14.5
NaN:NaN:NaN,15.4,0,0,1.87,14.7
NaN:NaN:NaN,15.8,0,0,1.87,14.5
NaN:NaN:NaN,15.9,0,0,1.86,14.5
NaN:NaN:NaN,16.2,0,0,1.86,14.6
NaN:NaN:NaN,16.2,0,0,1.86,14.5
NaN:NaN:NaN,15.6,0,0,1.87,14.5
NaN:NaN:NaN,16.3,0,0,1.87,14.6
NaN:NaN:NaN,16.3,0,0,1.87,14.6
NaN:NaN:NaN,16.2,0,0,1.86,14.5
NaN:NaN:NaN,15.6,0,0,1.86,14.6
NaN:NaN:NaN,16.3,0,0,1.87,14.5
NaN:NaN:NaN,15.8,0,0,1.87,14.6
NaN:NaN:NaN,15.2,0,0,1.87,14.5
NaN:NaN:NaN,15.4,0,0,1.86,14.6
NaN:NaN:NaN,16.6,0,0,1.86,14.6
NaN:NaN:NaN,16.6,0,0,1.86,14.5
NaN:NaN:NaN,16.2,0,0,1.86,14.5
NaN:NaN:NaN,15.8,0,0,1.86,14.6
NaN:NaN:NaN,16,0,0,1.86,14.5
NaN:NaN:NaN,15.8,0,0,1.86,14.6
NaN:NaN:NaN,15.8,0,0,1.86,14.6
NaN:NaN:NaN,15.5,0,0,1.86,14.5
NaN:NaN:NaN,15.6,0,0,1.86,14.6
NaN:NaN:NaN,15.8,0,0,1.86,14.5
NaN:NaN:NaN,15.8,0,0,1.86,14.5
NaN:NaN:NaN,15.7,0,0,1.86,14.6
NaN:NaN:NaN,16.2,0,0,1.86,14.6
NaN:NaN:NaN,15.6,0,0,1.86,14.6
NaN:NaN:NaN,15.8,0,0,1.85,14.5
NaN:NaN:NaN,15.9,0,0,1.85,14.5
NaN:NaN:NaN,15.5,0,0,1.85,14.6
NaN:NaN:NaN,16.1,0,0,1.85,14.5
NaN:NaN:NaN,16.5,0,0,1.85,14.5
NaN:NaN:NaN,15.9,0,0,1.84,14.7
NaN:NaN:NaN,15.8,0,0,1.84,14.5
NaN:NaN:NaN,16.3,0,0,1.84,14.5
NaN:NaN:NaN,16.3,0,0,1.84,14.6
NaN:NaN:NaN,16.5,0,0,1.84,14.5
NaN:NaN:NaN,15.7,0,0,1.84,14.6
NaN:NaN:NaN,16.4,0,0,1.84,14.6
NaN:NaN:NaN,16.8,0,0,1.83,14.6
NaN:NaN:NaN,15.9,0,0,1.83,14.5
NaN:NaN:NaN,15.2,0,0,1.83,14.5
NaN:NaN:NaN,16,0,0,1.83,14.6
NaN:NaN:NaN,16.2,0,0,1.83,14.5
NaN:NaN:NaN,16.4,0,0,1.83,14.5
NaN:NaN:NaN,16,0,0,1.84,14.7
NaN:NaN:NaN,15.7,0,0,1.84,14.5
NaN:NaN:NaN,16,0,0,1.84,14.5
NaN:NaN:NaN,16.5,0,0,1.84,14.6
NaN:NaN:NaN,16.2,0,0,1.84,14.5
NaN:NaN:NaN,15.6,0,0,1.84,14.5
NaN:NaN:NaN,15.5,0,0,1.85,14.6
NaN:NaN:NaN,15.4,0,0,1.85,14.6
NaN:NaN:NaN,16.6,0,0,1.85,14.6
NaN:NaN:NaN,16.2,0,-1,1.86,14.5
NaN:NaN:NaN,16.1,0,-1,1.86,14.6
NaN:NaN:NaN,16.1,0,-1,1.87,14.5
NaN:NaN:NaN,16,0,-1,1.87,14.5
NaN:NaN:NaN,15.9,0,-1,1.87,14.6
NaN:NaN:NaN,15.8,0,-1,1.88,14.6
NaN:NaN:NaN,15.8,0,-1,1.88,14.6
NaN:NaN:NaN,16.1,0,-1,1.88,14.5
NaN:NaN:NaN,16.1,0,-1,1.88,14.5
NaN:NaN:NaN,15.7,0,-1,1.88,14.6
NaN:NaN:NaN,15.9,0,-1,1.88,14.5
NaN:NaN:NaN,16.1,0,-1,1.88,14.7
NaN:NaN:NaN,16,0,-1,1.88,14.5
NaN:NaN:NaN,15.6,0,-1,1.88,14.6
NaN:NaN:NaN,15.9,0,-1,1.88,14.5
NaN:NaN:NaN,16,0,-1,1.87,14.5
NaN:NaN:NaN,16.2,0,-1,1.87,14.6
NaN:NaN:NaN,15.8,0,-1,1.87,14.5
NaN:NaN:NaN,15.5,0,-1,1.87,14.6
NaN:NaN:NaN,15.4,0,-1,1.88,14.6
NaN:NaN:NaN,16.4,0,-1,1.88,14.5
NaN:NaN:NaN,16,0,-1,1.89,14.6
NaN:NaN:NaN,15.5,0,-1,1.89,14.5
NaN:NaN:NaN,15.6,0,-1,1.89,14.6
NaN:NaN:NaN,16.2,0,-1,1.89,14.5
NaN:NaN:NaN,16.1,0,-1,1.89,14.5
NaN:NaN:NaN,15.7,0,-1,1.89,14.7
NaN:NaN:NaN,15.1,0,-1,1.88,14.5
NaN:NaN:NaN,15.6,0,-1,1.88,14.6
NaN:NaN:NaN,16.6,0,-1,1.88,14.5
NaN:NaN:NaN,15.9,0,-1,1.88,14.5
NaN:NaN:NaN,15.5,0,-1,1.88,14.6
NaN:NaN:NaN,15.5,0,-1,1.87,14.5
NaN:NaN:NaN,15.6,0,-1,1.87,14.7
NaN:NaN:NaN,15.9,0,-1,1.86,14.5
NaN:NaN:NaN,16.1,0,-1,1.85,14.5
NaN:NaN:NaN,16,0,-1,1.85,14.6
NaN:NaN:NaN,16.2,0,-1,1.84,14.5
NaN:NaN:NaN,15.8,0,-1,1.84,14.5
NaN:NaN:NaN,15.6,0,-1,1.84,14.6
NaN:NaN:NaN,15.9,0,-1,1.85,14.6
NaN:NaN:NaN,15.9,0,-1,1.85,14.6
NaN:NaN:NaN,16.1,0,-1,1.86,14.5
NaN:NaN:NaN,16.4,0,-1,1.86,14.5
NaN:NaN:NaN,15.7,0,-1,1.87,14.6
NaN:NaN:NaN,16.4,0,-1,1.87,14.5
NaN:NaN:NaN,16.6,0,-1,1.88,14.5
NaN:NaN:NaN,15.4,0,-1,1.88,14.7
NaN:NaN:NaN,15.1,0,-1,1.88,14.5
NaN:NaN:NaN,15.8,0,-1,1.88,14.6
NaN:NaN:NaN,16.5,0,-1,1.89,14.5
NaN:NaN:NaN,16.5,0,-1,1.89,14.5
NaN:NaN:NaN,16.3,0,-1,1.9,14.6
NaN:NaN:NaN,16.2,0,-1,1.9,14.5
NaN:NaN:NaN,16.2,0,-1,1.89,14.5
NaN:NaN:NaN,16.2,0,-1,1.89,14.7
NaN:NaN:NaN,15.5,0,-1,1.89,14.5
NaN:NaN:NaN,15.7,0,-1,1.89,14.6
NaN:NaN:NaN,15.8,0,-1,1.89,14.5
NaN:NaN:NaN,16.3,0,-1,1.89,14.5
NaN:NaN:NaN,16.2,0,-1,1.9,14.6
NaN:NaN:NaN,15.6,0,-1,1.9,14.6
NaN:NaN:NaN,15.9,0,-1,1.91,14.6
NaN:NaN:NaN,15.6,0,-1,1.91,14.5
NaN:NaN:NaN,15.5,0,-1,1.9,14.5
NaN:NaN:NaN,16.1,0,-1,1.9,14.6
NaN:NaN:NaN,15.7,0,-1,1.9,14.6
NaN:NaN:NaN,15.8,0,-1,1.9,14.5
NaN:NaN:NaN,16,0,-1,1.89,14.6
NaN:NaN:NaN,15.8,0,-1,1.89,14.6
NaN:NaN:NaN,15.9,0,-1,1.88,14.5
NaN:NaN:NaN,16.1,0,-1,1.88,14.5
NaN:NaN:NaN,16.2,0,-1,1.88,14.6
NaN:NaN:NaN,16.3,0,-1,1.88,14.5
NaN:NaN:NaN,16.2,0,-1,1.88,14.6
NaN:NaN:NaN,16.1,0,-1,1.88,14.6
NaN:NaN:NaN,16.5,0,-1,1.88,14.5
NaN:NaN:NaN,16.1,0,-1,1.89,14.6
NaN:NaN:NaN,15.1,0,-1,1.88,14.5
NaN:NaN:NaN,15.6,0,-1,1.88,14.6
NaN:NaN:NaN,16.1,0,-1,1.87,14.5
NaN:NaN:NaN,16.4,0,-1,1.87,14.6
NaN:NaN:NaN,16.2,0,-1,1.86,14.6
NaN:NaN:NaN,15.5,0,-1,1.86,14.5
NaN:NaN:NaN,15.7,0,-1,1.86,14.6
NaN:NaN:NaN,16.4,0,-1,1.87,14.5
NaN:NaN:NaN,16.9,0,-1,1.88,14.6
NaN:NaN:NaN,16.3,0,-1,1.88,14.5
NaN:NaN:NaN,15.7,0,-1,1.89,14.6
NaN:NaN:NaN,15.8,0,-1,1.89,14.5
NaN:NaN:NaN,16.5,0,-1,1.9,14.6
NaN:NaN:NaN,16.7,0,-1,1.9,14.6
NaN:NaN:NaN,15.9,0,-1,1.9,14.5
NaN:NaN:NaN,15.4,0,-1,1.9,14.5
NaN:NaN:NaN,16,0,-1,1.89,14.5
NaN:NaN:NaN,15.8,0,-1,1.89,14.6
NaN:NaN:NaN,16.1,0,-1,1.88,14.5
NaN:NaN:NaN,15.9,0,-1,1.87,14.6
NaN:NaN:NaN,15.9,0,-1,1.87,14.6
NaN:NaN:NaN,16.2,0,-1,1.86,14.5
NaN:NaN:NaN,16.3,0,-1,1.87,14.6
NaN:NaN:NaN,15.8,0,-1,1.87,14.5
NaN:NaN:NaN,16.1,0,-1,1.88,14.6
NaN:NaN:NaN,16.1,0,-1,1.89,14.5
NaN:NaN:NaN,15.8,0,-1,1.89,14.5
NaN:NaN:NaN,15.5,0,-1,1.89,14.6
NaN:NaN:NaN,16.5,0,-1,1.89,14.6
NaN:NaN:NaN,16.1,0,-1,1.89,14.5
NaN:NaN:NaN,16.2,0,-1,1.88,14.6
NaN:NaN:NaN,16,0,-1,1.88,14.5
NaN:NaN:NaN,16.2,0,-1,1.89,14.5
NaN:NaN:NaN,15.9,0,-1,1.89,14.6
NaN:NaN:NaN,15.8,0,-1,1.9,14.5
NaN:NaN:NaN,15.4,0,-1,1.9,14.6
NaN:NaN:NaN,16.3,0,-1,1.91,14.6
NaN:NaN:NaN,16.1,0,-1,1.9,14.5
NaN:NaN:NaN,15.9,0,-1,1.9,14.6
NaN:NaN:NaN,15.6,0,-1,1.89,14.5
NaN:NaN:NaN,15.9,0,-1,1.89,14.5
NaN:NaN:NaN,15.9,0,-1,1.88,14.6
NaN:NaN:NaN,16.6,0,-1,1.87,14.5
NaN:NaN:NaN,16.1,0,-1,1.86,14.6
NaN:NaN:NaN,15.8,0,-1,1.86,14.6
NaN:NaN:NaN,16.2,0,-1,1.86,14.5
NaN:NaN:NaN,16,0,-1,1.87,14.6
NaN:NaN:NaN,16.2,0,-1,1.87,14.5
NaN:NaN:NaN,15.9,0,-1,1.88,14.5
NaN:NaN:NaN,14.9,0,-1,1.88,14.6
NaN:NaN:NaN,15.8,0,-1,1.89,14.6
NaN:NaN:NaN,16.6,0,-1,1.9,14.5
NaN:NaN:NaN,16.3,0,-1,1.9,14.6
NaN:NaN:NaN,16.3,0,-1,1.9,14.5
NaN:NaN:NaN,16.2,0,-1,1.89,14.5
NaN:NaN:NaN,15.3,0,-1,1.89,14.6
NaN:NaN:NaN,16,0,-1,1.88,14.5
NaN:NaN:NaN,15.6,0,-1,1.88,14.6
NaN:NaN:NaN,15.6,0,-1,1.87,14.5
NaN:NaN:NaN,16.1,0,-1,1.87,14.6
NaN:NaN:NaN,16.2,0,-1,1.86,14.6
NaN:NaN:NaN,16.1,0,-1,1.85,14.5
NaN:NaN:NaN,16.5,0,-1,1.85,14.6
NaN:NaN:NaN,15.5,0,-1,1.84,14.5
NaN:NaN:NaN,15.3,0,-1,1.85,14.6
NaN:NaN:NaN,16.1,0,-1,1.86,14.5
NaN:NaN:NaN,16.6,0,-1,1.87,14.6
NaN:NaN:NaN,16.3,0,-1,1.87,14.5
NaN:NaN:NaN,15.4,0,-1,1.88,14.6
NaN:NaN:NaN,15.6,0,-1,1.88,14.6
NaN:NaN:NaN,15.5,0,-1,1.88,14.5
NaN:NaN:NaN,16.2,0,-1,1.89,14.6
NaN:NaN:NaN,16.9,0,-1,1.89,14.5
NaN:NaN:NaN,16.1,0,-1,1.89,14.5
NaN:NaN:NaN,15.4,0,-1,1.89,14.6
NaN:NaN:NaN,16.1,0,-1,1.89,14.5
NaN:NaN:NaN,16,0,-1,1.89,14.7
NaN:NaN:NaN,16.3,0,-1,1.9,14.5
NaN:NaN:NaN,15.3,0,-1,1.89,14.6
NaN:NaN:NaN,15.8,0,-1,1.89,14.5
NaN:NaN:NaN,16.7,0,-1,1.88,14.6
NaN:NaN:NaN,15.9,0,-1,1.88,14.5
NaN:NaN:NaN,15.2,0,-1,1.89,14.5
NaN:NaN:NaN,15.2,0,-1,1.9,14.6
NaN:NaN:NaN,15.5,0,-1,1.9,14.7
NaN:NaN:NaN,16.1,0,-1,1.9,14.5
NaN:NaN:NaN,16,0,-1,1.9,14.5
NaN:NaN:NaN,15.8,0,-1,1.9,14.6
NaN:NaN:NaN,15.8,0,-1,1.89,14.5
NaN:NaN:NaN,15.9,0,-1,1.88,14.6
NaN:NaN:NaN,16.1,0,-1,1.88,14.5
NaN:NaN:NaN,15.8,0,-1,1.87,14.7
NaN:NaN:NaN,15.5,0,-1,1.86,14.5
NaN:NaN:NaN,15.9,0,-1,1.86,14.6
NaN:NaN:NaN,16.3,0,-1,1.86,14.5
NaN:NaN:NaN,15.9,0,-1,1.86,14.5
NaN:NaN:NaN,16,0,-1,1.87,14.6
NaN:NaN:NaN,15.8,0,-1,1.87,14.5
NaN:NaN:NaN,15.8,0,-1,1.87,14.6
NaN:NaN:NaN,15.8,0,-1,1.87,14.6
NaN:NaN:NaN,15.9,0,-1,1.87,14.6
NaN:NaN:NaN,16.5,0,-1,1.88,14.5
NaN:NaN:NaN,16.3,0,-1,1.88,14.5
NaN:NaN:NaN,16.2,0,-1,1.89,14.6
NaN:NaN:NaN,16,0,-1,1.9,14.5
NaN:NaN:NaN,16.1,0,-1,1.9,14.6
NaN:NaN:NaN,16.1,0,-1,1.9,14.5
NaN:NaN:NaN,15.3,0,-1,1.91,14.7
NaN:NaN:NaN,15.4,0,-1,1.92,14.5
NaN:NaN:NaN,15.9,0,-1,1.92,14.6
NaN:NaN:NaN,15.8,0,-1,1.92,14.5
NaN:NaN:NaN,15.9,0,-1,1.91,14.6
NaN:NaN:NaN,15.8,0,-1,1.91,14.5
NaN:NaN:NaN,15,0,-1,1.92,14.5
NaN:NaN:NaN,16.5,0,-1,1.91,14.6
NaN:NaN:NaN,16.1,0,-1,1.91,14.6
NaN:NaN:NaN,15.7,0,-1,1.92,14.6
NaN:NaN:NaN,15.7,0,-1,1.93,14.5
NaN:NaN:NaN,15.8,0,-1,1.93,14.6
NaN:NaN:NaN,15.9,0,-1,1.94,14.5
NaN:NaN:NaN,16.6,0,-1,1.94,14.5
NaN:NaN:NaN,16.1,0,-1,1.94,14.6
NaN:NaN:NaN,15.5,0,-1,1.94,14.6
NaN:NaN:NaN,15.7,0,-1,1.93,14.5
NaN:NaN:NaN,15.8,0,-1,1.93,14.6
NaN:NaN:NaN,16.2,0,-1,1.93,14.5
NaN:NaN:NaN,15.8,0,-1,1.92,14.6
NaN:NaN:NaN,15.5,0,-1,1.92,14.5
NaN:NaN:NaN,16.1,0,-1,1.93,14.5
NaN:NaN:NaN,16.4,0,-1,1.93,14.6
NaN:NaN:NaN,15.9,0,-1,1.93,14.5
NaN:NaN:NaN,15.7,0,-1,1.94,14.7
NaN:NaN:NaN,15.3,0,-1,1.94,14.5
NaN:NaN:NaN,15.8,0,-1,1.94,14.5
NaN:NaN:NaN,15.4,0,-1,1.94,14.6
NaN:NaN:NaN,16.3,0,-1,1.93,14.5
NaN:NaN:NaN,16.2,0,-1,1.93,14.6
NaN:NaN:NaN,15.9,0,-1,1.93,14.5
NaN:NaN:NaN,16.2,0,-1,1.92,14.5
NaN:NaN:NaN,15.9,0,-1,1.92,14.6
NaN:NaN:NaN,15.7,0,-1,1.91,14.6
NaN:NaN:NaN,16.2,0,-1,1.9,14.6
NaN:NaN:NaN,16.2,0,-1,1.9,14.5
NaN:NaN:NaN,16.1,0,-1,1.89,14.5
NaN:NaN:NaN,15.9,0,-1,1.88,14.6
NaN:NaN:NaN,16.5,0,-1,1.88,14.5
NaN:NaN:NaN,15.9,0,-1,1.88,14.5
NaN:NaN:NaN,16.2,0,-1,1.89,14.6
NaN:NaN:NaN,16,0,-1,1.9,14.5
NaN:NaN:NaN,16.5,0,-1,1.9,14.7
NaN:NaN:NaN,16.3,0,-1,1.91,14.5
NaN:NaN:NaN,15.7,0,-1,1.91,14.5
NaN:NaN:NaN,16.2,0,-1,1.9,14.5
NaN:NaN:NaN,16.2,0,-1,1.89,14.6
NaN:NaN:NaN,16.3,0,-1,1.89,14.5
NaN:NaN:NaN,16.5,0,-1,1.88,14.5
NaN:NaN:NaN,15.9,0,-1,1.88,14.6
NaN:NaN:NaN,15.8,0,-1,1.87,14.5
NaN:NaN:NaN,16.2,0,-1,1.86,14.5
NaN:NaN:NaN,16,0,-1,1.86,14.6
NaN:NaN:NaN,15.6,0,-1,1.87,14.6
NaN:NaN:NaN,16.1,0,-1,1.87,14.6
NaN:NaN:NaN,16.1,0,-1,1.88,14.5
NaN:NaN:NaN,15.4,0,-1,1.89,14.5
NaN:NaN:NaN,15.5,0,-1,1.89,14.5
NaN:NaN:NaN,15.7,0,-1,1.9,14.6
NaN:NaN:NaN,15.6,0,-1,1.91,14.5
NaN:NaN:NaN,15.8,0,-1,1.91,14.5
NaN:NaN:NaN,15.8,0,-1,1.92,14.6
NaN:NaN:NaN,15.5,0,-1,1.92,14.6
NaN:NaN:NaN,16.2,0,-1,1.91,14.6
NaN:NaN:NaN,15.7,0,-1,1.91,14.5
NaN:NaN:NaN,15.8,0,-1,1.92,14.5
NaN:NaN:NaN,16,0,-1,1.92,14.6
NaN:NaN:NaN,15.9,0,-1,1.92,14.5
NaN:NaN:NaN,15.1,0,-1,1.93,14.6
NaN:NaN:NaN,15.5,0,-1,1.93,14.6
NaN:NaN:NaN,16.4,0,-1,1.93,14.6
NaN:NaN:NaN,16.6,0,-1,1.93,14.5
NaN:NaN:NaN,15.8,0,-1,1.93,14.5
NaN:NaN:NaN,15.1,0,-1,1.93,14.6
NaN:NaN:NaN,16.5,0,-1,1.92,14.5
NaN:NaN:NaN,16.5,0,-1,1.92,14.5
NaN:NaN:NaN,16.5,0,-1,1.92,14.6
NaN:NaN:NaN,16,0,-1,1.91,14.5
NaN:NaN:NaN,15.9,0,-1,1.9,14.6
NaN:NaN:NaN,16.2,0,-1,1.9,14.6
NaN:NaN:NaN,16,0,-1,1.89,14.5
NaN:NaN:NaN,15.9,0,-1,1.88,14.6
NaN:NaN:NaN,15.7,0,-1,1.87,14.5
NaN:NaN:NaN,16.2,0,-1,1.87,14.5
NaN:NaN:NaN,16.6,0,-1,1.87,14.6
NaN:NaN:NaN,16.5,0,-1,1.88,14.5
NaN:NaN:NaN,15.8,0,-1,1.89,14.5
NaN:NaN:NaN,15.9,0,-1,1.89,14.7
NaN:NaN:NaN,16.5,0,-1,1.9,14.5
NaN:NaN:NaN,16.3,0,-1,1.9,14.5
NaN:NaN:NaN,16.2,0,-1,1.9,14.6
NaN:NaN:NaN,16.2,0,-1,1.9,14.5
NaN:NaN:NaN,16.1,0,-1,1.9,14.6
NaN:NaN:NaN,16.2,0,-1,1.9,14.5
NaN:NaN:NaN,16.2,0,-1,1.89,14.5
NaN:NaN:NaN,15.8,0,-1,1.89,14.6
NaN:NaN:NaN,15.9,0,-1,1.88,14.5
NaN:NaN:NaN,16.2,0,-1,1.87,14.7
NaN:NaN:NaN,16.6,0,-1,1.87,14.5
NaN:NaN:NaN,16.1,0,-1,1.87,14.5
NaN:NaN:NaN,15.9,0,-1,1.88,14.6
NaN:NaN:NaN,16.2,0,-1,1.89,14.5
NaN:NaN:NaN,15.7,0,-1,1.89,14.6
NaN:NaN:NaN,16,0,-1,1.9,14.5
NaN:NaN:NaN,16.5,0,-1,1.9,14.5
NaN:NaN:NaN,16.2,0,-1,1.9,14.6
NaN:NaN:NaN,15.5,0,-1,1.9,14.6
NaN:NaN:NaN,15.6,0,-1,1.89,14.5
NaN:NaN:NaN,16.5,0,-1,1.89,14.6
NaN:NaN:NaN,16.6,0,-1,1.88,14.5
NaN:NaN:NaN,15.7,0,-1,1.88,14.6
NaN:NaN:NaN,15.9,0,-1,1.87,14.5
NaN:NaN:NaN,15.6,0,-1,1.86,14.6
NaN:NaN:NaN,16.5,0,-1,1.85,14.5
NaN:NaN:NaN,15.9,0,-1,1.85,14.6
NaN:NaN:NaN,15.6,0,-1,1.85,14.6
NaN:NaN:NaN,15.2,0,-1,1.86,14.5
NaN:NaN:NaN,15.7,0,-1,1.87,14.6
NaN:NaN:NaN,16.2,0,-1,1.88,14.5
NaN:NaN:NaN,15.8,0,-1,1.88,14.5
NaN:NaN:NaN,16.2,0,-1,1.88,14.6
NaN:NaN:NaN,15.6,0,-1,1.89,14.5
NaN:NaN:NaN,15.9,0,-1,1.9,14.7
NaN:NaN:NaN,16.9,0,-1,1.9,14.5
NaN:NaN:NaN,16.1,0,-1,1.89,14.5
NaN:NaN:NaN,15.8,0,-1,1.89,14.6
NaN:NaN:NaN,15.5,0,-1,1.88,14.5
NaN:NaN:NaN,16.3,0,-1,1.87,14.6
NaN:NaN:NaN,16.5,0,-1,1.86,14.5
NaN:NaN:NaN,15.8,0,-1,1.86,14.6
NaN:NaN:NaN,15.8,0,-1,1.87,14.6
NaN:NaN:NaN,15.5,0,-1,1.88,14.6
NaN:NaN:NaN,14.9,0,-1,1.89,14.7
NaN:NaN:NaN,16.7,0,-2,1.89,14.3
NaN:NaN:NaN,15,0,-2,1.9,14.6
NaN:NaN:NaN,15.2,0,-2,1.9,14.5
NaN:NaN:NaN,16.2,0,-2,1.9,14.5
NaN:NaN:NaN,16.2,0,-2,1.9,14.7
NaN:NaN:NaN,16.1,0,-2,1.91,14.5
NaN:NaN:NaN,15.8,0,-2,1.9,14.6
NaN:NaN:NaN,15.7,0,-2,1.9,14.5
NaN:NaN:NaN,16.3,0,-2,1.89,14.6
NaN:NaN:NaN,16.1,0,-2,1.89,14.5
NaN:NaN:NaN,16.4,0,-2,1.88,14.6
NaN:NaN:NaN,15.6,0,-2,1.89,14.5
NaN:NaN:NaN,15.8,0,-2,1.89,14.5
NaN:NaN:NaN,15.8,0,-2,1.88,14.7
NaN:NaN:NaN,16.1,0,-2,1.88,14.5
NaN:NaN:NaN,16.7,0,-2,1.88,14.6
NaN:NaN:NaN,16.1,0,-2,1.88,14.5
NaN:NaN:NaN,15.9,0,-2,1.87,14.5
NaN:NaN:NaN,15.8,0,-2,1.87,14.6
NaN:NaN:NaN,15.8,0,-2,1.87,14.5
NaN:NaN:NaN,16.5,0,-2,1.87,14.6
NaN:NaN:NaN,15.7,0,-2,1.87,14.6
NaN:NaN:NaN,15.9,0,-2,1.87,14.5
NaN:NaN:NaN,15.9,0,-2,1.87,14.6
NaN:NaN:NaN,16.3,0,-2,1.88,14.6
NaN:NaN:NaN,15.7,0,-2,1.88,14.5
NaN:NaN:NaN,14.9,0,-2,1.88,14.5
NaN:NaN:NaN,15,0,-2,1.89,14.6
NaN:NaN:NaN,16,0,-2,1.89,14.5
NaN:NaN:NaN,16.6,0,-2,1.89,14.7
NaN:NaN:NaN,16,0,-2,1.89,14.5
NaN:NaN:NaN,15.8,0,-2,1.89,14.5
NaN:NaN:NaN,15.8,0,-2,1.89,14.6
NaN:NaN:NaN,15.6,0,-2,1.89,14.5
NaN:NaN:NaN,15.5,0,-2,1.88,14.6
NaN:NaN:NaN,15.6,0,-2,1.88,14.5
NaN:NaN:NaN,15.6,0,-2,1.88,14.5
NaN:NaN:NaN,15.8,0,-2,1.88,14.6
NaN:NaN:NaN,15.6,0,-2,1.88,14.6
NaN:NaN:NaN,15.9,0,-2,1.88,14.6
NaN:NaN:NaN,15.8,0,-2,1.87,14.5
NaN:NaN:NaN,15.5,0,-2,1.87,14.5
NaN:NaN:NaN,16.2,0,-2,1.87,14.6
NaN:NaN:NaN,16.2,0,-2,1.87,14.5
NaN:NaN:NaN,15.8,0,-2,1.87,14.6
NaN:NaN:NaN,15.9,0,-2,1.87,14.5
NaN:NaN:NaN,15.6,0,-2,1.86,14.7
NaN:NaN:NaN,15.6,0,-2,1.86,14.5
NaN:NaN:NaN,15.8,0,-2,1.86,14.6
NaN:NaN:NaN,15.6,0,-2,1.86,14.5
NaN:NaN:NaN,16.1,0,-2,1.85,14.5
NaN:NaN:NaN,16.3,0,-2,1.85,14.6
NaN:NaN:NaN,16.1,0,-2,1.85,14.5
NaN:NaN:NaN,15.8,0,-2,1.85,14.6
NaN:NaN:NaN,15.5,0,-2,1.85,14.7
NaN:NaN:NaN,16.2,0,-2,1.85,14.5
NaN:NaN:NaN,15.8,0,-2,1.85,14.5
NaN:NaN:NaN,15.6,0,-2,1.84,14.6
NaN:NaN:NaN,16,0,-2,1.83,14.5
NaN:NaN:NaN,16.2,0,-2,1.83,14.6
NaN:NaN:NaN,15.9,0,-2,1.83,14.5
NaN:NaN:NaN,13.2,0,-2,1.82,14.8
NaN:NaN:NaN,14.5,0,-2,1.82,14.5
NaN:NaN:NaN,15.6,0,-2,1.81,14.5
NaN:NaN:NaN,16.4,0,-2,1.81,14.6
NaN:NaN:NaN,15.8,0,-2,1.81,14.5
NaN:NaN:NaN,15.8,0,-2,1.8,14.5
NaN:NaN:NaN,15.7,0,-2,1.8,14.6
NaN:NaN:NaN,15.8,0,-2,1.79,14.5
NaN:NaN:NaN,15.3,0,-2,1.79,14.7
NaN:NaN:NaN,14.1,0,-2,1.79,14.5
NaN:NaN:NaN,14.6,0,-2,1.79,14.6
NaN:NaN:NaN,16.2,0,-2,1.79,14.5
NaN:NaN:NaN,16.1,0,-2,1.79,14.6
NaN:NaN:NaN,15.3,0,-2,1.79,14.5
NaN:NaN:NaN,14.6,0,-2,1.8,14.6
NaN:NaN:NaN,15.5,0,-2,1.8,14.5
NaN:NaN:NaN,16.1,0,-2,1.79,14.7
NaN:NaN:NaN,15.5,0,-2,1.79,14.6
NaN:NaN:NaN,15.5,0,-2,1.79,14.5
NaN:NaN:NaN,15.4,0,-2,1.79,14.5
NaN:NaN:NaN,14.9,0,-2,1.79,14.6
NaN:NaN:NaN,15,0,-2,1.79,14.5
NaN:NaN:NaN,15.2,0,-2,1.79,14.6
NaN:NaN:NaN,14.8,0,-2,1.79,14.6
NaN:NaN:NaN,14.6,0,-2,1.79,14.6
NaN:NaN:NaN,14.9,0,-2,1.79,14.6
NaN:NaN:NaN,15.3,0,-2,1.79,14.5
NaN:NaN:NaN,15.5,0,-2,1.79,14.6
NaN:NaN:NaN,14.7,0,-2,1.79,14.5
NaN:NaN:NaN,14.3,0,-2,1.79,14.5
NaN:NaN:NaN,14.4,0,-2,1.79,14.6
NaN:NaN:NaN,14.9,0,-2,1.79,14.5
NaN:NaN:NaN,15,0,-2,1.79,14.7
NaN:NaN:NaN,14.9,0,-2,1.79,14.6
NaN:NaN:NaN,14.6,0,-2,1.79,14.5
NaN:NaN:NaN,14.7,0,-2,1.79,14.5
NaN:NaN:NaN,15.4,0,-2,1.79,14.6
NaN:NaN:NaN,15,0,-2,1.79,14.5
NaN:NaN:NaN,14.7,0,-2,1.79,14.7
NaN:NaN:NaN,14.5,0,-2,1.79,14.5
NaN:NaN:NaN,15,0,-2,1.79,14.6
NaN:NaN:NaN,15,0,-2,1.79,14.5
NaN:NaN:NaN,14.9,0,-2,1.79,14.5
NaN:NaN:NaN,14.2,0,-2,1.79,14.6
NaN:NaN:NaN,14.7,0,-2,1.79,14.5
NaN:NaN:NaN,15.3,0,-2,1.79,14.6
NaN:NaN:NaN,14.7,0,-2,1.79,14.5
NaN:NaN:NaN,14.3,0,-2,1.8,14.5
NaN:NaN:NaN,15.2,0,-2,1.8,14.7
NaN:NaN:NaN,14.8,0,-2,1.8,14.5
NaN:NaN:NaN,15.1,0,-2,1.8,14.6
NaN:NaN:NaN,15,0,-2,1.79,14.5
NaN:NaN:NaN,14.7,0,-2,1.79,14.6
NaN:NaN:NaN,15.5,0,-2,1.79,14.5
NaN:NaN:NaN,15.5,0,-2,1.79,14.6
NaN:NaN:NaN,14.8,0,-2,1.79,14.5
NaN:NaN:NaN,15,0,-2,1.79,14.5
NaN:NaN:NaN,15.1,0,-2,1.79,14.7
NaN:NaN:NaN,15.3,0,-2,1.79,14.5
NaN:NaN:NaN,14.8,0,-2,1.8,14.6
NaN:NaN:NaN,15.3,0,-2,1.8,14.5
NaN:NaN:NaN,15.6,0,-2,1.8,14.5
NaN:NaN:NaN,14.9,0,-2,1.8,14.6
NaN:NaN:NaN,14.3,0,-2,1.8,14.5
NaN:NaN:NaN,14.7,0,-2,1.8,14.7
NaN:NaN:NaN,15.4,0,-2,1.8,14.5
NaN:NaN:NaN,15.5,0,-2,1.8,14.6
NaN:NaN:NaN,15.3,0,-2,1.8,14.5
NaN:NaN:NaN,14.4,0,-2,1.8,14.6
NaN:NaN:NaN,14.5,0,-2,1.8,14.5
NaN:NaN:NaN,15.2,0,-2,1.8,14.6
NaN:NaN:NaN,15,0,-2,1.8,14.5
NaN:NaN:NaN,15.3,0,-2,1.8,14.6
NaN:NaN:NaN,14.7,0,-2,1.8,14.6
NaN:NaN:NaN,15.4,0,-2,1.8,14.5
NaN:NaN:NaN,14.7,0,-2,1.8,14.6
NaN:NaN:NaN,15.2,0,-2,1.8,14.6
NaN:NaN:NaN,14.5,0,-2,1.8,14.5
NaN:NaN:NaN,14.1,0,-2,1.8,14.6
NaN:NaN:NaN,14,0,-2,1.8,14.5
NaN:NaN:NaN,14.6,0,-2,1.8,14.7
NaN:NaN:NaN,14.7,0,-2,1.8,14.5
NaN:NaN:NaN,14.4,0,-2,1.8,14.6
NaN:NaN:NaN,14,0,-2,1.8,14.6
NaN:NaN:NaN,14.2,0,-2,1.8,14.6
NaN:NaN:NaN,14.5,0,-2,1.8,14.5
NaN:NaN:NaN,14.9,0,-2,1.8,14.7
NaN:NaN:NaN,13.7,0,-2,1.8,14.6
NaN:NaN:NaN,13.4,0,-2,1.8,14.6
NaN:NaN:NaN,13.7,0,-2,1.8,14.5
NaN:NaN:NaN,13.9,0,-2,1.8,14.6
NaN:NaN:NaN,14.6,0,-2,1.8,14.7
NaN:NaN:NaN,14,0,-2,1.8,14.6
NaN:NaN:NaN,13.6,0,-2,1.8,14.5
NaN:NaN:NaN,13.2,0,-2,1.8,14.6
NaN:NaN:NaN,14.2,0,-2,1.8,14.6
NaN:NaN:NaN,14.5,0,-2,1.8,14.7
NaN:NaN:NaN,14.3,0,-2,1.8,14.6
NaN:NaN:NaN,13.9,0,-2,1.8,14.6
NaN:NaN:NaN,13.6,0,-2,1.8,14.6
NaN:NaN:NaN,13.2,0,-2,1.8,14.5
NaN:NaN:NaN,13.8,0,-2,1.8,14.7
NaN:NaN:NaN,13.9,0,-2,1.8,14.6
NaN:NaN:NaN,13.5,0,-2,1.8,14.6
NaN:NaN:NaN,13,0,-2,1.8,14.6
NaN:NaN:NaN,13,0,-2,1.8,14.6
NaN:NaN:NaN,13.4,0,-2,1.8,14.7
NaN:NaN:NaN,13.4,0,-2,1.8,14.5
NaN:NaN:NaN,13.2,0,-2,1.8,14.7
NaN:NaN:NaN,12.9,0,-2,1.8,14.6
NaN:NaN:NaN,12.9,0,-2,1.81,14.7
NaN:NaN:NaN,13,0,-2,1.81,14.6
NaN:NaN:NaN,12.9,0,-2,1.81,14.6
NaN:NaN:NaN,12.9,0,-2,1.81,14.6
NaN:NaN:NaN,12.7,0,-2,1.81,14.6
NaN:NaN:NaN,13.1,0,-2,1.8,14.7
NaN:NaN:NaN,12.7,0,-2,1.8,14.6
NaN:NaN:NaN,12.6,0,-2,1.8,14.6
NaN:NaN:NaN,12,0,-2,1.8,14.8
NaN:NaN:NaN,12.4,0,-2,1.81,14.6
NaN:NaN:NaN,12.8,0,-2,1.81,14.6
NaN:NaN:NaN,12.4,0,-2,1.81,14.6
NaN:NaN:NaN,11.9,0,-2,1.81,14.7
NaN:NaN:NaN,12.1,0,-2,1.8,14.6
NaN:NaN:NaN,12.1,0,-2,1.8,14.6
NaN:NaN:NaN,12.6,0,-2,1.8,14.7
NaN:NaN:NaN,12.9,0,-2,1.8,14.7
NaN:NaN:NaN,12.4,0,-2,1.8,14.6
NaN:NaN:NaN,12.3,0,-2,1.8,14.6
NaN:NaN:NaN,12.4,0,-2,1.8,14.7
NaN:NaN:NaN,12.5,0,-2,1.8,14.7
NaN:NaN:NaN,12.1,0,-2,1.8,14.6
NaN:NaN:NaN,12.6,0,-2,1.8,14.6
NaN:NaN:NaN,12.7,0,-2,1.8,14.7
NaN:NaN:NaN,12.6,0,-2,1.8,14.7
NaN:NaN:NaN,12.2,0,-2,1.8,14.6
NaN:NaN:NaN,12.5,0,-2,1.8,14.6
NaN:NaN:NaN,12.5,0,-2,1.79,14.7
NaN:NaN:NaN,12.3,0,-2,1.76,14.6
NaN:NaN:NaN,12.1,0,-2,1.74,14.7
NaN:NaN:NaN,11.9,0,-2,1.72,14.7
NaN:NaN:NaN,12.7,0,-2,1.7,14.6
NaN:NaN:NaN,12.6,0,-2,1.71,14.6
NaN:NaN:NaN,11.8,0,-2,1.76,14.7
NaN:NaN:NaN,11.7,0,-2,1.77,14.7
NaN:NaN:NaN,12.3,0,-2,1.75,14.6
NaN:NaN:NaN,12.3,0,-2,1.71,14.6
NaN:NaN:NaN,12.3,0,-2,1.56,14.7
NaN:NaN:NaN,12.6,0,-2,1.28,14.6
NaN:NaN:NaN,12.7,0,-2,1.07,14.6
NaN:NaN:NaN,12.6,0,-2,0.95,14.6
NaN:NaN:NaN,12.5,0,-2,0.91,14.7
NaN:NaN:NaN,12.8,0,-2,0.92,14.7
NaN:NaN:NaN,13,0,-2,0.92,14.6
NaN:NaN:NaN,12.7,0,-2,0.92,14.5
NaN:NaN:NaN,12.7,0,-2,0.94,14.6
NaN:NaN:NaN,12.6,0,-2,0.94,14.8
NaN:NaN:NaN,12.8,0,-2,0.95,14.6
NaN:NaN:NaN,12.3,0,-2,0.95,14.6
NaN:NaN:NaN,13,0,-2,0.93,14.6
NaN:NaN:NaN,13.4,0,-2,0.92,14.7
NaN:NaN:NaN,12.8,0,-2,0.95,14.6
NaN:NaN:NaN,12.3,0,-2,0.97,14.6
NaN:NaN:NaN,12.1,0,-2,0.97,14.6
NaN:NaN:NaN,13.4,0,-2,0.97,14.6
NaN:NaN:NaN,12.9,0,-2,0.98,14.7
NaN:NaN:NaN,12.9,0,-2,0.98,14.6
NaN:NaN:NaN,13.3,0,-2,0.98,14.6
NaN:NaN:NaN,12.5,0,-2,0.98,14.6
NaN:NaN:NaN,12,0,-2,0.98,14.7
NaN:NaN:NaN,12.7,0,-2,0.98,14.6
NaN:NaN:NaN,12.9,0,-2,0.98,14.6
NaN:NaN:NaN,12.7,0,-2,0.98,14.6
NaN:NaN:NaN,12.9,0,-2,0.98,14.7
NaN:NaN:NaN,12.4,0,-2,0.98,14.6
NaN:NaN:NaN,12.3,0,-2,0.98,14.6
NaN:NaN:NaN,12.4,0,-2,0.98,14.6
NaN:NaN:NaN,12,0,-2,0.98,14.7
NaN:NaN:NaN,13,0,-2,0.99,14.6
NaN:NaN:NaN,13.7,0,-2,0.99,14.6
NaN:NaN:NaN,13.6,0,-2,0.99,14.6
NaN:NaN:NaN,13.4,0,-2,0.99,14.6
NaN:NaN:NaN,12.4,0,-2,0.99,14.7
NaN:NaN:NaN,12.4,0,-2,0.98,14.6
NaN:NaN:NaN,12.9,0,-2,0.98,14.6
NaN:NaN:NaN,12.8,0,-2,0.98,14.6
NaN:NaN:NaN,12.4,0,-2,0.98,14.7
NaN:NaN:NaN,12.9,0,-2,0.98,14.6
NaN:NaN:NaN,12.7,0,-2,0.98,14.7
NaN:NaN:NaN,11.9,0,-2,0.98,14.7
NaN:NaN:NaN,11.6,0,-2,0.99,14.6
NaN:NaN:NaN,12.2,0,-2,0.99,14.6
NaN:NaN:NaN,12.5,0,-2,0.99,14.6
NaN:NaN:NaN,12.2,0,-2,0.99,14.7
NaN:NaN:NaN,11.2,0,-2,0.99,14.6
NaN:NaN:NaN,11.4,0,-2,0.99,14.7
NaN:NaN:NaN,11.8,0,-2,0.99,14.6
NaN:NaN:NaN,12.1,0,-2,0.99,14.7
NaN:NaN:NaN,12.4,0,-2,0.99,14.6
NaN:NaN:NaN,12,0,-2,0.99,14.6
NaN:NaN:NaN,11.5,0,-2,1,14.7
NaN:NaN:NaN,11.5,0,-2,1,14.7
NaN:NaN:NaN,11.7,0,-2,0.99,14.6
NaN:NaN:NaN,11.7,0,-2,0.99,14.7
NaN:NaN:NaN,12.1,0,-2,1,14.7
NaN:NaN:NaN,12.1,0,-2,1,14.6
NaN:NaN:NaN,11.6,0,-2,1,14.7
NaN:NaN:NaN,10.9,0,-2,0.99,14.7
NaN:NaN:NaN,10.7,0,-2,0.99,14.6
NaN:NaN:NaN,11.2,0,-2,0.99,14.7
NaN:NaN:NaN,11.6,0,-2,0.99,14.6
NaN:NaN:NaN,11.4,0,-2,1,14.7
NaN:NaN:NaN,11.1,0,-2,1,14.7
NaN:NaN:NaN,11.1,0,-2,1,14.6
NaN:NaN:NaN,10.2,0,-2,1,14.7
NaN:NaN:NaN,7.6,0,-2,0.99,14.6
NaN:NaN:NaN,-3.6,0,-2,1,6.6
NaN:NaN:NaN,-6.3,0,-2,1,0
NaN:NaN:NaN,-6.2,0,-2,1,0
NaN:NaN:NaN,-6.2,0,-2,1,0
NaN:NaN:NaN,-6.1,0,-2,1,0
NaN:NaN:NaN,-6.1,0,-2,0.99,0
NaN:NaN:NaN,-6.1,0,-2,0.99,0
NaN:NaN:NaN,-6.1,0,-2,0.99,0
NaN:NaN:NaN,-6.1,0,-2,0.99,0
NaN:NaN:NaN,-6.1,0,-2,0.99,0
NaN:NaN:NaN,-6.1,0,-2,1,0
NaN:NaN:NaN,-6.1,0,-2,1,0
NaN:NaN:NaN,-6.1,0,-2,1,0
NaN:NaN:NaN,-6.1,0,-2,1,0
NaN:NaN:NaN,-6.1,0,-2,0.99,0
NaN:NaN:NaN,-6.1,0,-2,0.99,0
NaN:NaN:NaN,-6.1,0,-2,0.99,0
NaN:NaN:NaN,-6.1,0,-2,0.99,0
NaN:NaN:NaN,-6.1,0,-2,0.99,0
NaN:NaN:NaN,-6.1,0,-2,0.99,0
NaN:NaN:NaN,-6.1,0,-2,0.99,0
NaN:NaN:NaN,-6.1,0,-2,0.99,0
NaN:NaN:NaN,-6.1,0,-2,0.98,0
NaN:NaN:NaN,-6.1,0,-2,0.98,0
NaN:NaN:NaN,-6.1,0,-2,0.99,0
NaN:NaN:NaN,-6,0,-2,0.99,0
NaN:NaN:NaN,-6,0,-2,0.99,0
NaN:NaN:NaN,-6,0,-2,0.98,0
NaN:NaN:NaN,-6,0,-2,0.99,0
NaN:NaN:NaN,-6,0,-2,0.99,0
NaN:NaN:NaN,-6,0,-2,0.99,0
NaN:NaN:NaN,-6,0,-2,0.99,0
NaN:NaN:NaN,-6,0,-2,0.98,0
NaN:NaN:NaN,-6,0,-2,0.98,0
NaN:NaN:NaN,-6,0,-2,0.98,0
NaN:NaN:NaN,-6,0,-2,0.98,0
NaN:NaN:NaN,-6,0,-2,0.98,0
NaN:NaN:NaN,-6,0,-2,0.98,0
NaN:NaN:NaN,-6,0,-2,0.99,0
NaN:NaN:NaN,-6,0,-2,0.99,0
NaN:NaN:NaN,-6,0,-2,0.99,0
NaN:NaN:NaN,-6,0,-2,0.99,0
NaN:NaN:NaN,-6,0,-2,1,0
NaN:NaN:NaN,-6,0,-2,1,0
NaN:NaN:NaN,-6,0,-2,1,0
NaN:NaN:NaN,-6,0,-2,1,0
NaN:NaN:NaN,-6,0,-2,1,0
NaN:NaN:NaN,-6,0,-2,1,0
NaN:NaN:NaN,-6,0,-2,1,0
NaN:NaN:NaN,-6,0,-2,1,0
NaN:NaN:NaN,-6,0,-2,1,0
NaN:NaN:NaN,-6,0,-2,1,0
NaN:NaN:NaN,-6,0,-2,1,0
NaN:NaN:NaN,-6,0,-2,1,0
NaN:NaN:NaN,-6,0,-2,1,0
NaN:NaN:NaN,-6,0,-2,1,0
NaN:NaN:NaN,-6,0,-2,1,0
NaN:NaN:NaN,-6,0,-2,1,0
NaN:NaN:NaN,-6,0,-2,1,0
NaN:NaN:NaN,-6,0,-2,1,0
NaN:NaN:NaN,-5.9,0,-2,1,0
NaN:NaN:NaN,-5.7,0,-2,0.99,0
NaN:NaN:NaN,-5.6,0,-2,0.99,0
NaN:NaN:NaN,-5.6,0,-2,0.99,0
NaN:NaN:NaN,-5.6,0,0,1,0
NaN:NaN:NaN,-5.6,0,0,1,0
NaN:NaN:NaN,-5.6,0,0,0.99,0
NaN:NaN:NaN,-5.6,0,0,0.99,0
NaN:NaN:NaN,-5.6,0,0,0.99,0
NaN:NaN:NaN,-5.6,0,0,0.99,0
NaN:NaN:NaN,-5.6,0,0,0.99,0
NaN:NaN:NaN,-5.6,0,0,0.99,0
NaN:NaN:NaN,-5.6,0,0,0.98,0
NaN:NaN:NaN,-5.6,0,0,0.99,0
NaN:NaN:NaN,-5.6,0,0,0.99,0
NaN:NaN:NaN,-5.6,0,0,0.99,0
NaN:NaN:NaN,-5.6,0,0,0.99,0
NaN:NaN:NaN,-5.6,0,0,0.99,0
NaN:NaN:NaN,-5.6,0,0,0.99,0
NaN:NaN:NaN,-5.6,0,0,0.98,0
NaN:NaN:NaN,-5.6,0,0,0.98,0
NaN:NaN:NaN,-5.6,0,0,0.99,0
NaN:NaN:NaN,-5.7,0,0,0.99,0
NaN:NaN:NaN,-5.7,0,0,0.98,0
NaN:NaN:NaN,-5.6,0,0,0.98,0
NaN:NaN:NaN,-5.6,0,0,0.98,0
NaN:NaN:NaN,-4.5,0,0,0.98,1
NaN:NaN:NaN,-3.8,0,0,0.98,3.8
NaN:NaN:NaN,-4.2,0,0,0.98,3.7
NaN:NaN:NaN,-3.9,0,0,0.98,3.7
NaN:NaN:NaN,-4.1,0,0,0.97,3.7
NaN:NaN:NaN,-4.1,0,0,0.97,3.7
NaN:NaN:NaN,-4.2,0,0,0.97,3.8
NaN:NaN:NaN,-4.3,0,0,0.97,3.7
NaN:NaN:NaN,-4.3,0,0,0.97,3.8
NaN:NaN:NaN,-4.4,0,0,0.96,3.7
NaN:NaN:NaN,-4.5,0,0,0.96,3.8
NaN:NaN:NaN,-4.4,0,0,0.96,3.8
NaN:NaN:NaN,-4.4,0,0,0.95,3.8
NaN:NaN:NaN,-4.3,0,0,0.95,3.8
NaN:NaN:NaN,-3.4,0,0,0.96,4.8
NaN:NaN:NaN,-3.5,0,0,0.97,4.7
NaN:NaN:NaN,-3.4,0,0,0.97,4.8
NaN:NaN:NaN,-3.4,0,0,0.97,4.8
NaN:NaN:NaN,-3.4,0,0,0.96,4.8
NaN:NaN:NaN,-3.4,0,0,0.96,4.8
NaN:NaN:NaN,-3.4,0,0,0.96,4.7
NaN:NaN:NaN,-3.4,0,0,0.96,4.8
NaN:NaN:NaN,-3.5,0,0,0.96,4.8
NaN:NaN:NaN,-3.5,0,0,0.96,4.7
NaN:NaN:NaN,-3.6,0,0,0.96,4.8
NaN:NaN:NaN,-3.6,0,0,0.96,4.8
NaN:NaN:NaN,-3.7,0,0,0.96,4.8
NaN:NaN:NaN,-3.8,0,0,0.97,4.7
NaN:NaN:NaN,-3.8,0,0,0.97,4.8
NaN:NaN:NaN,-3.9,0,0,0.96,4.8
NaN:NaN:NaN,-4,0,0,0.96,4.8
NaN:NaN:NaN,-4.1,0,0,0.96,4.8
NaN:NaN:NaN,-4.2,0,0,0.96,4.7
NaN:NaN:NaN,-4.3,0,0,0.96,4.8
NaN:NaN:NaN,-4.4,0,0,0.96,4.8
NaN:NaN:NaN,-4.5,0,0,0.96,4.8
NaN:NaN:NaN,-4.6,0,0,0.97,4.8
NaN:NaN:NaN,-4.6,0,0,0.97,4.8
NaN:NaN:NaN,-4.7,0,0,0.97,4.8
NaN:NaN:NaN,-4.8,0,0,0.96,4.8
NaN:NaN:NaN,-4.8,0,0,0.96,4.8
NaN:NaN:NaN,-4.8,0,0,0.96,4.8
NaN:NaN:NaN,-4.8,0,0,0.96,4.8
NaN:NaN:NaN,-4.8,0,0,0.96,4.8
NaN:NaN:NaN,-4.8,0,0,0.97,4.8
NaN:NaN:NaN,-4.8,0,0,0.97,4.8
NaN:NaN:NaN,-4.9,0,0,0.96,4.8
NaN:NaN:NaN,-4.9,0,0,0.97,4.8
NaN:NaN:NaN,-4.9,0,0,0.97,4.8
NaN:NaN:NaN,-4.9,0,0,0.97,4.8
NaN:NaN:NaN,-4.9,0,0,0.96,4.8
NaN:NaN:NaN,-4.9,0,0,0.96,4.8
NaN:NaN:NaN,-4.9,0,0,0.96,4.8
NaN:NaN:NaN,-5,0,0,0.96,4.8
NaN:NaN:NaN,-5,0,0,0.96,4.8
NaN:NaN:NaN,-4.9,0,0,0.96,4.8
NaN:NaN:NaN,-5,0,0,0.96,4.8
NaN:NaN:NaN,-5,0,0,0.96,4.8
NaN:NaN:NaN,-5,0,0,0.96,4.8
NaN:NaN:NaN,-5,0,0,0.96,4.8
NaN:NaN:NaN,-5,0,0,0.96,4.8
NaN:NaN:NaN,-5,0,0,0.97,4.8
NaN:NaN:NaN,-5,0,0,0.96,4.8
NaN:NaN:NaN,-4.9,0,0,0.96,4.8
NaN:NaN:NaN,-5,0,0,0.96,4.8
NaN:NaN:NaN,-4.9,0,0,0.97,4.8
NaN:NaN:NaN,-4.9,0,0,0.96,4.8
NaN:NaN:NaN,-4.9,0,0,0.96,4.8
NaN:NaN:NaN,-4.9,0,0,0.96,4.8
NaN:NaN:NaN,-5,0,0,0.97,4.9
NaN:NaN:NaN,-5,0,0,0.97,4.8
NaN:NaN:NaN,-5,0,0,0.97,4.8
NaN:NaN:NaN,-5,0,0,0.97,4.8
NaN:NaN:NaN,-5,0,0,0.97,4.8
NaN:NaN:NaN,-5,0,0,0.97,4.8
NaN:NaN:NaN,-5,0,0,0.97,4.8
NaN:NaN:NaN,-4.9,0,0,0.96,4.8
NaN:NaN:NaN,-4.9,0,0,0.96,4.8
NaN:NaN:NaN,-4.9,0,0,0.96,4.8
NaN:NaN:NaN,-4.8,0,0,0.96,4.8
NaN:NaN:NaN,-4.8,0,0,0.97,4.8
NaN:NaN:NaN,-4.8,0,0,0.97,4.8
NaN:NaN:NaN,-4.9,0,0,0.97,4.8
NaN:NaN:NaN,-4.8,0,0,0.97,4.9
NaN:NaN:NaN,-4.9,0,0,0.97,4.8
NaN:NaN:NaN,-4.9,0,0,0.97,4.8
NaN:NaN:NaN,-4.8,0,0,0.97,4.8
NaN:NaN:NaN,-4.9,0,0,0.97,4.8
NaN:NaN:NaN,-4.9,0,0,0.97,4.8
NaN:NaN:NaN,-4.9,0,0,0.97,4.8
NaN:NaN:NaN,-4.9,0,0,0.97,4.8
NaN:NaN:NaN,-4.9,0,0,0.97,4.8
NaN:NaN:NaN,-4.9,0,0,0.97,4.8
NaN:NaN:NaN,-5,0,0,0.97,4.8
NaN:NaN:NaN,-5.1,0,0,0.97,4.8
NaN:NaN:NaN,-5.1,0,0,0.97,4.8
NaN:NaN:NaN,-5.1,0,0,0.97,4.8
NaN:NaN:NaN,-4.9,0,0,0.97,4.8
NaN:NaN:NaN,-4.9,0,0,0.97,4.9
NaN:NaN:NaN,-4.9,0,0,0.97,4.8
NaN:NaN:NaN,-4.9,0,0,0.97,4.8
NaN:NaN:NaN,-4.9,0,0,0.97,4.8
NaN:NaN:NaN,-4.9,0,0,0.97,4.8
NaN:NaN:NaN,-4.9,0,0,0.97,4.8
NaN:NaN:NaN,-4.9,0,0,0.97,4.8
NaN:NaN:NaN,-4.9,0,0,0.97,4.8
NaN:NaN:NaN,-4.9,0,0,0.97,4.8
NaN:NaN:NaN,-4.9,0,0,0.97,4.8
NaN:NaN:NaN,-4.9,0,0,0.97,4.8
NaN:NaN:NaN,-4.9,0,0,0.97,4.8
NaN:NaN:NaN,-4.9,0,0,0.97,4.8
NaN:NaN:NaN,-4.9,0,0,0.97,4.8
NaN:NaN:NaN,-4.9,0,0,0.97,4.8
NaN:NaN:NaN,-4.9,0,0,0.97,4.9
NaN:NaN:NaN,-4.9,0,0,0.97,4.8
NaN:NaN:NaN,-4.9,0,0,0.97,4.8
NaN:NaN:NaN,-4.9,0,0,0.97,4.8
NaN:NaN:NaN,-4.9,0,0,0.97,4.8
NaN:NaN:NaN,-4.9,0,0,0.97,4.8
NaN:NaN:NaN,-4.9,0,0,0.97,4.8
NaN:NaN:NaN,-4.9,0,0,0.98,4.8
NaN:NaN:NaN,-4.9,0,0,0.98,4.8
NaN:NaN:NaN,-4.9,0,0,0.98,4.8
NaN:NaN:NaN,-4.9,0,0,0.97,4.8
NaN:NaN:NaN,-4.9,0,0,0.97,4.8
NaN:NaN:NaN,-4.9,0,0,0.97,4.9
NaN:NaN:NaN,-4.9,0,0,0.97,4.8
NaN:NaN:NaN,-4.9,0,0,0.97,4.8
NaN:NaN:NaN,-4.9,0,0,0.98,4.8
NaN:NaN:NaN,-4.9,0,0,0.98,4.8
NaN:NaN:NaN,-4.9,0,0,0.98,4.8
NaN:NaN:NaN,-4.9,0,0,0.97,4.8
NaN:NaN:NaN,-4.9,0,0,0.97,4.8
NaN:NaN:NaN,-4.9,0,0,0.98,4.8
NaN:NaN:NaN,-4.9,0,0,0.97,4.8
NaN:NaN:NaN,-4.9,0,0,0.97,4.8
NaN:NaN:NaN,-4.9,0,0,0.97,4.9
NaN:NaN:NaN,-4.9,0,0,0.97,4.8
NaN:NaN:NaN,-4.9,0,0,0.97,4.8
NaN:NaN:NaN,-4.9,0,0,0.97,4.8
NaN:NaN:NaN,-4.9,0,0,0.98,4.8
NaN:NaN:NaN,-4.9,0,0,0.98,4.8
NaN:NaN:NaN,-4.9,0,0,0.98,4.8
NaN:NaN:NaN,-4.9,0,0,0.97,4.8
NaN:NaN:NaN,-4.9,0,0,0.97,4.8
NaN:NaN:NaN,-4.9,0,0,0.97,4.8
NaN:NaN:NaN,-4.9,0,0,0.97,4.8
NaN:NaN:NaN,-4.9,0,0,0.97,4.8
NaN:NaN:NaN,-4.9,0,0,0.97,4.9
NaN:NaN:NaN,-4.9,0,0,0.97,4.8
NaN:NaN:NaN,-4.9,0,0,0.98,4.8
NaN:NaN:NaN,-4.9,0,0,0.98,4.8
NaN:NaN:NaN,-4.9,0,0,0.97,4.8
NaN:NaN:NaN,-4.9,0,0,0.97,4.8
NaN:NaN:NaN,-4.9,0,0,0.97,4.8
NaN:NaN:NaN,-4.9,0,0,0.97,4.8
NaN:NaN:NaN,-4.8,0,0,0.98,4.8
NaN:NaN:NaN,-4.9,0,0,0.97,4.8
NaN:NaN:NaN,-4.9,0,0,0.97,4.8
NaN:NaN:NaN,-4.9,0,0,0.97,4.8
NaN:NaN:NaN,-4.9,0,0,0.97,4.9
NaN:NaN:NaN,-4.9,0,0,0.97,4.8
NaN:NaN:NaN,-4.8,0,0,0.98,4.8
NaN:NaN:NaN,-4.8,0,0,0.97,4.8
NaN:NaN:NaN,-4.8,0,0,0.97,4.8
NaN:NaN:NaN,-4.8,0,0,0.98,4.8
NaN:NaN:NaN,-4.8,0,0,0.98,4.8
NaN:NaN:NaN,-4.8,0,0,0.97,4.8
NaN:NaN:NaN,-4.8,0,0,0.97,4.8
NaN:NaN:NaN,-4.8,0,0,0.97,4.8
NaN:NaN:NaN,-4.8,0,0,0.97,4.8
NaN:NaN:NaN,-4.8,0,0,0.98,4.9
NaN:NaN:NaN,-4.9,0,0,0.98,4.8
NaN:NaN:NaN,-4.9,0,0,0.98,4.8
NaN:NaN:NaN,-4.9,0,0,0.97,4.8
NaN:NaN:NaN,-4.9,0,0,0.97,4.8
NaN:NaN:NaN,-4.9,0,0,0.97,4.8
NaN:NaN:NaN,-4.9,0,0,0.98,4.8
NaN:NaN:NaN,-4.9,0,0,0.98,4.8
NaN:NaN:NaN,-4.9,0,0,0.98,4.8
NaN:NaN:NaN,-4.9,0,0,0.98,4.8
NaN:NaN:NaN,-4.9,0,0,0.98,4.8
NaN:NaN:NaN,-4.9,0,0,0.98,4.9
NaN:NaN:NaN,-4.9,0,0,0.98,4.8
NaN:NaN:NaN,-4.9,0,0,0.98,4.8
NaN:NaN:NaN,-4.9,0,0,0.98,4.8
NaN:NaN:NaN,-4.9,0,0,0.98,4.8
NaN:NaN:NaN,-4.9,0,0,0.98,4.8
NaN:NaN:NaN,-4.9,0,0,0.98,4.8
NaN:NaN:NaN,-4.9,0,0,0.98,4.8
NaN:NaN:NaN,-4.9,0,0,0.98,4.8
NaN:NaN:NaN,-4.9,0,0,0.98,4.8
NaN:NaN:NaN,-4.9,0,0,0.98,4.8
NaN:NaN:NaN,-4.9,0,0,0.98,4.9
NaN:NaN:NaN,-4.9,0,0,0.97,4.8
NaN:NaN:NaN,-4.9,0,0,0.97,4.8
NaN:NaN:NaN,-4.9,0,0,0.97,4.8
NaN:NaN:NaN,-4.9,0,0,0.97,4.8
NaN:NaN:NaN,-4.9,0,0,0.97,4.8
NaN:NaN:NaN,-4.9,0,0,0.98,4.8
NaN:NaN:NaN,-5,0,0,0.98,4.8
NaN:NaN:NaN,-5,0,0,0.98,4.8
NaN:NaN:NaN,-4.9,0,0,0.97,4.8
NaN:NaN:NaN,-4.9,0,0,0.98,4.9
NaN:NaN:NaN,-4.7,0,0,0.98,4.8
NaN:NaN:NaN,-4.3,0,0,0.98,6.1
NaN:NaN:NaN,-4.5,0,0,0.98,5.8
NaN:NaN:NaN,-4.4,0,0,0.97,5.8
NaN:NaN:NaN,-4.4,0,0,0.97,5.6
NaN:NaN:NaN,-4.4,0,0,0.98,5.8
NaN:NaN:NaN,-4.4,0,0,0.98,5.8
NaN:NaN:NaN,-4.4,0,0,0.98,5.8
NaN:NaN:NaN,-4.4,0,0,0.98,5.8
NaN:NaN:NaN,-4.4,0,0,0.97,5.6
NaN:NaN:NaN,-4.4,0,0,0.97,5.8
NaN:NaN:NaN,-4.4,0,0,0.98,5.8
NaN:NaN:NaN,-4.4,0,0,0.98,5.8
NaN:NaN:NaN,-4.4,0,0,0.98,5.8
NaN:NaN:NaN,-4.4,0,0,0.99,5.6
NaN:NaN:NaN,-4.4,0,0,0.99,5.8
NaN:NaN:NaN,-4.5,0,0,0.99,5.8
NaN:NaN:NaN,-4.5,0,0,0.99,5.8
NaN:NaN:NaN,-4.4,0,0,0.99,5.8
NaN:NaN:NaN,-4.4,0,0,0.99,5.6
NaN:NaN:NaN,-4.4,0,0,0.99,5.8
NaN:NaN:NaN,-4.4,0,0,0.99,5.8
NaN:NaN:NaN,-4.4,0,0,0.99,5.8
NaN:NaN:NaN,-4.4,0,0,0.99,5.8
NaN:NaN:NaN,-4.4,0,0,0.99,5.6
NaN:NaN:NaN,-4.4,0,0,0.99,5.8
NaN:NaN:NaN,-4.4,0,0,0.99,5.8
NaN:NaN:NaN,-4.5,0,0,0.99,5.8
NaN:NaN:NaN,-6.1,0,0,0.99,2.1
NaN:NaN:NaN,-6.3,0,0,0.99,0
NaN:NaN:NaN,-6.3,0,0,0.99,0
NaN:NaN:NaN,-6.3,0,0,0.99,0
NaN:NaN:NaN,-6.3,0,0,0.98,0
NaN:NaN:NaN,-6.4,0,0,0.98,0
NaN:NaN:NaN,-6.4,0,0,0.99,0
NaN:NaN:NaN,-6.3,0,0,0.99,0
NaN:NaN:NaN,-6.2,0,0,0.99,0
NaN:NaN:NaN,-6.2,0,0,0.98,0
NaN:NaN:NaN,-6.2,0,0,0.98,0
NaN:NaN:NaN,-6.2,0,0,0.99,0
NaN:NaN:NaN,-6.1,0,0,0.99,0
NaN:NaN:NaN,-6.1,0,0,0.99,0
NaN:NaN:NaN,-6,0,0,0.99,0
NaN:NaN:NaN,-6,0,0,0.99,0
NaN:NaN:NaN,-6,0,0,0.99,0
NaN:NaN:NaN,-5.9,0,0,0.99,0
NaN:NaN:NaN,-5.9,0,0,0.99,0
NaN:NaN:NaN,-5.9,0,0,0.99,0
NaN:NaN:NaN,-5.9,0,0,0.99,0
NaN:NaN:NaN,-5.8,0,0,0.99,0
NaN:NaN:NaN,-5.8,0,0,0.99,0
NaN:NaN:NaN,-5.8,0,0,0.99,0
NaN:NaN:NaN,-5.8,0,0,0.99,0
NaN:NaN:NaN,-5.8,0,0,0.99,0
NaN:NaN:NaN,-5.8,0,0,0.99,0
NaN:NaN:NaN,-5.8,0,0,0.99,0
NaN:NaN:NaN,-5.8,0,0,0.99,0
NaN:NaN:NaN,-5.8,0,0,0.98,0
NaN:NaN:NaN,-5.9,0,0,0.98,0
NaN:NaN:NaN,-5.9,0,0,0.98,0
NaN:NaN:NaN,-5.8,0,0,0.98,0
NaN:NaN:NaN,-5.8,0,0,0.98,0
NaN:NaN:NaN,-5.8,0,0,0.98,0
NaN:NaN:NaN,-5.8,0,0,0.99,0
NaN:NaN:NaN,-5.9,0,0,0.99,0
NaN:NaN:NaN,-6,0,0,0.99,0
NaN:NaN:NaN,-6.2,0,0,0.99,0
NaN:NaN:NaN,-6.2,0,0,0.99,0
NaN:NaN:NaN,-6.3,0,0,0.99,0
NaN:NaN:NaN,-6.3,0,0,0.99,0
NaN:NaN:NaN,-6.3,0,0,0.99,0
NaN:NaN:NaN,-6.3,0,0,0.99,0
NaN:NaN:NaN,-6.3,0,0,0.99,0
NaN:NaN:NaN,-6.3,0,0,0.98,0
NaN:NaN:NaN,-6.3,0,0,0.99,0
NaN:NaN:NaN,-6.2,0,0,0.99,0
NaN:NaN:NaN,-6.2,0,0,0.99,0
NaN:NaN:NaN,-6.2,0,0,0.99,0
NaN:NaN:NaN,-6.2,0,0,0.99,0
NaN:NaN:NaN,-5.8,0,0,0.99,0
NaN:NaN:NaN,-5,0,0,0.99,2.7
NaN:NaN:NaN,-4.4,0,0,0.99,3.8
NaN:NaN:NaN,-4.4,0,0,0.99,3.8
NaN:NaN:NaN,-4.2,0,0,0.99,3.9
NaN:NaN:NaN,-4.1,0,0,0.99,3.8
NaN:NaN:NaN,-4.1,0,0,0.99,3.8
NaN:NaN:NaN,-4,0,0,0.99,3.8
NaN:NaN:NaN,-3.7,0,0,0.99,4
NaN:NaN:NaN,-2.8,0,0,0.98,6.6
NaN:NaN:NaN,-3.1,0,0,0.98,6.8
NaN:NaN:NaN,-3.4,0,0,0.99,6.6
NaN:NaN:NaN,-3.8,0,0,0.99,6.6
NaN:NaN:NaN,-3.9,0,0,0.99,6.8
NaN:NaN:NaN,-3.8,0,0,0.99,6.8
NaN:NaN:NaN,-3.6,0,0,0.99,6.6
NaN:NaN:NaN,-3.7,0,0,0.99,6.8
NaN:NaN:NaN,-3.9,0,0,0.99,6.8
NaN:NaN:NaN,-3.9,0,0,0.99,6.8
NaN:NaN:NaN,-4,0,0,0.99,6.8
NaN:NaN:NaN,-3.9,0,0,0.99,6.8
NaN:NaN:NaN,-3.9,0,0,0.99,6.8
NaN:NaN:NaN,-3.9,0,0,0.99,6.8
NaN:NaN:NaN,-4,0,0,0.99,6.9
NaN:NaN:NaN,-4,0,0,0.99,6.8
NaN:NaN:NaN,-4.3,0,0,0.99,6.8
NaN:NaN:NaN,-4.3,0,0,0.99,6.6
NaN:NaN:NaN,-4.2,0,0,0.99,6.9
NaN:NaN:NaN,-4.4,0,0,0.99,6.8
NaN:NaN:NaN,-4.4,0,0,0.99,6.8
NaN:NaN:NaN,-4.2,0,0,0.99,6.8
NaN:NaN:NaN,-4.2,0,0,0.98,6.8
NaN:NaN:NaN,-4.3,0,0,0.98,6.8
NaN:NaN:NaN,-4.3,0,0,0.99,6.8
NaN:NaN:NaN,-4.3,0,0,0.99,6.8
NaN:NaN:NaN,-4.3,0,0,0.99,6.9
NaN:NaN:NaN,-4.3,0,0,0.99,6.8
NaN:NaN:NaN,-4.5,0,0,0.99,6.8
NaN:NaN:NaN,-4.4,0,0,0.99,6.8
NaN:NaN:NaN,-4.3,0,0,0.99,6.6
NaN:NaN:NaN,-4.2,0,0,0.99,6.9
NaN:NaN:NaN,-4.3,0,0,0.99,6.8
NaN:NaN:NaN,-4.3,0,0,0.99,6.8
NaN:NaN:NaN,-4.3,0,0,0.99,6.8
NaN:NaN:NaN,-4.3,0,0,0.99,6.8
NaN:NaN:NaN,-4.3,0,0,0.99,6.8
NaN:NaN:NaN,-4.3,0,0,0.99,6.6
NaN:NaN:NaN,-4.3,0,0,0.99,6.9
NaN:NaN:NaN,-4.3,0,0,0.99,6.8
NaN:NaN:NaN,-4.7,0,0,0.99,6.8
NaN:NaN:NaN,-4.5,0,0,0.99,6.8
NaN:NaN:NaN,-4.3,0,0,0.99,6.8
NaN:NaN:NaN,-4.3,0,0,0.99,6.8
NaN:NaN:NaN,-4.3,0,0,0.99,6.8
NaN:NaN:NaN,-4.3,0,0,0.99,6.9
NaN:NaN:NaN,-4.3,0,0,0.99,6.8
NaN:NaN:NaN,-4.4,0,0,0.99,6.6
NaN:NaN:NaN,-4.3,0,0,0.99,6.8
NaN:NaN:NaN,-4.3,0,0,0.99,6.9
NaN:NaN:NaN,-4.3,0,0,0.99,6.8
NaN:NaN:NaN,-4.3,0,0,0.99,6.8
NaN:NaN:NaN,-4.3,0,0,0.99,6.8
NaN:NaN:NaN,-4.3,0,0,0.99,6.8
NaN:NaN:NaN,-4.3,0,0,0.98,6.8
NaN:NaN:NaN,-4.3,0,0,0.98,6.8
NaN:NaN:NaN,-4.6,0,0,0.99,6.8
NaN:NaN:NaN,-4.6,0,0,0.99,6.8
NaN:NaN:NaN,-4.3,0,0,0.99,6.7
NaN:NaN:NaN,-4.3,0,0,0.99,6.8
NaN:NaN:NaN,-4.3,0,0,0.99,6.8
NaN:NaN:NaN,-4.3,0,0,0.99,6.8
NaN:NaN:NaN,-4.3,0,0,0.99,6.8
NaN:NaN:NaN,-4.3,0,0,0.99,6.9
NaN:NaN:NaN,-4.3,0,0,0.99,6.8
NaN:NaN:NaN,-4.4,0,0,0.99,6.8
NaN:NaN:NaN,-4.3,0,0,0.99,6.6
NaN:NaN:NaN,-4.4,0,0,0.99,6.8
NaN:NaN:NaN,-4.4,0,0,0.98,6.8
NaN:NaN:NaN,-4.3,0,0,0.98,6.8
NaN:NaN:NaN,-4.3,0,0,0.99,6.8
NaN:NaN:NaN,-4.4,0,0,0.99,6.9
NaN:NaN:NaN,-4.4,0,0,0.99,6.8
NaN:NaN:NaN,-4.4,0,0,0.99,6.8
NaN:NaN:NaN,-4.4,0,0,0.98,6.6
NaN:NaN:NaN,-4.4,0,0,0.99,6.8
NaN:NaN:NaN,-4.3,0,0,0.99,6.9
NaN:NaN:NaN,-4.3,0,0,0.99,6.8
NaN:NaN:NaN,-4.3,0,0,0.99,6.8
NaN:NaN:NaN,-4.4,0,0,0.99,6.8
NaN:NaN:NaN,-4.4,0,0,0.99,6.8
NaN:NaN:NaN,-4.3,0,0,0.99,6.8
NaN:NaN:NaN,-4.3,0,0,0.98,6.9
NaN:NaN:NaN,-4.4,0,0,0.98,6.6
NaN:NaN:NaN,-4.4,0,0,0.99,6.8
NaN:NaN:NaN,-4.4,0,0,0.99,6.8
NaN:NaN:NaN,-4.3,0,0,0.99,6.8
NaN:NaN:NaN,-4.4,0,0,0.99,6.8
NaN:NaN:NaN,-4.4,0,0,0.99,6.8
NaN:NaN:NaN,-3.4,0,0,0.99,7.7
NaN:NaN:NaN,-2.7,0,0,0.99,9
NaN:NaN:NaN,-3,0,0,0.99,8.9
NaN:NaN:NaN,-2.9,0,0,0.99,8.8
NaN:NaN:NaN,-2.8,0,0,0.99,9
NaN:NaN:NaN,-2.8,0,0,0.99,9
NaN:NaN:NaN,-2.8,0,0,0.99,9
NaN:NaN:NaN,-2.7,0,0,0.99,8.9
NaN:NaN:NaN,-2.8,0,0,0.99,9
NaN:NaN:NaN,-2.8,0,0,0.99,9
NaN:NaN:NaN,-2.8,0,0,0.99,9.1
NaN:NaN:NaN,-2.9,0,0,0.99,9
NaN:NaN:NaN,-2.9,0,0,0.99,9
NaN:NaN:NaN,-2.9,0,0,0.99,9
NaN:NaN:NaN,-2.9,0,0,0.99,9.1
NaN:NaN:NaN,-2.9,0,0,0.99,9
NaN:NaN:NaN,-2.8,0,0,0.99,9
NaN:NaN:NaN,-2.9,0,0,0.99,9
NaN:NaN:NaN,-2.9,0,0,0.99,9.1
NaN:NaN:NaN,-2.8,0,0,0.99,8.9
NaN:NaN:NaN,-2.7,0,0,0.99,9
NaN:NaN:NaN,-2.7,0,0,0.99,9
NaN:NaN:NaN,-2.7,0,0,0.99,9.1
NaN:NaN:NaN,-2.8,0,0,0.99,8.9
NaN:NaN:NaN,-2.8,0,0,0.99,9.1
NaN:NaN:NaN,-2.6,0,0,0.99,9
NaN:NaN:NaN,-2.7,0,0,0.99,9.1
NaN:NaN:NaN,-2.7,0,0,0.99,9
NaN:NaN:NaN,-2.7,0,0,0.99,9
NaN:NaN:NaN,-2.8,0,0,0.98,9.1
NaN:NaN:NaN,-2.7,0,0,0.98,8.9
NaN:NaN:NaN,-2.7,0,0,0.99,9
NaN:NaN:NaN,-2.9,0,0,0.99,9
NaN:NaN:NaN,-3.1,0,0,0.99,9.1
NaN:NaN:NaN,-3,0,0,0.99,8.9
NaN:NaN:NaN,-3,0,0,0.99,9.1
NaN:NaN:NaN,-3.1,0,0,0.99,9
NaN:NaN:NaN,-2.9,0,0,0.99,8.9
NaN:NaN:NaN,-2.9,0,0,0.99,9.1
NaN:NaN:NaN,-2.8,0,0,0.99,9
NaN:NaN:NaN,-2.9,0,0,0.99,9.1
NaN:NaN:NaN,-3,0,0,0.99,8.9
NaN:NaN:NaN,-2.9,0,0,0.99,9.1
NaN:NaN:NaN,-2.9,0,0,0.99,9.1
NaN:NaN:NaN,-3,0,0,0.99,9
NaN:NaN:NaN,-3,0,0,0.99,9
NaN:NaN:NaN,-3,0,0,0.99,9
NaN:NaN:NaN,-3.1,0,0,0.99,9
NaN:NaN:NaN,-3.1,0,0,0.99,9.1
NaN:NaN:NaN,-3,0,0,0.99,8.9
NaN:NaN:NaN,-3,0,0,0.99,9
NaN:NaN:NaN,-3,0,0,0.99,9.1
NaN:NaN:NaN,-3.1,0,0,0.99,8.9
NaN:NaN:NaN,-3.2,0,0,0.99,9.1
NaN:NaN:NaN,-3,0,0,0.99,9
NaN:NaN:NaN,-3,0,0,0.99,9.1
NaN:NaN:NaN,-3.1,0,-1,0.99,8.9
NaN:NaN:NaN,-2.9,0,-1,0.99,9.1
NaN:NaN:NaN,-3.1,0,-1,0.99,9.1
NaN:NaN:NaN,-3.1,0,-1,0.99,9.1
NaN:NaN:NaN,-3,0,-1,0.99,8.9
NaN:NaN:NaN,-3.1,0,-1,0.99,9.1
NaN:NaN:NaN,-3.2,0,-1,0.99,9
NaN:NaN:NaN,-3.2,0,-1,0.99,9.1
NaN:NaN:NaN,-3.2,0,-1,0.99,8.9
NaN:NaN:NaN,-3.3,0,-1,0.99,9.1
NaN:NaN:NaN,-3.4,0,-1,0.99,9
NaN:NaN:NaN,-3.3,0,-1,0.99,9.1
NaN:NaN:NaN,-3.5,0,-1,0.99,9.1
NaN:NaN:NaN,-3.6,0,-1,0.99,9.1
NaN:NaN:NaN,-3.5,0,-1,0.99,9
NaN:NaN:NaN,-3.4,0,-1,0.99,9.1
NaN:NaN:NaN,-3.6,0,-1,0.99,9
NaN:NaN:NaN,-3.5,0,-1,0.99,9.1
NaN:NaN:NaN,-3.5,0,-1,0.99,9.1
NaN:NaN:NaN,-3.5,0,-1,0.99,9.1
NaN:NaN:NaN,-3.5,0,-1,0.99,9
NaN:NaN:NaN,-3.4,0,-1,0.98,9.1
NaN:NaN:NaN,-3.5,0,-1,0.98,9.1
NaN:NaN:NaN,-3.6,0,-1,0.98,9.1
NaN:NaN:NaN,-3.5,0,-1,0.99,8.9
NaN:NaN:NaN,-3.4,0,-1,0.99,9.1
NaN:NaN:NaN,-3.6,0,-1,0.99,9
NaN:NaN:NaN,-3.7,0,-1,0.99,9.1
NaN:NaN:NaN,-3.6,0,-1,0.99,9.1
NaN:NaN:NaN,-3.7,0,-1,0.99,9.1
NaN:NaN:NaN,-3.7,0,-1,0.99,9
NaN:NaN:NaN,-3.6,0,-1,0.99,9.1
NaN:NaN:NaN,-3.6,0,-1,0.99,9.1
NaN:NaN:NaN,-3.7,0,-1,0.99,9
NaN:NaN:NaN,-3.7,0,-1,0.99,9.1
NaN:NaN:NaN,-3.6,0,-1,0.99,9.3
NaN:NaN:NaN,-3.7,0,-1,0.99,8.9
NaN:NaN:NaN,-3.8,0,-1,0.99,9.1
NaN:NaN:NaN,-3.7,0,-1,0.99,9.1
NaN:NaN:NaN,-3.6,0,-1,0.99,9.1
NaN:NaN:NaN,-3.7,0,-1,0.99,9
NaN:NaN:NaN,-3.7,0,-1,0.98,9.1
NaN:NaN:NaN,-3.7,0,-1,0.99,9
NaN:NaN:NaN,-3.7,0,-1,0.99,9.1
NaN:NaN:NaN,-3.8,0,-1,0.99,9.1
NaN:NaN:NaN,-3.8,0,-1,0.99,9.1
NaN:NaN:NaN,-3.7,0,-1,0.99,9
NaN:NaN:NaN,-3.7,0,-1,0.99,9.1
NaN:NaN:NaN,-3.7,0,-1,0.99,9
NaN:NaN:NaN,-3.6,0,-1,0.99,9.1
NaN:NaN:NaN,-3.6,0,-1,0.99,9.1
NaN:NaN:NaN,-3.7,0,-1,0.99,9.1
NaN:NaN:NaN,-3.7,0,-1,0.99,9.1
NaN:NaN:NaN,-3.5,0,-1,0.99,9.1
NaN:NaN:NaN,-3.7,0,-1,0.99,9
NaN:NaN:NaN,-3.7,0,-1,0.99,9
NaN:NaN:NaN,-3.7,0,-1,0.99,9.1
NaN:NaN:NaN,-3.6,0,-1,0.99,9.1
NaN:NaN:NaN,-3.6,0,-1,0.99,9.1
NaN:NaN:NaN,-3.7,0,-1,0.99,9
NaN:NaN:NaN,-3.6,0,-1,0.99,9
NaN:NaN:NaN,-3.6,0,-1,0.99,9.1
NaN:NaN:NaN,-3.6,0,-1,0.99,9.1
NaN:NaN:NaN,-3.7,0,-1,0.99,9.1
NaN:NaN:NaN,-3.6,0,-1,0.99,9.1
NaN:NaN:NaN,-3.6,0,-1,0.99,9.1
NaN:NaN:NaN,-3.7,0,-1,0.99,9
NaN:NaN:NaN,-3.7,0,-1,0.99,9.1
NaN:NaN:NaN,-3.6,0,-1,0.99,9.1
NaN:NaN:NaN,-3.7,0,-1,0.99,9.1
NaN:NaN:NaN,-3.7,0,-1,0.99,9.1
NaN:NaN:NaN,-3.7,0,-1,0.99,9
NaN:NaN:NaN,-3.7,0,-1,0.99,9.1
NaN:NaN:NaN,-3.7,0,-1,0.99,9.1
NaN:NaN:NaN,-3.7,0,-1,0.99,9
NaN:NaN:NaN,-3.7,0,-1,0.99,9.1
NaN:NaN:NaN,-3.7,0,-1,0.99,9
NaN:NaN:NaN,-3.7,0,-1,0.99,9.1
NaN:NaN:NaN,-3.7,0,-1,0.99,9.1
NaN:NaN:NaN,-3.7,0,-1,0.99,9.1
NaN:NaN:NaN,-3.7,0,-1,0.99,9.1
NaN:NaN:NaN,-3.6,0,-1,0.99,9
NaN:NaN:NaN,-3.7,0,-1,0.99,9.1
NaN:NaN:NaN,-3.7,0,-1,0.99,9
NaN:NaN:NaN,-3.7,0,-1,0.99,9.1
NaN:NaN:NaN,-3.7,0,-1,0.99,9.1
NaN:NaN:NaN,-3.7,0,-1,0.99,9
NaN:NaN:NaN,-3.7,0,-1,0.99,9.1
NaN:NaN:NaN,-3.7,0,-1,0.99,9.1
NaN:NaN:NaN,-3.7,0,-1,0.98,9.1
NaN:NaN:NaN,-3.7,0,-1,0.98,9.1
NaN:NaN:NaN,-3.7,0,-1,0.99,8.9
NaN:NaN:NaN,-3.7,0,-1,0.99,9.1
NaN:NaN:NaN,-3.8,0,-1,0.99,9.1
NaN:NaN:NaN,-3.7,0,-1,0.99,9.1
NaN:NaN:NaN,-3.7,0,-1,0.99,9.1
NaN:NaN:NaN,-3.6,0,-1,0.99,9
NaN:NaN:NaN,-3.6,0,-1,0.99,9.3
NaN:NaN:NaN,-3.6,0,-1,0.99,9.1
NaN:NaN:NaN,-3.6,0,-1,0.99,9.1
NaN:NaN:NaN,-3.7,0,-1,0.99,9
NaN:NaN:NaN,-3.7,0,-1,0.99,9
NaN:NaN:NaN,-3.7,0,-1,0.99,9.1
NaN:NaN:NaN,-3.7,0,-1,0.99,9.1
NaN:NaN:NaN,-3.7,0,-1,0.99,9.1
NaN:NaN:NaN,-3.7,0,-1,0.99,9.1
NaN:NaN:NaN,-3.7,0,-1,0.99,8.9
NaN:NaN:NaN,-3.7,0,-1,0.99,9.1
NaN:NaN:NaN,-3.7,0,-1,0.99,9.3
NaN:NaN:NaN,-3.7,0,-1,0.99,9
NaN:NaN:NaN,-3.7,0,-1,0.99,9.3
NaN:NaN:NaN,-3.7,0,-1,0.99,9
NaN:NaN:NaN,-3.7,0,-1,0.99,9.1
NaN:NaN:NaN,-3.8,0,-1,0.98,9.1
NaN:NaN:NaN,-3.8,0,-1,0.99,9.1
NaN:NaN:NaN,-3.7,0,-1,0.99,9.3
NaN:NaN:NaN,-3.3,0,-1,0.99,9.6
NaN:NaN:NaN,-3.2,0,-1,0.99,9.7
NaN:NaN:NaN,-3.1,0,-1,0.99,9.9
NaN:NaN:NaN,-2.8,0,-1,0.99,10
NaN:NaN:NaN,-2.5,0,-1,0.99,10.4
NaN:NaN:NaN,-2.6,0,-1,0.99,10.5
NaN:NaN:NaN,-2,0,-1,0.99,10.8
NaN:NaN:NaN,-1.8,0,-1,0.99,10.9
NaN:NaN:NaN,-1.9,0,-1,0.99,11
NaN:NaN:NaN,-1.6,0,-1,0.99,11
NaN:NaN:NaN,-1.5,0,-1,0.99,11.1
NaN:NaN:NaN,-1.2,0,-1,0.99,11.4
NaN:NaN:NaN,-1.1,0,-1,0.98,11.6
NaN:NaN:NaN,-0.9,0,-1,0.98,11.6
NaN:NaN:NaN,-0.7,0,-1,0.98,11.8
NaN:NaN:NaN,-0.6,0,-1,0.98,11.9
NaN:NaN:NaN,-0.6,0,-1,0.98,12.1
NaN:NaN:NaN,-0.4,0,-1,0.99,12
NaN:NaN:NaN,-0.4,0,-1,0.99,12.2
NaN:NaN:NaN,-0.3,0,-1,0.99,12.4
NaN:NaN:NaN,-0.1,0,-1,0.99,12.3
NaN:NaN:NaN,0,0,-1,0.99,12.5
NaN:NaN:NaN,0.1,0,-1,0.99,12.6
NaN:NaN:NaN,0.1,0,-1,0.99,12.7
NaN:NaN:NaN,0.4,0,-1,0.99,12.9
NaN:NaN:NaN,0.6,0,-1,0.99,13.2
NaN:NaN:NaN,0.7,0,-1,0.99,13.3
NaN:NaN:NaN,1,0,-1,0.99,13.5
NaN:NaN:NaN,1.1,0,-1,0.99,13.6
NaN:NaN:NaN,1,0,-1,0.99,13.6
NaN:NaN:NaN,0.8,0,-1,0.99,13.7
NaN:NaN:NaN,1.1,0,-1,0.99,14
NaN:NaN:NaN,1.1,0,-1,0.99,13.7
NaN:NaN:NaN,1,0,-1,0.99,13.8
NaN:NaN:NaN,1.1,0,-1,0.99,13.8
NaN:NaN:NaN,1.3,0,-1,0.99,13.8
NaN:NaN:NaN,1.4,0,-1,0.99,13.8
NaN:NaN:NaN,1.6,0,-1,0.99,14.2
NaN:NaN:NaN,1.7,0,-1,0.99,14.3
NaN:NaN:NaN,1.5,0,-1,0.99,14.4
NaN:NaN:NaN,1.8,0,-1,0.99,14.3
NaN:NaN:NaN,2,0,-1,0.99,14.5
NaN:NaN:NaN,2.2,0,-1,0.99,14.5
NaN:NaN:NaN,2,0,-1,0.99,14.6
NaN:NaN:NaN,1.9,0,-1,0.99,14.6
NaN:NaN:NaN,2,0,-1,0.99,14.8
NaN:NaN:NaN,2.2,0,-1,0.99,14.8
NaN:NaN:NaN,2.1,0,-1,0.98,15
NaN:NaN:NaN,2.4,0,-1,0.98,15.1
NaN:NaN:NaN,2.5,0,-1,0.99,15
NaN:NaN:NaN,2.4,0,-1,0.99,15.3
NaN:NaN:NaN,2.5,0,-1,0.99,15.2
NaN:NaN:NaN,2.6,0,-1,0.99,15.4
NaN:NaN:NaN,2.7,0,-1,0.99,15.4
NaN:NaN:NaN,2.6,0,-1,0.99,15.5
NaN:NaN:NaN,2.8,0,-1,0.99,15.7
NaN:NaN:NaN,3,0,-1,0.99,15.6
NaN:NaN:NaN,3.3,0,-1,0.99,15.7
NaN:NaN:NaN,3,0,-1,0.99,15.6
NaN:NaN:NaN,3,0,-1,0.99,15.8
NaN:NaN:NaN,2.8,0,-1,0.99,15.8
NaN:NaN:NaN,3,0,-1,0.99,15.9
NaN:NaN:NaN,3,0,-1,0.99,15.8
NaN:NaN:NaN,3.3,0,-1,0.99,15.9
NaN:NaN:NaN,3.2,0,-1,0.99,16
NaN:NaN:NaN,3.3,0,-1,0.99,16.1
NaN:NaN:NaN,3.4,0,-1,0.99,15.9
NaN:NaN:NaN,3.9,0,-1,0.99,16.1
NaN:NaN:NaN,3.5,0,-1,0.99,16.1
NaN:NaN:NaN,3.4,0,-1,0.99,16
NaN:NaN:NaN,3.4,0,-1,0.99,16.1
NaN:NaN:NaN,3.1,0,-1,0.99,16.1
NaN:NaN:NaN,3.4,0,-1,0.99,16
NaN:NaN:NaN,3.3,0,-1,0.99,16
NaN:NaN:NaN,3.2,0,-1,0.99,16.1
NaN:NaN:NaN,3.1,0,-1,0.99,16.1
NaN:NaN:NaN,3.2,0,-1,0.99,16
NaN:NaN:NaN,3.2,0,-1,0.99,16
NaN:NaN:NaN,3,0,-1,0.99,16.1
NaN:NaN:NaN,3,0,-1,0.99,16
NaN:NaN:NaN,3.2,0,-1,0.99,16
NaN:NaN:NaN,3.1,0,-1,0.99,16.1
NaN:NaN:NaN,3.6,0,-1,0.99,16
NaN:NaN:NaN,3.8,0,-1,0.99,16.1
NaN:NaN:NaN,3.7,0,-1,0.99,16
NaN:NaN:NaN,3.6,0,-1,0.99,16.1
NaN:NaN:NaN,3.4,0,-1,0.99,16
NaN:NaN:NaN,3.7,0,-1,0.99,16.1
NaN:NaN:NaN,3.1,0,-1,0.99,16
NaN:NaN:NaN,3.3,0,-1,0.99,16
NaN:NaN:NaN,3.3,0,-1,0.99,16.1
NaN:NaN:NaN,3.4,0,-1,0.99,16
NaN:NaN:NaN,3.4,0,-1,0.99,16
NaN:NaN:NaN,3.3,0,-1,0.99,16.1
NaN:NaN:NaN,3.2,0,-1,0.99,16
NaN:NaN:NaN,3,0,-1,0.99,16
NaN:NaN:NaN,3.1,0,-1,0.99,16.1
NaN:NaN:NaN,3.1,0,-1,0.99,16
NaN:NaN:NaN,2.9,0,-1,0.99,16.1
NaN:NaN:NaN,3.3,0,-1,0.99,16
NaN:NaN:NaN,3.2,0,-1,0.99,16.1
NaN:NaN:NaN,3.2,0,-1,0.99,16.1
NaN:NaN:NaN,3.6,0,-1,0.99,15.9
NaN:NaN:NaN,3.4,0,-1,0.99,16.1
NaN:NaN:NaN,3,0,-1,0.99,16.1
NaN:NaN:NaN,3.2,0,-1,0.99,16
NaN:NaN:NaN,2.9,0,-1,0.99,16.1
NaN:NaN:NaN,2.8,0,-1,0.99,16
NaN:NaN:NaN,2.9,0,-1,0.99,16.1
NaN:NaN:NaN,2.9,0,-1,0.99,16
NaN:NaN:NaN,2.9,0,-1,0.99,16.1
NaN:NaN:NaN,2.6,0,-1,0.99,16.1
NaN:NaN:NaN,2.3,0,-1,0.99,16
NaN:NaN:NaN,2.3,0,-1,0.99,16
NaN:NaN:NaN,2.5,0,-1,0.99,16.1
NaN:NaN:NaN,3,0,-1,0.99,16.1
NaN:NaN:NaN,2.7,0,-1,0.99,16
NaN:NaN:NaN,2.8,0,-1,0.99,16.1
NaN:NaN:NaN,2.4,0,-1,0.99,16.1
NaN:NaN:NaN,2.4,0,-1,0.99,16
NaN:NaN:NaN,2.1,0,-1,0.99,16
NaN:NaN:NaN,2.3,0,-1,0.99,16.1
NaN:NaN:NaN,2.1,0,-1,0.99,16.1
NaN:NaN:NaN,2.2,0,-1,0.99,16.1
NaN:NaN:NaN,2.3,0,-1,0.99,16
NaN:NaN:NaN,1.8,0,-1,0.99,16.1
NaN:NaN:NaN,2,0,-1,0.99,16.1
NaN:NaN:NaN,2.3,0,-1,0.99,16.1
NaN:NaN:NaN,2.2,0,-1,0.99,16
NaN:NaN:NaN,2.1,0,-1,0.99,16
NaN:NaN:NaN,1.9,0,-1,0.98,16.1
NaN:NaN:NaN,1.8,0,-1,0.99,16.1
NaN:NaN:NaN,2.1,0,-1,0.99,16.1
NaN:NaN:NaN,1.9,0,-1,0.99,16
NaN:NaN:NaN,1.9,0,-1,0.99,16.1
NaN:NaN:NaN,1.7,0,-1,0.99,16.1
NaN:NaN:NaN,1.8,0,-1,0.99,16.1
NaN:NaN:NaN,2,0,-1,0.99,16.1
NaN:NaN:NaN,2,0,-1,0.99,16
NaN:NaN:NaN,2.1,0,-1,0.99,16.1
NaN:NaN:NaN,2.2,0,-1,0.99,16.1
NaN:NaN:NaN,2.5,0,-1,0.99,16
NaN:NaN:NaN,2.5,0,-1,0.99,16.1
NaN:NaN:NaN,3,0,-1,0.99,16
NaN:NaN:NaN,3.6,0,-1,0.99,16
NaN:NaN:NaN,4,0,-1,0.99,16
NaN:NaN:NaN,4.5,0,-1,0.99,16
NaN:NaN:NaN,4.9,0,-1,0.99,16
NaN:NaN:NaN,5.1,0,-1,0.99,16
NaN:NaN:NaN,5,0,-1,0.99,16
NaN:NaN:NaN,5.2,0,-1,0.99,15.9
NaN:NaN:NaN,5.3,0,-1,0.99,16.1
NaN:NaN:NaN,5.5,0,-1,0.99,15.9
NaN:NaN:NaN,5.5,0,-1,0.99,16.1
NaN:NaN:NaN,5.6,0,-1,0.99,15.9
NaN:NaN:NaN,5.4,0,-1,0.98,16
NaN:NaN:NaN,5.5,0,-1,0.99,16
NaN:NaN:NaN,5.6,0,-1,0.99,16
NaN:NaN:NaN,5.5,0,-1,0.99,15.9
NaN:NaN:NaN,5.5,0,-1,0.99,16.1
NaN:NaN:NaN,5.6,0,-1,0.99,15.9
NaN:NaN:NaN,5.7,0,-1,0.99,15.9
NaN:NaN:NaN,5.4,0,-1,0.99,16.1
NaN:NaN:NaN,5.7,0,-1,0.99,15.9
NaN:NaN:NaN,5.8,0,-1,0.99,16
NaN:NaN:NaN,6,0,-1,0.99,16
NaN:NaN:NaN,5.3,0,-1,0.99,16
NaN:NaN:NaN,5.9,0,-1,0.98,15.9
NaN:NaN:NaN,5.7,0,-1,0.98,16.1
NaN:NaN:NaN,5.7,0,-1,0.98,15.9
NaN:NaN:NaN,5.2,0,-1,0.99,16
NaN:NaN:NaN,6,0,-1,0.99,16
NaN:NaN:NaN,5.8,0,-1,0.99,16
NaN:NaN:NaN,5.4,0,-1,0.99,16
NaN:NaN:NaN,5.8,0,-1,0.99,16
NaN:NaN:NaN,5.9,0,-1,0.99,15.9
NaN:NaN:NaN,6.1,0,-1,0.99,16
NaN:NaN:NaN,5.6,0,-1,0.99,16
NaN:NaN:NaN,6.1,0,-1,0.99,15.9
NaN:NaN:NaN,6,0,-1,0.99,16.1
NaN:NaN:NaN,6,0,-1,0.99,15.9
NaN:NaN:NaN,5.5,0,-1,0.99,16
NaN:NaN:NaN,6,0,-1,0.99,16
NaN:NaN:NaN,5.6,0,-1,0.99,16
NaN:NaN:NaN,5.8,0,-1,0.99,16
NaN:NaN:NaN,5.7,0,-1,0.98,16
NaN:NaN:NaN,5.8,0,-1,0.99,15.9
NaN:NaN:NaN,5.5,0,-1,0.99,16.1
NaN:NaN:NaN,5.7,0,-1,0.99,15.9
NaN:NaN:NaN,5.8,0,-1,0.99,16
NaN:NaN:NaN,5.4,0,-1,0.99,16
NaN:NaN:NaN,5.9,0,-1,0.99,16
NaN:NaN:NaN,5.7,0,-1,0.99,16
NaN:NaN:NaN,5.9,0,-1,0.99,16
NaN:NaN:NaN,5.5,0,-1,0.99,15.9
NaN:NaN:NaN,5.9,0,-1,0.99,15.9
NaN:NaN:NaN,6.2,0,-1,0.99,16.1
NaN:NaN:NaN,5.7,0,-1,0.99,15.9
NaN:NaN:NaN,5.8,0,-1,0.99,16.1
NaN:NaN:NaN,5.8,0,-1,0.99,15.9
NaN:NaN:NaN,5.8,0,-1,0.99,16
NaN:NaN:NaN,5.4,0,-1,0.99,16
NaN:NaN:NaN,5.4,0,-1,0.99,16
NaN:NaN:NaN,5.3,0,-1,0.99,15.9
NaN:NaN:NaN,5.1,0,-1,0.99,16.1
NaN:NaN:NaN,5,0,-1,0.99,15.9
NaN:NaN:NaN,5.5,0,-1,0.99,16.1
NaN:NaN:NaN,5.4,0,-1,0.98,15.9
NaN:NaN:NaN,5.2,0,-1,0.99,16
NaN:NaN:NaN,5.6,0,-1,0.99,16
NaN:NaN:NaN,5.7,0,-1,0.99,16
NaN:NaN:NaN,5.6,0,-1,0.99,15.9
NaN:NaN:NaN,5.7,0,-1,0.99,16.1
NaN:NaN:NaN,5.7,0,-1,0.99,15.9
NaN:NaN:NaN,5.8,0,-1,0.99,16.1
NaN:NaN:NaN,5.9,0,-1,0.99,15.9
NaN:NaN:NaN,5.8,0,-1,0.99,16
NaN:NaN:NaN,5.7,0,-1,0.99,16
NaN:NaN:NaN,5.8,0,-1,0.99,16
NaN:NaN:NaN,5.6,0,-1,0.99,15.9
NaN:NaN:NaN,5.5,0,-1,0.99,16.1
NaN:NaN:NaN,5.5,0,-1,0.99,15.9
NaN:NaN:NaN,5.2,0,-1,0.99,16.1
NaN:NaN:NaN,5.4,0,-1,0.99,15.9
NaN:NaN:NaN,5.2,0,-1,0.99,16
NaN:NaN:NaN,5.4,0,-1,0.99,16
NaN:NaN:NaN,5.5,0,-1,0.99,16
NaN:NaN:NaN,5.4,0,-1,0.99,15.9
NaN:NaN:NaN,5.5,0,-1,0.99,16.1
NaN:NaN:NaN,5.8,0,-1,0.99,15.9
NaN:NaN:NaN,5.6,0,-1,0.99,16.1
NaN:NaN:NaN,5.5,0,-1,0.98,15.9
NaN:NaN:NaN,5.9,0,-1,0.99,16
NaN:NaN:NaN,5.7,0,-1,0.99,16
NaN:NaN:NaN,5.8,0,-1,0.99,16
NaN:NaN:NaN,5.4,0,-1,0.99,15.9
NaN:NaN:NaN,5.9,0,-1,0.99,16.1
NaN:NaN:NaN,5.8,0,-1,0.99,15.9
NaN:NaN:NaN,5.6,0,-1,0.99,16.1
NaN:NaN:NaN,5.2,0,-1,0.99,15.9
NaN:NaN:NaN,5.5,0,-1,0.99,16
NaN:NaN:NaN,5.7,0,-1,0.99,16
NaN:NaN:NaN,5.2,0,-1,0.98,16
NaN:NaN:NaN,4.7,0,-1,0.98,16
NaN:NaN:NaN,5.4,0,-1,0.98,16
NaN:NaN:NaN,5.4,0,-1,0.99,15.9
NaN:NaN:NaN,4.7,0,-1,0.99,16.1
NaN:NaN:NaN,5.1,0,-1,0.99,16
NaN:NaN:NaN,5.4,0,-1,0.99,16
NaN:NaN:NaN,5.2,0,-1,0.99,16.1
NaN:NaN:NaN,5,0,-1,0.99,15.9
NaN:NaN:NaN,5.5,0,-1,0.99,16.1
NaN:NaN:NaN,5.5,0,-1,0.99,15.9
NaN:NaN:NaN,5.6,0,-1,0.99,16.1
NaN:NaN:NaN,5.5,0,-1,0.99,15.9
NaN:NaN:NaN,5.1,0,-1,0.99,16.1
NaN:NaN:NaN,5.5,0,-1,0.99,15.9
NaN:NaN:NaN,5.6,0,-1,0.99,16
NaN:NaN:NaN,5.8,0,-1,0.99,16
NaN:NaN:NaN,5.7,0,-1,0.99,16
NaN:NaN:NaN,5.8,0,-1,0.99,16
NaN:NaN:NaN,5.6,0,-1,0.99,16
NaN:NaN:NaN,5.7,0,-1,0.99,16
NaN:NaN:NaN,5.8,0,-1,0.99,16
NaN:NaN:NaN,5.9,0,-1,0.99,16
NaN:NaN:NaN,5.9,0,-1,0.99,15.9
NaN:NaN:NaN,6,0,-1,0.99,15.9
NaN:NaN:NaN,6.2,0,-1,0.99,16.1
NaN:NaN:NaN,6.3,0,-1,0.99,15.9
NaN:NaN:NaN,6,0,-1,0.99,16
NaN:NaN:NaN,5.7,0,-1,0.99,15.9
NaN:NaN:NaN,6.2,0,-1,0.99,16.1
NaN:NaN:NaN,6.2,0,-1,0.99,15.9
NaN:NaN:NaN,5.8,0,-1,0.99,16
NaN:NaN:NaN,6,0,-1,0.99,16
NaN:NaN:NaN,5.9,0,-1,0.98,16
NaN:NaN:NaN,6,0,-1,0.99,15.9
NaN:NaN:NaN,5.8,0,-1,1,16.1
NaN:NaN:NaN,5.9,0,-1,1,15.9
NaN:NaN:NaN,5.7,0,-1,1.01,16
NaN:NaN:NaN,6,0,-1,1.01,15.9
NaN:NaN:NaN,5.7,0,-1,1,16.1
NaN:NaN:NaN,6.1,0,-1,1,15.9
NaN:NaN:NaN,5.8,0,-1,1.01,16
NaN:NaN:NaN,5.8,0,-1,1.01,16
NaN:NaN:NaN,5.7,0,-1,1.01,16
NaN:NaN:NaN,5.8,0,-1,1.01,16
NaN:NaN:NaN,5.9,0,-1,1,16
NaN:NaN:NaN,5.5,0,-1,1,16
NaN:NaN:NaN,5.8,0,-1,1,15.9
NaN:NaN:NaN,5.8,0,-1,1,16
NaN:NaN:NaN,5.9,0,-1,1,16
NaN:NaN:NaN,5.8,0,-1,1,16
NaN:NaN:NaN,5.8,0,-1,1.01,15.9
NaN:NaN:NaN,5.8,0,-1,1.01,16.1
NaN:NaN:NaN,5.8,0,-1,1.01,15.9
NaN:NaN:NaN,5.7,0,-1,1.01,16
NaN:NaN:NaN,5.4,0,-1,1.02,15.9
NaN:NaN:NaN,5.7,0,-1,1.02,16.1
NaN:NaN:NaN,5.8,0,-1,1.03,15.9
NaN:NaN:NaN,5.8,0,-1,1.03,16
NaN:NaN:NaN,5.7,0,-1,1.03,16
NaN:NaN:NaN,5.8,0,-1,1.04,16
NaN:NaN:NaN,6,0,-1,1.04,15.9
NaN:NaN:NaN,5.7,0,-1,1.04,16.1
NaN:NaN:NaN,5.8,0,-1,1.05,15.9
NaN:NaN:NaN,5.7,0,-1,1.05,16
NaN:NaN:NaN,5.7,0,-1,1.05,16
NaN:NaN:NaN,5.6,0,-1,1.05,16
NaN:NaN:NaN,5.5,0,-1,1.05,15.9
NaN:NaN:NaN,5.9,0,-1,1.05,16
NaN:NaN:NaN,5.9,0,-1,1.05,16
NaN:NaN:NaN,6,0,-1,1.05,16
NaN:NaN:NaN,5.6,0,-1,1.05,16
NaN:NaN:NaN,5.7,0,-1,1.05,16
NaN:NaN:NaN,5.9,0,-1,1.05,16
NaN:NaN:NaN,5.9,0,-1,1.05,15.9
NaN:NaN:NaN,5.8,0,-1,1.05,16.1
NaN:NaN:NaN,5.7,0,-1,1.05,15.9
NaN:NaN:NaN,6.2,0,-1,1.05,16
NaN:NaN:NaN,5.7,0,-1,1.05,15.9
NaN:NaN:NaN,5.4,0,-1,1.05,16.1
NaN:NaN:NaN,5.8,0,-1,1.05,15.9
NaN:NaN:NaN,5.9,0,-1,1.05,16
NaN:NaN:NaN,5.6,0,-1,1.05,16
NaN:NaN:NaN,5.3,0,-1,1.05,16
NaN:NaN:NaN,5.9,0,-1,1.05,15.9
NaN:NaN:NaN,5.7,0,-1,1.05,16.1
NaN:NaN:NaN,6,0,-1,1.05,15.9
NaN:NaN:NaN,5.4,0,-1,1.06,16
NaN:NaN:NaN,5.9,0,-1,1.05,16.1
NaN:NaN:NaN,5.6,0,-1,1.05,15.9
NaN:NaN:NaN,5.7,0,-1,1.05,16
NaN:NaN:NaN,5.4,0,-1,1.05,16
NaN:NaN:NaN,5.2,0,-1,1.05,16
NaN:NaN:NaN,5.7,0,-1,1.05,15.9
NaN:NaN:NaN,5.5,0,-1,1.05,16.1
NaN:NaN:NaN,5.5,0,-1,1.05,15.9
NaN:NaN:NaN,5.8,0,-1,1.05,16
NaN:NaN:NaN,5.6,0,-1,1.05,16
NaN:NaN:NaN,5.7,0,-1,1.05,16
NaN:NaN:NaN,5.8,0,-1,1.05,15.9
NaN:NaN:NaN,5.8,0,-1,1.05,16.1
NaN:NaN:NaN,5.7,0,-1,1.05,16
NaN:NaN:NaN,5.7,0,-1,1.05,15.9
NaN:NaN:NaN,5.5,0,-1,1.05,16.1
NaN:NaN:NaN,5,0,-1,1.06,15.9
NaN:NaN:NaN,5.3,0,-1,1.06,16
NaN:NaN:NaN,5.4,0,-1,1.05,16
NaN:NaN:NaN,5.2,0,-1,1.05,16
NaN:NaN:NaN,5,0,-1,1.05,15.9
NaN:NaN:NaN,5.4,0,-1,1.05,16.1
NaN:NaN:NaN,5.7,0,-1,1.05,15.9
NaN:NaN:NaN,5.4,0,-1,1.05,16.1
NaN:NaN:NaN,5.4,0,-1,1.06,16
NaN:NaN:NaN,5.8,0,-1,1.06,15.9
NaN:NaN:NaN,5.9,0,-1,1.05,16.1
NaN:NaN:NaN,5.6,0,-1,1.05,15.9
NaN:NaN:NaN,5.7,0,-1,1.05,16
NaN:NaN:NaN,5.8,0,-1,1.05,16
NaN:NaN:NaN,5.5,0,-1,1.05,16
NaN:NaN:NaN,5.4,0,-1,1.05,15.9
NaN:NaN:NaN,5.3,0,-1,1.05,16.1
NaN:NaN:NaN,5.4,0,-1,1.05,16
NaN:NaN:NaN,5.5,0,-1,1.05,15.9
NaN:NaN:NaN,5.4,0,-1,1.05,16.1
NaN:NaN:NaN,5.2,0,-1,1.05,15.9
NaN:NaN:NaN,5.2,0,-1,1.05,16.1
NaN:NaN:NaN,5.1,0,-1,1.06,16
NaN:NaN:NaN,5,0,-1,1.06,16
NaN:NaN:NaN,4.9,0,-1,1.05,16
NaN:NaN:NaN,5.1,0,-1,1.06,16
NaN:NaN:NaN,5.1,0,-1,1.06,16
NaN:NaN:NaN,5.3,0,-1,1.06,16.1
NaN:NaN:NaN,5.2,0,-1,1.05,15.9
NaN:NaN:NaN,5,0,-1,1.05,16.1
NaN:NaN:NaN,4.8,0,-1,1.05,15.9
NaN:NaN:NaN,5.1,0,-1,1.06,16
NaN:NaN:NaN,5.1,0,-1,1.06,16
NaN:NaN:NaN,4.8,0,-1,1.06,16.1
NaN:NaN:NaN,5,0,-1,1.05,16
NaN:NaN:NaN,4.8,0,-1,1.05,15.9
NaN:NaN:NaN,4.7,0,-1,1.05,16.1
NaN:NaN:NaN,4.7,0,-1,1.05,15.9
NaN:NaN:NaN,5,0,-1,1.06,16.1
NaN:NaN:NaN,4.9,0,-1,1.06,16
NaN:NaN:NaN,4.6,0,-1,1.05,16
NaN:NaN:NaN,5,0,-1,1.05,16
NaN:NaN:NaN,5.2,0,-1,1.06,16
NaN:NaN:NaN,5,0,-1,1.06,16
NaN:NaN:NaN,5.4,0,-1,1.05,15.9
NaN:NaN:NaN,5.5,0,-1,1.06,16.1
NaN:NaN:NaN,5.1,0,-1,1.06,15.9
NaN:NaN:NaN,5.4,0,-1,1.05,16
NaN:NaN:NaN,5.6,0,-1,1.06,16.1
NaN:NaN:NaN,5.9,0,-1,1.06,15.9
NaN:NaN:NaN,5.4,0,-1,1.05,16
NaN:NaN:NaN,5.9,0,-1,1.05,16
NaN:NaN:NaN,5.9,0,-1,1.05,16
NaN:NaN:NaN,5.7,0,-1,1.06,15.9
NaN:NaN:NaN,5.9,0,-1,1.05,16
NaN:NaN:NaN,5.8,0,-1,1.05,16
NaN:NaN:NaN,6.1,0,-1,1.05,16
NaN:NaN:NaN,6,0,-1,1.05,15.9
NaN:NaN:NaN,5.6,0,-1,1.05,16.1
NaN:NaN:NaN,5.8,0,-1,1.05,15.9
NaN:NaN:NaN,5.8,0,-1,1.05,16
NaN:NaN:NaN,6.2,0,-1,1.05,15.9
NaN:NaN:NaN,6,0,-1,1.05,16.1
NaN:NaN:NaN,6.2,0,-1,1.05,16
NaN:NaN:NaN,6,0,-1,1.05,15.9
NaN:NaN:NaN,5.9,0,-1,1.05,16.1
NaN:NaN:NaN,5.7,0,-1,1.05,15.9
NaN:NaN:NaN,5.5,0,-1,1.05,16
NaN:NaN:NaN,6,0,-1,1.05,15.9
NaN:NaN:NaN,6,0,-1,1.06,16.1
NaN:NaN:NaN,6.2,0,-1,1.05,15.9
NaN:NaN:NaN,5.9,0,-1,1.05,16
NaN:NaN:NaN,5.8,0,-1,1.05,16
NaN:NaN:NaN,6.1,0,-1,1.05,16
NaN:NaN:NaN,6.1,0,-1,1.05,15.9
NaN:NaN:NaN,5.6,0,-1,1.05,16
NaN:NaN:NaN,5.7,0,-1,1.05,16
NaN:NaN:NaN,5.8,0,-1,1.06,16
NaN:NaN:NaN,6.3,0,-1,1.06,15.9
NaN:NaN:NaN,5.7,0,-1,1.05,16.1
NaN:NaN:NaN,5.6,0,-1,1.05,15.9
NaN:NaN:NaN,6,0,-1,1.05,16
NaN:NaN:NaN,5.6,0,-1,1.06,15.9
NaN:NaN:NaN,6.1,0,-1,1.06,16.1
NaN:NaN:NaN,5.6,0,-1,1.06,15.9
NaN:NaN:NaN,5.9,0,-1,1.06,16
NaN:NaN:NaN,5.5,0,-1,1.06,16
NaN:NaN:NaN,5.5,0,-1,1.05,16
NaN:NaN:NaN,5.7,0,-1,1.05,16
NaN:NaN:NaN,5.6,0,-1,1.05,15.9
NaN:NaN:NaN,5.5,0,-1,1.05,16.1
NaN:NaN:NaN,5.7,0,-1,1.05,15.9
NaN:NaN:NaN,5.6,0,-1,1.05,16
NaN:NaN:NaN,5.7,0,-1,1.05,16
NaN:NaN:NaN,5.2,0,-1,1.05,16
NaN:NaN:NaN,5.2,0,-1,1.05,16
NaN:NaN:NaN,5.4,0,-1,1.06,16
NaN:NaN:NaN,5.6,0,-1,1.06,16
NaN:NaN:NaN,5.3,0,-1,1.06,16
NaN:NaN:NaN,5.7,0,-1,1.06,16
NaN:NaN:NaN,5.6,0,-1,1.06,16
NaN:NaN:NaN,5.5,0,-1,1.05,16
NaN:NaN:NaN,5.7,0,-1,1.05,16
NaN:NaN:NaN,5.8,0,-1,1.06,16
NaN:NaN:NaN,5.4,0,-1,1.06,16
NaN:NaN:NaN,5.3,0,-1,1.06,16
NaN:NaN:NaN,5.6,0,-1,1.06,15.9
NaN:NaN:NaN,5.4,0,-1,1.06,16.1
NaN:NaN:NaN,5,0,-1,1.06,16
NaN:NaN:NaN,5.5,0,-1,1.06,16
NaN:NaN:NaN,5.4,0,-1,1.05,16
NaN:NaN:NaN,5.3,0,-1,1.05,15.9
NaN:NaN:NaN,5.1,0,-1,1.05,16.1
NaN:NaN:NaN,5.1,0,-1,1.05,15.9
NaN:NaN:NaN,5,0,-1,1.05,16.1
NaN:NaN:NaN,4.9,0,-1,1.06,15.9
NaN:NaN:NaN,5.1,0,-1,1.06,16
NaN:NaN:NaN,5.2,0,-1,1.05,16.1
NaN:NaN:NaN,5.1,0,-1,1.05,15.9
NaN:NaN:NaN,5,0,-1,1.05,16.1
NaN:NaN:NaN,5.3,0,-1,1.06,15.9
NaN:NaN:NaN,5.2,0,-1,1.06,16
NaN:NaN:NaN,5.2,0,-1,1.05,16
