Заказчик;Куст;Скважина;Работа;Дата;Time;Q_left;Q_right
Злые геологи;123;456;Кондуктор 245мм;12.11.2024;18:30:00;0;0
;;;;;18:30:01;5;5
;;;;;18:30:02;10;12
;;;;;18:30:03;15;20
;;;;;18:30:04;18;19
;;;;;18:30:05;23;25
;;;;;18:30:06;36;50
;;;;;18:30:07;40;48
;;;;;18:30:08;42;50
;;;;;18:30:09;;
;;;;;18:30:10;;
;;;;;18:30:11;;
;;;;;18:30:12;;
;;;;;18:30:13;;
;;;;;18:30:14;;
;;;;;18:30:15;;
;;;;;18:30:16;;
;;;;;18:30:17;;
;;;;;18:30:18;;
;;;;;18:30:19;;
;;;;;18:30:20;;
;;;;;18:30:21;;
;;;;;18:30:22;;
;;;;;18:30:23;;
;;;;;18:30:24;;
;;;;;18:30:25;;
;;;;;18:30:26;;
;;;;;18:30:27;;
;;;;;18:30:28;;
;;;;;18:30:29;;
;;;;;18:30:30;;
;;;;;18:30:31;;
;;;;;18:30:32;;
;;;;;18:30:33;;
;;;;;18:30:34;;
;;;;;18:30:35;;
;;;;;18:30:36;;
;;;;;18:30:37;;
;;;;;18:30:38;;
;;;;;18:30:39;;
;;;;;18:30:40;;
;;;;;18:30:41;;
;;;;;18:30:42;;
;;;;;18:30:43;;
;;;;;18:30:44;;
;;;;;18:30:45;;
;;;;;18:30:46;;
;;;;;18:30:47;;
;;;;;18:30:48;;
;;;;;18:30:49;;
;;;;;18:30:50;;
;;;;;18:30:51;;
;;;;;18:30:52;;
;;;;;18:30:53;;
;;;;;18:30:54;;
;;;;;18:30:55;;
;;;;;18:30:56;;
;;;;;18:30:57;;
;;;;;18:30:58;;
;;;;;18:30:59;;
;;;;;18:31:00;;
;;;;;18:31:01;;
;;;;;18:31:02;;
;;;;;18:31:03;;
;;;;;18:31:04;;
;;;;;18:31:05;;
;;;;;18:31:06;;
;;;;;18:31:07;;
;;;;;18:31:08;;
;;;;;18:31:09;;
;;;;;18:31:10;;
;;;;;18:31:11;;
;;;;;18:31:12;;
;;;;;18:31:13;;
;;;;;18:31:14;;
;;;;;18:31:15;;
;;;;;18:31:16;;
;;;;;18:31:17;;
;;;;;18:31:18;;
;;;;;18:31:19;;
;;;;;18:31:20;;
;;;;;18:31:21;;
;;;;;18:31:22;;
;;;;;18:31:23;;
;;;;;18:31:24;;
;;;;;18:31:25;;
;;;;;18:31:26;;
;;;;;18:31:27;;
;;;;;18:31:28;;
;;;;;18:31:29;;
;;;;;18:31:30;;
;;;;;18:31:31;;
;;;;;18:31:32;;
;;;;;18:31:33;;
;;;;;18:31:34;;
;;;;;18:31:35;;
;;;;;18:31:36;;
;;;;;18:31:37;;
;;;;;18:31:38;;
;;;;;18:31:39;;
;;;;;18:31:40;;
;;;;;18:31:41;;
;;;;;18:31:42;;
;;;;;18:31:43;;
;;;;;18:31:44;;
;;;;;18:31:45;;
;;;;;18:31:46;;
;;;;;18:31:47;;
;;;;;18:31:48;;
;;;;;18:31:49;;
;;;;;18:31:50;;
;;;;;18:31:51;;
;;;;;18:31:52;;
;;;;;18:31:53;;
;;;;;18:31:54;;
;;;;;18:31:55;;
;;;;;18:31:56;;
;;;;;18:31:57;;
;;;;;18:31:58;;
;;;;;18:31:59;;
;;;;;18:32:00;;
;;;;;18:32:01;;
;;;;;18:32:02;;
;;;;;18:32:03;;
;;;;;18:32:04;;
;;;;;18:32:05;;
;;;;;18:32:06;;
;;;;;18:32:07;;
;;;;;18:32:08;;
;;;;;18:32:09;;
;;;;;18:32:10;;
;;;;;18:32:11;;
;;;;;18:32:12;;
;;;;;18:32:13;;
;;;;;18:32:14;;
;;;;;18:32:15;;
;;;;;18:32:16;;
;;;;;18:32:17;;
;;;;;18:32:18;;
;;;;;18:32:19;;
;;;;;18:32:20;;
;;;;;18:32:21;;
;;;;;18:32:22;;
;;;;;18:32:23;;
;;;;;18:32:24;;
;;;;;18:32:25;;
;;;;;18:32:26;;
;;;;;18:32:27;;
;;;;;18:32:28;;
;;;;;18:32:29;;
;;;;;18:32:30;;
;;;;;18:32:31;;
;;;;;18:32:32;;
;;;;;18:32:33;;
;;;;;18:32:34;;
;;;;;18:32:35;;
;;;;;18:32:36;;
;;;;;18:32:37;;
;;;;;18:32:38;;
;;;;;18:32:39;;
;;;;;18:32:40;;
;;;;;18:32:41;;
;;;;;18:32:42;;
;;;;;18:32:43;;
;;;;;18:32:44;;
;;;;;18:32:45;;
;;;;;18:32:46;;
;;;;;18:32:47;;
;;;;;18:32:48;;
;;;;;18:32:49;;
;;;;;18:32:50;;
;;;;;18:32:51;;
;;;;;18:32:52;;
;;;;;18:32:53;;
;;;;;18:32:54;;
;;;;;18:32:55;;
;;;;;18:32:56;;
;;;;;18:32:57;;
;;;;;18:32:58;;
;;;;;18:32:59;;
;;;;;18:33:00;;
;;;;;18:33:01;;
;;;;;18:33:02;;
;;;;;18:33:03;;
;;;;;18:33:04;;
;;;;;18:33:05;;
;;;;;18:33:06;;
;;;;;18:33:07;;
;;;;;18:33:08;;
;;;;;18:33:09;;
;;;;;18:33:10;;
;;;;;18:33:11;;
;;;;;18:33:12;;
;;;;;18:33:13;;
;;;;;18:33:14;;
;;;;;18:33:15;;
;;;;;18:33:16;;
;;;;;18:33:17;;
;;;;;18:33:18;;
;;;;;18:33:19;;
;;;;;18:33:20;;
;;;;;18:33:21;;
;;;;;18:33:22;;
;;;;;18:33:23;;
;;;;;18:33:24;;
;;;;;18:33:25;;
;;;;;18:33:26;;
;;;;;18:33:27;;
;;;;;18:33:28;;
;;;;;18:33:29;;
;;;;;18:33:30;;
;;;;;18:33:31;;
;;;;;18:33:32;;
;;;;;18:33:33;;
;;;;;18:33:34;;
;;;;;18:33:35;;
;;;;;18:33:36;;
;;;;;18:33:37;;
;;;;;18:33:38;;
;;;;;18:33:39;;
;;;;;18:33:40;;
;;;;;18:33:41;;
;;;;;18:33:42;;
;;;;;18:33:43;;
;;;;;18:33:44;;
;;;;;18:33:45;;
;;;;;18:33:46;;
;;;;;18:33:47;;
;;;;;18:33:48;;
;;;;;18:33:49;;
;;;;;18:33:50;;
;;;;;18:33:51;;
;;;;;18:33:52;;
;;;;;18:33:53;;
;;;;;18:33:54;;
;;;;;18:33:55;;
;;;;;18:33:56;;
;;;;;18:33:57;;
;;;;;18:33:58;;
;;;;;18:33:59;;
;;;;;18:34:00;;
;;;;;18:34:01;;
;;;;;18:34:02;;
;;;;;18:34:03;;
;;;;;18:34:04;;
;;;;;18:34:05;;
;;;;;18:34:06;;
;;;;;18:34:07;;
;;;;;18:34:08;;
;;;;;18:34:09;;
;;;;;18:34:10;;
;;;;;18:34:11;;
;;;;;18:34:12;;
;;;;;18:34:13;;
;;;;;18:34:14;;
;;;;;18:34:15;;
;;;;;18:34:16;;
;;;;;18:34:17;;
;;;;;18:34:18;;
;;;;;18:34:19;;
;;;;;18:34:20;;
;;;;;18:34:21;;
;;;;;18:34:22;;
;;;;;18:34:23;;
;;;;;18:34:24;;
;;;;;18:34:25;;
;;;;;18:34:26;;
;;;;;18:34:27;;
;;;;;18:34:28;;
;;;;;18:34:29;;
;;;;;18:34:30;;
;;;;;18:34:31;;
;;;;;18:34:32;;
;;;;;18:34:33;;
;;;;;18:34:34;;
;;;;;18:34:35;;
;;;;;18:34:36;;
;;;;;18:34:37;;
;;;;;18:34:38;;
;;;;;18:34:39;;
;;;;;18:34:40;;
;;;;;18:34:41;;
;;;;;18:34:42;;
;;;;;18:34:43;;
;;;;;18:34:44;;
;;;;;18:34:45;;
;;;;;18:34:46;;
;;;;;18:34:47;;
;;;;;18:34:48;;
;;;;;18:34:49;;
;;;;;18:34:50;;
;;;;;18:34:51;;
;;;;;18:34:52;;
;;;;;18:34:53;;
;;;;;18:34:54;;
;;;;;18:34:55;;
;;;;;18:34:56;;
;;;;;18:34:57;;
;;;;;18:34:58;;
;;;;;18:34:59;;
;;;;;18:35:00;;
;;;;;18:35:01;;
;;;;;18:35:02;;
;;;;;18:35:03;;
;;;;;18:35:04;;
;;;;;18:35:05;;
;;;;;18:35:06;;
;;;;;18:35:07;;
;;;;;18:35:08;;
;;;;;18:35:09;;
;;;;;18:35:10;;
;;;;;18:35:11;;
;;;;;18:35:12;;
;;;;;18:35:13;;
;;;;;18:35:14;;
;;;;;18:35:15;;
;;;;;18:35:16;;
;;;;;18:35:17;;
;;;;;18:35:18;;
;;;;;18:35:19;;
;;;;;18:35:20;;
;;;;;18:35:21;;
;;;;;18:35:22;;
;;;;;18:35:23;;
;;;;;18:35:24;;
;;;;;18:35:25;;
;;;;;18:35:26;;
;;;;;18:35:27;;
;;;;;18:35:28;;
;;;;;18:35:29;;
;;;;;18:35:30;;
;;;;;18:35:31;;
;;;;;18:35:32;;
;;;;;18:35:33;;
;;;;;18:35:34;;
;;;;;18:35:35;;
;;;;;18:35:36;;
;;;;;18:35:37;;
;;;;;18:35:38;;
;;;;;18:35:39;;
;;;;;18:35:40;;
;;;;;18:35:41;;
;;;;;18:35:42;;
;;;;;18:35:43;;
;;;;;18:35:44;;
;;;;;18:35:45;;
;;;;;18:35:46;;
;;;;;18:35:47;;
;;;;;18:35:48;;
;;;;;18:35:49;;
;;;;;18:35:50;;
;;;;;18:35:51;;
;;;;;18:35:52;;
;;;;;18:35:53;;
;;;;;18:35:54;;
;;;;;18:35:55;;
;;;;;18:35:56;;
;;;;;18:35:57;;
;;;;;18:35:58;;
;;;;;18:35:59;;
;;;;;18:36:00;;
;;;;;18:36:01;;
;;;;;18:36:02;;
;;;;;18:36:03;;
;;;;;18:36:04;;
;;;;;18:36:05;;
;;;;;18:36:06;;
;;;;;18:36:07;;
;;;;;18:36:08;;
;;;;;18:36:09;;
;;;;;18:36:10;;
;;;;;18:36:11;;
;;;;;18:36:12;;
;;;;;18:36:13;;
;;;;;18:36:14;;
;;;;;18:36:15;;
;;;;;18:36:16;;
;;;;;18:36:17;;
;;;;;18:36:18;;
;;;;;18:36:19;;
;;;;;18:36:20;;
;;;;;18:36:21;;
;;;;;18:36:22;;
;;;;;18:36:23;;
;;;;;18:36:24;;
;;;;;18:36:25;;
;;;;;18:36:26;;
;;;;;18:36:27;;
;;;;;18:36:28;;
;;;;;18:36:29;;
;;;;;18:36:30;;
;;;;;18:36:31;;
;;;;;18:36:32;;
;;;;;18:36:33;;
;;;;;18:36:34;;
;;;;;18:36:35;;
;;;;;18:36:36;;
;;;;;18:36:37;;
;;;;;18:36:38;;
;;;;;18:36:39;;
;;;;;18:36:40;;
;;;;;18:36:41;;
;;;;;18:36:42;;
;;;;;18:36:43;;
;;;;;18:36:44;;
;;;;;18:36:45;;
;;;;;18:36:46;;
;;;;;18:36:47;;
;;;;;18:36:48;;
;;;;;18:36:49;;
;;;;;18:36:50;;
;;;;;18:36:51;;
;;;;;18:36:52;;
;;;;;18:36:53;;
;;;;;18:36:54;;
;;;;;18:36:55;;
;;;;;18:36:56;;
;;;;;18:36:57;;
;;;;;18:36:58;;
;;;;;18:36:59;;
;;;;;18:37:00;;
;;;;;18:37:01;;
;;;;;18:37:02;;
;;;;;18:37:03;;
;;;;;18:37:04;;
;;;;;18:37:05;;
;;;;;18:37:06;;
;;;;;18:37:07;;
;;;;;18:37:08;;
;;;;;18:37:09;;
;;;;;18:37:10;;
;;;;;18:37:11;;
;;;;;18:37:12;;
;;;;;18:37:13;;
;;;;;18:37:14;;
;;;;;18:37:15;;
;;;;;18:37:16;;
;;;;;18:37:17;;
;;;;;18:37:18;;
;;;;;18:37:19;;
;;;;;18:37:20;;
;;;;;18:37:21;;
;;;;;18:37:22;;
;;;;;18:37:23;;
;;;;;18:37:24;;
;;;;;18:37:25;;
;;;;;18:37:26;;
;;;;;18:37:27;;
;;;;;18:37:28;;
;;;;;18:37:29;;
;;;;;18:37:30;;
;;;;;18:37:31;;
;;;;;18:37:32;;
;;;;;18:37:33;;
;;;;;18:37:34;;
;;;;;18:37:35;;
;;;;;18:37:36;;
;;;;;18:37:37;;
;;;;;18:37:38;;
;;;;;18:37:39;;
;;;;;18:37:40;;
;;;;;18:37:41;;
;;;;;18:37:42;;
;;;;;18:37:43;;
;;;;;18:37:44;;
;;;;;18:37:45;;
;;;;;18:37:46;;
;;;;;18:37:47;;
;;;;;18:37:48;;
;;;;;18:37:49;;
;;;;;18:37:50;;
;;;;;18:37:51;;
;;;;;18:37:52;;
;;;;;18:37:53;;
;;;;;18:37:54;;
;;;;;18:37:55;;
;;;;;18:37:56;;
;;;;;18:37:57;;
;;;;;18:37:58;;
;;;;;18:37:59;;
;;;;;18:38:00;;
;;;;;18:38:01;;
;;;;;18:38:02;;
;;;;;18:38:03;;
;;;;;18:38:04;;
;;;;;18:38:05;;
;;;;;18:38:06;;
;;;;;18:38:07;;
;;;;;18:38:08;;
;;;;;18:38:09;;
;;;;;18:38:10;;
;;;;;18:38:11;;
;;;;;18:38:12;;
;;;;;18:38:13;;
;;;;;18:38:14;;
;;;;;18:38:15;;
;;;;;18:38:16;;
;;;;;18:38:17;;
;;;;;18:38:18;;
;;;;;18:38:19;;
;;;;;18:38:20;;
;;;;;18:38:21;;
;;;;;18:38:22;;
;;;;;18:38:23;;
;;;;;18:38:24;;
;;;;;18:38:25;;
;;;;;18:38:26;;
;;;;;18:38:27;;
;;;;;18:38:28;;
;;;;;18:38:29;;
;;;;;18:38:30;;
;;;;;18:38:31;;
;;;;;18:38:32;;
;;;;;18:38:33;;
;;;;;18:38:34;;
;;;;;18:38:35;;
;;;;;18:38:36;;
;;;;;18:38:37;;
;;;;;18:38:38;;
;;;;;18:38:39;;
;;;;;18:38:40;;
;;;;;18:38:41;;
;;;;;18:38:42;;
;;;;;18:38:43;;
;;;;;18:38:44;;
;;;;;18:38:45;;
;;;;;18:38:46;;
;;;;;18:38:47;;
;;;;;18:38:48;;
;;;;;18:38:49;;
;;;;;18:38:50;;
;;;;;18:38:51;;
;;;;;18:38:52;;
;;;;;18:38:53;;
;;;;;18:38:54;;
;;;;;18:38:55;;
;;;;;18:38:56;;
;;;;;18:38:57;;
;;;;;18:38:58;;
;;;;;18:38:59;;
;;;;;18:39:00;;
;;;;;18:39:01;;
;;;;;18:39:02;;
;;;;;18:39:03;;
;;;;;18:39:04;;
;;;;;18:39:05;;
;;;;;18:39:06;;
;;;;;18:39:07;;
;;;;;18:39:08;;
;;;;;18:39:09;;
;;;;;18:39:10;;
;;;;;18:39:11;;
;;;;;18:39:12;;
;;;;;18:39:13;;
;;;;;18:39:14;;
;;;;;18:39:15;;
;;;;;18:39:16;;
;;;;;18:39:17;;
;;;;;18:39:18;;
;;;;;18:39:19;;
;;;;;18:39:20;;
;;;;;18:39:21;;
;;;;;18:39:22;;
;;;;;18:39:23;;
;;;;;18:39:24;;
;;;;;18:39:25;;
;;;;;18:39:26;;
;;;;;18:39:27;;
;;;;;18:39:28;;
;;;;;18:39:29;;
;;;;;18:39:30;;
;;;;;18:39:31;;
;;;;;18:39:32;;
;;;;;18:39:33;;
;;;;;18:39:34;;
;;;;;18:39:35;;
;;;;;18:39:36;;
;;;;;18:39:37;;
;;;;;18:39:38;;
;;;;;18:39:39;;
;;;;;18:39:40;;
;;;;;18:39:41;;
;;;;;18:39:42;;
;;;;;18:39:43;;
;;;;;18:39:44;;
;;;;;18:39:45;;
;;;;;18:39:46;;
;;;;;18:39:47;;
;;;;;18:39:48;;
;;;;;18:39:49;;
;;;;;18:39:50;;
;;;;;18:39:51;;
;;;;;18:39:52;;
;;;;;18:39:53;;
;;;;;18:39:54;;
;;;;;18:39:55;;
;;;;;18:39:56;;
;;;;;18:39:57;;
;;;;;18:39:58;;
;;;;;18:39:59;;
;;;;;18:40:00;;
;;;;;18:40:01;;
;;;;;18:40:02;;
;;;;;18:40:03;;
;;;;;18:40:04;;
;;;;;18:40:05;;
;;;;;18:40:06;;
;;;;;18:40:07;;
;;;;;18:40:08;;
;;;;;18:40:09;;
;;;;;18:40:10;;
;;;;;18:40:11;;
;;;;;18:40:12;;
;;;;;18:40:13;;
;;;;;18:40:14;;
;;;;;18:40:15;;
;;;;;18:40:16;;
;;;;;18:40:17;;
;;;;;18:40:18;;
;;;;;18:40:19;;
;;;;;18:40:20;;
;;;;;18:40:21;;
;;;;;18:40:22;;
;;;;;18:40:23;;
;;;;;18:40:24;;
;;;;;18:40:25;;
;;;;;18:40:26;;
;;;;;18:40:27;;
;;;;;18:40:28;;
;;;;;18:40:29;;
;;;;;18:40:30;;
;;;;;18:40:31;;
;;;;;18:40:32;;
;;;;;18:40:33;;
;;;;;18:40:34;;
;;;;;18:40:35;;
;;;;;18:40:36;;
;;;;;18:40:37;;
;;;;;18:40:38;;
;;;;;18:40:39;;
;;;;;18:40:40;;
;;;;;18:40:41;;
;;;;;18:40:42;;
;;;;;18:40:43;;
;;;;;18:40:44;;
;;;;;18:40:45;;
;;;;;18:40:46;;
;;;;;18:40:47;;
;;;;;18:40:48;;
;;;;;18:40:49;;
;;;;;18:40:50;;
;;;;;18:40:51;;
;;;;;18:40:52;;
;;;;;18:40:53;;
;;;;;18:40:54;;
;;;;;18:40:55;;
;;;;;18:40:56;;
;;;;;18:40:57;;
;;;;;18:40:58;;
;;;;;18:40:59;;
;;;;;18:41:00;;
;;;;;18:41:01;;
;;;;;18:41:02;;
;;;;;18:41:03;;
;;;;;18:41:04;;
;;;;;18:41:05;;
;;;;;18:41:06;;
;;;;;18:41:07;;
;;;;;18:41:08;;
;;;;;18:41:09;;
;;;;;18:41:10;;
;;;;;18:41:11;;
;;;;;18:41:12;;
;;;;;18:41:13;;
;;;;;18:41:14;;
;;;;;18:41:15;;
;;;;;18:41:16;;
;;;;;18:41:17;;
;;;;;18:41:18;;
;;;;;18:41:19;;
;;;;;18:41:20;;
;;;;;18:41:21;;
;;;;;18:41:22;;
;;;;;18:41:23;;
;;;;;18:41:24;;
;;;;;18:41:25;;
;;;;;18:41:26;;
;;;;;18:41:27;;
;;;;;18:41:28;;
;;;;;18:41:29;;
;;;;;18:41:30;;
;;;;;18:41:31;;
;;;;;18:41:32;;
;;;;;18:41:33;;
;;;;;18:41:34;;
;;;;;18:41:35;;
;;;;;18:41:36;;
;;;;;18:41:37;;
;;;;;18:41:38;;
;;;;;18:41:39;;
;;;;;18:41:40;;
;;;;;18:41:41;;
;;;;;18:41:42;;
;;;;;18:41:43;;
;;;;;18:41:44;;
;;;;;18:41:45;;
;;;;;18:41:46;;
;;;;;18:41:47;;
;;;;;18:41:48;;
;;;;;18:41:49;;
;;;;;18:41:50;;
;;;;;18:41:51;;
;;;;;18:41:52;;
;;;;;18:41:53;;
;;;;;18:41:54;;
;;;;;18:41:55;;
;;;;;18:41:56;;
;;;;;18:41:57;;
;;;;;18:41:58;;
;;;;;18:41:59;;
;;;;;18:42:00;;
;;;;;18:42:01;;
;;;;;18:42:02;;
;;;;;18:42:03;;
;;;;;18:42:04;;
;;;;;18:42:05;;
;;;;;18:42:06;;
;;;;;18:42:07;;
;;;;;18:42:08;;
;;;;;18:42:09;;
;;;;;18:42:10;;
;;;;;18:42:11;;
;;;;;18:42:12;;
;;;;;18:42:13;;
;;;;;18:42:14;;
;;;;;18:42:15;;
;;;;;18:42:16;;
;;;;;18:42:17;;
;;;;;18:42:18;;
;;;;;18:42:19;;
;;;;;18:42:20;;
;;;;;18:42:21;;
;;;;;18:42:22;;
;;;;;18:42:23;;
;;;;;18:42:24;;
;;;;;18:42:25;;
;;;;;18:42:26;;
;;;;;18:42:27;;
;;;;;18:42:28;;
;;;;;18:42:29;;
;;;;;18:42:30;;
;;;;;18:42:31;;
;;;;;18:42:32;;
;;;;;18:42:33;;
;;;;;18:42:34;;
;;;;;18:42:35;;
;;;;;18:42:36;;
;;;;;18:42:37;;
;;;;;18:42:38;;
;;;;;18:42:39;;
;;;;;18:42:40;;
;;;;;18:42:41;;
;;;;;18:42:42;;
;;;;;18:42:43;;
;;;;;18:42:44;;
;;;;;18:42:45;;
;;;;;18:42:46;;
;;;;;18:42:47;;
;;;;;18:42:48;;
;;;;;18:42:49;;
;;;;;18:42:50;;
;;;;;18:42:51;;
;;;;;18:42:52;;
;;;;;18:42:53;;
;;;;;18:42:54;;
;;;;;18:42:55;;
;;;;;18:42:56;;
;;;;;18:42:57;;
;;;;;18:42:58;;
;;;;;18:42:59;;
;;;;;18:43:00;;
;;;;;18:43:01;;
;;;;;18:43:02;;
;;;;;18:43:03;;
;;;;;18:43:04;;
;;;;;18:43:05;;
;;;;;18:43:06;;
;;;;;18:43:07;;
;;;;;18:43:08;;
;;;;;18:43:09;;
;;;;;18:43:10;;
;;;;;18:43:11;;
;;;;;18:43:12;;
;;;;;18:43:13;;
;;;;;18:43:14;;
;;;;;18:43:15;;
;;;;;18:43:16;;
;;;;;18:43:17;;
;;;;;18:43:18;;
;;;;;18:43:19;;
;;;;;18:43:20;;
;;;;;18:43:21;;
;;;;;18:43:22;;
;;;;;18:43:23;;
;;;;;18:43:24;;
;;;;;18:43:25;;
;;;;;18:43:26;;
;;;;;18:43:27;;
;;;;;18:43:28;;
;;;;;18:43:29;;
;;;;;18:43:30;;
;;;;;18:43:31;;
;;;;;18:43:32;;
;;;;;18:43:33;;
;;;;;18:43:34;;
;;;;;18:43:35;;
;;;;;18:43:36;;
;;;;;18:43:37;;
;;;;;18:43:38;;
;;;;;18:43:39;;
;;;;;18:43:40;;
;;;;;18:43:41;;
;;;;;18:43:42;;
;;;;;18:43:43;;
;;;;;18:43:44;;
;;;;;18:43:45;;
;;;;;18:43:46;;
;;;;;18:43:47;;
;;;;;18:43:48;;
;;;;;18:43:49;;
;;;;;18:43:50;;
;;;;;18:43:51;;
;;;;;18:43:52;;
;;;;;18:43:53;;
;;;;;18:43:54;;
;;;;;18:43:55;;
;;;;;18:43:56;;
;;;;;18:43:57;;
;;;;;18:43:58;;
;;;;;18:43:59;;
;;;;;18:44:00;;
;;;;;18:44:01;;
;;;;;18:44:02;;
;;;;;18:44:03;;
;;;;;18:44:04;;
;;;;;18:44:05;;
;;;;;18:44:06;;
;;;;;18:44:07;;
;;;;;18:44:08;;
;;;;;18:44:09;;
;;;;;18:44:10;;
;;;;;18:44:11;;
;;;;;18:44:12;;
;;;;;18:44:13;;
;;;;;18:44:14;;
;;;;;18:44:15;;
;;;;;18:44:16;;
;;;;;18:44:17;;
;;;;;18:44:18;;
;;;;;18:44:19;;
;;;;;18:44:20;;
;;;;;18:44:21;;
;;;;;18:44:22;;
;;;;;18:44:23;;
;;;;;18:44:24;;
;;;;;18:44:25;;
;;;;;18:44:26;;
;;;;;18:44:27;;
;;;;;18:44:28;;
;;;;;18:44:29;;
;;;;;18:44:30;;
;;;;;18:44:31;;
;;;;;18:44:32;;
;;;;;18:44:33;;
;;;;;18:44:34;;
;;;;;18:44:35;;
;;;;;18:44:36;;
;;;;;18:44:37;;
;;;;;18:44:38;;
;;;;;18:44:39;;
;;;;;18:44:40;;
;;;;;18:44:41;;
;;;;;18:44:42;;
;;;;;18:44:43;;
;;;;;18:44:44;;
;;;;;18:44:45;;
;;;;;18:44:46;;
;;;;;18:44:47;;
;;;;;18:44:48;;
;;;;;18:44:49;;
;;;;;18:44:50;;
;;;;;18:44:51;;
;;;;;18:44:52;;
;;;;;18:44:53;;
;;;;;18:44:54;;
;;;;;18:44:55;;
;;;;;18:44:56;;
;;;;;18:44:57;;
;;;;;18:44:58;;
;;;;;18:44:59;;
;;;;;18:45:00;;
;;;;;18:45:01;;
;;;;;18:45:02;;
;;;;;18:45:03;;
;;;;;18:45:04;;
;;;;;18:45:05;;
;;;;;18:45:06;;
;;;;;18:45:07;;
;;;;;18:45:08;;
;;;;;18:45:09;;
;;;;;18:45:10;;
;;;;;18:45:11;;
;;;;;18:45:12;;
;;;;;18:45:13;;
;;;;;18:45:14;;
;;;;;18:45:15;;
;;;;;18:45:16;;
;;;;;18:45:17;;
;;;;;18:45:18;;
;;;;;18:45:19;;
;;;;;18:45:20;;
;;;;;18:45:21;;
;;;;;18:45:22;;
;;;;;18:45:23;;
;;;;;18:45:24;;
;;;;;18:45:25;;
;;;;;18:45:26;;
;;;;;18:45:27;;
;;;;;18:45:28;;
;;;;;18:45:29;;
;;;;;18:45:30;;
;;;;;18:45:31;;
;;;;;18:45:32;;
;;;;;18:45:33;;
;;;;;18:45:34;;
;;;;;18:45:35;;
;;;;;18:45:36;;
;;;;;18:45:37;;
;;;;;18:45:38;;
;;;;;18:45:39;;
;;;;;18:45:40;;
;;;;;18:45:41;;
;;;;;18:45:42;;
;;;;;18:45:43;;
;;;;;18:45:44;;
;;;;;18:45:45;;
;;;;;18:45:46;;
;;;;;18:45:47;;
;;;;;18:45:48;;
;;;;;18:45:49;;
;;;;;18:45:50;;
;;;;;18:45:51;;
;;;;;18:45:52;;
;;;;;18:45:53;;
;;;;;18:45:54;;
;;;;;18:45:55;;
;;;;;18:45:56;;
;;;;;18:45:57;;
;;;;;18:45:58;;
;;;;;18:45:59;;
;;;;;18:46:00;;
;;;;;18:46:01;;
;;;;;18:46:02;;
;;;;;18:46:03;;
;;;;;18:46:04;;
;;;;;18:46:05;;
;;;;;18:46:06;;
;;;;;18:46:07;;
;;;;;18:46:08;;
;;;;;18:46:09;;
;;;;;18:46:10;;
;;;;;18:46:11;;
;;;;;18:46:12;;
;;;;;18:46:13;;
;;;;;18:46:14;;
;;;;;18:46:15;;
;;;;;18:46:16;;
;;;;;18:46:17;;
;;;;;18:46:18;;
;;;;;18:46:19;;
;;;;;18:46:20;;
;;;;;18:46:21;;
;;;;;18:46:22;;
;;;;;18:46:23;;
;;;;;18:46:24;;
;;;;;18:46:25;;
;;;;;18:46:26;;
;;;;;18:46:27;;
;;;;;18:46:28;;
;;;;;18:46:29;;
;;;;;18:46:30;;
;;;;;18:46:31;;
;;;;;18:46:32;;
;;;;;18:46:33;;
;;;;;18:46:34;;
;;;;;18:46:35;;
;;;;;18:46:36;;
;;;;;18:46:37;;
;;;;;18:46:38;;
;;;;;18:46:39;;
;;;;;18:46:40;;
;;;;;18:46:41;;
;;;;;18:46:42;;
;;;;;18:46:43;;
;;;;;18:46:44;;
;;;;;18:46:45;;
;;;;;18:46:46;;
;;;;;18:46:47;;
;;;;;18:46:48;;
;;;;;18:46:49;;
;;;;;18:46:50;;
;;;;;18:46:51;;
;;;;;18:46:52;;
;;;;;18:46:53;;
;;;;;18:46:54;;
;;;;;18:46:55;;
;;;;;18:46:56;;
;;;;;18:46:57;;
;;;;;18:46:58;;
;;;;;18:46:59;;
;;;;;18:47:00;;
;;;;;18:47:01;;
;;;;;18:47:02;;
;;;;;18:47:03;;
;;;;;18:47:04;;
;;;;;18:47:05;;
;;;;;18:47:06;;
;;;;;18:47:07;;
;;;;;18:47:08;;
;;;;;18:47:09;;
;;;;;18:47:10;;
;;;;;18:47:11;;
;;;;;18:47:12;;
;;;;;18:47:13;;
;;;;;18:47:14;;
;;;;;18:47:15;;
;;;;;18:47:16;;
;;;;;18:47:17;;
;;;;;18:47:18;;
;;;;;18:47:19;;
;;;;;18:47:20;;
;;;;;18:47:21;;
;;;;;18:47:22;;
;;;;;18:47:23;;
;;;;;18:47:24;;
;;;;;18:47:25;;
;;;;;18:47:26;;
;;;;;18:47:27;;
;;;;;18:47:28;;
;;;;;18:47:29;;
;;;;;18:47:30;;
;;;;;18:47:31;;
;;;;;18:47:32;;
;;;;;18:47:33;;
;;;;;18:47:34;;
;;;;;18:47:35;;
;;;;;18:47:36;;
;;;;;18:47:37;;
;;;;;18:47:38;;
;;;;;18:47:39;;
;;;;;18:47:40;;
;;;;;18:47:41;;
;;;;;18:47:42;;
;;;;;18:47:43;;
;;;;;18:47:44;;
;;;;;18:47:45;;
;;;;;18:47:46;;
;;;;;18:47:47;;
;;;;;18:47:48;;
;;;;;18:47:49;;
;;;;;18:47:50;;
;;;;;18:47:51;;
;;;;;18:47:52;;
;;;;;18:47:53;;
;;;;;18:47:54;;
;;;;;18:47:55;;
;;;;;18:47:56;;
;;;;;18:47:57;;
;;;;;18:47:58;;
;;;;;18:47:59;;
;;;;;18:48:00;;
;;;;;18:48:01;;
;;;;;18:48:02;;
;;;;;18:48:03;;
;;;;;18:48:04;;
;;;;;18:48:05;;
;;;;;18:48:06;;
;;;;;18:48:07;;
;;;;;18:48:08;;
;;;;;18:48:09;;
;;;;;18:48:10;;
;;;;;18:48:11;;
;;;;;18:48:12;;
;;;;;18:48:13;;
;;;;;18:48:14;;
;;;;;18:48:15;;
;;;;;18:48:16;;
;;;;;18:48:17;;
;;;;;18:48:18;;
;;;;;18:48:19;;
;;;;;18:48:20;;
;;;;;18:48:21;;
;;;;;18:48:22;;
;;;;;18:48:23;;
;;;;;18:48:24;;
;;;;;18:48:25;;
;;;;;18:48:26;;
;;;;;18:48:27;;
;;;;;18:48:28;;
;;;;;18:48:29;;
;;;;;18:48:30;;
;;;;;18:48:31;;
;;;;;18:48:32;;
;;;;;18:48:33;;
;;;;;18:48:34;;
;;;;;18:48:35;;
;;;;;18:48:36;;
;;;;;18:48:37;;
;;;;;18:48:38;;
;;;;;18:48:39;;
;;;;;18:48:40;;
;;;;;18:48:41;;
;;;;;18:48:42;;
;;;;;18:48:43;;
;;;;;18:48:44;;
;;;;;18:48:45;;
;;;;;18:48:46;;
;;;;;18:48:47;;
;;;;;18:48:48;;
;;;;;18:48:49;;
;;;;;18:48:50;;
;;;;;18:48:51;;
;;;;;18:48:52;;
;;;;;18:48:53;;
;;;;;18:48:54;;
;;;;;18:48:55;;
;;;;;18:48:56;;
;;;;;18:48:57;;
;;;;;18:48:58;;
;;;;;18:48:59;;
;;;;;18:49:00;;
;;;;;18:49:01;;
;;;;;18:49:02;;
;;;;;18:49:03;;
;;;;;18:49:04;;
;;;;;18:49:05;;
;;;;;18:49:06;;
;;;;;18:49:07;;
;;;;;18:49:08;;
;;;;;18:49:09;;
;;;;;18:49:10;;
;;;;;18:49:11;;
;;;;;18:49:12;;
;;;;;18:49:13;;
;;;;;18:49:14;;
;;;;;18:49:15;;
;;;;;18:49:16;;
;;;;;18:49:17;;
;;;;;18:49:18;;
;;;;;18:49:19;;
;;;;;18:49:20;;
;;;;;18:49:21;;
;;;;;18:49:22;;
;;;;;18:49:23;;
;;;;;18:49:24;;
;;;;;18:49:25;;
;;;;;18:49:26;;
;;;;;18:49:27;;
;;;;;18:49:28;;
;;;;;18:49:29;;
;;;;;18:49:30;;
;;;;;18:49:31;;
;;;;;18:49:32;;
;;;;;18:49:33;;
;;;;;18:49:34;;
;;;;;18:49:35;;
;;;;;18:49:36;;
;;;;;18:49:37;;
;;;;;18:49:38;;
;;;;;18:49:39;;
;;;;;18:49:40;;
;;;;;18:49:41;;
;;;;;18:49:42;;
;;;;;18:49:43;;
;;;;;18:49:44;;
;;;;;18:49:45;;
;;;;;18:49:46;;
;;;;;18:49:47;;
;;;;;18:49:48;;
;;;;;18:49:49;;
;;;;;18:49:50;;
;;;;;18:49:51;;
;;;;;18:49:52;;
;;;;;18:49:53;;
;;;;;18:49:54;;
;;;;;18:49:55;;
;;;;;18:49:56;;
;;;;;18:49:57;;
;;;;;18:49:58;;
;;;;;18:49:59;;
;;;;;18:50:00;;
;;;;;18:50:01;;
;;;;;18:50:02;;
;;;;;18:50:03;;
;;;;;18:50:04;;
;;;;;18:50:05;;
;;;;;18:50:06;;
;;;;;18:50:07;;
;;;;;18:50:08;;
;;;;;18:50:09;;
;;;;;18:50:10;;
;;;;;18:50:11;;
;;;;;18:50:12;;
;;;;;18:50:13;;
;;;;;18:50:14;;
;;;;;18:50:15;;
;;;;;18:50:16;;
;;;;;18:50:17;;
;;;;;18:50:18;;
;;;;;18:50:19;;
;;;;;18:50:20;;
;;;;;18:50:21;;
;;;;;18:50:22;;
;;;;;18:50:23;;
;;;;;18:50:24;;
;;;;;18:50:25;;
;;;;;18:50:26;;
;;;;;18:50:27;;
;;;;;18:50:28;;
;;;;;18:50:29;;
;;;;;18:50:30;;
;;;;;18:50:31;;
;;;;;18:50:32;;
;;;;;18:50:33;;
;;;;;18:50:34;;
;;;;;18:50:35;;
;;;;;18:50:36;;
;;;;;18:50:37;;
;;;;;18:50:38;;
;;;;;18:50:39;;
;;;;;18:50:40;;
;;;;;18:50:41;;
;;;;;18:50:42;;
;;;;;18:50:43;;
;;;;;18:50:44;;
;;;;;18:50:45;;
;;;;;18:50:46;;
;;;;;18:50:47;;
;;;;;18:50:48;;
;;;;;18:50:49;;
;;;;;18:50:50;;
;;;;;18:50:51;;
;;;;;18:50:52;;
;;;;;18:50:53;;
;;;;;18:50:54;;
;;;;;18:50:55;;
;;;;;18:50:56;;
;;;;;18:50:57;;
;;;;;18:50:58;;
;;;;;18:50:59;;
;;;;;18:51:00;;
;;;;;18:51:01;;
;;;;;18:51:02;;
;;;;;18:51:03;;
;;;;;18:51:04;;
;;;;;18:51:05;;
;;;;;18:51:06;;
;;;;;18:51:07;;
;;;;;18:51:08;;
;;;;;18:51:09;;
;;;;;18:51:10;;
;;;;;18:51:11;;
;;;;;18:51:12;;
;;;;;18:51:13;;
;;;;;18:51:14;;
;;;;;18:51:15;;
;;;;;18:51:16;;
;;;;;18:51:17;;
;;;;;18:51:18;;
;;;;;18:51:19;;
;;;;;18:51:20;;
;;;;;18:51:21;;
;;;;;18:51:22;;
;;;;;18:51:23;;
;;;;;18:51:24;;
;;;;;18:51:25;;
;;;;;18:51:26;;
;;;;;18:51:27;;
;;;;;18:51:28;;
;;;;;18:51:29;;
;;;;;18:51:30;;
;;;;;18:51:31;;
;;;;;18:51:32;;
;;;;;18:51:33;;
;;;;;18:51:34;;
;;;;;18:51:35;;
;;;;;18:51:36;;
;;;;;18:51:37;;
;;;;;18:51:38;;
;;;;;18:51:39;;
;;;;;18:51:40;;
;;;;;18:51:41;;
;;;;;18:51:42;;
;;;;;18:51:43;;
;;;;;18:51:44;;
;;;;;18:51:45;;
;;;;;18:51:46;;
;;;;;18:51:47;;
;;;;;18:51:48;;
;;;;;18:51:49;;
;;;;;18:51:50;;
;;;;;18:51:51;;
;;;;;18:51:52;;
;;;;;18:51:53;;
;;;;;18:51:54;;
;;;;;18:51:55;;
;;;;;18:51:56;;
;;;;;18:51:57;;
;;;;;18:51:58;;
;;;;;18:51:59;;
;;;;;18:52:00;;
;;;;;18:52:01;;
;;;;;18:52:02;;
;;;;;18:52:03;;
;;;;;18:52:04;;
;;;;;18:52:05;;
;;;;;18:52:06;;
;;;;;18:52:07;;
;;;;;18:52:08;;
;;;;;18:52:09;;
;;;;;18:52:10;;
;;;;;18:52:11;;
;;;;;18:52:12;;
;;;;;18:52:13;;
;;;;;18:52:14;;
;;;;;18:52:15;;
;;;;;18:52:16;;
;;;;;18:52:17;;
;;;;;18:52:18;;
;;;;;18:52:19;;
;;;;;18:52:20;;
;;;;;18:52:21;;
;;;;;18:52:22;;
;;;;;18:52:23;;
;;;;;18:52:24;;
;;;;;18:52:25;;
;;;;;18:52:26;;
;;;;;18:52:27;;
;;;;;18:52:28;;
;;;;;18:52:29;;
;;;;;18:52:30;;
;;;;;18:52:31;;
;;;;;18:52:32;;
;;;;;18:52:33;;
;;;;;18:52:34;;
;;;;;18:52:35;;
;;;;;18:52:36;;
;;;;;18:52:37;;
;;;;;18:52:38;;
;;;;;18:52:39;;
;;;;;18:52:40;;
;;;;;18:52:41;;
;;;;;18:52:42;;
;;;;;18:52:43;;
;;;;;18:52:44;;
;;;;;18:52:45;;
;;;;;18:52:46;;
;;;;;18:52:47;;
;;;;;18:52:48;;
;;;;;18:52:49;;
;;;;;18:52:50;;
;;;;;18:52:51;;
;;;;;18:52:52;;
;;;;;18:52:53;;
;;;;;18:52:54;;
;;;;;18:52:55;;
;;;;;18:52:56;;
;;;;;18:52:57;;
;;;;;18:52:58;;
;;;;;18:52:59;;
;;;;;18:53:00;;
;;;;;18:53:01;;
;;;;;18:53:02;;
;;;;;18:53:03;;
;;;;;18:53:04;;
;;;;;18:53:05;;
;;;;;18:53:06;;
;;;;;18:53:07;;
;;;;;18:53:08;;
;;;;;18:53:09;;
;;;;;18:53:10;;
;;;;;18:53:11;;
;;;;;18:53:12;;
;;;;;18:53:13;;
;;;;;18:53:14;;
;;;;;18:53:15;;
;;;;;18:53:16;;
;;;;;18:53:17;;
;;;;;18:53:18;;
;;;;;18:53:19;;
;;;;;18:53:20;;
;;;;;18:53:21;;
;;;;;18:53:22;;
;;;;;18:53:23;;
;;;;;18:53:24;;
;;;;;18:53:25;;
;;;;;18:53:26;;
;;;;;18:53:27;;
;;;;;18:53:28;;
;;;;;18:53:29;;
;;;;;18:53:30;;
;;;;;18:53:31;;
;;;;;18:53:32;;
;;;;;18:53:33;;
;;;;;18:53:34;;
;;;;;18:53:35;;
;;;;;18:53:36;;
;;;;;18:53:37;;
;;;;;18:53:38;;
;;;;;18:53:39;;
;;;;;18:53:40;;
;;;;;18:53:41;;
;;;;;18:53:42;;
;;;;;18:53:43;;
;;;;;18:53:44;;
;;;;;18:53:45;;
;;;;;18:53:46;;
;;;;;18:53:47;;
;;;;;18:53:48;;
;;;;;18:53:49;;
;;;;;18:53:50;;
;;;;;18:53:51;;
;;;;;18:53:52;;
;;;;;18:53:53;;
;;;;;18:53:54;;
;;;;;18:53:55;;
;;;;;18:53:56;;
;;;;;18:53:57;;
;;;;;18:53:58;;
;;;;;18:53:59;;
;;;;;18:54:00;;
;;;;;18:54:01;;
;;;;;18:54:02;;
;;;;;18:54:03;;
;;;;;18:54:04;;
;;;;;18:54:05;;
;;;;;18:54:06;;
;;;;;18:54:07;;
;;;;;18:54:08;;
;;;;;18:54:09;;
;;;;;18:54:10;;
;;;;;18:54:11;;
;;;;;18:54:12;;
;;;;;18:54:13;;
;;;;;18:54:14;;
;;;;;18:54:15;;
;;;;;18:54:16;;
;;;;;18:54:17;;
;;;;;18:54:18;;
;;;;;18:54:19;;
;;;;;18:54:20;;
;;;;;18:54:21;;
;;;;;18:54:22;;
;;;;;18:54:23;;
;;;;;18:54:24;;
;;;;;18:54:25;;
;;;;;18:54:26;;
;;;;;18:54:27;;
;;;;;18:54:28;;
;;;;;18:54:29;;
;;;;;18:54:30;;
;;;;;18:54:31;;
;;;;;18:54:32;;
;;;;;18:54:33;;
;;;;;18:54:34;;
;;;;;18:54:35;;
;;;;;18:54:36;;
;;;;;18:54:37;;
;;;;;18:54:38;;
;;;;;18:54:39;;
;;;;;18:54:40;;
;;;;;18:54:41;;
;;;;;18:54:42;;
;;;;;18:54:43;;
;;;;;18:54:44;;
;;;;;18:54:45;;
;;;;;18:54:46;;
;;;;;18:54:47;;
;;;;;18:54:48;;
;;;;;18:54:49;;
;;;;;18:54:50;;
;;;;;18:54:51;;
;;;;;18:54:52;;
;;;;;18:54:53;;
;;;;;18:54:54;;
;;;;;18:54:55;;
;;;;;18:54:56;;
;;;;;18:54:57;;
;;;;;18:54:58;;
;;;;;18:54:59;;
;;;;;18:55:00;;
;;;;;18:55:01;;
;;;;;18:55:02;;
;;;;;18:55:03;;
;;;;;18:55:04;;
;;;;;18:55:05;;
;;;;;18:55:06;;
;;;;;18:55:07;;
;;;;;18:55:08;;
;;;;;18:55:09;;
;;;;;18:55:10;;
;;;;;18:55:11;;
;;;;;18:55:12;;
;;;;;18:55:13;;
;;;;;18:55:14;;
;;;;;18:55:15;;
;;;;;18:55:16;;
;;;;;18:55:17;;
;;;;;18:55:18;;
;;;;;18:55:19;;
;;;;;18:55:20;;
;;;;;18:55:21;;
;;;;;18:55:22;;
;;;;;18:55:23;;
;;;;;18:55:24;;
;;;;;18:55:25;;
;;;;;18:55:26;;
;;;;;18:55:27;;
;;;;;18:55:28;;
;;;;;18:55:29;;
;;;;;18:55:30;;
;;;;;18:55:31;;
;;;;;18:55:32;;
;;;;;18:55:33;;
;;;;;18:55:34;;
;;;;;18:55:35;;
;;;;;18:55:36;;
;;;;;18:55:37;;
;;;;;18:55:38;;
;;;;;18:55:39;;
;;;;;18:55:40;;
;;;;;18:55:41;;
;;;;;18:55:42;;
;;;;;18:55:43;;
;;;;;18:55:44;;
;;;;;18:55:45;;
;;;;;18:55:46;;
;;;;;18:55:47;;
;;;;;18:55:48;;
;;;;;18:55:49;;
;;;;;18:55:50;;
;;;;;18:55:51;;
;;;;;18:55:52;;
;;;;;18:55:53;;
;;;;;18:55:54;;
;;;;;18:55:55;;
;;;;;18:55:56;;
;;;;;18:55:57;;
;;;;;18:55:58;;
;;;;;18:55:59;;
;;;;;18:56:00;;
;;;;;18:56:01;;
;;;;;18:56:02;;
;;;;;18:56:03;;
;;;;;18:56:04;;
;;;;;18:56:05;;
;;;;;18:56:06;;
;;;;;18:56:07;;
;;;;;18:56:08;;
;;;;;18:56:09;;
;;;;;18:56:10;;
;;;;;18:56:11;;
;;;;;18:56:12;;
;;;;;18:56:13;;
;;;;;18:56:14;;
;;;;;18:56:15;;
;;;;;18:56:16;;
;;;;;18:56:17;;
;;;;;18:56:18;;
;;;;;18:56:19;;
;;;;;18:56:20;;
;;;;;18:56:21;;
;;;;;18:56:22;;
;;;;;18:56:23;;
;;;;;18:56:24;;
;;;;;18:56:25;;
;;;;;18:56:26;;
;;;;;18:56:27;;
;;;;;18:56:28;;
;;;;;18:56:29;;
;;;;;18:56:30;;
;;;;;18:56:31;;
;;;;;18:56:32;;
;;;;;18:56:33;;
;;;;;18:56:34;;
;;;;;18:56:35;;
;;;;;18:56:36;;
;;;;;18:56:37;;
;;;;;18:56:38;;
;;;;;18:56:39;;
;;;;;18:56:40;;
;;;;;18:56:41;;
;;;;;18:56:42;;
;;;;;18:56:43;;
;;;;;18:56:44;;
;;;;;18:56:45;;
;;;;;18:56:46;;
;;;;;18:56:47;;
;;;;;18:56:48;;
;;;;;18:56:49;;
;;;;;18:56:50;;
;;;;;18:56:51;;
;;;;;18:56:52;;
;;;;;18:56:53;;
;;;;;18:56:54;;
;;;;;18:56:55;;
;;;;;18:56:56;;
;;;;;18:56:57;;
;;;;;18:56:58;;
;;;;;18:56:59;;
;;;;;18:57:00;;
;;;;;18:57:01;;
;;;;;18:57:02;;
;;;;;18:57:03;;
;;;;;18:57:04;;
;;;;;18:57:05;;
;;;;;18:57:06;;
;;;;;18:57:07;;
;;;;;18:57:08;;
;;;;;18:57:09;;
;;;;;18:57:10;;
;;;;;18:57:11;;
;;;;;18:57:12;;
;;;;;18:57:13;;
;;;;;18:57:14;;
;;;;;18:57:15;;
;;;;;18:57:16;;
;;;;;18:57:17;;
;;;;;18:57:18;;
;;;;;18:57:19;;
;;;;;18:57:20;;
;;;;;18:57:21;;
;;;;;18:57:22;;
;;;;;18:57:23;;
;;;;;18:57:24;;
;;;;;18:57:25;;
;;;;;18:57:26;;
;;;;;18:57:27;;
;;;;;18:57:28;;
;;;;;18:57:29;;
;;;;;18:57:30;;
;;;;;18:57:31;;
;;;;;18:57:32;;
;;;;;18:57:33;;
;;;;;18:57:34;;
;;;;;18:57:35;;
;;;;;18:57:36;;
;;;;;18:57:37;;
;;;;;18:57:38;;
;;;;;18:57:39;;
;;;;;18:57:40;;
;;;;;18:57:41;;
;;;;;18:57:42;;
;;;;;18:57:43;;
;;;;;18:57:44;;
;;;;;18:57:45;;
;;;;;18:57:46;;
;;;;;18:57:47;;
;;;;;18:57:48;;
;;;;;18:57:49;;
;;;;;18:57:50;;
;;;;;18:57:51;;
;;;;;18:57:52;;
;;;;;18:57:53;;
;;;;;18:57:54;;
;;;;;18:57:55;;
;;;;;18:57:56;;
;;;;;18:57:57;;
;;;;;18:57:58;;
;;;;;18:57:59;;
;;;;;18:58:00;;
;;;;;18:58:01;;
;;;;;18:58:02;;
;;;;;18:58:03;;
;;;;;18:58:04;;
;;;;;18:58:05;;
;;;;;18:58:06;;
;;;;;18:58:07;;
;;;;;18:58:08;;
;;;;;18:58:09;;
;;;;;18:58:10;;
;;;;;18:58:11;;
;;;;;18:58:12;;
;;;;;18:58:13;;
;;;;;18:58:14;;
;;;;;18:58:15;;
;;;;;18:58:16;;
;;;;;18:58:17;;
;;;;;18:58:18;;
;;;;;18:58:19;;
;;;;;18:58:20;;
;;;;;18:58:21;;
;;;;;18:58:22;;
;;;;;18:58:23;;
;;;;;18:58:24;;
;;;;;18:58:25;;
;;;;;18:58:26;;
;;;;;18:58:27;;
;;;;;18:58:28;;
;;;;;18:58:29;;
;;;;;18:58:30;;
;;;;;18:58:31;;
;;;;;18:58:32;;
;;;;;18:58:33;;
;;;;;18:58:34;;
;;;;;18:58:35;;
;;;;;18:58:36;;
;;;;;18:58:37;;
;;;;;18:58:38;;
;;;;;18:58:39;;
;;;;;18:58:40;;
;;;;;18:58:41;;
;;;;;18:58:42;;
;;;;;18:58:43;;
;;;;;18:58:44;;
;;;;;18:58:45;;
;;;;;18:58:46;;
;;;;;18:58:47;;
;;;;;18:58:48;;
;;;;;18:58:49;;
;;;;;18:58:50;;
;;;;;18:58:51;;
;;;;;18:58:52;;
;;;;;18:58:53;;
;;;;;18:58:54;;
;;;;;18:58:55;;
;;;;;18:58:56;;
;;;;;18:58:57;;
;;;;;18:58:58;;
;;;;;18:58:59;;
;;;;;18:59:00;;
;;;;;18:59:01;;
;;;;;18:59:02;;
;;;;;18:59:03;;
;;;;;18:59:04;;
;;;;;18:59:05;;
;;;;;18:59:06;;
;;;;;18:59:07;;
;;;;;18:59:08;;
;;;;;18:59:09;;
;;;;;18:59:10;;
;;;;;18:59:11;;
;;;;;18:59:12;;
;;;;;18:59:13;;
;;;;;18:59:14;;
;;;;;18:59:15;;
;;;;;18:59:16;;
;;;;;18:59:17;;
;;;;;18:59:18;;
;;;;;18:59:19;;
;;;;;18:59:20;;
;;;;;18:59:21;;
;;;;;18:59:22;;
;;;;;18:59:23;;
;;;;;18:59:24;;
;;;;;18:59:25;;
;;;;;18:59:26;;
;;;;;18:59:27;;
;;;;;18:59:28;;
;;;;;18:59:29;;
;;;;;18:59:30;;
;;;;;18:59:31;;
;;;;;18:59:32;;
;;;;;18:59:33;;
;;;;;18:59:34;;
;;;;;18:59:35;;
;;;;;18:59:36;;
;;;;;18:59:37;;
;;;;;18:59:38;;
;;;;;18:59:39;;
;;;;;18:59:40;;
;;;;;18:59:41;;
;;;;;18:59:42;;
;;;;;18:59:43;;
;;;;;18:59:44;;
;;;;;18:59:45;;
;;;;;18:59:46;;
;;;;;18:59:47;;
;;;;;18:59:48;;
;;;;;18:59:49;;
;;;;;18:59:50;;
;;;;;18:59:51;;
;;;;;18:59:52;;
;;;;;18:59:53;;
;;;;;18:59:54;;
;;;;;18:59:55;;
;;;;;18:59:56;;
;;;;;18:59:57;;
;;;;;18:59:58;;
;;;;;18:59:59;;
;;;;;19:00:00;;
;;;;;19:00:01;;
;;;;;19:00:02;;
;;;;;19:00:03;;
;;;;;19:00:04;;
;;;;;19:00:05;;
;;;;;19:00:06;;
;;;;;19:00:07;;
;;;;;19:00:08;;
;;;;;19:00:09;;
;;;;;19:00:10;;
;;;;;19:00:11;;
;;;;;19:00:12;;
;;;;;19:00:13;;
;;;;;19:00:14;;
;;;;;19:00:15;;
;;;;;19:00:16;;
;;;;;19:00:17;;
;;;;;19:00:18;;
;;;;;19:00:19;;
;;;;;19:00:20;;
;;;;;19:00:21;;
;;;;;19:00:22;;
;;;;;19:00:23;;
;;;;;19:00:24;;
;;;;;19:00:25;;
;;;;;19:00:26;;
;;;;;19:00:27;;
;;;;;19:00:28;;
;;;;;19:00:29;;
;;;;;19:00:30;;
;;;;;19:00:31;;
;;;;;19:00:32;;
;;;;;19:00:33;;
;;;;;19:00:34;;
;;;;;19:00:35;;
;;;;;19:00:36;;
;;;;;19:00:37;;
;;;;;19:00:38;;
;;;;;19:00:39;;
;;;;;19:00:40;;
;;;;;19:00:41;;
;;;;;19:00:42;;
;;;;;19:00:43;;
;;;;;19:00:44;;
;;;;;19:00:45;;
;;;;;19:00:46;;
;;;;;19:00:47;;
;;;;;19:00:48;;
;;;;;19:00:49;;
;;;;;19:00:50;;
;;;;;19:00:51;;
;;;;;19:00:52;;
;;;;;19:00:53;;
;;;;;19:00:54;;
;;;;;19:00:55;;
;;;;;19:00:56;;
;;;;;19:00:57;;
;;;;;19:00:58;;
;;;;;19:00:59;;
;;;;;19:01:00;;
;;;;;19:01:01;;
;;;;;19:01:02;;
;;;;;19:01:03;;
;;;;;19:01:04;;
;;;;;19:01:05;;
;;;;;19:01:06;;
;;;;;19:01:07;;
;;;;;19:01:08;;
;;;;;19:01:09;;
;;;;;19:01:10;;
;;;;;19:01:11;;
;;;;;19:01:12;;
;;;;;19:01:13;;
;;;;;19:01:14;;
;;;;;19:01:15;;
;;;;;19:01:16;;
;;;;;19:01:17;;
;;;;;19:01:18;;
;;;;;19:01:19;;
;;;;;19:01:20;;
;;;;;19:01:21;;
;;;;;19:01:22;;
;;;;;19:01:23;;
;;;;;19:01:24;;
;;;;;19:01:25;;
;;;;;19:01:26;;
;;;;;19:01:27;;
;;;;;19:01:28;;
;;;;;19:01:29;;
;;;;;19:01:30;;
;;;;;19:01:31;;
;;;;;19:01:32;;
;;;;;19:01:33;;
;;;;;19:01:34;;
;;;;;19:01:35;;
;;;;;19:01:36;;
;;;;;19:01:37;;
;;;;;19:01:38;;
;;;;;19:01:39;;
;;;;;19:01:40;;
;;;;;19:01:41;;
;;;;;19:01:42;;
;;;;;19:01:43;;
;;;;;19:01:44;;
;;;;;19:01:45;;
;;;;;19:01:46;;
;;;;;19:01:47;;
;;;;;19:01:48;;
;;;;;19:01:49;;
;;;;;19:01:50;;
;;;;;19:01:51;;
;;;;;19:01:52;;
;;;;;19:01:53;;
;;;;;19:01:54;;
;;;;;19:01:55;;
;;;;;19:01:56;;
;;;;;19:01:57;;
;;;;;19:01:58;;
;;;;;19:01:59;;
;;;;;19:02:00;;
;;;;;19:02:01;;
;;;;;19:02:02;;
;;;;;19:02:03;;
;;;;;19:02:04;;
;;;;;19:02:05;;
;;;;;19:02:06;;
;;;;;19:02:07;;
;;;;;19:02:08;;
;;;;;19:02:09;;
;;;;;19:02:10;;
;;;;;19:02:11;;
;;;;;19:02:12;;
;;;;;19:02:13;;
;;;;;19:02:14;;
;;;;;19:02:15;;
;;;;;19:02:16;;
;;;;;19:02:17;;
;;;;;19:02:18;;
;;;;;19:02:19;;
;;;;;19:02:20;;
;;;;;19:02:21;;
;;;;;19:02:22;;
;;;;;19:02:23;;
;;;;;19:02:24;;
;;;;;19:02:25;;
;;;;;19:02:26;;
;;;;;19:02:27;;
;;;;;19:02:28;;
;;;;;19:02:29;;
;;;;;19:02:30;;
;;;;;19:02:31;;
;;;;;19:02:32;;
;;;;;19:02:33;;
;;;;;19:02:34;;
;;;;;19:02:35;;
;;;;;19:02:36;;
;;;;;19:02:37;;
;;;;;19:02:38;;
;;;;;19:02:39;;
;;;;;19:02:40;;
;;;;;19:02:41;;
;;;;;19:02:42;;
;;;;;19:02:43;;
;;;;;19:02:44;;
;;;;;19:02:45;;
;;;;;19:02:46;;
;;;;;19:02:47;;
;;;;;19:02:48;;
;;;;;19:02:49;;
;;;;;19:02:50;;
;;;;;19:02:51;;
;;;;;19:02:52;;
;;;;;19:02:53;;
;;;;;19:02:54;;
;;;;;19:02:55;;
;;;;;19:02:56;;
;;;;;19:02:57;;
;;;;;19:02:58;;
;;;;;19:02:59;;
;;;;;19:03:00;;
;;;;;19:03:01;;
;;;;;19:03:02;;
;;;;;19:03:03;;
;;;;;19:03:04;;
;;;;;19:03:05;;
;;;;;19:03:06;;
;;;;;19:03:07;;
;;;;;19:03:08;;
;;;;;19:03:09;;
;;;;;19:03:10;;
;;;;;19:03:11;;
;;;;;19:03:12;;
;;;;;19:03:13;;
;;;;;19:03:14;;
;;;;;19:03:15;;
;;;;;19:03:16;;
;;;;;19:03:17;;
;;;;;19:03:18;;
;;;;;19:03:19;;
;;;;;19:03:20;;
;;;;;19:03:21;;
;;;;;19:03:22;;
;;;;;19:03:23;;
;;;;;19:03:24;;
;;;;;19:03:25;;
;;;;;19:03:26;;
;;;;;19:03:27;;
;;;;;19:03:28;;
;;;;;19:03:29;;
;;;;;19:03:30;;
;;;;;19:03:31;;
;;;;;19:03:32;;
;;;;;19:03:33;;
;;;;;19:03:34;;
;;;;;19:03:35;;
;;;;;19:03:36;;
;;;;;19:03:37;;
;;;;;19:03:38;;
;;;;;19:03:39;;
;;;;;19:03:40;;
;;;;;19:03:41;;
;;;;;19:03:42;;
;;;;;19:03:43;;
;;;;;19:03:44;;
;;;;;19:03:45;;
;;;;;19:03:46;;
;;;;;19:03:47;;
;;;;;19:03:48;;
;;;;;19:03:49;;
;;;;;19:03:50;;
;;;;;19:03:51;;
;;;;;19:03:52;;
;;;;;19:03:53;;
;;;;;19:03:54;;
;;;;;19:03:55;;
;;;;;19:03:56;;
;;;;;19:03:57;;
;;;;;19:03:58;;
;;;;;19:03:59;;
;;;;;19:04:00;;
;;;;;19:04:01;;
;;;;;19:04:02;;
;;;;;19:04:03;;
;;;;;19:04:04;;
;;;;;19:04:05;;
;;;;;19:04:06;;
;;;;;19:04:07;;
;;;;;19:04:08;;
;;;;;19:04:09;;
;;;;;19:04:10;;
;;;;;19:04:11;;
;;;;;19:04:12;;
;;;;;19:04:13;;
;;;;;19:04:14;;
;;;;;19:04:15;;
;;;;;19:04:16;;
;;;;;19:04:17;;
;;;;;19:04:18;;
;;;;;19:04:19;;
;;;;;19:04:20;;
;;;;;19:04:21;;
;;;;;19:04:22;;
;;;;;19:04:23;;
;;;;;19:04:24;;
;;;;;19:04:25;;
;;;;;19:04:26;;
;;;;;19:04:27;;
;;;;;19:04:28;;
;;;;;19:04:29;;
;;;;;19:04:30;;
;;;;;19:04:31;;
;;;;;19:04:32;;
;;;;;19:04:33;;
;;;;;19:04:34;;
;;;;;19:04:35;;
;;;;;19:04:36;;
;;;;;19:04:37;;
;;;;;19:04:38;;
;;;;;19:04:39;;
;;;;;19:04:40;;
;;;;;19:04:41;;
;;;;;19:04:42;;
;;;;;19:04:43;;
;;;;;19:04:44;;
;;;;;19:04:45;;
;;;;;19:04:46;;
;;;;;19:04:47;;
;;;;;19:04:48;;
;;;;;19:04:49;;
;;;;;19:04:50;;
;;;;;19:04:51;;
;;;;;19:04:52;;
;;;;;19:04:53;;
;;;;;19:04:54;;
;;;;;19:04:55;;
;;;;;19:04:56;;
;;;;;19:04:57;;
;;;;;19:04:58;;
;;;;;19:04:59;;
;;;;;19:05:00;;
;;;;;19:05:01;;
;;;;;19:05:02;;
;;;;;19:05:03;;
;;;;;19:05:04;;
;;;;;19:05:05;;
;;;;;19:05:06;;
;;;;;19:05:07;;
;;;;;19:05:08;;
;;;;;19:05:09;;
;;;;;19:05:10;;
;;;;;19:05:11;;
;;;;;19:05:12;;
;;;;;19:05:13;;
;;;;;19:05:14;;
;;;;;19:05:15;;
;;;;;19:05:16;;
;;;;;19:05:17;;
;;;;;19:05:18;;
;;;;;19:05:19;;
;;;;;19:05:20;;
;;;;;19:05:21;;
;;;;;19:05:22;;
;;;;;19:05:23;;
;;;;;19:05:24;;
;;;;;19:05:25;;
;;;;;19:05:26;;
;;;;;19:05:27;;
;;;;;19:05:28;;
;;;;;19:05:29;;
;;;;;19:05:30;;
;;;;;19:05:31;;
;;;;;19:05:32;;
;;;;;19:05:33;;
;;;;;19:05:34;;
;;;;;19:05:35;;
;;;;;19:05:36;;
;;;;;19:05:37;;
;;;;;19:05:38;;
;;;;;19:05:39;;
;;;;;19:05:40;;
;;;;;19:05:41;;
;;;;;19:05:42;;
;;;;;19:05:43;;
;;;;;19:05:44;;
;;;;;19:05:45;;
;;;;;19:05:46;;
;;;;;19:05:47;;
;;;;;19:05:48;;
;;;;;19:05:49;;
;;;;;19:05:50;;
;;;;;19:05:51;;
;;;;;19:05:52;;
;;;;;19:05:53;;
;;;;;19:05:54;;
;;;;;19:05:55;;
;;;;;19:05:56;;
;;;;;19:05:57;;
;;;;;19:05:58;;
;;;;;19:05:59;;
;;;;;19:06:00;;
;;;;;19:06:01;;
;;;;;19:06:02;;
;;;;;19:06:03;;
;;;;;19:06:04;;
;;;;;19:06:05;;
;;;;;19:06:06;;
;;;;;19:06:07;;
;;;;;19:06:08;;
;;;;;19:06:09;;
;;;;;19:06:10;;
;;;;;19:06:11;;
;;;;;19:06:12;;
;;;;;19:06:13;;
;;;;;19:06:14;;
;;;;;19:06:15;;
;;;;;19:06:16;;
;;;;;19:06:17;;
;;;;;19:06:18;;
;;;;;19:06:19;;
;;;;;19:06:20;;
;;;;;19:06:21;;
;;;;;19:06:22;;
;;;;;19:06:23;;
;;;;;19:06:24;;
;;;;;19:06:25;;
;;;;;19:06:26;;
;;;;;19:06:27;;
;;;;;19:06:28;;
;;;;;19:06:29;;
;;;;;19:06:30;;
;;;;;19:06:31;;
;;;;;19:06:32;;
;;;;;19:06:33;;
;;;;;19:06:34;;
;;;;;19:06:35;;
;;;;;19:06:36;;
;;;;;19:06:37;;
;;;;;19:06:38;;
;;;;;19:06:39;;
;;;;;19:06:40;;
;;;;;19:06:41;;
;;;;;19:06:42;;
;;;;;19:06:43;;
;;;;;19:06:44;;
;;;;;19:06:45;;
;;;;;19:06:46;;
;;;;;19:06:47;;
;;;;;19:06:48;;
;;;;;19:06:49;;
;;;;;19:06:50;;
;;;;;19:06:51;;
;;;;;19:06:52;;
;;;;;19:06:53;;
;;;;;19:06:54;;
;;;;;19:06:55;;
;;;;;19:06:56;;
;;;;;19:06:57;;
;;;;;19:06:58;;
;;;;;19:06:59;;
;;;;;19:07:00;;
;;;;;19:07:01;;
;;;;;19:07:02;;
;;;;;19:07:03;;
;;;;;19:07:04;;
;;;;;19:07:05;;
;;;;;19:07:06;;
;;;;;19:07:07;;
;;;;;19:07:08;;
;;;;;19:07:09;;
;;;;;19:07:10;;
;;;;;19:07:11;;
;;;;;19:07:12;;
;;;;;19:07:13;;
;;;;;19:07:14;;
;;;;;19:07:15;;
;;;;;19:07:16;;
;;;;;19:07:17;;
;;;;;19:07:18;;
;;;;;19:07:19;;
;;;;;19:07:20;;
;;;;;19:07:21;;
;;;;;19:07:22;;
;;;;;19:07:23;;
;;;;;19:07:24;;
;;;;;19:07:25;;
;;;;;19:07:26;;
;;;;;19:07:27;;
;;;;;19:07:28;;
;;;;;19:07:29;;
;;;;;19:07:30;;
;;;;;19:07:31;;
;;;;;19:07:32;;
;;;;;19:07:33;;
;;;;;19:07:34;;
;;;;;19:07:35;;
;;;;;19:07:36;;
;;;;;19:07:37;;
;;;;;19:07:38;;
;;;;;19:07:39;;
;;;;;19:07:40;;
;;;;;19:07:41;;
;;;;;19:07:42;;
;;;;;19:07:43;;
;;;;;19:07:44;;
;;;;;19:07:45;;
;;;;;19:07:46;;
;;;;;19:07:47;;
;;;;;19:07:48;;
;;;;;19:07:49;;
;;;;;19:07:50;;
;;;;;19:07:51;;
;;;;;19:07:52;;
;;;;;19:07:53;;
;;;;;19:07:54;;
;;;;;19:07:55;;
;;;;;19:07:56;;
;;;;;19:07:57;;
;;;;;19:07:58;;
;;;;;19:07:59;;
;;;;;19:08:00;;
;;;;;19:08:01;;
;;;;;19:08:02;;
;;;;;19:08:03;;
;;;;;19:08:04;;
;;;;;19:08:05;;
;;;;;19:08:06;;
;;;;;19:08:07;;
;;;;;19:08:08;;
;;;;;19:08:09;;
;;;;;19:08:10;;
;;;;;19:08:11;;
;;;;;19:08:12;;
;;;;;19:08:13;;
;;;;;19:08:14;;
;;;;;19:08:15;;
;;;;;19:08:16;;
;;;;;19:08:17;;
;;;;;19:08:18;;
;;;;;19:08:19;;
;;;;;19:08:20;;
;;;;;19:08:21;;
;;;;;19:08:22;;
;;;;;19:08:23;;
;;;;;19:08:24;;
;;;;;19:08:25;;
;;;;;19:08:26;;
;;;;;19:08:27;;
;;;;;19:08:28;;
;;;;;19:08:29;;
;;;;;19:08:30;;
;;;;;19:08:31;;
;;;;;19:08:32;;
;;;;;19:08:33;;
;;;;;19:08:34;;
;;;;;19:08:35;;
;;;;;19:08:36;;
;;;;;19:08:37;;
;;;;;19:08:38;;
;;;;;19:08:39;;
;;;;;19:08:40;;
;;;;;19:08:41;;
;;;;;19:08:42;;
;;;;;19:08:43;;
;;;;;19:08:44;;
;;;;;19:08:45;;
;;;;;19:08:46;;
;;;;;19:08:47;;
;;;;;19:08:48;;
;;;;;19:08:49;;
;;;;;19:08:50;;
;;;;;19:08:51;;
;;;;;19:08:52;;
;;;;;19:08:53;;
;;;;;19:08:54;;
;;;;;19:08:55;;
;;;;;19:08:56;;
;;;;;19:08:57;;
;;;;;19:08:58;;
;;;;;19:08:59;;
;;;;;19:09:00;;
;;;;;19:09:01;;
;;;;;19:09:02;;
;;;;;19:09:03;;
;;;;;19:09:04;;
;;;;;19:09:05;;
;;;;;19:09:06;;
;;;;;19:09:07;;
;;;;;19:09:08;;
;;;;;19:09:09;;
;;;;;19:09:10;;
;;;;;19:09:11;;
;;;;;19:09:12;;
;;;;;19:09:13;;
;;;;;19:09:14;;
;;;;;19:09:15;;
;;;;;19:09:16;;
;;;;;19:09:17;;
;;;;;19:09:18;;
;;;;;19:09:19;;
;;;;;19:09:20;;
;;;;;19:09:21;;
;;;;;19:09:22;;
;;;;;19:09:23;;
;;;;;19:09:24;;
;;;;;19:09:25;;
;;;;;19:09:26;;
;;;;;19:09:27;;
;;;;;19:09:28;;
;;;;;19:09:29;;
;;;;;19:09:30;;
;;;;;19:09:31;;
;;;;;19:09:32;;
;;;;;19:09:33;;
;;;;;19:09:34;;
;;;;;19:09:35;;
;;;;;19:09:36;;
;;;;;19:09:37;;
;;;;;19:09:38;;
;;;;;19:09:39;;
;;;;;19:09:40;;
;;;;;19:09:41;;
;;;;;19:09:42;;
;;;;;19:09:43;;
;;;;;19:09:44;;
;;;;;19:09:45;;
;;;;;19:09:46;;
;;;;;19:09:47;;
;;;;;19:09:48;;
;;;;;19:09:49;;
;;;;;19:09:50;;
;;;;;19:09:51;;
;;;;;19:09:52;;
;;;;;19:09:53;;
;;;;;19:09:54;;
;;;;;19:09:55;;
;;;;;19:09:56;;
;;;;;19:09:57;;
;;;;;19:09:58;;
;;;;;19:09:59;;
;;;;;19:10:00;;
;;;;;19:10:01;;
;;;;;19:10:02;;
;;;;;19:10:03;;
;;;;;19:10:04;;
;;;;;19:10:05;;
;;;;;19:10:06;;
;;;;;19:10:07;;
;;;;;19:10:08;;
;;;;;19:10:09;;
;;;;;19:10:10;;
;;;;;19:10:11;;
;;;;;19:10:12;;
;;;;;19:10:13;;
;;;;;19:10:14;;
;;;;;19:10:15;;
;;;;;19:10:16;;
;;;;;19:10:17;;
;;;;;19:10:18;;
;;;;;19:10:19;;
;;;;;19:10:20;;
;;;;;19:10:21;;
;;;;;19:10:22;;
;;;;;19:10:23;;
;;;;;19:10:24;;
;;;;;19:10:25;;
;;;;;19:10:26;;
;;;;;19:10:27;;
;;;;;19:10:28;;
;;;;;19:10:29;;
;;;;;19:10:30;;
;;;;;19:10:31;;
;;;;;19:10:32;;
;;;;;19:10:33;;
;;;;;19:10:34;;
;;;;;19:10:35;;
;;;;;19:10:36;;
;;;;;19:10:37;;
;;;;;19:10:38;;
;;;;;19:10:39;;
;;;;;19:10:40;;
;;;;;19:10:41;;
;;;;;19:10:42;;
;;;;;19:10:43;;
;;;;;19:10:44;;
;;;;;19:10:45;;
;;;;;19:10:46;;
;;;;;19:10:47;;
;;;;;19:10:48;;
;;;;;19:10:49;;
;;;;;19:10:50;;
;;;;;19:10:51;;
;;;;;19:10:52;;
;;;;;19:10:53;;
;;;;;19:10:54;;
;;;;;19:10:55;;
;;;;;19:10:56;;
;;;;;19:10:57;;
;;;;;19:10:58;;
;;;;;19:10:59;;
;;;;;19:11:00;;
;;;;;19:11:01;;
;;;;;19:11:02;;
;;;;;19:11:03;;
;;;;;19:11:04;;
;;;;;19:11:05;;
;;;;;19:11:06;;
;;;;;19:11:07;;
;;;;;19:11:08;;
;;;;;19:11:09;;
;;;;;19:11:10;;
;;;;;19:11:11;;
;;;;;19:11:12;;
;;;;;19:11:13;;
;;;;;19:11:14;;
;;;;;19:11:15;;
;;;;;19:11:16;;
;;;;;19:11:17;;
;;;;;19:11:18;;
;;;;;19:11:19;;
;;;;;19:11:20;;
;;;;;19:11:21;;
;;;;;19:11:22;;
;;;;;19:11:23;;
;;;;;19:11:24;;
;;;;;19:11:25;;
;;;;;19:11:26;;
;;;;;19:11:27;;
;;;;;19:11:28;;
;;;;;19:11:29;;
;;;;;19:11:30;;
;;;;;19:11:31;;
;;;;;19:11:32;;
;;;;;19:11:33;;
;;;;;19:11:34;;
;;;;;19:11:35;;
;;;;;19:11:36;;
;;;;;19:11:37;;
;;;;;19:11:38;;
;;;;;19:11:39;;
;;;;;19:11:40;;
;;;;;19:11:41;;
;;;;;19:11:42;;
;;;;;19:11:43;;
;;;;;19:11:44;;
;;;;;19:11:45;;
;;;;;19:11:46;;
;;;;;19:11:47;;
;;;;;19:11:48;;
;;;;;19:11:49;;
;;;;;19:11:50;;
;;;;;19:11:51;;
;;;;;19:11:52;;
;;;;;19:11:53;;
;;;;;19:11:54;;
;;;;;19:11:55;;
;;;;;19:11:56;;
;;;;;19:11:57;;
;;;;;19:11:58;;
;;;;;19:11:59;;
;;;;;19:12:00;;
;;;;;19:12:01;;
;;;;;19:12:02;;
;;;;;19:12:03;;
;;;;;19:12:04;;
;;;;;19:12:05;;
;;;;;19:12:06;;
;;;;;19:12:07;;
;;;;;19:12:08;;
;;;;;19:12:09;;
;;;;;19:12:10;;
;;;;;19:12:11;;
;;;;;19:12:12;;
;;;;;19:12:13;;
;;;;;19:12:14;;
;;;;;19:12:15;;
;;;;;19:12:16;;
;;;;;19:12:17;;
;;;;;19:12:18;;
;;;;;19:12:19;;
;;;;;19:12:20;;
;;;;;19:12:21;;
;;;;;19:12:22;;
;;;;;19:12:23;;
;;;;;19:12:24;;
;;;;;19:12:25;;
;;;;;19:12:26;;
;;;;;19:12:27;;
;;;;;19:12:28;;
;;;;;19:12:29;;
;;;;;19:12:30;;
;;;;;19:12:31;;
;;;;;19:12:32;;
;;;;;19:12:33;;
;;;;;19:12:34;;
;;;;;19:12:35;;
;;;;;19:12:36;;
;;;;;19:12:37;;
;;;;;19:12:38;;
;;;;;19:12:39;;
;;;;;19:12:40;;
;;;;;19:12:41;;
;;;;;19:12:42;;
;;;;;19:12:43;;
;;;;;19:12:44;;
;;;;;19:12:45;;
;;;;;19:12:46;;
;;;;;19:12:47;;
;;;;;19:12:48;;
;;;;;19:12:49;;
;;;;;19:12:50;;
;;;;;19:12:51;;
;;;;;19:12:52;;
;;;;;19:12:53;;
;;;;;19:12:54;;
;;;;;19:12:55;;
;;;;;19:12:56;;
;;;;;19:12:57;;
;;;;;19:12:58;;
;;;;;19:12:59;;
;;;;;19:13:00;;
;;;;;19:13:01;;
;;;;;19:13:02;;
;;;;;19:13:03;;
;;;;;19:13:04;;
;;;;;19:13:05;;
;;;;;19:13:06;;
;;;;;19:13:07;;
;;;;;19:13:08;;
;;;;;19:13:09;;
;;;;;19:13:10;;
;;;;;19:13:11;;
;;;;;19:13:12;;
;;;;;19:13:13;;
;;;;;19:13:14;;
;;;;;19:13:15;;
;;;;;19:13:16;;
;;;;;19:13:17;;
;;;;;19:13:18;;
;;;;;19:13:19;;
;;;;;19:13:20;;
;;;;;19:13:21;;
;;;;;19:13:22;;
;;;;;19:13:23;;
;;;;;19:13:24;;
;;;;;19:13:25;;
;;;;;19:13:26;;
;;;;;19:13:27;;
;;;;;19:13:28;;
;;;;;19:13:29;;
;;;;;19:13:30;;
;;;;;19:13:31;;
;;;;;19:13:32;;
;;;;;19:13:33;;
;;;;;19:13:34;;
;;;;;19:13:35;;
;;;;;19:13:36;;
;;;;;19:13:37;;
;;;;;19:13:38;;
;;;;;19:13:39;;
;;;;;19:13:40;;
;;;;;19:13:41;;
;;;;;19:13:42;;
;;;;;19:13:43;;
;;;;;19:13:44;;
;;;;;19:13:45;;
;;;;;19:13:46;;
;;;;;19:13:47;;
;;;;;19:13:48;;
;;;;;19:13:49;;
;;;;;19:13:50;;
;;;;;19:13:51;;
;;;;;19:13:52;;
;;;;;19:13:53;;
;;;;;19:13:54;;
;;;;;19:13:55;;
;;;;;19:13:56;;
;;;;;19:13:57;;
;;;;;19:13:58;;
;;;;;19:13:59;;
;;;;;19:14:00;;
;;;;;19:14:01;;
;;;;;19:14:02;;
;;;;;19:14:03;;
;;;;;19:14:04;;
;;;;;19:14:05;;
;;;;;19:14:06;;
;;;;;19:14:07;;
;;;;;19:14:08;;
;;;;;19:14:09;;
;;;;;19:14:10;;
;;;;;19:14:11;;
;;;;;19:14:12;;
;;;;;19:14:13;;
;;;;;19:14:14;;
;;;;;19:14:15;;
;;;;;19:14:16;;
;;;;;19:14:17;;
;;;;;19:14:18;;
;;;;;19:14:19;;
;;;;;19:14:20;;
;;;;;19:14:21;;
;;;;;19:14:22;;
;;;;;19:14:23;;
;;;;;19:14:24;;
;;;;;19:14:25;;
;;;;;19:14:26;;
;;;;;19:14:27;;
;;;;;19:14:28;;
;;;;;19:14:29;;
;;;;;19:14:30;;
;;;;;19:14:31;;
;;;;;19:14:32;;
;;;;;19:14:33;;
;;;;;19:14:34;;
;;;;;19:14:35;;
;;;;;19:14:36;;
;;;;;19:14:37;;
;;;;;19:14:38;;
;;;;;19:14:39;;
;;;;;19:14:40;;
;;;;;19:14:41;;
;;;;;19:14:42;;
;;;;;19:14:43;;
;;;;;19:14:44;;
;;;;;19:14:45;;
;;;;;19:14:46;;
;;;;;19:14:47;;
;;;;;19:14:48;;
;;;;;19:14:49;;
;;;;;19:14:50;;
;;;;;19:14:51;;
;;;;;19:14:52;;
;;;;;19:14:53;;
;;;;;19:14:54;;
;;;;;19:14:55;;
;;;;;19:14:56;;
;;;;;19:14:57;;
;;;;;19:14:58;;
;;;;;19:14:59;;
;;;;;19:15:00;;
;;;;;19:15:01;;
;;;;;19:15:02;;
;;;;;19:15:03;;
;;;;;19:15:04;;
;;;;;19:15:05;;
;;;;;19:15:06;;
;;;;;19:15:07;;
;;;;;19:15:08;;
;;;;;19:15:09;;
;;;;;19:15:10;;
;;;;;19:15:11;;
;;;;;19:15:12;;
;;;;;19:15:13;;
;;;;;19:15:14;;
;;;;;19:15:15;;
;;;;;19:15:16;;
;;;;;19:15:17;;
;;;;;19:15:18;;
;;;;;19:15:19;;
;;;;;19:15:20;;
;;;;;19:15:21;;
;;;;;19:15:22;;
;;;;;19:15:23;;
;;;;;19:15:24;;
;;;;;19:15:25;;
;;;;;19:15:26;;
;;;;;19:15:27;;
;;;;;19:15:28;;
;;;;;19:15:29;;
;;;;;19:15:30;;
;;;;;19:15:31;;
;;;;;19:15:32;;
;;;;;19:15:33;;
;;;;;19:15:34;;
;;;;;19:15:35;;
;;;;;19:15:36;;
;;;;;19:15:37;;
;;;;;19:15:38;;
;;;;;19:15:39;;
;;;;;19:15:40;;
;;;;;19:15:41;;
;;;;;19:15:42;;
;;;;;19:15:43;;
;;;;;19:15:44;;
;;;;;19:15:45;;
;;;;;19:15:46;;
;;;;;19:15:47;;
;;;;;19:15:48;;
;;;;;19:15:49;;
;;;;;19:15:50;;
;;;;;19:15:51;;
;;;;;19:15:52;;
;;;;;19:15:53;;
;;;;;19:15:54;;
;;;;;19:15:55;;
;;;;;19:15:56;;
;;;;;19:15:57;;
;;;;;19:15:58;;
;;;;;19:15:59;;
;;;;;19:16:00;;
;;;;;19:16:01;;
;;;;;19:16:02;;
;;;;;19:16:03;;
;;;;;19:16:04;;
;;;;;19:16:05;;
;;;;;19:16:06;;
;;;;;19:16:07;;
;;;;;19:16:08;;
;;;;;19:16:09;;
;;;;;19:16:10;;
;;;;;19:16:11;;
;;;;;19:16:12;;
;;;;;19:16:13;;
;;;;;19:16:14;;
;;;;;19:16:15;;
;;;;;19:16:16;;
;;;;;19:16:17;;
;;;;;19:16:18;;
;;;;;19:16:19;;
;;;;;19:16:20;;
;;;;;19:16:21;;
;;;;;19:16:22;;
;;;;;19:16:23;;
;;;;;19:16:24;;
;;;;;19:16:25;;
;;;;;19:16:26;;
;;;;;19:16:27;;
;;;;;19:16:28;;
;;;;;19:16:29;;
;;;;;19:16:30;;
;;;;;19:16:31;;
;;;;;19:16:32;;
;;;;;19:16:33;;
;;;;;19:16:34;;
;;;;;19:16:35;;
;;;;;19:16:36;;
;;;;;19:16:37;;
;;;;;19:16:38;;
;;;;;19:16:39;;
;;;;;19:16:40;;
;;;;;19:16:41;;
;;;;;19:16:42;;
;;;;;19:16:43;;
;;;;;19:16:44;;
;;;;;19:16:45;;
;;;;;19:16:46;;
;;;;;19:16:47;;
;;;;;19:16:48;;
;;;;;19:16:49;;
;;;;;19:16:50;;
;;;;;19:16:51;;
;;;;;19:16:52;;
;;;;;19:16:53;;
;;;;;19:16:54;;
;;;;;19:16:55;;
;;;;;19:16:56;;
;;;;;19:16:57;;
;;;;;19:16:58;;
;;;;;19:16:59;;
;;;;;19:17:00;;
;;;;;19:17:01;;
;;;;;19:17:02;;
;;;;;19:17:03;;
;;;;;19:17:04;;
;;;;;19:17:05;;
;;;;;19:17:06;;
;;;;;19:17:07;;
;;;;;19:17:08;;
;;;;;19:17:09;;
;;;;;19:17:10;;
;;;;;19:17:11;;
;;;;;19:17:12;;
;;;;;19:17:13;;
;;;;;19:17:14;;
;;;;;19:17:15;;
;;;;;19:17:16;;
;;;;;19:17:17;;
;;;;;19:17:18;;
;;;;;19:17:19;;
;;;;;19:17:20;;
;;;;;19:17:21;;
;;;;;19:17:22;;
;;;;;19:17:23;;
;;;;;19:17:24;;
;;;;;19:17:25;;
;;;;;19:17:26;;
;;;;;19:17:27;;
;;;;;19:17:28;;
;;;;;19:17:29;;
;;;;;19:17:30;;
;;;;;19:17:31;;
;;;;;19:17:32;;
;;;;;19:17:33;;
;;;;;19:17:34;;
;;;;;19:17:35;;
;;;;;19:17:36;;
;;;;;19:17:37;;
;;;;;19:17:38;;
;;;;;19:17:39;;
;;;;;19:17:40;;
;;;;;19:17:41;;
;;;;;19:17:42;;
;;;;;19:17:43;;
;;;;;19:17:44;;
;;;;;19:17:45;;
;;;;;19:17:46;;
;;;;;19:17:47;;
;;;;;19:17:48;;
;;;;;19:17:49;;
;;;;;19:17:50;;
;;;;;19:17:51;;
;;;;;19:17:52;;
;;;;;19:17:53;;
;;;;;19:17:54;;
;;;;;19:17:55;;
;;;;;19:17:56;;
;;;;;19:17:57;;
;;;;;19:17:58;;
;;;;;19:17:59;;
;;;;;19:18:00;;
;;;;;19:18:01;;
;;;;;19:18:02;;
;;;;;19:18:03;;
;;;;;19:18:04;;
;;;;;19:18:05;;
;;;;;19:18:06;;
;;;;;19:18:07;;
;;;;;19:18:08;;
;;;;;19:18:09;;
;;;;;19:18:10;;
;;;;;19:18:11;;
;;;;;19:18:12;;
;;;;;19:18:13;;
;;;;;19:18:14;;
;;;;;19:18:15;;
;;;;;19:18:16;;
;;;;;19:18:17;;
;;;;;19:18:18;;
;;;;;19:18:19;;
;;;;;19:18:20;;
;;;;;19:18:21;;
;;;;;19:18:22;;
;;;;;19:18:23;;
;;;;;19:18:24;;
;;;;;19:18:25;;
;;;;;19:18:26;;
;;;;;19:18:27;;
;;;;;19:18:28;;
;;;;;19:18:29;;
;;;;;19:18:30;;
;;;;;19:18:31;;
;;;;;19:18:32;;
;;;;;19:18:33;;
;;;;;19:18:34;;
;;;;;19:18:35;;
;;;;;19:18:36;;
;;;;;19:18:37;;
;;;;;19:18:38;;
;;;;;19:18:39;;
;;;;;19:18:40;;
;;;;;19:18:41;;
;;;;;19:18:42;;
;;;;;19:18:43;;
;;;;;19:18:44;;
;;;;;19:18:45;;
;;;;;19:18:46;;
;;;;;19:18:47;;
;;;;;19:18:48;;
;;;;;19:18:49;;
;;;;;19:18:50;;
;;;;;19:18:51;;
;;;;;19:18:52;;
;;;;;19:18:53;;
;;;;;19:18:54;;
;;;;;19:18:55;;
;;;;;19:18:56;;
;;;;;19:18:57;;
;;;;;19:18:58;;
;;;;;19:18:59;;
;;;;;19:19:00;;
;;;;;19:19:01;;
;;;;;19:19:02;;
;;;;;19:19:03;;
;;;;;19:19:04;;
;;;;;19:19:05;;
;;;;;19:19:06;;
;;;;;19:19:07;;
;;;;;19:19:08;;
;;;;;19:19:09;;
;;;;;19:19:10;;
;;;;;19:19:11;;
;;;;;19:19:12;;
;;;;;19:19:13;;
;;;;;19:19:14;;
;;;;;19:19:15;;
;;;;;19:19:16;;
;;;;;19:19:17;;
;;;;;19:19:18;;
;;;;;19:19:19;;
;;;;;19:19:20;;
;;;;;19:19:21;;
;;;;;19:19:22;;
;;;;;19:19:23;;
;;;;;19:19:24;;
;;;;;19:19:25;;
;;;;;19:19:26;;
;;;;;19:19:27;;
;;;;;19:19:28;;
;;;;;19:19:29;;
;;;;;19:19:30;;
;;;;;19:19:31;;
;;;;;19:19:32;;
;;;;;19:19:33;;
;;;;;19:19:34;;
;;;;;19:19:35;;
;;;;;19:19:36;;
;;;;;19:19:37;;
;;;;;19:19:38;;
;;;;;19:19:39;;
;;;;;19:19:40;;
;;;;;19:19:41;;
;;;;;19:19:42;;
;;;;;19:19:43;;
;;;;;19:19:44;;
;;;;;19:19:45;;
;;;;;19:19:46;;
;;;;;19:19:47;;
;;;;;19:19:48;;
;;;;;19:19:49;;
;;;;;19:19:50;;
;;;;;19:19:51;;
;;;;;19:19:52;;
;;;;;19:19:53;;
;;;;;19:19:54;;
;;;;;19:19:55;;
;;;;;19:19:56;;
;;;;;19:19:57;;
;;;;;19:19:58;;
;;;;;19:19:59;;
;;;;;19:20:00;;
;;;;;19:20:01;;
;;;;;19:20:02;;
;;;;;19:20:03;;
;;;;;19:20:04;;
;;;;;19:20:05;;
;;;;;19:20:06;;
;;;;;19:20:07;;
;;;;;19:20:08;;
;;;;;19:20:09;;
;;;;;19:20:10;;
;;;;;19:20:11;;
;;;;;19:20:12;;
;;;;;19:20:13;;
;;;;;19:20:14;;
;;;;;19:20:15;;
;;;;;19:20:16;;
;;;;;19:20:17;;
;;;;;19:20:18;;
;;;;;19:20:19;;
;;;;;19:20:20;;
;;;;;19:20:21;;
;;;;;19:20:22;;
;;;;;19:20:23;;
;;;;;19:20:24;;
;;;;;19:20:25;;
;;;;;19:20:26;;
;;;;;19:20:27;;
;;;;;19:20:28;;
;;;;;19:20:29;;
;;;;;19:20:30;;
;;;;;19:20:31;;
;;;;;19:20:32;;
;;;;;19:20:33;;
;;;;;19:20:34;;
;;;;;19:20:35;;
;;;;;19:20:36;;
;;;;;19:20:37;;
;;;;;19:20:38;;
;;;;;19:20:39;;
;;;;;19:20:40;;
;;;;;19:20:41;;
;;;;;19:20:42;;
;;;;;19:20:43;;
;;;;;19:20:44;;
;;;;;19:20:45;;
;;;;;19:20:46;;
;;;;;19:20:47;;
;;;;;19:20:48;;
;;;;;19:20:49;;
;;;;;19:20:50;;
;;;;;19:20:51;;
;;;;;19:20:52;;
;;;;;19:20:53;;
;;;;;19:20:54;;
;;;;;19:20:55;;
;;;;;19:20:56;;
;;;;;19:20:57;;
;;;;;19:20:58;;
;;;;;19:20:59;;
;;;;;19:21:00;;
;;;;;19:21:01;;
;;;;;19:21:02;;
;;;;;19:21:03;;
;;;;;19:21:04;;
;;;;;19:21:05;;
;;;;;19:21:06;;
;;;;;19:21:07;;
;;;;;19:21:08;;
;;;;;19:21:09;;
;;;;;19:21:10;;
;;;;;19:21:11;;
;;;;;19:21:12;;
;;;;;19:21:13;;
;;;;;19:21:14;;
;;;;;19:21:15;;
;;;;;19:21:16;;
;;;;;19:21:17;;
;;;;;19:21:18;;
;;;;;19:21:19;;
;;;;;19:21:20;;
;;;;;19:21:21;;
;;;;;19:21:22;;
;;;;;19:21:23;;
;;;;;19:21:24;;
;;;;;19:21:25;;
;;;;;19:21:26;;
;;;;;19:21:27;;
;;;;;19:21:28;;
;;;;;19:21:29;;
;;;;;19:21:30;;
;;;;;19:21:31;;
;;;;;19:21:32;;
;;;;;19:21:33;;
;;;;;19:21:34;;
;;;;;19:21:35;;
;;;;;19:21:36;;
;;;;;19:21:37;;
;;;;;19:21:38;;
;;;;;19:21:39;;
;;;;;19:21:40;;
;;;;;19:21:41;;
;;;;;19:21:42;;
;;;;;19:21:43;;
;;;;;19:21:44;;
;;;;;19:21:45;;
;;;;;19:21:46;;
;;;;;19:21:47;;
;;;;;19:21:48;;
;;;;;19:21:49;;
;;;;;19:21:50;;
;;;;;19:21:51;;
;;;;;19:21:52;;
;;;;;19:21:53;;
;;;;;19:21:54;;
;;;;;19:21:55;;
;;;;;19:21:56;;
;;;;;19:21:57;;
;;;;;19:21:58;;
;;;;;19:21:59;;
;;;;;19:22:00;;
;;;;;19:22:01;;
;;;;;19:22:02;;
;;;;;19:22:03;;
;;;;;19:22:04;;
;;;;;19:22:05;;
;;;;;19:22:06;;
;;;;;19:22:07;;
;;;;;19:22:08;;
;;;;;19:22:09;;
;;;;;19:22:10;;
;;;;;19:22:11;;
;;;;;19:22:12;;
;;;;;19:22:13;;
;;;;;19:22:14;;
;;;;;19:22:15;;
;;;;;19:22:16;;
;;;;;19:22:17;;
;;;;;19:22:18;;
;;;;;19:22:19;;
;;;;;19:22:20;;
;;;;;19:22:21;;
;;;;;19:22:22;;
;;;;;19:22:23;;
;;;;;19:22:24;;
;;;;;19:22:25;;
;;;;;19:22:26;;
;;;;;19:22:27;;
;;;;;19:22:28;;
;;;;;19:22:29;;
;;;;;19:22:30;;
;;;;;19:22:31;;
;;;;;19:22:32;;
;;;;;19:22:33;;
;;;;;19:22:34;;
;;;;;19:22:35;;
;;;;;19:22:36;;
;;;;;19:22:37;;
;;;;;19:22:38;;
;;;;;19:22:39;;
;;;;;19:22:40;;
;;;;;19:22:41;;
;;;;;19:22:42;;
;;;;;19:22:43;;
;;;;;19:22:44;;
;;;;;19:22:45;;
;;;;;19:22:46;;
;;;;;19:22:47;;
;;;;;19:22:48;;
;;;;;19:22:49;;
;;;;;19:22:50;;
;;;;;19:22:51;;
;;;;;19:22:52;;
;;;;;19:22:53;;
;;;;;19:22:54;;
;;;;;19:22:55;;
;;;;;19:22:56;;
;;;;;19:22:57;;
;;;;;19:22:58;;
;;;;;19:22:59;;
;;;;;19:23:00;;
;;;;;19:23:01;;
;;;;;19:23:02;;
;;;;;19:23:03;;
;;;;;19:23:04;;
;;;;;19:23:05;;
;;;;;19:23:06;;
;;;;;19:23:07;;
;;;;;19:23:08;;
;;;;;19:23:09;;
;;;;;19:23:10;;
;;;;;19:23:11;;
;;;;;19:23:12;;
;;;;;19:23:13;;
;;;;;19:23:14;;
;;;;;19:23:15;;
;;;;;19:23:16;;
;;;;;19:23:17;;
;;;;;19:23:18;;
;;;;;19:23:19;;
;;;;;19:23:20;;
;;;;;19:23:21;;
;;;;;19:23:22;;
;;;;;19:23:23;;
;;;;;19:23:24;;
;;;;;19:23:25;;
;;;;;19:23:26;;
;;;;;19:23:27;;
;;;;;19:23:28;;
;;;;;19:23:29;;
;;;;;19:23:30;;
;;;;;19:23:31;;
;;;;;19:23:32;;
;;;;;19:23:33;;
;;;;;19:23:34;;
;;;;;19:23:35;;
;;;;;19:23:36;;
;;;;;19:23:37;;
;;;;;19:23:38;;
;;;;;19:23:39;;
;;;;;19:23:40;;
;;;;;19:23:41;;
;;;;;19:23:42;;
;;;;;19:23:43;;
;;;;;19:23:44;;
;;;;;19:23:45;;
;;;;;19:23:46;;
;;;;;19:23:47;;
;;;;;19:23:48;;
;;;;;19:23:49;;
;;;;;19:23:50;;
;;;;;19:23:51;;
;;;;;19:23:52;;
;;;;;19:23:53;;
;;;;;19:23:54;;
;;;;;19:23:55;;
;;;;;19:23:56;;
;;;;;19:23:57;;
;;;;;19:23:58;;
;;;;;19:23:59;;
;;;;;19:24:00;;
;;;;;19:24:01;;
;;;;;19:24:02;;
;;;;;19:24:03;;
;;;;;19:24:04;;
;;;;;19:24:05;;
;;;;;19:24:06;;
;;;;;19:24:07;;
;;;;;19:24:08;;
;;;;;19:24:09;;
;;;;;19:24:10;;
;;;;;19:24:11;;
;;;;;19:24:12;;
;;;;;19:24:13;;
;;;;;19:24:14;;
;;;;;19:24:15;;
;;;;;19:24:16;;
;;;;;19:24:17;;
;;;;;19:24:18;;
;;;;;19:24:19;;
;;;;;19:24:20;;
;;;;;19:24:21;;
;;;;;19:24:22;;
;;;;;19:24:23;;
;;;;;19:24:24;;
;;;;;19:24:25;;
;;;;;19:24:26;;
;;;;;19:24:27;;
;;;;;19:24:28;;
;;;;;19:24:29;;
;;;;;19:24:30;;
;;;;;19:24:31;;
;;;;;19:24:32;;
;;;;;19:24:33;;
;;;;;19:24:34;;
;;;;;19:24:35;;
;;;;;19:24:36;;
;;;;;19:24:37;;
;;;;;19:24:38;;
;;;;;19:24:39;;
;;;;;19:24:40;;
;;;;;19:24:41;;
;;;;;19:24:42;;
;;;;;19:24:43;;
;;;;;19:24:44;;
;;;;;19:24:45;;
;;;;;19:24:46;;
;;;;;19:24:47;;
;;;;;19:24:48;;
;;;;;19:24:49;;
;;;;;19:24:50;;
;;;;;19:24:51;;
;;;;;19:24:52;;
;;;;;19:24:53;;
;;;;;19:24:54;;
;;;;;19:24:55;;
;;;;;19:24:56;;
;;;;;19:24:57;;
;;;;;19:24:58;;
;;;;;19:24:59;;
;;;;;19:25:00;;
;;;;;19:25:01;;
;;;;;19:25:02;;
;;;;;19:25:03;;
;;;;;19:25:04;;
;;;;;19:25:05;;
;;;;;19:25:06;;
;;;;;19:25:07;;
;;;;;19:25:08;;
;;;;;19:25:09;;
;;;;;19:25:10;;
;;;;;19:25:11;;
;;;;;19:25:12;;
;;;;;19:25:13;;
;;;;;19:25:14;;
;;;;;19:25:15;;
;;;;;19:25:16;;
;;;;;19:25:17;;
;;;;;19:25:18;;
;;;;;19:25:19;;
;;;;;19:25:20;;
;;;;;19:25:21;;
;;;;;19:25:22;;
;;;;;19:25:23;;
;;;;;19:25:24;;
;;;;;19:25:25;;
;;;;;19:25:26;;
;;;;;19:25:27;;
;;;;;19:25:28;;
;;;;;19:25:29;;
;;;;;19:25:30;;
;;;;;19:25:31;;
;;;;;19:25:32;;
;;;;;19:25:33;;
;;;;;19:25:34;;
;;;;;19:25:35;;
;;;;;19:25:36;;
;;;;;19:25:37;;
;;;;;19:25:38;;
;;;;;19:25:39;;
;;;;;19:25:40;;
;;;;;19:25:41;;
;;;;;19:25:42;;
;;;;;19:25:43;;
;;;;;19:25:44;;
;;;;;19:25:45;;
;;;;;19:25:46;;
;;;;;19:25:47;;
;;;;;19:25:48;;
;;;;;19:25:49;;
;;;;;19:25:50;;
;;;;;19:25:51;;
;;;;;19:25:52;;
;;;;;19:25:53;;
;;;;;19:25:54;;
;;;;;19:25:55;;
;;;;;19:25:56;;
;;;;;19:25:57;;
;;;;;19:25:58;;
;;;;;19:25:59;;
;;;;;19:26:00;;
;;;;;19:26:01;;
;;;;;19:26:02;;
;;;;;19:26:03;;
;;;;;19:26:04;;
;;;;;19:26:05;;
;;;;;19:26:06;;
;;;;;19:26:07;;
;;;;;19:26:08;;
;;;;;19:26:09;;
;;;;;19:26:10;;
;;;;;19:26:11;;
;;;;;19:26:12;;
;;;;;19:26:13;;
;;;;;19:26:14;;
;;;;;19:26:15;;
;;;;;19:26:16;;
;;;;;19:26:17;;
;;;;;19:26:18;;
;;;;;19:26:19;;
;;;;;19:26:20;;
;;;;;19:26:21;;
;;;;;19:26:22;;
;;;;;19:26:23;;
;;;;;19:26:24;;
;;;;;19:26:25;;
;;;;;19:26:26;;
;;;;;19:26:27;;
;;;;;19:26:28;;
;;;;;19:26:29;;
;;;;;19:26:30;;
;;;;;19:26:31;;
;;;;;19:26:32;;
;;;;;19:26:33;;
;;;;;19:26:34;;
;;;;;19:26:35;;
;;;;;19:26:36;;
;;;;;19:26:37;;
;;;;;19:26:38;;
;;;;;19:26:39;;
;;;;;19:26:40;;
;;;;;19:26:41;;
;;;;;19:26:42;;
;;;;;19:26:43;;
;;;;;19:26:44;;
;;;;;19:26:45;;
;;;;;19:26:46;;
;;;;;19:26:47;;
;;;;;19:26:48;;
;;;;;19:26:49;;
;;;;;19:26:50;;
;;;;;19:26:51;;
;;;;;19:26:52;;
;;;;;19:26:53;;
;;;;;19:26:54;;
;;;;;19:26:55;;
;;;;;19:26:56;;
;;;;;19:26:57;;
;;;;;19:26:58;;
;;;;;19:26:59;;
;;;;;19:27:00;;
;;;;;19:27:01;;
;;;;;19:27:02;;
;;;;;19:27:03;;
;;;;;19:27:04;;
;;;;;19:27:05;;
;;;;;19:27:06;;
;;;;;19:27:07;;
;;;;;19:27:08;;
;;;;;19:27:09;;
;;;;;19:27:10;;
;;;;;19:27:11;;
;;;;;19:27:12;;
;;;;;19:27:13;;
;;;;;19:27:14;;
;;;;;19:27:15;;
;;;;;19:27:16;;
;;;;;19:27:17;;
;;;;;19:27:18;;
;;;;;19:27:19;;
;;;;;19:27:20;;
;;;;;19:27:21;;
;;;;;19:27:22;;
;;;;;19:27:23;;
;;;;;19:27:24;;
;;;;;19:27:25;;
;;;;;19:27:26;;
;;;;;19:27:27;;
;;;;;19:27:28;;
;;;;;19:27:29;;
;;;;;19:27:30;;
;;;;;19:27:31;;
;;;;;19:27:32;;
;;;;;19:27:33;;
;;;;;19:27:34;;
;;;;;19:27:35;;
;;;;;19:27:36;;
;;;;;19:27:37;;
;;;;;19:27:38;;
;;;;;19:27:39;;
;;;;;19:27:40;;
;;;;;19:27:41;;
;;;;;19:27:42;;
;;;;;19:27:43;;
;;;;;19:27:44;;
;;;;;19:27:45;;
;;;;;19:27:46;;
;;;;;19:27:47;;
;;;;;19:27:48;;
;;;;;19:27:49;;
;;;;;19:27:50;;
;;;;;19:27:51;;
;;;;;19:27:52;;
;;;;;19:27:53;;
;;;;;19:27:54;;
;;;;;19:27:55;;
;;;;;19:27:56;;
;;;;;19:27:57;;
;;;;;19:27:58;;
;;;;;19:27:59;;
;;;;;19:28:00;;
;;;;;19:28:01;;
;;;;;19:28:02;;
;;;;;19:28:03;;
;;;;;19:28:04;;
;;;;;19:28:05;;
;;;;;19:28:06;;
;;;;;19:28:07;;
;;;;;19:28:08;;
;;;;;19:28:09;;
;;;;;19:28:10;;
;;;;;19:28:11;;
;;;;;19:28:12;;
;;;;;19:28:13;;
;;;;;19:28:14;;
;;;;;19:28:15;;
;;;;;19:28:16;;
;;;;;19:28:17;;
;;;;;19:28:18;;
;;;;;19:28:19;;
;;;;;19:28:20;;
;;;;;19:28:21;;
;;;;;19:28:22;;
;;;;;19:28:23;;
;;;;;19:28:24;;
;;;;;19:28:25;;
;;;;;19:28:26;;
;;;;;19:28:27;;
;;;;;19:28:28;;
;;;;;19:28:29;;
;;;;;19:28:30;;
;;;;;19:28:31;;
;;;;;19:28:32;;
;;;;;19:28:33;;
;;;;;19:28:34;;
;;;;;19:28:35;;
;;;;;19:28:36;;
;;;;;19:28:37;;
;;;;;19:28:38;;
;;;;;19:28:39;;
;;;;;19:28:40;;
;;;;;19:28:41;;
;;;;;19:28:42;;
;;;;;19:28:43;;
;;;;;19:28:44;;
;;;;;19:28:45;;
;;;;;19:28:46;;
;;;;;19:28:47;;
;;;;;19:28:48;;
;;;;;19:28:49;;
;;;;;19:28:50;;
;;;;;19:28:51;;
;;;;;19:28:52;;
;;;;;19:28:53;;
;;;;;19:28:54;;
;;;;;19:28:55;;
;;;;;19:28:56;;
;;;;;19:28:57;;
;;;;;19:28:58;;
;;;;;19:28:59;;
;;;;;19:29:00;;
;;;;;19:29:01;;
;;;;;19:29:02;;
;;;;;19:29:03;;
;;;;;19:29:04;;
;;;;;19:29:05;;
;;;;;19:29:06;;
;;;;;19:29:07;;
;;;;;19:29:08;;
;;;;;19:29:09;;
;;;;;19:29:10;;
;;;;;19:29:11;;
;;;;;19:29:12;;
;;;;;19:29:13;;
;;;;;19:29:14;;
;;;;;19:29:15;;
;;;;;19:29:16;;
;;;;;19:29:17;;
;;;;;19:29:18;;
;;;;;19:29:19;;
;;;;;19:29:20;;
;;;;;19:29:21;;
;;;;;19:29:22;;
;;;;;19:29:23;;
;;;;;19:29:24;;
;;;;;19:29:25;;
;;;;;19:29:26;;
;;;;;19:29:27;;
;;;;;19:29:28;;
;;;;;19:29:29;;
;;;;;19:29:30;;
;;;;;19:29:31;;
;;;;;19:29:32;;
;;;;;19:29:33;;
;;;;;19:29:34;;
;;;;;19:29:35;;
;;;;;19:29:36;;
;;;;;19:29:37;;
;;;;;19:29:38;;
;;;;;19:29:39;;
;;;;;19:29:40;;
;;;;;19:29:41;;
;;;;;19:29:42;;
;;;;;19:29:43;;
;;;;;19:29:44;;
;;;;;19:29:45;;
;;;;;19:29:46;;
;;;;;19:29:47;;
;;;;;19:29:48;;
;;;;;19:29:49;;
;;;;;19:29:50;;
;;;;;19:29:51;;
;;;;;19:29:52;;
;;;;;19:29:53;;
;;;;;19:29:54;;
;;;;;19:29:55;;
;;;;;19:29:56;;
;;;;;19:29:57;;
;;;;;19:29:58;;
;;;;;19:29:59;;
;;;;;19:30:00;;
;;;;;19:30:01;;
;;;;;19:30:02;;
;;;;;19:30:03;;
;;;;;19:30:04;;
;;;;;19:30:05;;
;;;;;19:30:06;;
;;;;;19:30:07;;
;;;;;19:30:08;;
;;;;;19:30:09;;
;;;;;19:30:10;;
;;;;;19:30:11;;
;;;;;19:30:12;;
;;;;;19:30:13;;
;;;;;19:30:14;;
;;;;;19:30:15;;
;;;;;19:30:16;;
;;;;;19:30:17;;
;;;;;19:30:18;;
;;;;;19:30:19;;
;;;;;19:30:20;;
;;;;;19:30:21;;
;;;;;19:30:22;;
;;;;;19:30:23;;
;;;;;19:30:24;;
;;;;;19:30:25;;
;;;;;19:30:26;;
;;;;;19:30:27;;
;;;;;19:30:28;;
;;;;;19:30:29;;
;;;;;19:30:30;;
;;;;;19:30:31;;
;;;;;19:30:32;;
;;;;;19:30:33;;
;;;;;19:30:34;;
;;;;;19:30:35;;
;;;;;19:30:36;;
;;;;;19:30:37;;
;;;;;19:30:38;;
;;;;;19:30:39;;
;;;;;19:30:40;;
;;;;;19:30:41;;
;;;;;19:30:42;;
;;;;;19:30:43;;
;;;;;19:30:44;;
;;;;;19:30:45;;
;;;;;19:30:46;;
;;;;;19:30:47;;
;;;;;19:30:48;;
;;;;;19:30:49;;
;;;;;19:30:50;;
;;;;;19:30:51;;
;;;;;19:30:52;;
;;;;;19:30:53;;
;;;;;19:30:54;;
;;;;;19:30:55;;
;;;;;19:30:56;;
;;;;;19:30:57;;
;;;;;19:30:58;;
;;;;;19:30:59;;
;;;;;19:31:00;;
;;;;;19:31:01;;
;;;;;19:31:02;;
;;;;;19:31:03;;
;;;;;19:31:04;;
;;;;;19:31:05;;
;;;;;19:31:06;;
;;;;;19:31:07;;
;;;;;19:31:08;;
;;;;;19:31:09;;
;;;;;19:31:10;;
;;;;;19:31:11;;
;;;;;19:31:12;;
;;;;;19:31:13;;
;;;;;19:31:14;;
;;;;;19:31:15;;
;;;;;19:31:16;;
;;;;;19:31:17;;
;;;;;19:31:18;;
;;;;;19:31:19;;
;;;;;19:31:20;;
;;;;;19:31:21;;
;;;;;19:31:22;;
;;;;;19:31:23;;
;;;;;19:31:24;;
;;;;;19:31:25;;
;;;;;19:31:26;;
;;;;;19:31:27;;
;;;;;19:31:28;;
;;;;;19:31:29;;
;;;;;19:31:30;;
;;;;;19:31:31;;
;;;;;19:31:32;;
;;;;;19:31:33;;
;;;;;19:31:34;;
;;;;;19:31:35;;
;;;;;19:31:36;;
;;;;;19:31:37;;
;;;;;19:31:38;;
;;;;;19:31:39;;
;;;;;19:31:40;;
;;;;;19:31:41;;
;;;;;19:31:42;;
;;;;;19:31:43;;
;;;;;19:31:44;;
;;;;;19:31:45;;
;;;;;19:31:46;;
;;;;;19:31:47;;
;;;;;19:31:48;;
;;;;;19:31:49;;
;;;;;19:31:50;;
;;;;;19:31:51;;
;;;;;19:31:52;;
;;;;;19:31:53;;
;;;;;19:31:54;;
;;;;;19:31:55;;
;;;;;19:31:56;;
;;;;;19:31:57;;
;;;;;19:31:58;;
;;;;;19:31:59;;
;;;;;19:32:00;;
;;;;;19:32:01;;
;;;;;19:32:02;;
;;;;;19:32:03;;
;;;;;19:32:04;;
;;;;;19:32:05;;
;;;;;19:32:06;;
;;;;;19:32:07;;
;;;;;19:32:08;;
;;;;;19:32:09;;
;;;;;19:32:10;;
;;;;;19:32:11;;
;;;;;19:32:12;;
;;;;;19:32:13;;
;;;;;19:32:14;;
;;;;;19:32:15;;
;;;;;19:32:16;;
;;;;;19:32:17;;
;;;;;19:32:18;;
;;;;;19:32:19;;
;;;;;19:32:20;;
;;;;;19:32:21;;
;;;;;19:32:22;;
;;;;;19:32:23;;
;;;;;19:32:24;;
;;;;;19:32:25;;
;;;;;19:32:26;;
;;;;;19:32:27;;
;;;;;19:32:28;;
;;;;;19:32:29;;
;;;;;19:32:30;;
;;;;;19:32:31;;
;;;;;19:32:32;;
;;;;;19:32:33;;
;;;;;19:32:34;;
;;;;;19:32:35;;
;;;;;19:32:36;;
;;;;;19:32:37;;
;;;;;19:32:38;;
;;;;;19:32:39;;
;;;;;19:32:40;;
;;;;;19:32:41;;
;;;;;19:32:42;;
;;;;;19:32:43;;
;;;;;19:32:44;;
;;;;;19:32:45;;
;;;;;19:32:46;;
;;;;;19:32:47;;
;;;;;19:32:48;;
;;;;;19:32:49;;
;;;;;19:32:50;;
;;;;;19:32:51;;
;;;;;19:32:52;;
;;;;;19:32:53;;
;;;;;19:32:54;;
;;;;;19:32:55;;
;;;;;19:32:56;;
;;;;;19:32:57;;
;;;;;19:32:58;;
;;;;;19:32:59;;
;;;;;19:33:00;;
;;;;;19:33:01;;
;;;;;19:33:02;;
;;;;;19:33:03;;
;;;;;19:33:04;;
;;;;;19:33:05;;
;;;;;19:33:06;;
;;;;;19:33:07;;
;;;;;19:33:08;;
;;;;;19:33:09;;
;;;;;19:33:10;;
;;;;;19:33:11;;
;;;;;19:33:12;;
;;;;;19:33:13;;
;;;;;19:33:14;;
;;;;;19:33:15;;
;;;;;19:33:16;;
;;;;;19:33:17;;
;;;;;19:33:18;;
;;;;;19:33:19;;
;;;;;19:33:20;;
;;;;;19:33:21;;
;;;;;19:33:22;;
;;;;;19:33:23;;
;;;;;19:33:24;;
;;;;;19:33:25;;
;;;;;19:33:26;;
;;;;;19:33:27;;
;;;;;19:33:28;;
;;;;;19:33:29;;
;;;;;19:33:30;;
;;;;;19:33:31;;
;;;;;19:33:32;;
;;;;;19:33:33;;
;;;;;19:33:34;;
;;;;;19:33:35;;
;;;;;19:33:36;;
;;;;;19:33:37;;
;;;;;19:33:38;;
;;;;;19:33:39;;
;;;;;19:33:40;;
;;;;;19:33:41;;
;;;;;19:33:42;;
;;;;;19:33:43;;
;;;;;19:33:44;;
;;;;;19:33:45;;
;;;;;19:33:46;;
;;;;;19:33:47;;
;;;;;19:33:48;;
;;;;;19:33:49;;
;;;;;19:33:50;;
;;;;;19:33:51;;
;;;;;19:33:52;;
;;;;;19:33:53;;
;;;;;19:33:54;;
;;;;;19:33:55;;
;;;;;19:33:56;;
;;;;;19:33:57;;
;;;;;19:33:58;;
;;;;;19:33:59;;
;;;;;19:34:00;;
;;;;;19:34:01;;
;;;;;19:34:02;;
;;;;;19:34:03;;
;;;;;19:34:04;;
;;;;;19:34:05;;
;;;;;19:34:06;;
;;;;;19:34:07;;
;;;;;19:34:08;;
;;;;;19:34:09;;
;;;;;19:34:10;;
;;;;;19:34:11;;
;;;;;19:34:12;;
;;;;;19:34:13;;
;;;;;19:34:14;;
;;;;;19:34:15;;
;;;;;19:34:16;;
;;;;;19:34:17;;
;;;;;19:34:18;;
;;;;;19:34:19;;
;;;;;19:34:20;;
;;;;;19:34:21;;
;;;;;19:34:22;;
;;;;;19:34:23;;
;;;;;19:34:24;;
;;;;;19:34:25;;
;;;;;19:34:26;;
;;;;;19:34:27;;
;;;;;19:34:28;;
;;;;;19:34:29;;
;;;;;19:34:30;;
;;;;;19:34:31;;
;;;;;19:34:32;;
;;;;;19:34:33;;
;;;;;19:34:34;;
;;;;;19:34:35;;
;;;;;19:34:36;;
;;;;;19:34:37;;
;;;;;19:34:38;;
;;;;;19:34:39;;
;;;;;19:34:40;;
;;;;;19:34:41;;
;;;;;19:34:42;;
;;;;;19:34:43;;
;;;;;19:34:44;;
;;;;;19:34:45;;
;;;;;19:34:46;;
;;;;;19:34:47;;
;;;;;19:34:48;;
;;;;;19:34:49;;
;;;;;19:34:50;;
;;;;;19:34:51;;
;;;;;19:34:52;;
;;;;;19:34:53;;
;;;;;19:34:54;;
;;;;;19:34:55;;
;;;;;19:34:56;;
;;;;;19:34:57;;
;;;;;19:34:58;;
;;;;;19:34:59;;
;;;;;19:35:00;;
;;;;;19:35:01;;
;;;;;19:35:02;;
;;;;;19:35:03;;
;;;;;19:35:04;;
;;;;;19:35:05;;
;;;;;19:35:06;;
;;;;;19:35:07;;
;;;;;19:35:08;;
;;;;;19:35:09;;
;;;;;19:35:10;;
;;;;;19:35:11;;
;;;;;19:35:12;;
;;;;;19:35:13;;
;;;;;19:35:14;;
;;;;;19:35:15;;
;;;;;19:35:16;;
;;;;;19:35:17;;
;;;;;19:35:18;;
;;;;;19:35:19;;
;;;;;19:35:20;;
;;;;;19:35:21;;
;;;;;19:35:22;;
;;;;;19:35:23;;
;;;;;19:35:24;;
;;;;;19:35:25;;
;;;;;19:35:26;;
;;;;;19:35:27;;
;;;;;19:35:28;;
;;;;;19:35:29;;
;;;;;19:35:30;;
;;;;;19:35:31;;
;;;;;19:35:32;;
;;;;;19:35:33;;
;;;;;19:35:34;;
;;;;;19:35:35;;
;;;;;19:35:36;;
;;;;;19:35:37;;
;;;;;19:35:38;;
;;;;;19:35:39;;
;;;;;19:35:40;;
;;;;;19:35:41;;
;;;;;19:35:42;;
;;;;;19:35:43;;
;;;;;19:35:44;;
;;;;;19:35:45;;
;;;;;19:35:46;;
;;;;;19:35:47;;
;;;;;19:35:48;;
;;;;;19:35:49;;
;;;;;19:35:50;;
;;;;;19:35:51;;
;;;;;19:35:52;;
;;;;;19:35:53;;
;;;;;19:35:54;;
;;;;;19:35:55;;
;;;;;19:35:56;;
;;;;;19:35:57;;
;;;;;19:35:58;;
;;;;;19:35:59;;
;;;;;19:36:00;;
;;;;;19:36:01;;
;;;;;19:36:02;;
;;;;;19:36:03;;
;;;;;19:36:04;;
;;;;;19:36:05;;
;;;;;19:36:06;;
;;;;;19:36:07;;
;;;;;19:36:08;;
;;;;;19:36:09;;
;;;;;19:36:10;;
;;;;;19:36:11;;
;;;;;19:36:12;;
;;;;;19:36:13;;
;;;;;19:36:14;;
;;;;;19:36:15;;
;;;;;19:36:16;;
;;;;;19:36:17;;
;;;;;19:36:18;;
;;;;;19:36:19;;
;;;;;19:36:20;;
;;;;;19:36:21;;
;;;;;19:36:22;;
;;;;;19:36:23;;
;;;;;19:36:24;;
;;;;;19:36:25;;
;;;;;19:36:26;;
;;;;;19:36:27;;
;;;;;19:36:28;;
;;;;;19:36:29;;
;;;;;19:36:30;;
;;;;;19:36:31;;
;;;;;19:36:32;;
;;;;;19:36:33;;
;;;;;19:36:34;;
;;;;;19:36:35;;
;;;;;19:36:36;;
;;;;;19:36:37;;
;;;;;19:36:38;;
;;;;;19:36:39;;
;;;;;19:36:40;;
;;;;;19:36:41;;
;;;;;19:36:42;;
;;;;;19:36:43;;
;;;;;19:36:44;;
;;;;;19:36:45;;
;;;;;19:36:46;;
;;;;;19:36:47;;
;;;;;19:36:48;;
;;;;;19:36:49;;
;;;;;19:36:50;;
;;;;;19:36:51;;
;;;;;19:36:52;;
;;;;;19:36:53;;
;;;;;19:36:54;;
;;;;;19:36:55;;
;;;;;19:36:56;;
;;;;;19:36:57;;
;;;;;19:36:58;;
;;;;;19:36:59;;
;;;;;19:37:00;;
;;;;;19:37:01;;
;;;;;19:37:02;;
;;;;;19:37:03;;
;;;;;19:37:04;;
;;;;;19:37:05;;
;;;;;19:37:06;;
;;;;;19:37:07;;
;;;;;19:37:08;;
;;;;;19:37:09;;
;;;;;19:37:10;;
;;;;;19:37:11;;
;;;;;19:37:12;;
;;;;;19:37:13;;
;;;;;19:37:14;;
;;;;;19:37:15;;
;;;;;19:37:16;;
;;;;;19:37:17;;
;;;;;19:37:18;;
;;;;;19:37:19;;
;;;;;19:37:20;;
;;;;;19:37:21;;
;;;;;19:37:22;;
;;;;;19:37:23;;
;;;;;19:37:24;;
;;;;;19:37:25;;
;;;;;19:37:26;;
;;;;;19:37:27;;
;;;;;19:37:28;;
;;;;;19:37:29;;
;;;;;19:37:30;;
;;;;;19:37:31;;
;;;;;19:37:32;;
;;;;;19:37:33;;
;;;;;19:37:34;;
;;;;;19:37:35;;
;;;;;19:37:36;;
;;;;;19:37:37;;
;;;;;19:37:38;;
;;;;;19:37:39;;
;;;;;19:37:40;;
;;;;;19:37:41;;
;;;;;19:37:42;;
;;;;;19:37:43;;
;;;;;19:37:44;;
;;;;;19:37:45;;
;;;;;19:37:46;;
;;;;;19:37:47;;
;;;;;19:37:48;;
;;;;;19:37:49;;
;;;;;19:37:50;;
;;;;;19:37:51;;
;;;;;19:37:52;;
;;;;;19:37:53;;
;;;;;19:37:54;;
;;;;;19:37:55;;
;;;;;19:37:56;;
;;;;;19:37:57;;
;;;;;19:37:58;;
;;;;;19:37:59;;
;;;;;19:38:00;;
;;;;;19:38:01;;
;;;;;19:38:02;;
;;;;;19:38:03;;
;;;;;19:38:04;;
;;;;;19:38:05;;
;;;;;19:38:06;;
;;;;;19:38:07;;
;;;;;19:38:08;;
;;;;;19:38:09;;
;;;;;19:38:10;;
;;;;;19:38:11;;
;;;;;19:38:12;;
;;;;;19:38:13;;
;;;;;19:38:14;;
;;;;;19:38:15;;
;;;;;19:38:16;;
;;;;;19:38:17;;
;;;;;19:38:18;;
;;;;;19:38:19;;
;;;;;19:38:20;;
;;;;;19:38:21;;
;;;;;19:38:22;;
;;;;;19:38:23;;
;;;;;19:38:24;;
;;;;;19:38:25;;
;;;;;19:38:26;;
;;;;;19:38:27;;
;;;;;19:38:28;;
;;;;;19:38:29;;
;;;;;19:38:30;;
;;;;;19:38:31;;
;;;;;19:38:32;;
;;;;;19:38:33;;
;;;;;19:38:34;;
;;;;;19:38:35;;
;;;;;19:38:36;;
;;;;;19:38:37;;
;;;;;19:38:38;;
;;;;;19:38:39;;
;;;;;19:38:40;;
;;;;;19:38:41;;
;;;;;19:38:42;;
;;;;;19:38:43;;
;;;;;19:38:44;;
;;;;;19:38:45;;
;;;;;19:38:46;;
;;;;;19:38:47;;
;;;;;19:38:48;;
;;;;;19:38:49;;
;;;;;19:38:50;;
;;;;;19:38:51;;
;;;;;19:38:52;;
;;;;;19:38:53;;
;;;;;19:38:54;;
;;;;;19:38:55;;
;;;;;19:38:56;;
;;;;;19:38:57;;
;;;;;19:38:58;;
;;;;;19:38:59;;
;;;;;19:39:00;;
;;;;;19:39:01;;
;;;;;19:39:02;;
;;;;;19:39:03;;
;;;;;19:39:04;;
;;;;;19:39:05;;
;;;;;19:39:06;;
;;;;;19:39:07;;
;;;;;19:39:08;;
;;;;;19:39:09;;
;;;;;19:39:10;;
;;;;;19:39:11;;
;;;;;19:39:12;;
;;;;;19:39:13;;
;;;;;19:39:14;;
;;;;;19:39:15;;
;;;;;19:39:16;;
;;;;;19:39:17;;
;;;;;19:39:18;;
;;;;;19:39:19;;
;;;;;19:39:20;;
;;;;;19:39:21;;
;;;;;19:39:22;;
;;;;;19:39:23;;
;;;;;19:39:24;;
;;;;;19:39:25;;
;;;;;19:39:26;;
;;;;;19:39:27;;
;;;;;19:39:28;;
;;;;;19:39:29;;
;;;;;19:39:30;;
;;;;;19:39:31;;
;;;;;19:39:32;;
;;;;;19:39:33;;
;;;;;19:39:34;;
;;;;;19:39:35;;
;;;;;19:39:36;;
;;;;;19:39:37;;
;;;;;19:39:38;;
;;;;;19:39:39;;
;;;;;19:39:40;;
;;;;;19:39:41;;
;;;;;19:39:42;;
;;;;;19:39:43;;
;;;;;19:39:44;;
;;;;;19:39:45;;
;;;;;19:39:46;;
;;;;;19:39:47;;
;;;;;19:39:48;;
;;;;;19:39:49;;
;;;;;19:39:50;;
;;;;;19:39:51;;
;;;;;19:39:52;;
;;;;;19:39:53;;
;;;;;19:39:54;;
;;;;;19:39:55;;
;;;;;19:39:56;;
;;;;;19:39:57;;
;;;;;19:39:58;;
;;;;;19:39:59;;
;;;;;19:40:00;;
;;;;;19:40:01;;
;;;;;19:40:02;;
;;;;;19:40:03;;
;;;;;19:40:04;;
;;;;;19:40:05;;
;;;;;19:40:06;;
;;;;;19:40:07;;
;;;;;19:40:08;;
;;;;;19:40:09;;
;;;;;19:40:10;;
;;;;;19:40:11;;
;;;;;19:40:12;;
;;;;;19:40:13;;
;;;;;19:40:14;;
;;;;;19:40:15;;
;;;;;19:40:16;;
;;;;;19:40:17;;
;;;;;19:40:18;;
;;;;;19:40:19;;
;;;;;19:40:20;;
;;;;;19:40:21;;
;;;;;19:40:22;;
;;;;;19:40:23;;
;;;;;19:40:24;;
;;;;;19:40:25;;
;;;;;19:40:26;;
;;;;;19:40:27;;
;;;;;19:40:28;;
;;;;;19:40:29;;
;;;;;19:40:30;;
;;;;;19:40:31;;
;;;;;19:40:32;;
;;;;;19:40:33;;
;;;;;19:40:34;;
;;;;;19:40:35;;
;;;;;19:40:36;;
;;;;;19:40:37;;
;;;;;19:40:38;;
;;;;;19:40:39;;
;;;;;19:40:40;;
;;;;;19:40:41;;
;;;;;19:40:42;;
;;;;;19:40:43;;
;;;;;19:40:44;;
;;;;;19:40:45;;
;;;;;19:40:46;;
;;;;;19:40:47;;
;;;;;19:40:48;;
;;;;;19:40:49;;
;;;;;19:40:50;;
;;;;;19:40:51;;
;;;;;19:40:52;;
;;;;;19:40:53;;
;;;;;19:40:54;;
;;;;;19:40:55;;
;;;;;19:40:56;;
;;;;;19:40:57;;
;;;;;19:40:58;;
;;;;;19:40:59;;
;;;;;19:41:00;;
;;;;;19:41:01;;
;;;;;19:41:02;;
;;;;;19:41:03;;
;;;;;19:41:04;;
;;;;;19:41:05;;
;;;;;19:41:06;;
;;;;;19:41:07;;
;;;;;19:41:08;;
;;;;;19:41:09;;
;;;;;19:41:10;;
;;;;;19:41:11;;
;;;;;19:41:12;;
;;;;;19:41:13;;
;;;;;19:41:14;;
;;;;;19:41:15;;
;;;;;19:41:16;;
;;;;;19:41:17;;
;;;;;19:41:18;;
;;;;;19:41:19;;
;;;;;19:41:20;;
;;;;;19:41:21;;
;;;;;19:41:22;;
;;;;;19:41:23;;
;;;;;19:41:24;;
;;;;;19:41:25;;
;;;;;19:41:26;;
;;;;;19:41:27;;
;;;;;19:41:28;;
;;;;;19:41:29;;
;;;;;19:41:30;;
;;;;;19:41:31;;
;;;;;19:41:32;;
;;;;;19:41:33;;
;;;;;19:41:34;;
;;;;;19:41:35;;
;;;;;19:41:36;;
;;;;;19:41:37;;
;;;;;19:41:38;;
;;;;;19:41:39;;
;;;;;19:41:40;;
;;;;;19:41:41;;
;;;;;19:41:42;;
;;;;;19:41:43;;
;;;;;19:41:44;;
;;;;;19:41:45;;
;;;;;19:41:46;;
;;;;;19:41:47;;
;;;;;19:41:48;;
;;;;;19:41:49;;
;;;;;19:41:50;;
;;;;;19:41:51;;
;;;;;19:41:52;;
;;;;;19:41:53;;
;;;;;19:41:54;;
;;;;;19:41:55;;
;;;;;19:41:56;;
;;;;;19:41:57;;
;;;;;19:41:58;;
;;;;;19:41:59;;
;;;;;19:42:00;;
;;;;;19:42:01;;
;;;;;19:42:02;;
;;;;;19:42:03;;
;;;;;19:42:04;;
;;;;;19:42:05;;
;;;;;19:42:06;;
;;;;;19:42:07;;
;;;;;19:42:08;;
;;;;;19:42:09;;
;;;;;19:42:10;;
;;;;;19:42:11;;
;;;;;19:42:12;;
;;;;;19:42:13;;
;;;;;19:42:14;;
;;;;;19:42:15;;
;;;;;19:42:16;;
;;;;;19:42:17;;
;;;;;19:42:18;;
;;;;;19:42:19;;
;;;;;19:42:20;;
;;;;;19:42:21;;
;;;;;19:42:22;;
;;;;;19:42:23;;
;;;;;19:42:24;;
;;;;;19:42:25;;
;;;;;19:42:26;;
;;;;;19:42:27;;
;;;;;19:42:28;;
;;;;;19:42:29;;
;;;;;19:42:30;;
;;;;;19:42:31;;
;;;;;19:42:32;;
;;;;;19:42:33;;
;;;;;19:42:34;;
;;;;;19:42:35;;
;;;;;19:42:36;;
;;;;;19:42:37;;
;;;;;19:42:38;;
;;;;;19:42:39;;
;;;;;19:42:40;;
;;;;;19:42:41;;
;;;;;19:42:42;;
;;;;;19:42:43;;
;;;;;19:42:44;;
;;;;;19:42:45;;
;;;;;19:42:46;;
;;;;;19:42:47;;
;;;;;19:42:48;;
;;;;;19:42:49;;
;;;;;19:42:50;;
;;;;;19:42:51;;
;;;;;19:42:52;;
;;;;;19:42:53;;
;;;;;19:42:54;;
;;;;;19:42:55;;
;;;;;19:42:56;;
;;;;;19:42:57;;
;;;;;19:42:58;;
;;;;;19:42:59;;
;;;;;19:43:00;;
;;;;;19:43:01;;
;;;;;19:43:02;;
;;;;;19:43:03;;
;;;;;19:43:04;;
;;;;;19:43:05;;
;;;;;19:43:06;;
;;;;;19:43:07;;
;;;;;19:43:08;;
;;;;;19:43:09;;
;;;;;19:43:10;;
;;;;;19:43:11;;
;;;;;19:43:12;;
;;;;;19:43:13;;
;;;;;19:43:14;;
;;;;;19:43:15;;
;;;;;19:43:16;;
;;;;;19:43:17;;
;;;;;19:43:18;;
;;;;;19:43:19;;
;;;;;19:43:20;;
;;;;;19:43:21;;
;;;;;19:43:22;;
;;;;;19:43:23;;
;;;;;19:43:24;;
;;;;;19:43:25;;
;;;;;19:43:26;;
;;;;;19:43:27;;
;;;;;19:43:28;;
;;;;;19:43:29;;
;;;;;19:43:30;;
;;;;;19:43:31;;
;;;;;19:43:32;;
;;;;;19:43:33;;
;;;;;19:43:34;;
;;;;;19:43:35;;
;;;;;19:43:36;;
;;;;;19:43:37;;
;;;;;19:43:38;;
;;;;;19:43:39;;
;;;;;19:43:40;;
;;;;;19:43:41;;
;;;;;19:43:42;;
;;;;;19:43:43;;
;;;;;19:43:44;;
;;;;;19:43:45;;
;;;;;19:43:46;;
;;;;;19:43:47;;
;;;;;19:43:48;;
;;;;;19:43:49;;
;;;;;19:43:50;;
;;;;;19:43:51;;
;;;;;19:43:52;;
;;;;;19:43:53;;
;;;;;19:43:54;;
;;;;;19:43:55;;
;;;;;19:43:56;;
;;;;;19:43:57;;
;;;;;19:43:58;;
;;;;;19:43:59;;
;;;;;19:44:00;;
;;;;;19:44:01;;
;;;;;19:44:02;;
;;;;;19:44:03;;
;;;;;19:44:04;;
;;;;;19:44:05;;
;;;;;19:44:06;;
;;;;;19:44:07;;
;;;;;19:44:08;;
;;;;;19:44:09;;
;;;;;19:44:10;;
;;;;;19:44:11;;
;;;;;19:44:12;;
;;;;;19:44:13;;
;;;;;19:44:14;;
;;;;;19:44:15;;
;;;;;19:44:16;;
;;;;;19:44:17;;
;;;;;19:44:18;;
;;;;;19:44:19;;
;;;;;19:44:20;;
;;;;;19:44:21;;
;;;;;19:44:22;;
;;;;;19:44:23;;
;;;;;19:44:24;;
;;;;;19:44:25;;
;;;;;19:44:26;;
;;;;;19:44:27;;
;;;;;19:44:28;;
;;;;;19:44:29;;
;;;;;19:44:30;;
;;;;;19:44:31;;
;;;;;19:44:32;;
;;;;;19:44:33;;
;;;;;19:44:34;;
;;;;;19:44:35;;
;;;;;19:44:36;;
;;;;;19:44:37;;
;;;;;19:44:38;;
;;;;;19:44:39;;
;;;;;19:44:40;;
;;;;;19:44:41;;
;;;;;19:44:42;;
;;;;;19:44:43;;
;;;;;19:44:44;;
;;;;;19:44:45;;
;;;;;19:44:46;;
;;;;;19:44:47;;
;;;;;19:44:48;;
;;;;;19:44:49;;
;;;;;19:44:50;;
;;;;;19:44:51;;
;;;;;19:44:52;;
;;;;;19:44:53;;
;;;;;19:44:54;;
;;;;;19:44:55;;
;;;;;19:44:56;;
;;;;;19:44:57;;
;;;;;19:44:58;;
;;;;;19:44:59;;
;;;;;19:45:00;;
;;;;;19:45:01;;
;;;;;19:45:02;;
;;;;;19:45:03;;
;;;;;19:45:04;;
;;;;;19:45:05;;
;;;;;19:45:06;;
;;;;;19:45:07;;
;;;;;19:45:08;;
;;;;;19:45:09;;
;;;;;19:45:10;;
;;;;;19:45:11;;
;;;;;19:45:12;;
;;;;;19:45:13;;
;;;;;19:45:14;;
;;;;;19:45:15;;
;;;;;19:45:16;;
;;;;;19:45:17;;
;;;;;19:45:18;;
;;;;;19:45:19;;
;;;;;19:45:20;;
;;;;;19:45:21;;
;;;;;19:45:22;;
;;;;;19:45:23;;
;;;;;19:45:24;;
;;;;;19:45:25;;
;;;;;19:45:26;;
;;;;;19:45:27;;
;;;;;19:45:28;;
;;;;;19:45:29;;
;;;;;19:45:30;;
;;;;;19:45:31;;
;;;;;19:45:32;;
;;;;;19:45:33;;
;;;;;19:45:34;;
;;;;;19:45:35;;
;;;;;19:45:36;;
;;;;;19:45:37;;
;;;;;19:45:38;;
;;;;;19:45:39;;
;;;;;19:45:40;;
;;;;;19:45:41;;
;;;;;19:45:42;;
;;;;;19:45:43;;
;;;;;19:45:44;;
;;;;;19:45:45;;
;;;;;19:45:46;;
;;;;;19:45:47;;
;;;;;19:45:48;;
;;;;;19:45:49;;
;;;;;19:45:50;;
;;;;;19:45:51;;
;;;;;19:45:52;;
;;;;;19:45:53;;
;;;;;19:45:54;;
;;;;;19:45:55;;
;;;;;19:45:56;;
;;;;;19:45:57;;
;;;;;19:45:58;;
;;;;;19:45:59;;
;;;;;19:46:00;;
;;;;;19:46:01;;
;;;;;19:46:02;;
;;;;;19:46:03;;
;;;;;19:46:04;;
;;;;;19:46:05;;
;;;;;19:46:06;;
;;;;;19:46:07;;
;;;;;19:46:08;;
;;;;;19:46:09;;
;;;;;19:46:10;;
;;;;;19:46:11;;
;;;;;19:46:12;;
;;;;;19:46:13;;
;;;;;19:46:14;;
;;;;;19:46:15;;
;;;;;19:46:16;;
;;;;;19:46:17;;
;;;;;19:46:18;;
;;;;;19:46:19;;
;;;;;19:46:20;;
;;;;;19:46:21;;
;;;;;19:46:22;;
;;;;;19:46:23;;
;;;;;19:46:24;;
;;;;;19:46:25;;
;;;;;19:46:26;;
;;;;;19:46:27;;
;;;;;19:46:28;;
;;;;;19:46:29;;
;;;;;19:46:30;;
;;;;;19:46:31;;
;;;;;19:46:32;;
;;;;;19:46:33;;
;;;;;19:46:34;;
;;;;;19:46:35;;
;;;;;19:46:36;;
;;;;;19:46:37;;
;;;;;19:46:38;;
;;;;;19:46:39;;
;;;;;19:46:40;;
;;;;;19:46:41;;
;;;;;19:46:42;;
;;;;;19:46:43;;
;;;;;19:46:44;;
;;;;;19:46:45;;
;;;;;19:46:46;;
;;;;;19:46:47;;
;;;;;19:46:48;;
;;;;;19:46:49;;
;;;;;19:46:50;;
;;;;;19:46:51;;
;;;;;19:46:52;;
;;;;;19:46:53;;
;;;;;19:46:54;;
;;;;;19:46:55;;
;;;;;19:46:56;;
;;;;;19:46:57;;
;;;;;19:46:58;;
;;;;;19:46:59;;
;;;;;19:47:00;;
;;;;;19:47:01;;
;;;;;19:47:02;;
;;;;;19:47:03;;
;;;;;19:47:04;;
;;;;;19:47:05;;
;;;;;19:47:06;;
;;;;;19:47:07;;
;;;;;19:47:08;;
;;;;;19:47:09;;
;;;;;19:47:10;;
;;;;;19:47:11;;
;;;;;19:47:12;;
;;;;;19:47:13;;
;;;;;19:47:14;;
;;;;;19:47:15;;
;;;;;19:47:16;;
;;;;;19:47:17;;
;;;;;19:47:18;;
;;;;;19:47:19;;
;;;;;19:47:20;;
;;;;;19:47:21;;
;;;;;19:47:22;;
;;;;;19:47:23;;
;;;;;19:47:24;;
;;;;;19:47:25;;
;;;;;19:47:26;;
;;;;;19:47:27;;
;;;;;19:47:28;;
;;;;;19:47:29;;
;;;;;19:47:30;;
;;;;;19:47:31;;
;;;;;19:47:32;;
;;;;;19:47:33;;
;;;;;19:47:34;;
;;;;;19:47:35;;
;;;;;19:47:36;;
;;;;;19:47:37;;
;;;;;19:47:38;;
;;;;;19:47:39;;
;;;;;19:47:40;;
;;;;;19:47:41;;
;;;;;19:47:42;;
;;;;;19:47:43;;
;;;;;19:47:44;;
;;;;;19:47:45;;
;;;;;19:47:46;;
;;;;;19:47:47;;
;;;;;19:47:48;;
;;;;;19:47:49;;
;;;;;19:47:50;;
;;;;;19:47:51;;
;;;;;19:47:52;;
;;;;;19:47:53;;
;;;;;19:47:54;;
;;;;;19:47:55;;
;;;;;19:47:56;;
;;;;;19:47:57;;
;;;;;19:47:58;;
;;;;;19:47:59;;
;;;;;19:48:00;;
;;;;;19:48:01;;
;;;;;19:48:02;;
;;;;;19:48:03;;
;;;;;19:48:04;;
;;;;;19:48:05;;
;;;;;19:48:06;;
;;;;;19:48:07;;
;;;;;19:48:08;;
;;;;;19:48:09;;
;;;;;19:48:10;;
;;;;;19:48:11;;
;;;;;19:48:12;;
;;;;;19:48:13;;
;;;;;19:48:14;;
;;;;;19:48:15;;
;;;;;19:48:16;;
;;;;;19:48:17;;
;;;;;19:48:18;;
;;;;;19:48:19;;
;;;;;19:48:20;;
;;;;;19:48:21;;
;;;;;19:48:22;;
;;;;;19:48:23;;
;;;;;19:48:24;;
;;;;;19:48:25;;
;;;;;19:48:26;;
;;;;;19:48:27;;
;;;;;19:48:28;;
;;;;;19:48:29;;
;;;;;19:48:30;;
;;;;;19:48:31;;
;;;;;19:48:32;;
;;;;;19:48:33;;
;;;;;19:48:34;;
;;;;;19:48:35;;
;;;;;19:48:36;;
;;;;;19:48:37;;
;;;;;19:48:38;;
;;;;;19:48:39;;
;;;;;19:48:40;;
;;;;;19:48:41;;
;;;;;19:48:42;;
;;;;;19:48:43;;
;;;;;19:48:44;;
;;;;;19:48:45;;
;;;;;19:48:46;;
;;;;;19:48:47;;
;;;;;19:48:48;;
;;;;;19:48:49;;
;;;;;19:48:50;;
;;;;;19:48:51;;
;;;;;19:48:52;;
;;;;;19:48:53;;
;;;;;19:48:54;;
;;;;;19:48:55;;
;;;;;19:48:56;;
;;;;;19:48:57;;
;;;;;19:48:58;;
;;;;;19:48:59;;
;;;;;19:49:00;;
;;;;;19:49:01;;
;;;;;19:49:02;;
;;;;;19:49:03;;
;;;;;19:49:04;;
;;;;;19:49:05;;
;;;;;19:49:06;;
;;;;;19:49:07;;
;;;;;19:49:08;;
;;;;;19:49:09;;
;;;;;19:49:10;;
;;;;;19:49:11;;
;;;;;19:49:12;;
;;;;;19:49:13;;
;;;;;19:49:14;;
;;;;;19:49:15;;
;;;;;19:49:16;;
;;;;;19:49:17;;
;;;;;19:49:18;;
;;;;;19:49:19;;
;;;;;19:49:20;;
;;;;;19:49:21;;
;;;;;19:49:22;;
;;;;;19:49:23;;
;;;;;19:49:24;;
;;;;;19:49:25;;
;;;;;19:49:26;;
;;;;;19:49:27;;
;;;;;19:49:28;;
;;;;;19:49:29;;
;;;;;19:49:30;;
;;;;;19:49:31;;
;;;;;19:49:32;;
;;;;;19:49:33;;
;;;;;19:49:34;;
;;;;;19:49:35;;
;;;;;19:49:36;;
;;;;;19:49:37;;
;;;;;19:49:38;;
;;;;;19:49:39;;
;;;;;19:49:40;;
;;;;;19:49:41;;
;;;;;19:49:42;;
;;;;;19:49:43;;
;;;;;19:49:44;;
;;;;;19:49:45;;
;;;;;19:49:46;;
;;;;;19:49:47;;
;;;;;19:49:48;;
;;;;;19:49:49;;
;;;;;19:49:50;;
;;;;;19:49:51;;
;;;;;19:49:52;;
;;;;;19:49:53;;
;;;;;19:49:54;;
;;;;;19:49:55;;
;;;;;19:49:56;;
;;;;;19:49:57;;
;;;;;19:49:58;;
;;;;;19:49:59;;
;;;;;19:50:00;;
;;;;;19:50:01;;
;;;;;19:50:02;;
;;;;;19:50:03;;
;;;;;19:50:04;;
;;;;;19:50:05;;
;;;;;19:50:06;;
;;;;;19:50:07;;
;;;;;19:50:08;;
;;;;;19:50:09;;
;;;;;19:50:10;;
;;;;;19:50:11;;
;;;;;19:50:12;;
;;;;;19:50:13;;
;;;;;19:50:14;;
;;;;;19:50:15;;
;;;;;19:50:16;;
;;;;;19:50:17;;
;;;;;19:50:18;;
;;;;;19:50:19;;
;;;;;19:50:20;;
;;;;;19:50:21;;
;;;;;19:50:22;;
;;;;;19:50:23;;
;;;;;19:50:24;;
;;;;;19:50:25;;
;;;;;19:50:26;;
;;;;;19:50:27;;
;;;;;19:50:28;;
;;;;;19:50:29;;
;;;;;19:50:30;;
;;;;;19:50:31;;
;;;;;19:50:32;;
;;;;;19:50:33;;
;;;;;19:50:34;;
;;;;;19:50:35;;
;;;;;19:50:36;;
;;;;;19:50:37;;
;;;;;19:50:38;;
;;;;;19:50:39;;
;;;;;19:50:40;;
;;;;;19:50:41;;
;;;;;19:50:42;;
;;;;;19:50:43;;
;;;;;19:50:44;;
;;;;;19:50:45;;
;;;;;19:50:46;;
;;;;;19:50:47;;
;;;;;19:50:48;;
;;;;;19:50:49;;
;;;;;19:50:50;;
;;;;;19:50:51;;
;;;;;19:50:52;;
;;;;;19:50:53;;
;;;;;19:50:54;;
;;;;;19:50:55;;
;;;;;19:50:56;;
;;;;;19:50:57;;
;;;;;19:50:58;;
;;;;;19:50:59;;
;;;;;19:51:00;;
;;;;;19:51:01;;
;;;;;19:51:02;;
;;;;;19:51:03;;
;;;;;19:51:04;;
;;;;;19:51:05;;
;;;;;19:51:06;;
;;;;;19:51:07;;
;;;;;19:51:08;;
;;;;;19:51:09;;
;;;;;19:51:10;;
;;;;;19:51:11;;
;;;;;19:51:12;;
;;;;;19:51:13;;
;;;;;19:51:14;;
;;;;;19:51:15;;
;;;;;19:51:16;;
;;;;;19:51:17;;
;;;;;19:51:18;;
;;;;;19:51:19;;
;;;;;19:51:20;;
;;;;;19:51:21;;
;;;;;19:51:22;;
;;;;;19:51:23;;
;;;;;19:51:24;;
;;;;;19:51:25;;
;;;;;19:51:26;;
;;;;;19:51:27;;
;;;;;19:51:28;;
;;;;;19:51:29;;
;;;;;19:51:30;;
;;;;;19:51:31;;
;;;;;19:51:32;;
;;;;;19:51:33;;
;;;;;19:51:34;;
;;;;;19:51:35;;
;;;;;19:51:36;;
;;;;;19:51:37;;
;;;;;19:51:38;;
;;;;;19:51:39;;
;;;;;19:51:40;;
;;;;;19:51:41;;
;;;;;19:51:42;;
;;;;;19:51:43;;
;;;;;19:51:44;;
;;;;;19:51:45;;
;;;;;19:51:46;;
;;;;;19:51:47;;
;;;;;19:51:48;;
;;;;;19:51:49;;
;;;;;19:51:50;;
;;;;;19:51:51;;
;;;;;19:51:52;;
;;;;;19:51:53;;
;;;;;19:51:54;;
;;;;;19:51:55;;
;;;;;19:51:56;;
;;;;;19:51:57;;
;;;;;19:51:58;;
;;;;;19:51:59;;
;;;;;19:52:00;;
;;;;;19:52:01;;
;;;;;19:52:02;;
;;;;;19:52:03;;
;;;;;19:52:04;;
;;;;;19:52:05;;
;;;;;19:52:06;;
;;;;;19:52:07;;
;;;;;19:52:08;;
;;;;;19:52:09;;
;;;;;19:52:10;;
;;;;;19:52:11;;
;;;;;19:52:12;;
;;;;;19:52:13;;
;;;;;19:52:14;;
;;;;;19:52:15;;
;;;;;19:52:16;;
;;;;;19:52:17;;
;;;;;19:52:18;;
;;;;;19:52:19;;
;;;;;19:52:20;;
;;;;;19:52:21;;
;;;;;19:52:22;;
;;;;;19:52:23;;
;;;;;19:52:24;;
;;;;;19:52:25;;
;;;;;19:52:26;;
;;;;;19:52:27;;
;;;;;19:52:28;;
;;;;;19:52:29;;
;;;;;19:52:30;;
;;;;;19:52:31;;
;;;;;19:52:32;;
;;;;;19:52:33;;
;;;;;19:52:34;;
;;;;;19:52:35;;
;;;;;19:52:36;;
;;;;;19:52:37;;
;;;;;19:52:38;;
;;;;;19:52:39;;
;;;;;19:52:40;;
;;;;;19:52:41;;
;;;;;19:52:42;;
;;;;;19:52:43;;
;;;;;19:52:44;;
;;;;;19:52:45;;
;;;;;19:52:46;;
;;;;;19:52:47;;
;;;;;19:52:48;;
;;;;;19:52:49;;
;;;;;19:52:50;;
;;;;;19:52:51;;
;;;;;19:52:52;;
;;;;;19:52:53;;
;;;;;19:52:54;;
;;;;;19:52:55;;
;;;;;19:52:56;;
;;;;;19:52:57;;
;;;;;19:52:58;;
;;;;;19:52:59;;
;;;;;19:53:00;;
;;;;;19:53:01;;
;;;;;19:53:02;;
;;;;;19:53:03;;
;;;;;19:53:04;;
;;;;;19:53:05;;
;;;;;19:53:06;;
;;;;;19:53:07;;
;;;;;19:53:08;;
;;;;;19:53:09;;
;;;;;19:53:10;;
;;;;;19:53:11;;
;;;;;19:53:12;;
;;;;;19:53:13;;
;;;;;19:53:14;;
;;;;;19:53:15;;
;;;;;19:53:16;;
;;;;;19:53:17;;
;;;;;19:53:18;;
;;;;;19:53:19;;
;;;;;19:53:20;;
;;;;;19:53:21;;
;;;;;19:53:22;;
;;;;;19:53:23;;
;;;;;19:53:24;;
;;;;;19:53:25;;
;;;;;19:53:26;;
;;;;;19:53:27;;
;;;;;19:53:28;;
;;;;;19:53:29;;
;;;;;19:53:30;;
;;;;;19:53:31;;
;;;;;19:53:32;;
;;;;;19:53:33;;
;;;;;19:53:34;;
;;;;;19:53:35;;
;;;;;19:53:36;;
;;;;;19:53:37;;
;;;;;19:53:38;;
;;;;;19:53:39;;
;;;;;19:53:40;;
;;;;;19:53:41;;
;;;;;19:53:42;;
;;;;;19:53:43;;
;;;;;19:53:44;;
;;;;;19:53:45;;
;;;;;19:53:46;;
;;;;;19:53:47;;
;;;;;19:53:48;;
;;;;;19:53:49;;
;;;;;19:53:50;;
;;;;;19:53:51;;
;;;;;19:53:52;;
;;;;;19:53:53;;
;;;;;19:53:54;;
;;;;;19:53:55;;
;;;;;19:53:56;;
;;;;;19:53:57;;
;;;;;19:53:58;;
;;;;;19:53:59;;
;;;;;19:54:00;;
;;;;;19:54:01;;
;;;;;19:54:02;;
;;;;;19:54:03;;
;;;;;19:54:04;;
;;;;;19:54:05;;
;;;;;19:54:06;;
;;;;;19:54:07;;
;;;;;19:54:08;;
;;;;;19:54:09;;
;;;;;19:54:10;;
;;;;;19:54:11;;
;;;;;19:54:12;;
;;;;;19:54:13;;
;;;;;19:54:14;;
;;;;;19:54:15;;
;;;;;19:54:16;;
;;;;;19:54:17;;
;;;;;19:54:18;;
;;;;;19:54:19;;
;;;;;19:54:20;;
;;;;;19:54:21;;
;;;;;19:54:22;;
;;;;;19:54:23;;
;;;;;19:54:24;;
;;;;;19:54:25;;
;;;;;19:54:26;;
;;;;;19:54:27;;
;;;;;19:54:28;;
;;;;;19:54:29;;
;;;;;19:54:30;;
;;;;;19:54:31;;
;;;;;19:54:32;;
;;;;;19:54:33;;
;;;;;19:54:34;;
;;;;;19:54:35;;
;;;;;19:54:36;;
;;;;;19:54:37;;
;;;;;19:54:38;;
;;;;;19:54:39;;
;;;;;19:54:40;;
;;;;;19:54:41;;
;;;;;19:54:42;;
;;;;;19:54:43;;
;;;;;19:54:44;;
;;;;;19:54:45;;
;;;;;19:54:46;;
;;;;;19:54:47;;
;;;;;19:54:48;;
;;;;;19:54:49;;
;;;;;19:54:50;;
;;;;;19:54:51;;
;;;;;19:54:52;;
;;;;;19:54:53;;
;;;;;19:54:54;;
;;;;;19:54:55;;
;;;;;19:54:56;;
;;;;;19:54:57;;
;;;;;19:54:58;;
;;;;;19:54:59;;
;;;;;19:55:00;;
;;;;;19:55:01;;
;;;;;19:55:02;;
;;;;;19:55:03;;
;;;;;19:55:04;;
;;;;;19:55:05;;
;;;;;19:55:06;;
;;;;;19:55:07;;
;;;;;19:55:08;;
;;;;;19:55:09;;
;;;;;19:55:10;;
;;;;;19:55:11;;
;;;;;19:55:12;;
;;;;;19:55:13;;
;;;;;19:55:14;;
;;;;;19:55:15;;
;;;;;19:55:16;;
;;;;;19:55:17;;
;;;;;19:55:18;;
;;;;;19:55:19;;
;;;;;19:55:20;;
;;;;;19:55:21;;
;;;;;19:55:22;;
;;;;;19:55:23;;
;;;;;19:55:24;;
;;;;;19:55:25;;
;;;;;19:55:26;;
;;;;;19:55:27;;
;;;;;19:55:28;;
;;;;;19:55:29;;
;;;;;19:55:30;;
;;;;;19:55:31;;
;;;;;19:55:32;;
;;;;;19:55:33;;
;;;;;19:55:34;;
;;;;;19:55:35;;
;;;;;19:55:36;;
;;;;;19:55:37;;
;;;;;19:55:38;;
;;;;;19:55:39;;
;;;;;19:55:40;;
;;;;;19:55:41;;
;;;;;19:55:42;;
;;;;;19:55:43;;
;;;;;19:55:44;;
;;;;;19:55:45;;
;;;;;19:55:46;;
;;;;;19:55:47;;
;;;;;19:55:48;;
;;;;;19:55:49;;
;;;;;19:55:50;;
;;;;;19:55:51;;
;;;;;19:55:52;;
;;;;;19:55:53;;
;;;;;19:55:54;;
;;;;;19:55:55;;
;;;;;19:55:56;;
;;;;;19:55:57;;
;;;;;19:55:58;;
;;;;;19:55:59;;
;;;;;19:56:00;;
;;;;;19:56:01;;
;;;;;19:56:02;;
;;;;;19:56:03;;
;;;;;19:56:04;;
;;;;;19:56:05;;
;;;;;19:56:06;;
;;;;;19:56:07;;
;;;;;19:56:08;;
;;;;;19:56:09;;
;;;;;19:56:10;;
;;;;;19:56:11;;
;;;;;19:56:12;;
;;;;;19:56:13;;
;;;;;19:56:14;;
;;;;;19:56:15;;
;;;;;19:56:16;;
;;;;;19:56:17;;
;;;;;19:56:18;;
;;;;;19:56:19;;
;;;;;19:56:20;;
;;;;;19:56:21;;
;;;;;19:56:22;;
;;;;;19:56:23;;
;;;;;19:56:24;;
;;;;;19:56:25;;
;;;;;19:56:26;;
;;;;;19:56:27;;
;;;;;19:56:28;;
;;;;;19:56:29;;
;;;;;19:56:30;;
;;;;;19:56:31;;
;;;;;19:56:32;;
;;;;;19:56:33;;
;;;;;19:56:34;;
;;;;;19:56:35;;
;;;;;19:56:36;;
;;;;;19:56:37;;
;;;;;19:56:38;;
;;;;;19:56:39;;
;;;;;19:56:40;;
;;;;;19:56:41;;
;;;;;19:56:42;;
;;;;;19:56:43;;
;;;;;19:56:44;;
;;;;;19:56:45;;
;;;;;19:56:46;;
;;;;;19:56:47;;
;;;;;19:56:48;;
;;;;;19:56:49;;
;;;;;19:56:50;;
;;;;;19:56:51;;
;;;;;19:56:52;;
;;;;;19:56:53;;
;;;;;19:56:54;;
;;;;;19:56:55;;
;;;;;19:56:56;;
;;;;;19:56:57;;
;;;;;19:56:58;;
;;;;;19:56:59;;
;;;;;19:57:00;;
;;;;;19:57:01;;
;;;;;19:57:02;;
;;;;;19:57:03;;
;;;;;19:57:04;;
;;;;;19:57:05;;
;;;;;19:57:06;;
;;;;;19:57:07;;
;;;;;19:57:08;;
;;;;;19:57:09;;
;;;;;19:57:10;;
;;;;;19:57:11;;
;;;;;19:57:12;;
;;;;;19:57:13;;
;;;;;19:57:14;;
;;;;;19:57:15;;
;;;;;19:57:16;;
;;;;;19:57:17;;
;;;;;19:57:18;;
;;;;;19:57:19;;
;;;;;19:57:20;;
;;;;;19:57:21;;
;;;;;19:57:22;;
;;;;;19:57:23;;
;;;;;19:57:24;;
;;;;;19:57:25;;
;;;;;19:57:26;;
;;;;;19:57:27;;
;;;;;19:57:28;;
;;;;;19:57:29;;
;;;;;19:57:30;;
;;;;;19:57:31;;
;;;;;19:57:32;;
;;;;;19:57:33;;
;;;;;19:57:34;;
;;;;;19:57:35;;
;;;;;19:57:36;;
;;;;;19:57:37;;
;;;;;19:57:38;;
;;;;;19:57:39;;
;;;;;19:57:40;;
;;;;;19:57:41;;
;;;;;19:57:42;;
;;;;;19:57:43;;
;;;;;19:57:44;;
;;;;;19:57:45;;
;;;;;19:57:46;;
;;;;;19:57:47;;
;;;;;19:57:48;;
;;;;;19:57:49;;
;;;;;19:57:50;;
;;;;;19:57:51;;
;;;;;19:57:52;;
;;;;;19:57:53;;
;;;;;19:57:54;;
;;;;;19:57:55;;
;;;;;19:57:56;;
;;;;;19:57:57;;
;;;;;19:57:58;;
;;;;;19:57:59;;
;;;;;19:58:00;;
;;;;;19:58:01;;
;;;;;19:58:02;;
;;;;;19:58:03;;
;;;;;19:58:04;;
;;;;;19:58:05;;
;;;;;19:58:06;;
;;;;;19:58:07;;
;;;;;19:58:08;;
;;;;;19:58:09;;
;;;;;19:58:10;;
;;;;;19:58:11;;
;;;;;19:58:12;;
;;;;;19:58:13;;
;;;;;19:58:14;;
;;;;;19:58:15;;
;;;;;19:58:16;;
;;;;;19:58:17;;
;;;;;19:58:18;;
;;;;;19:58:19;;
;;;;;19:58:20;;
;;;;;19:58:21;;
;;;;;19:58:22;;
;;;;;19:58:23;;
;;;;;19:58:24;;
;;;;;19:58:25;;
;;;;;19:58:26;;
;;;;;19:58:27;;
;;;;;19:58:28;;
;;;;;19:58:29;;
;;;;;19:58:30;;
;;;;;19:58:31;;
;;;;;19:58:32;;
;;;;;19:58:33;;
;;;;;19:58:34;;
;;;;;19:58:35;;
;;;;;19:58:36;;
;;;;;19:58:37;;
;;;;;19:58:38;;
;;;;;19:58:39;;
;;;;;19:58:40;;
;;;;;19:58:41;;
;;;;;19:58:42;;
;;;;;19:58:43;;
;;;;;19:58:44;;
;;;;;19:58:45;;
;;;;;19:58:46;;
;;;;;19:58:47;;
;;;;;19:58:48;;
;;;;;19:58:49;;
;;;;;19:58:50;;
;;;;;19:58:51;;
;;;;;19:58:52;;
;;;;;19:58:53;;
;;;;;19:58:54;;
;;;;;19:58:55;;
;;;;;19:58:56;;
;;;;;19:58:57;;
;;;;;19:58:58;;
;;;;;19:58:59;;
;;;;;19:59:00;;
;;;;;19:59:01;;
;;;;;19:59:02;;
;;;;;19:59:03;;
;;;;;19:59:04;;
;;;;;19:59:05;;
;;;;;19:59:06;;
;;;;;19:59:07;;
;;;;;19:59:08;;
;;;;;19:59:09;;
;;;;;19:59:10;;
;;;;;19:59:11;;
;;;;;19:59:12;;
;;;;;19:59:13;;
;;;;;19:59:14;;
;;;;;19:59:15;;
;;;;;19:59:16;;
;;;;;19:59:17;;
;;;;;19:59:18;;
;;;;;19:59:19;;
;;;;;19:59:20;;
;;;;;19:59:21;;
;;;;;19:59:22;;
;;;;;19:59:23;;
;;;;;19:59:24;;
;;;;;19:59:25;;
;;;;;19:59:26;;
;;;;;19:59:27;;
;;;;;19:59:28;;
;;;;;19:59:29;;
;;;;;19:59:30;;
;;;;;19:59:31;;
;;;;;19:59:32;;
;;;;;19:59:33;;
;;;;;19:59:34;;
;;;;;19:59:35;;
;;;;;19:59:36;;
;;;;;19:59:37;;
;;;;;19:59:38;;
;;;;;19:59:39;;
;;;;;19:59:40;;
;;;;;19:59:41;;
;;;;;19:59:42;;
;;;;;19:59:43;;
;;;;;19:59:44;;
;;;;;19:59:45;;
;;;;;19:59:46;;
;;;;;19:59:47;;
;;;;;19:59:48;;
;;;;;19:59:49;;
;;;;;19:59:50;;
;;;;;19:59:51;;
;;;;;19:59:52;;
;;;;;19:59:53;;
;;;;;19:59:54;;
;;;;;19:59:55;;
;;;;;19:59:56;;
;;;;;19:59:57;;
;;;;;19:59:58;;
;;;;;19:59:59;;
;;;;;20:00:00;;
;;;;;20:00:01;;
;;;;;20:00:02;;
;;;;;20:00:03;;
;;;;;20:00:04;;
;;;;;20:00:05;;
;;;;;20:00:06;;
;;;;;20:00:07;;
;;;;;20:00:08;;
;;;;;20:00:09;;
;;;;;20:00:10;;
;;;;;20:00:11;;
;;;;;20:00:12;;
;;;;;20:00:13;;
;;;;;20:00:14;;
;;;;;20:00:15;;
;;;;;20:00:16;;
;;;;;20:00:17;;
;;;;;20:00:18;;
;;;;;20:00:19;;
;;;;;20:00:20;;
;;;;;20:00:21;;
;;;;;20:00:22;;
;;;;;20:00:23;;
;;;;;20:00:24;;
;;;;;20:00:25;;
;;;;;20:00:26;;
;;;;;20:00:27;;
;;;;;20:00:28;;
;;;;;20:00:29;;
;;;;;20:00:30;;
;;;;;20:00:31;;
;;;;;20:00:32;;
;;;;;20:00:33;;
;;;;;20:00:34;;
;;;;;20:00:35;;
;;;;;20:00:36;;
;;;;;20:00:37;;
;;;;;20:00:38;;
;;;;;20:00:39;;
;;;;;20:00:40;;
;;;;;20:00:41;;
;;;;;20:00:42;;
;;;;;20:00:43;;
;;;;;20:00:44;;
;;;;;20:00:45;;
;;;;;20:00:46;;
;;;;;20:00:47;;
;;;;;20:00:48;;
;;;;;20:00:49;;
;;;;;20:00:50;;
;;;;;20:00:51;;
;;;;;20:00:52;;
;;;;;20:00:53;;
;;;;;20:00:54;;
;;;;;20:00:55;;
;;;;;20:00:56;;
;;;;;20:00:57;;
;;;;;20:00:58;;
;;;;;20:00:59;;
;;;;;20:01:00;;
;;;;;20:01:01;;
;;;;;20:01:02;;
;;;;;20:01:03;;
;;;;;20:01:04;;
;;;;;20:01:05;;
;;;;;20:01:06;;
;;;;;20:01:07;;
;;;;;20:01:08;;
;;;;;20:01:09;;
;;;;;20:01:10;;
;;;;;20:01:11;;
;;;;;20:01:12;;
;;;;;20:01:13;;
;;;;;20:01:14;;
;;;;;20:01:15;;
;;;;;20:01:16;;
;;;;;20:01:17;;
;;;;;20:01:18;;
;;;;;20:01:19;;
;;;;;20:01:20;;
;;;;;20:01:21;;
;;;;;20:01:22;;
;;;;;20:01:23;;
;;;;;20:01:24;;
;;;;;20:01:25;;
;;;;;20:01:26;;
;;;;;20:01:27;;
;;;;;20:01:28;;
;;;;;20:01:29;;
;;;;;20:01:30;;
;;;;;20:01:31;;
;;;;;20:01:32;;
;;;;;20:01:33;;
;;;;;20:01:34;;
;;;;;20:01:35;;
;;;;;20:01:36;;
;;;;;20:01:37;;
;;;;;20:01:38;;
;;;;;20:01:39;;
;;;;;20:01:40;;
;;;;;20:01:41;;
;;;;;20:01:42;;
;;;;;20:01:43;;
;;;;;20:01:44;;
;;;;;20:01:45;;
;;;;;20:01:46;;
;;;;;20:01:47;;
;;;;;20:01:48;;
;;;;;20:01:49;;
;;;;;20:01:50;;
;;;;;20:01:51;;
;;;;;20:01:52;;
;;;;;20:01:53;;
;;;;;20:01:54;;
;;;;;20:01:55;;
;;;;;20:01:56;;
;;;;;20:01:57;;
;;;;;20:01:58;;
;;;;;20:01:59;;
;;;;;20:02:00;;
;;;;;20:02:01;;
;;;;;20:02:02;;
;;;;;20:02:03;;
;;;;;20:02:04;;
;;;;;20:02:05;;
;;;;;20:02:06;;
;;;;;20:02:07;;
;;;;;20:02:08;;
;;;;;20:02:09;;
;;;;;20:02:10;;
;;;;;20:02:11;;
;;;;;20:02:12;;
;;;;;20:02:13;;
;;;;;20:02:14;;
;;;;;20:02:15;;
;;;;;20:02:16;;
;;;;;20:02:17;;
;;;;;20:02:18;;
;;;;;20:02:19;;
;;;;;20:02:20;;
;;;;;20:02:21;;
;;;;;20:02:22;;
;;;;;20:02:23;;
;;;;;20:02:24;;
;;;;;20:02:25;;
;;;;;20:02:26;;
;;;;;20:02:27;;
;;;;;20:02:28;;
;;;;;20:02:29;;
;;;;;20:02:30;;
;;;;;20:02:31;;
;;;;;20:02:32;;
;;;;;20:02:33;;
;;;;;20:02:34;;
;;;;;20:02:35;;
;;;;;20:02:36;;
;;;;;20:02:37;;
;;;;;20:02:38;;
;;;;;20:02:39;;
;;;;;20:02:40;;
;;;;;20:02:41;;
;;;;;20:02:42;;
;;;;;20:02:43;;
;;;;;20:02:44;;
;;;;;20:02:45;;
;;;;;20:02:46;;
;;;;;20:02:47;;
;;;;;20:02:48;;
;;;;;20:02:49;;
;;;;;20:02:50;;
;;;;;20:02:51;;
;;;;;20:02:52;;
;;;;;20:02:53;;
;;;;;20:02:54;;
;;;;;20:02:55;;
;;;;;20:02:56;;
;;;;;20:02:57;;
;;;;;20:02:58;;
;;;;;20:02:59;;
;;;;;20:03:00;;
;;;;;20:03:01;;
;;;;;20:03:02;;
;;;;;20:03:03;;
;;;;;20:03:04;;
;;;;;20:03:05;;
;;;;;20:03:06;;
;;;;;20:03:07;;
;;;;;20:03:08;;
;;;;;20:03:09;;
;;;;;20:03:10;;
;;;;;20:03:11;;
;;;;;20:03:12;;
;;;;;20:03:13;;
;;;;;20:03:14;;
;;;;;20:03:15;;
;;;;;20:03:16;;
;;;;;20:03:17;;
;;;;;20:03:18;;
;;;;;20:03:19;;
;;;;;20:03:20;;
;;;;;20:03:21;;
;;;;;20:03:22;;
;;;;;20:03:23;;
;;;;;20:03:24;;
;;;;;20:03:25;;
;;;;;20:03:26;;
;;;;;20:03:27;;
;;;;;20:03:28;;
;;;;;20:03:29;;
;;;;;20:03:30;;
;;;;;20:03:31;;
;;;;;20:03:32;;
;;;;;20:03:33;;
;;;;;20:03:34;;
;;;;;20:03:35;;
;;;;;20:03:36;;
;;;;;20:03:37;;
;;;;;20:03:38;;
;;;;;20:03:39;;
;;;;;20:03:40;;
;;;;;20:03:41;;
;;;;;20:03:42;;
;;;;;20:03:43;;
;;;;;20:03:44;;
;;;;;20:03:45;;
;;;;;20:03:46;;
;;;;;20:03:47;;
;;;;;20:03:48;;
;;;;;20:03:49;;
;;;;;20:03:50;;
;;;;;20:03:51;;
;;;;;20:03:52;;
;;;;;20:03:53;;
;;;;;20:03:54;;
;;;;;20:03:55;;
;;;;;20:03:56;;
;;;;;20:03:57;;
;;;;;20:03:58;;
;;;;;20:03:59;;
;;;;;20:04:00;;
;;;;;20:04:01;;
;;;;;20:04:02;;
;;;;;20:04:03;;
;;;;;20:04:04;;
;;;;;20:04:05;;
;;;;;20:04:06;;
;;;;;20:04:07;;
;;;;;20:04:08;;
;;;;;20:04:09;;
;;;;;20:04:10;;
;;;;;20:04:11;;
;;;;;20:04:12;;
;;;;;20:04:13;;
;;;;;20:04:14;;
;;;;;20:04:15;;
;;;;;20:04:16;;
;;;;;20:04:17;;
;;;;;20:04:18;;
;;;;;20:04:19;;
;;;;;20:04:20;;
;;;;;20:04:21;;
;;;;;20:04:22;;
;;;;;20:04:23;;
;;;;;20:04:24;;
;;;;;20:04:25;;
;;;;;20:04:26;;
;;;;;20:04:27;;
;;;;;20:04:28;;
;;;;;20:04:29;;
;;;;;20:04:30;;
;;;;;20:04:31;;
;;;;;20:04:32;;
;;;;;20:04:33;;
;;;;;20:04:34;;
;;;;;20:04:35;;
;;;;;20:04:36;;
;;;;;20:04:37;;
;;;;;20:04:38;;
;;;;;20:04:39;;
;;;;;20:04:40;;
;;;;;20:04:41;;
;;;;;20:04:42;;
;;;;;20:04:43;;
;;;;;20:04:44;;
;;;;;20:04:45;;
;;;;;20:04:46;;
;;;;;20:04:47;;
;;;;;20:04:48;;
;;;;;20:04:49;;
;;;;;20:04:50;;
;;;;;20:04:51;;
;;;;;20:04:52;;
;;;;;20:04:53;;
;;;;;20:04:54;;
;;;;;20:04:55;;
;;;;;20:04:56;;
;;;;;20:04:57;;
;;;;;20:04:58;;
;;;;;20:04:59;;
;;;;;20:05:00;;
;;;;;20:05:01;;
;;;;;20:05:02;;
;;;;;20:05:03;;
;;;;;20:05:04;;
;;;;;20:05:05;;
;;;;;20:05:06;;
;;;;;20:05:07;;
;;;;;20:05:08;;
;;;;;20:05:09;;
;;;;;20:05:10;;
;;;;;20:05:11;;
;;;;;20:05:12;;
;;;;;20:05:13;;
;;;;;20:05:14;;
;;;;;20:05:15;;
;;;;;20:05:16;;
;;;;;20:05:17;;
;;;;;20:05:18;;
;;;;;20:05:19;;
;;;;;20:05:20;;
;;;;;20:05:21;;
;;;;;20:05:22;;
;;;;;20:05:23;;
;;;;;20:05:24;;
;;;;;20:05:25;;
;;;;;20:05:26;;
;;;;;20:05:27;;
;;;;;20:05:28;;
;;;;;20:05:29;;
;;;;;20:05:30;;
;;;;;20:05:31;;
;;;;;20:05:32;;
;;;;;20:05:33;;
;;;;;20:05:34;;
;;;;;20:05:35;;
;;;;;20:05:36;;
;;;;;20:05:37;;
;;;;;20:05:38;;
;;;;;20:05:39;;
;;;;;20:05:40;;
;;;;;20:05:41;;
;;;;;20:05:42;;
;;;;;20:05:43;;
;;;;;20:05:44;;
;;;;;20:05:45;;
;;;;;20:05:46;;
;;;;;20:05:47;;
;;;;;20:05:48;;
;;;;;20:05:49;;
;;;;;20:05:50;;
;;;;;20:05:51;;
;;;;;20:05:52;;
;;;;;20:05:53;;
;;;;;20:05:54;;
;;;;;20:05:55;;
;;;;;20:05:56;;
;;;;;20:05:57;;
;;;;;20:05:58;;
;;;;;20:05:59;;
;;;;;20:06:00;;
;;;;;20:06:01;;
;;;;;20:06:02;;
;;;;;20:06:03;;
;;;;;20:06:04;;
;;;;;20:06:05;;
;;;;;20:06:06;;
;;;;;20:06:07;;
;;;;;20:06:08;;
;;;;;20:06:09;;
;;;;;20:06:10;;
;;;;;20:06:11;;
;;;;;20:06:12;;
;;;;;20:06:13;;
;;;;;20:06:14;;
;;;;;20:06:15;;
;;;;;20:06:16;;
;;;;;20:06:17;;
;;;;;20:06:18;;
;;;;;20:06:19;;
;;;;;20:06:20;;
;;;;;20:06:21;;
;;;;;20:06:22;;
;;;;;20:06:23;;
;;;;;20:06:24;;
;;;;;20:06:25;;
;;;;;20:06:26;;
;;;;;20:06:27;;
;;;;;20:06:28;;
;;;;;20:06:29;;
;;;;;20:06:30;;
;;;;;20:06:31;;
;;;;;20:06:32;;
;;;;;20:06:33;;
;;;;;20:06:34;;
;;;;;20:06:35;;
;;;;;20:06:36;;
;;;;;20:06:37;;
;;;;;20:06:38;;
;;;;;20:06:39;;
;;;;;20:06:40;;
;;;;;20:06:41;;
;;;;;20:06:42;;
;;;;;20:06:43;;
;;;;;20:06:44;;
;;;;;20:06:45;;
;;;;;20:06:46;;
;;;;;20:06:47;;
;;;;;20:06:48;;
;;;;;20:06:49;;
;;;;;20:06:50;;
;;;;;20:06:51;;
;;;;;20:06:52;;
;;;;;20:06:53;;
;;;;;20:06:54;;
;;;;;20:06:55;;
;;;;;20:06:56;;
;;;;;20:06:57;;
;;;;;20:06:58;;
;;;;;20:06:59;;
;;;;;20:07:00;;
;;;;;20:07:01;;
;;;;;20:07:02;;
;;;;;20:07:03;;
;;;;;20:07:04;;
;;;;;20:07:05;;
;;;;;20:07:06;;
;;;;;20:07:07;;
;;;;;20:07:08;;
;;;;;20:07:09;;
;;;;;20:07:10;;
;;;;;20:07:11;;
;;;;;20:07:12;;
;;;;;20:07:13;;
;;;;;20:07:14;;
;;;;;20:07:15;;
;;;;;20:07:16;;
;;;;;20:07:17;;
;;;;;20:07:18;;
;;;;;20:07:19;;
;;;;;20:07:20;;
;;;;;20:07:21;;
;;;;;20:07:22;;
;;;;;20:07:23;;
;;;;;20:07:24;;
;;;;;20:07:25;;
;;;;;20:07:26;;
;;;;;20:07:27;;
;;;;;20:07:28;;
;;;;;20:07:29;;
;;;;;20:07:30;;
;;;;;20:07:31;;
;;;;;20:07:32;;
;;;;;20:07:33;;
;;;;;20:07:34;;
;;;;;20:07:35;;
;;;;;20:07:36;;
;;;;;20:07:37;;
;;;;;20:07:38;;
;;;;;20:07:39;;
;;;;;20:07:40;;
;;;;;20:07:41;;
;;;;;20:07:42;;
;;;;;20:07:43;;
;;;;;20:07:44;;
;;;;;20:07:45;;
;;;;;20:07:46;;
;;;;;20:07:47;;
;;;;;20:07:48;;
;;;;;20:07:49;;
;;;;;20:07:50;;
;;;;;20:07:51;;
;;;;;20:07:52;;
;;;;;20:07:53;;
;;;;;20:07:54;;
;;;;;20:07:55;;
;;;;;20:07:56;;
;;;;;20:07:57;;
;;;;;20:07:58;;
;;;;;20:07:59;;
;;;;;20:08:00;;
;;;;;20:08:01;;
;;;;;20:08:02;;
;;;;;20:08:03;;
;;;;;20:08:04;;
;;;;;20:08:05;;
;;;;;20:08:06;;
;;;;;20:08:07;;
;;;;;20:08:08;;
;;;;;20:08:09;;
;;;;;20:08:10;;
;;;;;20:08:11;;
;;;;;20:08:12;;
;;;;;20:08:13;;
;;;;;20:08:14;;
;;;;;20:08:15;;
;;;;;20:08:16;;
;;;;;20:08:17;;
;;;;;20:08:18;;
;;;;;20:08:19;;
;;;;;20:08:20;;
;;;;;20:08:21;;
;;;;;20:08:22;;
;;;;;20:08:23;;
;;;;;20:08:24;;
;;;;;20:08:25;;
;;;;;20:08:26;;
;;;;;20:08:27;;
;;;;;20:08:28;;
;;;;;20:08:29;;
;;;;;20:08:30;;
;;;;;20:08:31;;
;;;;;20:08:32;;
;;;;;20:08:33;;
;;;;;20:08:34;;
;;;;;20:08:35;;
;;;;;20:08:36;;
;;;;;20:08:37;;
;;;;;20:08:38;;
;;;;;20:08:39;;
;;;;;20:08:40;;
;;;;;20:08:41;;
;;;;;20:08:42;;
;;;;;20:08:43;;
;;;;;20:08:44;;
;;;;;20:08:45;;
;;;;;20:08:46;;
;;;;;20:08:47;;
;;;;;20:08:48;;
;;;;;20:08:49;;
;;;;;20:08:50;;
;;;;;20:08:51;;
;;;;;20:08:52;;
;;;;;20:08:53;;
;;;;;20:08:54;;
;;;;;20:08:55;;
;;;;;20:08:56;;
;;;;;20:08:57;;
;;;;;20:08:58;;
;;;;;20:08:59;;
;;;;;20:09:00;;
;;;;;20:09:01;;
;;;;;20:09:02;;
;;;;;20:09:03;;
;;;;;20:09:04;;
;;;;;20:09:05;;
;;;;;20:09:06;;
;;;;;20:09:07;;
;;;;;20:09:08;;
;;;;;20:09:09;;
;;;;;20:09:10;;
;;;;;20:09:11;;
;;;;;20:09:12;;
;;;;;20:09:13;;
;;;;;20:09:14;;
;;;;;20:09:15;;
;;;;;20:09:16;;
;;;;;20:09:17;;
;;;;;20:09:18;;
;;;;;20:09:19;;
;;;;;20:09:20;;
;;;;;20:09:21;;
;;;;;20:09:22;;
;;;;;20:09:23;;
;;;;;20:09:24;;
;;;;;20:09:25;;
;;;;;20:09:26;;
;;;;;20:09:27;;
;;;;;20:09:28;;
;;;;;20:09:29;;
;;;;;20:09:30;;
;;;;;20:09:31;;
;;;;;20:09:32;;
;;;;;20:09:33;;
;;;;;20:09:34;;
;;;;;20:09:35;;
;;;;;20:09:36;;
;;;;;20:09:37;;
;;;;;20:09:38;;
;;;;;20:09:39;;
;;;;;20:09:40;;
;;;;;20:09:41;;
;;;;;20:09:42;;
;;;;;20:09:43;;
;;;;;20:09:44;;
;;;;;20:09:45;;
;;;;;20:09:46;;
;;;;;20:09:47;;
;;;;;20:09:48;;
;;;;;20:09:49;;
;;;;;20:09:50;;
;;;;;20:09:51;;
;;;;;20:09:52;;
;;;;;20:09:53;;
;;;;;20:09:54;;
;;;;;20:09:55;;
;;;;;20:09:56;;
;;;;;20:09:57;;
;;;;;20:09:58;;
;;;;;20:09:59;;
;;;;;20:10:00;;
;;;;;20:10:01;;
;;;;;20:10:02;;
;;;;;20:10:03;;
;;;;;20:10:04;;
;;;;;20:10:05;;
;;;;;20:10:06;;
;;;;;20:10:07;;
;;;;;20:10:08;;
;;;;;20:10:09;;
;;;;;20:10:10;;
;;;;;20:10:11;;
;;;;;20:10:12;;
;;;;;20:10:13;;
;;;;;20:10:14;;
;;;;;20:10:15;;
;;;;;20:10:16;;
;;;;;20:10:17;;
;;;;;20:10:18;;
;;;;;20:10:19;;
;;;;;20:10:20;;
;;;;;20:10:21;;
;;;;;20:10:22;;
;;;;;20:10:23;;
;;;;;20:10:24;;
;;;;;20:10:25;;
;;;;;20:10:26;;
;;;;;20:10:27;;
;;;;;20:10:28;;
;;;;;20:10:29;;
;;;;;20:10:30;;
;;;;;20:10:31;;
;;;;;20:10:32;;
;;;;;20:10:33;;
;;;;;20:10:34;;
;;;;;20:10:35;;
;;;;;20:10:36;;
;;;;;20:10:37;;
;;;;;20:10:38;;
;;;;;20:10:39;;
;;;;;20:10:40;;
;;;;;20:10:41;;
;;;;;20:10:42;;
;;;;;20:10:43;;
;;;;;20:10:44;;
;;;;;20:10:45;;
;;;;;20:10:46;;
;;;;;20:10:47;;
;;;;;20:10:48;;
;;;;;20:10:49;;
;;;;;20:10:50;;
;;;;;20:10:51;;
;;;;;20:10:52;;
;;;;;20:10:53;;
;;;;;20:10:54;;
;;;;;20:10:55;;
;;;;;20:10:56;;
;;;;;20:10:57;;
;;;;;20:10:58;;
;;;;;20:10:59;;
;;;;;20:11:00;;
;;;;;20:11:01;;
;;;;;20:11:02;;
;;;;;20:11:03;;
;;;;;20:11:04;;
;;;;;20:11:05;;
;;;;;20:11:06;;
;;;;;20:11:07;;
;;;;;20:11:08;;
;;;;;20:11:09;;
;;;;;20:11:10;;
;;;;;20:11:11;;
;;;;;20:11:12;;
;;;;;20:11:13;;
;;;;;20:11:14;;
;;;;;20:11:15;;
;;;;;20:11:16;;
;;;;;20:11:17;;
;;;;;20:11:18;;
;;;;;20:11:19;;
;;;;;20:11:20;;
;;;;;20:11:21;;
;;;;;20:11:22;;
;;;;;20:11:23;;
;;;;;20:11:24;;
;;;;;20:11:25;;
;;;;;20:11:26;;
;;;;;20:11:27;;
;;;;;20:11:28;;
;;;;;20:11:29;;
;;;;;20:11:30;;
;;;;;20:11:31;;
;;;;;20:11:32;;
;;;;;20:11:33;;
;;;;;20:11:34;;
;;;;;20:11:35;;
;;;;;20:11:36;;
;;;;;20:11:37;;
;;;;;20:11:38;;
;;;;;20:11:39;;
;;;;;20:11:40;;
;;;;;20:11:41;;
;;;;;20:11:42;;
;;;;;20:11:43;;
;;;;;20:11:44;;
;;;;;20:11:45;;
;;;;;20:11:46;;
;;;;;20:11:47;;
;;;;;20:11:48;;
;;;;;20:11:49;;
;;;;;20:11:50;;
;;;;;20:11:51;;
;;;;;20:11:52;;
;;;;;20:11:53;;
;;;;;20:11:54;;
;;;;;20:11:55;;
;;;;;20:11:56;;
;;;;;20:11:57;;
;;;;;20:11:58;;
;;;;;20:11:59;;
;;;;;20:12:00;;
;;;;;20:12:01;;
;;;;;20:12:02;;
;;;;;20:12:03;;
;;;;;20:12:04;;
;;;;;20:12:05;;
;;;;;20:12:06;;
;;;;;20:12:07;;
;;;;;20:12:08;;
;;;;;20:12:09;;
;;;;;20:12:10;;
;;;;;20:12:11;;
;;;;;20:12:12;;
;;;;;20:12:13;;
;;;;;20:12:14;;
;;;;;20:12:15;;
;;;;;20:12:16;;
;;;;;20:12:17;;
;;;;;20:12:18;;
;;;;;20:12:19;;
;;;;;20:12:20;;
;;;;;20:12:21;;
;;;;;20:12:22;;
;;;;;20:12:23;;
;;;;;20:12:24;;
;;;;;20:12:25;;
;;;;;20:12:26;;
;;;;;20:12:27;;
;;;;;20:12:28;;
;;;;;20:12:29;;
;;;;;20:12:30;;
;;;;;20:12:31;;
;;;;;20:12:32;;
;;;;;20:12:33;;
;;;;;20:12:34;;
;;;;;20:12:35;;
;;;;;20:12:36;;
;;;;;20:12:37;;
;;;;;20:12:38;;
;;;;;20:12:39;;
;;;;;20:12:40;;
;;;;;20:12:41;;
;;;;;20:12:42;;
;;;;;20:12:43;;
;;;;;20:12:44;;
;;;;;20:12:45;;
;;;;;20:12:46;;
;;;;;20:12:47;;
;;;;;20:12:48;;
;;;;;20:12:49;;
;;;;;20:12:50;;
;;;;;20:12:51;;
;;;;;20:12:52;;
;;;;;20:12:53;;
;;;;;20:12:54;;
;;;;;20:12:55;;
;;;;;20:12:56;;
;;;;;20:12:57;;
;;;;;20:12:58;;
;;;;;20:12:59;;
;;;;;20:13:00;;
;;;;;20:13:01;;
;;;;;20:13:02;;
;;;;;20:13:03;;
;;;;;20:13:04;;
;;;;;20:13:05;;
;;;;;20:13:06;;
;;;;;20:13:07;;
;;;;;20:13:08;;
;;;;;20:13:09;;
;;;;;20:13:10;;
;;;;;20:13:11;;
;;;;;20:13:12;;
;;;;;20:13:13;;
;;;;;20:13:14;;
;;;;;20:13:15;;
;;;;;20:13:16;;
;;;;;20:13:17;;
;;;;;20:13:18;;
;;;;;20:13:19;;
;;;;;20:13:20;;
;;;;;20:13:21;;
;;;;;20:13:22;;
;;;;;20:13:23;;
;;;;;20:13:24;;
;;;;;20:13:25;;
;;;;;20:13:26;;
;;;;;20:13:27;;
;;;;;20:13:28;;
;;;;;20:13:29;;
;;;;;20:13:30;;
;;;;;20:13:31;;
;;;;;20:13:32;;
;;;;;20:13:33;;
;;;;;20:13:34;;
;;;;;20:13:35;;
;;;;;20:13:36;;
;;;;;20:13:37;;
;;;;;20:13:38;;
;;;;;20:13:39;;
;;;;;20:13:40;;
;;;;;20:13:41;;
;;;;;20:13:42;;
;;;;;20:13:43;;
;;;;;20:13:44;;
;;;;;20:13:45;;
;;;;;20:13:46;;
;;;;;20:13:47;;
;;;;;20:13:48;;
;;;;;20:13:49;;
;;;;;20:13:50;;
;;;;;20:13:51;;
;;;;;20:13:52;;
;;;;;20:13:53;;
;;;;;20:13:54;;
;;;;;20:13:55;;
;;;;;20:13:56;;
;;;;;20:13:57;;
;;;;;20:13:58;;
;;;;;20:13:59;;
;;;;;20:14:00;;
;;;;;20:14:01;;
;;;;;20:14:02;;
;;;;;20:14:03;;
;;;;;20:14:04;;
;;;;;20:14:05;;
;;;;;20:14:06;;
;;;;;20:14:07;;
;;;;;20:14:08;;
;;;;;20:14:09;;
;;;;;20:14:10;;
;;;;;20:14:11;;
;;;;;20:14:12;;
;;;;;20:14:13;;
;;;;;20:14:14;;
;;;;;20:14:15;;
;;;;;20:14:16;;
;;;;;20:14:17;;
;;;;;20:14:18;;
;;;;;20:14:19;;
;;;;;20:14:20;;
;;;;;20:14:21;;
;;;;;20:14:22;;
;;;;;20:14:23;;
;;;;;20:14:24;;
;;;;;20:14:25;;
;;;;;20:14:26;;
;;;;;20:14:27;;
;;;;;20:14:28;;
;;;;;20:14:29;;
;;;;;20:14:30;;
;;;;;20:14:31;;
;;;;;20:14:32;;
;;;;;20:14:33;;
;;;;;20:14:34;;
;;;;;20:14:35;;
;;;;;20:14:36;;
;;;;;20:14:37;;
;;;;;20:14:38;;
;;;;;20:14:39;;
;;;;;20:14:40;;
;;;;;20:14:41;;
;;;;;20:14:42;;
;;;;;20:14:43;;
;;;;;20:14:44;;
;;;;;20:14:45;;
;;;;;20:14:46;;
;;;;;20:14:47;;
;;;;;20:14:48;;
;;;;;20:14:49;;
;;;;;20:14:50;;
;;;;;20:14:51;;
;;;;;20:14:52;;
;;;;;20:14:53;;
;;;;;20:14:54;;
;;;;;20:14:55;;
;;;;;20:14:56;;
;;;;;20:14:57;;
;;;;;20:14:58;;
;;;;;20:14:59;;
;;;;;20:15:00;;
;;;;;20:15:01;;
;;;;;20:15:02;;
;;;;;20:15:03;;
;;;;;20:15:04;;
;;;;;20:15:05;;
;;;;;20:15:06;;
;;;;;20:15:07;;
;;;;;20:15:08;;
;;;;;20:15:09;;
;;;;;20:15:10;;
;;;;;20:15:11;;
;;;;;20:15:12;;
;;;;;20:15:13;;
;;;;;20:15:14;;
;;;;;20:15:15;;
;;;;;20:15:16;;
;;;;;20:15:17;;
;;;;;20:15:18;;
;;;;;20:15:19;;
;;;;;20:15:20;;
;;;;;20:15:21;;
;;;;;20:15:22;;
;;;;;20:15:23;;
;;;;;20:15:24;;
;;;;;20:15:25;;
;;;;;20:15:26;;
;;;;;20:15:27;;
;;;;;20:15:28;;
;;;;;20:15:29;;
;;;;;20:15:30;;
;;;;;20:15:31;;
;;;;;20:15:32;;
;;;;;20:15:33;;
;;;;;20:15:34;;
;;;;;20:15:35;;
;;;;;20:15:36;;
;;;;;20:15:37;;
;;;;;20:15:38;;
;;;;;20:15:39;;
;;;;;20:15:40;;
;;;;;20:15:41;;
;;;;;20:15:42;;
;;;;;20:15:43;;
;;;;;20:15:44;;
;;;;;20:15:45;;
;;;;;20:15:46;;
;;;;;20:15:47;;
;;;;;20:15:48;;
;;;;;20:15:49;;
;;;;;20:15:50;;
;;;;;20:15:51;;
;;;;;20:15:52;;
;;;;;20:15:53;;
;;;;;20:15:54;;
;;;;;20:15:55;;
;;;;;20:15:56;;
;;;;;20:15:57;;
;;;;;20:15:58;;
;;;;;20:15:59;;
;;;;;20:16:00;;
;;;;;20:16:01;;
;;;;;20:16:02;;
;;;;;20:16:03;;
;;;;;20:16:04;;
;;;;;20:16:05;;
;;;;;20:16:06;;
;;;;;20:16:07;;
;;;;;20:16:08;;
;;;;;20:16:09;;
;;;;;20:16:10;;
;;;;;20:16:11;;
;;;;;20:16:12;;
;;;;;20:16:13;;
;;;;;20:16:14;;
;;;;;20:16:15;;
;;;;;20:16:16;;
;;;;;20:16:17;;
;;;;;20:16:18;;
;;;;;20:16:19;;
;;;;;20:16:20;;
;;;;;20:16:21;;
;;;;;20:16:22;;
;;;;;20:16:23;;
;;;;;20:16:24;;
;;;;;20:16:25;;
;;;;;20:16:26;;
;;;;;20:16:27;;
;;;;;20:16:28;;
;;;;;20:16:29;;
;;;;;20:16:30;;
;;;;;20:16:31;;
;;;;;20:16:32;;
;;;;;20:16:33;;
;;;;;20:16:34;;
;;;;;20:16:35;;
;;;;;20:16:36;;
;;;;;20:16:37;;
;;;;;20:16:38;;
;;;;;20:16:39;;
;;;;;20:16:40;;
;;;;;20:16:41;;
;;;;;20:16:42;;
;;;;;20:16:43;;
;;;;;20:16:44;;
;;;;;20:16:45;;
;;;;;20:16:46;;
;;;;;20:16:47;;
;;;;;20:16:48;;
;;;;;20:16:49;;
;;;;;20:16:50;;
;;;;;20:16:51;;
;;;;;20:16:52;;
;;;;;20:16:53;;
;;;;;20:16:54;;
;;;;;20:16:55;;
;;;;;20:16:56;;
;;;;;20:16:57;;
;;;;;20:16:58;;
;;;;;20:16:59;;
;;;;;20:17:00;;
;;;;;20:17:01;;
;;;;;20:17:02;;
;;;;;20:17:03;;
;;;;;20:17:04;;
;;;;;20:17:05;;
;;;;;20:17:06;;
;;;;;20:17:07;;
;;;;;20:17:08;;
;;;;;20:17:09;;
;;;;;20:17:10;;
;;;;;20:17:11;;
;;;;;20:17:12;;
;;;;;20:17:13;;
;;;;;20:17:14;;
;;;;;20:17:15;;
;;;;;20:17:16;;
;;;;;20:17:17;;
;;;;;20:17:18;;
;;;;;20:17:19;;
;;;;;20:17:20;;
;;;;;20:17:21;;
;;;;;20:17:22;;
;;;;;20:17:23;;
;;;;;20:17:24;;
;;;;;20:17:25;;
;;;;;20:17:26;;
;;;;;20:17:27;;
;;;;;20:17:28;;
;;;;;20:17:29;;
;;;;;20:17:30;;
;;;;;20:17:31;;
;;;;;20:17:32;;
;;;;;20:17:33;;
;;;;;20:17:34;;
;;;;;20:17:35;;
;;;;;20:17:36;;
;;;;;20:17:37;;
;;;;;20:17:38;;
;;;;;20:17:39;;
;;;;;20:17:40;;
;;;;;20:17:41;;
;;;;;20:17:42;;
;;;;;20:17:43;;
;;;;;20:17:44;;
;;;;;20:17:45;;
;;;;;20:17:46;;
;;;;;20:17:47;;
;;;;;20:17:48;;
;;;;;20:17:49;;
;;;;;20:17:50;;
;;;;;20:17:51;;
;;;;;20:17:52;;
;;;;;20:17:53;;
;;;;;20:17:54;;
;;;;;20:17:55;;
;;;;;20:17:56;;
;;;;;20:17:57;;
;;;;;20:17:58;;
;;;;;20:17:59;;
;;;;;20:18:00;;
;;;;;20:18:01;;
;;;;;20:18:02;;
;;;;;20:18:03;;
;;;;;20:18:04;;
;;;;;20:18:05;;
;;;;;20:18:06;;
;;;;;20:18:07;;
;;;;;20:18:08;;
;;;;;20:18:09;;
;;;;;20:18:10;;
;;;;;20:18:11;;
;;;;;20:18:12;;
;;;;;20:18:13;;
;;;;;20:18:14;;
;;;;;20:18:15;;
;;;;;20:18:16;;
;;;;;20:18:17;;
;;;;;20:18:18;;
;;;;;20:18:19;;
;;;;;20:18:20;;
;;;;;20:18:21;;
;;;;;20:18:22;;
;;;;;20:18:23;;
;;;;;20:18:24;;
;;;;;20:18:25;;
;;;;;20:18:26;;
;;;;;20:18:27;;
;;;;;20:18:28;;
;;;;;20:18:29;;
;;;;;20:18:30;;
;;;;;20:18:31;;
;;;;;20:18:32;;
;;;;;20:18:33;;
;;;;;20:18:34;;
;;;;;20:18:35;;
;;;;;20:18:36;;
;;;;;20:18:37;;
;;;;;20:18:38;;
;;;;;20:18:39;;
;;;;;20:18:40;;
;;;;;20:18:41;;
;;;;;20:18:42;;
;;;;;20:18:43;;
;;;;;20:18:44;;
;;;;;20:18:45;;
;;;;;20:18:46;;
;;;;;20:18:47;;
;;;;;20:18:48;;
;;;;;20:18:49;;
;;;;;20:18:50;;
;;;;;20:18:51;;
;;;;;20:18:52;;
;;;;;20:18:53;;
;;;;;20:18:54;;
;;;;;20:18:55;;
;;;;;20:18:56;;
;;;;;20:18:57;;
;;;;;20:18:58;;
;;;;;20:18:59;;
;;;;;20:19:00;;
;;;;;20:19:01;;
;;;;;20:19:02;;
;;;;;20:19:03;;
;;;;;20:19:04;;
;;;;;20:19:05;;
;;;;;20:19:06;;
;;;;;20:19:07;;
;;;;;20:19:08;;
;;;;;20:19:09;;
;;;;;20:19:10;;
;;;;;20:19:11;;
;;;;;20:19:12;;
;;;;;20:19:13;;
;;;;;20:19:14;;
;;;;;20:19:15;;
;;;;;20:19:16;;
;;;;;20:19:17;;
;;;;;20:19:18;;
;;;;;20:19:19;;
;;;;;20:19:20;;
;;;;;20:19:21;;
;;;;;20:19:22;;
;;;;;20:19:23;;
;;;;;20:19:24;;
;;;;;20:19:25;;
;;;;;20:19:26;;
;;;;;20:19:27;;
;;;;;20:19:28;;
;;;;;20:19:29;;
;;;;;20:19:30;;
;;;;;20:19:31;;
;;;;;20:19:32;;
;;;;;20:19:33;;
;;;;;20:19:34;;
;;;;;20:19:35;;
;;;;;20:19:36;;
;;;;;20:19:37;;
;;;;;20:19:38;;
;;;;;20:19:39;;
;;;;;20:19:40;;
;;;;;20:19:41;;
;;;;;20:19:42;;
;;;;;20:19:43;;
;;;;;20:19:44;;
;;;;;20:19:45;;
;;;;;20:19:46;;
;;;;;20:19:47;;
;;;;;20:19:48;;
;;;;;20:19:49;;
;;;;;20:19:50;;
;;;;;20:19:51;;
;;;;;20:19:52;;
;;;;;20:19:53;;
;;;;;20:19:54;;
;;;;;20:19:55;;
;;;;;20:19:56;;
;;;;;20:19:57;;
;;;;;20:19:58;;
;;;;;20:19:59;;
;;;;;20:20:00;;
;;;;;20:20:01;;
;;;;;20:20:02;;
;;;;;20:20:03;;
;;;;;20:20:04;;
;;;;;20:20:05;;
;;;;;20:20:06;;
;;;;;20:20:07;;
;;;;;20:20:08;;
;;;;;20:20:09;;
;;;;;20:20:10;;
;;;;;20:20:11;;
;;;;;20:20:12;;
;;;;;20:20:13;;
;;;;;20:20:14;;
;;;;;20:20:15;;
;;;;;20:20:16;;
;;;;;20:20:17;;
;;;;;20:20:18;;
;;;;;20:20:19;;
;;;;;20:20:20;;
;;;;;20:20:21;;
;;;;;20:20:22;;
;;;;;20:20:23;;
;;;;;20:20:24;;
;;;;;20:20:25;;
;;;;;20:20:26;;
;;;;;20:20:27;;
;;;;;20:20:28;;
;;;;;20:20:29;;
;;;;;20:20:30;;
;;;;;20:20:31;;
;;;;;20:20:32;;
;;;;;20:20:33;;
;;;;;20:20:34;;
;;;;;20:20:35;;
;;;;;20:20:36;;
;;;;;20:20:37;;
;;;;;20:20:38;;
;;;;;20:20:39;;
;;;;;20:20:40;;
;;;;;20:20:41;;
;;;;;20:20:42;;
;;;;;20:20:43;;
;;;;;20:20:44;;
;;;;;20:20:45;;
;;;;;20:20:46;;
;;;;;20:20:47;;
;;;;;20:20:48;;
;;;;;20:20:49;;
;;;;;20:20:50;;
;;;;;20:20:51;;
;;;;;20:20:52;;
;;;;;20:20:53;;
;;;;;20:20:54;;
;;;;;20:20:55;;
;;;;;20:20:56;;
;;;;;20:20:57;;
;;;;;20:20:58;;
;;;;;20:20:59;;
;;;;;20:21:00;;
;;;;;20:21:01;;
;;;;;20:21:02;;
;;;;;20:21:03;;
;;;;;20:21:04;;
;;;;;20:21:05;;
;;;;;20:21:06;;
;;;;;20:21:07;;
;;;;;20:21:08;;
;;;;;20:21:09;;
;;;;;20:21:10;;
;;;;;20:21:11;;
;;;;;20:21:12;;
;;;;;20:21:13;;
;;;;;20:21:14;;
;;;;;20:21:15;;
;;;;;20:21:16;;
;;;;;20:21:17;;
;;;;;20:21:18;;
;;;;;20:21:19;;
;;;;;20:21:20;;
;;;;;20:21:21;;
;;;;;20:21:22;;
;;;;;20:21:23;;
;;;;;20:21:24;;
;;;;;20:21:25;;
;;;;;20:21:26;;
;;;;;20:21:27;;
;;;;;20:21:28;;
;;;;;20:21:29;;
;;;;;20:21:30;;
;;;;;20:21:31;;
;;;;;20:21:32;;
;;;;;20:21:33;;
;;;;;20:21:34;;
;;;;;20:21:35;;
;;;;;20:21:36;;
;;;;;20:21:37;;
;;;;;20:21:38;;
;;;;;20:21:39;;
;;;;;20:21:40;;
;;;;;20:21:41;;
;;;;;20:21:42;;
;;;;;20:21:43;;
;;;;;20:21:44;;
;;;;;20:21:45;;
;;;;;20:21:46;;
;;;;;20:21:47;;
;;;;;20:21:48;;
;;;;;20:21:49;;
;;;;;20:21:50;;
;;;;;20:21:51;;
;;;;;20:21:52;;
;;;;;20:21:53;;
;;;;;20:21:54;;
;;;;;20:21:55;;
;;;;;20:21:56;;
;;;;;20:21:57;;
;;;;;20:21:58;;
;;;;;20:21:59;;
;;;;;20:22:00;;
;;;;;20:22:01;;
;;;;;20:22:02;;
;;;;;20:22:03;;
;;;;;20:22:04;;
;;;;;20:22:05;;
;;;;;20:22:06;;
;;;;;20:22:07;;
;;;;;20:22:08;;
;;;;;20:22:09;;
;;;;;20:22:10;;
;;;;;20:22:11;;
;;;;;20:22:12;;
;;;;;20:22:13;;
;;;;;20:22:14;;
;;;;;20:22:15;;
;;;;;20:22:16;;
;;;;;20:22:17;;
;;;;;20:22:18;;
;;;;;20:22:19;;
;;;;;20:22:20;;
;;;;;20:22:21;;
;;;;;20:22:22;;
;;;;;20:22:23;;
;;;;;20:22:24;;
;;;;;20:22:25;;
;;;;;20:22:26;;
;;;;;20:22:27;;
;;;;;20:22:28;;
;;;;;20:22:29;;
;;;;;20:22:30;;
;;;;;20:22:31;;
;;;;;20:22:32;;
;;;;;20:22:33;;
;;;;;20:22:34;;
;;;;;20:22:35;;
;;;;;20:22:36;;
;;;;;20:22:37;;
;;;;;20:22:38;;
;;;;;20:22:39;;
;;;;;20:22:40;;
;;;;;20:22:41;;
;;;;;20:22:42;;
;;;;;20:22:43;;
;;;;;20:22:44;;
;;;;;20:22:45;;
;;;;;20:22:46;;
;;;;;20:22:47;;
;;;;;20:22:48;;
;;;;;20:22:49;;
;;;;;20:22:50;;
;;;;;20:22:51;;
;;;;;20:22:52;;
;;;;;20:22:53;;
;;;;;20:22:54;;
;;;;;20:22:55;;
;;;;;20:22:56;;
;;;;;20:22:57;;
;;;;;20:22:58;;
;;;;;20:22:59;;
;;;;;20:23:00;;
;;;;;20:23:01;;
;;;;;20:23:02;;
;;;;;20:23:03;;
;;;;;20:23:04;;
;;;;;20:23:05;;
;;;;;20:23:06;;
;;;;;20:23:07;;
;;;;;20:23:08;;
;;;;;20:23:09;;
;;;;;20:23:10;;
;;;;;20:23:11;;
;;;;;20:23:12;;
;;;;;20:23:13;;
;;;;;20:23:14;;
;;;;;20:23:15;;
;;;;;20:23:16;;
;;;;;20:23:17;;
;;;;;20:23:18;;
;;;;;20:23:19;;
;;;;;20:23:20;;
;;;;;20:23:21;;
;;;;;20:23:22;;
;;;;;20:23:23;;
;;;;;20:23:24;;
;;;;;20:23:25;;
;;;;;20:23:26;;
;;;;;20:23:27;;
;;;;;20:23:28;;
;;;;;20:23:29;;
;;;;;20:23:30;;
;;;;;20:23:31;;
;;;;;20:23:32;;
;;;;;20:23:33;;
;;;;;20:23:34;;
;;;;;20:23:35;;
;;;;;20:23:36;;
;;;;;20:23:37;;
;;;;;20:23:38;;
;;;;;20:23:39;;
;;;;;20:23:40;;
;;;;;20:23:41;;
;;;;;20:23:42;;
;;;;;20:23:43;;
;;;;;20:23:44;;
;;;;;20:23:45;;
;;;;;20:23:46;;
;;;;;20:23:47;;
;;;;;20:23:48;;
;;;;;20:23:49;;
;;;;;20:23:50;;
;;;;;20:23:51;;
;;;;;20:23:52;;
;;;;;20:23:53;;
;;;;;20:23:54;;
;;;;;20:23:55;;
;;;;;20:23:56;;
;;;;;20:23:57;;
;;;;;20:23:58;;
;;;;;20:23:59;;
;;;;;20:24:00;;
;;;;;20:24:01;;
;;;;;20:24:02;;
;;;;;20:24:03;;
;;;;;20:24:04;;
;;;;;20:24:05;;
;;;;;20:24:06;;
;;;;;20:24:07;;
;;;;;20:24:08;;
;;;;;20:24:09;;
;;;;;20:24:10;;
;;;;;20:24:11;;
;;;;;20:24:12;;
;;;;;20:24:13;;
;;;;;20:24:14;;
;;;;;20:24:15;;
;;;;;20:24:16;;
;;;;;20:24:17;;
;;;;;20:24:18;;
;;;;;20:24:19;;
;;;;;20:24:20;;
;;;;;20:24:21;;
;;;;;20:24:22;;
;;;;;20:24:23;;
;;;;;20:24:24;;
;;;;;20:24:25;;
;;;;;20:24:26;;
;;;;;20:24:27;;
;;;;;20:24:28;;
;;;;;20:24:29;;
;;;;;20:24:30;;
;;;;;20:24:31;;
;;;;;20:24:32;;
;;;;;20:24:33;;
;;;;;20:24:34;;
;;;;;20:24:35;;
;;;;;20:24:36;;
;;;;;20:24:37;;
;;;;;20:24:38;;
;;;;;20:24:39;;
;;;;;20:24:40;;
;;;;;20:24:41;;
;;;;;20:24:42;;
;;;;;20:24:43;;
;;;;;20:24:44;;
;;;;;20:24:45;;
;;;;;20:24:46;;
;;;;;20:24:47;;
;;;;;20:24:48;;
;;;;;20:24:49;;
;;;;;20:24:50;;
;;;;;20:24:51;;
;;;;;20:24:52;;
;;;;;20:24:53;;
;;;;;20:24:54;;
;;;;;20:24:55;;
;;;;;20:24:56;;
;;;;;20:24:57;;
;;;;;20:24:58;;
;;;;;20:24:59;;
;;;;;20:25:00;;
;;;;;20:25:01;;
;;;;;20:25:02;;
;;;;;20:25:03;;
;;;;;20:25:04;;
;;;;;20:25:05;;
;;;;;20:25:06;;
;;;;;20:25:07;;
;;;;;20:25:08;;
;;;;;20:25:09;;
;;;;;20:25:10;;
;;;;;20:25:11;;
;;;;;20:25:12;;
;;;;;20:25:13;;
;;;;;20:25:14;;
;;;;;20:25:15;;
;;;;;20:25:16;;
;;;;;20:25:17;;
;;;;;20:25:18;;
;;;;;20:25:19;;
;;;;;20:25:20;;
;;;;;20:25:21;;
;;;;;20:25:22;;
;;;;;20:25:23;;
;;;;;20:25:24;;
;;;;;20:25:25;;
;;;;;20:25:26;;
;;;;;20:25:27;;
;;;;;20:25:28;;
;;;;;20:25:29;;
;;;;;20:25:30;;
;;;;;20:25:31;;
;;;;;20:25:32;;
;;;;;20:25:33;;
;;;;;20:25:34;;
;;;;;20:25:35;;
;;;;;20:25:36;;
;;;;;20:25:37;;
;;;;;20:25:38;;
;;;;;20:25:39;;
;;;;;20:25:40;;
;;;;;20:25:41;;
;;;;;20:25:42;;
;;;;;20:25:43;;
;;;;;20:25:44;;
;;;;;20:25:45;;
;;;;;20:25:46;;
;;;;;20:25:47;;
;;;;;20:25:48;;
;;;;;20:25:49;;
;;;;;20:25:50;;
;;;;;20:25:51;;
;;;;;20:25:52;;
;;;;;20:25:53;;
;;;;;20:25:54;;
;;;;;20:25:55;;
;;;;;20:25:56;;
;;;;;20:25:57;;
;;;;;20:25:58;;
;;;;;20:25:59;;
;;;;;20:26:00;;
;;;;;20:26:01;;
;;;;;20:26:02;;
;;;;;20:26:03;;
;;;;;20:26:04;;
;;;;;20:26:05;;
;;;;;20:26:06;;
;;;;;20:26:07;;
;;;;;20:26:08;;
;;;;;20:26:09;;
;;;;;20:26:10;;
;;;;;20:26:11;;
;;;;;20:26:12;;
;;;;;20:26:13;;
;;;;;20:26:14;;
;;;;;20:26:15;;
;;;;;20:26:16;;
;;;;;20:26:17;;
;;;;;20:26:18;;
;;;;;20:26:19;;
;;;;;20:26:20;;
;;;;;20:26:21;;
;;;;;20:26:22;;
;;;;;20:26:23;;
;;;;;20:26:24;;
;;;;;20:26:25;;
;;;;;20:26:26;;
;;;;;20:26:27;;
;;;;;20:26:28;;
;;;;;20:26:29;;
;;;;;20:26:30;;
;;;;;20:26:31;;
;;;;;20:26:32;;
;;;;;20:26:33;;
;;;;;20:26:34;;
;;;;;20:26:35;;
;;;;;20:26:36;;
;;;;;20:26:37;;
;;;;;20:26:38;;
;;;;;20:26:39;;
;;;;;20:26:40;;
;;;;;20:26:41;;
;;;;;20:26:42;;
;;;;;20:26:43;;
;;;;;20:26:44;;
;;;;;20:26:45;;
;;;;;20:26:46;;
;;;;;20:26:47;;
;;;;;20:26:48;;
;;;;;20:26:49;;
;;;;;20:26:50;;
;;;;;20:26:51;;
;;;;;20:26:52;;
;;;;;20:26:53;;
;;;;;20:26:54;;
;;;;;20:26:55;;
;;;;;20:26:56;;
;;;;;20:26:57;;
;;;;;20:26:58;;
;;;;;20:26:59;;
;;;;;20:27:00;;
;;;;;20:27:01;;
;;;;;20:27:02;;
;;;;;20:27:03;;
;;;;;20:27:04;;
;;;;;20:27:05;;
;;;;;20:27:06;;
;;;;;20:27:07;;
;;;;;20:27:08;;
;;;;;20:27:09;;
;;;;;20:27:10;;
;;;;;20:27:11;;
;;;;;20:27:12;;
;;;;;20:27:13;;
;;;;;20:27:14;;
;;;;;20:27:15;;
;;;;;20:27:16;;
;;;;;20:27:17;;
;;;;;20:27:18;;
;;;;;20:27:19;;
;;;;;20:27:20;;
;;;;;20:27:21;;
;;;;;20:27:22;;
;;;;;20:27:23;;
;;;;;20:27:24;;
;;;;;20:27:25;;
;;;;;20:27:26;;
;;;;;20:27:27;;
;;;;;20:27:28;;
;;;;;20:27:29;;
;;;;;20:27:30;;
;;;;;20:27:31;;
;;;;;20:27:32;;
;;;;;20:27:33;;
;;;;;20:27:34;;
;;;;;20:27:35;;
;;;;;20:27:36;;
;;;;;20:27:37;;
;;;;;20:27:38;;
;;;;;20:27:39;;
;;;;;20:27:40;;
;;;;;20:27:41;;
;;;;;20:27:42;;
;;;;;20:27:43;;
;;;;;20:27:44;;
;;;;;20:27:45;;
;;;;;20:27:46;;
;;;;;20:27:47;;
;;;;;20:27:48;;
;;;;;20:27:49;;
;;;;;20:27:50;;
;;;;;20:27:51;;
;;;;;20:27:52;;
;;;;;20:27:53;;
;;;;;20:27:54;;
;;;;;20:27:55;;
;;;;;20:27:56;;
;;;;;20:27:57;;
;;;;;20:27:58;;
;;;;;20:27:59;;
;;;;;20:28:00;;
;;;;;20:28:01;;
;;;;;20:28:02;;
;;;;;20:28:03;;
;;;;;20:28:04;;
;;;;;20:28:05;;
;;;;;20:28:06;;
;;;;;20:28:07;;
;;;;;20:28:08;;
;;;;;20:28:09;;
;;;;;20:28:10;;
;;;;;20:28:11;;
;;;;;20:28:12;;
;;;;;20:28:13;;
;;;;;20:28:14;;
;;;;;20:28:15;;
;;;;;20:28:16;;
;;;;;20:28:17;;
;;;;;20:28:18;;
;;;;;20:28:19;;
;;;;;20:28:20;;
;;;;;20:28:21;;
;;;;;20:28:22;;
;;;;;20:28:23;;
;;;;;20:28:24;;
;;;;;20:28:25;;
;;;;;20:28:26;;
;;;;;20:28:27;;
;;;;;20:28:28;;
;;;;;20:28:29;;
;;;;;20:28:30;;
;;;;;20:28:31;;
;;;;;20:28:32;;
;;;;;20:28:33;;
;;;;;20:28:34;;
;;;;;20:28:35;;
;;;;;20:28:36;;
;;;;;20:28:37;;
;;;;;20:28:38;;
;;;;;20:28:39;;
;;;;;20:28:40;;
;;;;;20:28:41;;
;;;;;20:28:42;;
;;;;;20:28:43;;
;;;;;20:28:44;;
;;;;;20:28:45;;
;;;;;20:28:46;;
;;;;;20:28:47;;
;;;;;20:28:48;;
;;;;;20:28:49;;
;;;;;20:28:50;;
;;;;;20:28:51;;
;;;;;20:28:52;;
;;;;;20:28:53;;
;;;;;20:28:54;;
;;;;;20:28:55;;
;;;;;20:28:56;;
;;;;;20:28:57;;
;;;;;20:28:58;;
;;;;;20:28:59;;
;;;;;20:29:00;;
;;;;;20:29:01;;
;;;;;20:29:02;;
;;;;;20:29:03;;
;;;;;20:29:04;;
;;;;;20:29:05;;
;;;;;20:29:06;;
;;;;;20:29:07;;
;;;;;20:29:08;;
;;;;;20:29:09;;
;;;;;20:29:10;;
;;;;;20:29:11;;
;;;;;20:29:12;;
;;;;;20:29:13;;
;;;;;20:29:14;;
;;;;;20:29:15;;
;;;;;20:29:16;;
;;;;;20:29:17;;
;;;;;20:29:18;;
;;;;;20:29:19;;
;;;;;20:29:20;;
;;;;;20:29:21;;
;;;;;20:29:22;;
;;;;;20:29:23;;
;;;;;20:29:24;;
;;;;;20:29:25;;
;;;;;20:29:26;;
;;;;;20:29:27;;
;;;;;20:29:28;;
;;;;;20:29:29;;
;;;;;20:29:30;;
;;;;;20:29:31;;
;;;;;20:29:32;;
;;;;;20:29:33;;
;;;;;20:29:34;;
;;;;;20:29:35;;
;;;;;20:29:36;;
;;;;;20:29:37;;
;;;;;20:29:38;;
;;;;;20:29:39;;
;;;;;20:29:40;;
;;;;;20:29:41;;
;;;;;20:29:42;;
;;;;;20:29:43;;
;;;;;20:29:44;;
;;;;;20:29:45;;
;;;;;20:29:46;;
;;;;;20:29:47;;
;;;;;20:29:48;;
;;;;;20:29:49;;
;;;;;20:29:50;;
;;;;;20:29:51;;
;;;;;20:29:52;;
;;;;;20:29:53;;
;;;;;20:29:54;;
;;;;;20:29:55;;
;;;;;20:29:56;;
;;;;;20:29:57;;
;;;;;20:29:58;;
;;;;;20:29:59;;
;;;;;20:30:00;;
;;;;;20:30:01;;
;;;;;20:30:02;;
;;;;;20:30:03;;
;;;;;20:30:04;;
;;;;;20:30:05;;
;;;;;20:30:06;;
;;;;;20:30:07;;
;;;;;20:30:08;;
;;;;;20:30:09;;
;;;;;20:30:10;;
;;;;;20:30:11;;
;;;;;20:30:12;;
;;;;;20:30:13;;
;;;;;20:30:14;;
;;;;;20:30:15;;
;;;;;20:30:16;;
;;;;;20:30:17;;
;;;;;20:30:18;;
;;;;;20:30:19;;
;;;;;20:30:20;;
;;;;;20:30:21;;
;;;;;20:30:22;;
;;;;;20:30:23;;
;;;;;20:30:24;;
;;;;;20:30:25;;
;;;;;20:30:26;;
;;;;;20:30:27;;
;;;;;20:30:28;;
;;;;;20:30:29;;
;;;;;20:30:30;;
;;;;;20:30:31;;
;;;;;20:30:32;;
;;;;;20:30:33;;
;;;;;20:30:34;;
;;;;;20:30:35;;
;;;;;20:30:36;;
;;;;;20:30:37;;
;;;;;20:30:38;;
;;;;;20:30:39;;
;;;;;20:30:40;;
;;;;;20:30:41;;
;;;;;20:30:42;;
;;;;;20:30:43;;
;;;;;20:30:44;;
;;;;;20:30:45;;
;;;;;20:30:46;;
;;;;;20:30:47;;
;;;;;20:30:48;;
;;;;;20:30:49;;
;;;;;20:30:50;;
;;;;;20:30:51;;
;;;;;20:30:52;;
;;;;;20:30:53;;
;;;;;20:30:54;;
;;;;;20:30:55;;
;;;;;20:30:56;;
;;;;;20:30:57;;
;;;;;20:30:58;;
;;;;;20:30:59;;
;;;;;20:31:00;;
;;;;;20:31:01;;
;;;;;20:31:02;;
;;;;;20:31:03;;
;;;;;20:31:04;;
;;;;;20:31:05;;
;;;;;20:31:06;;
;;;;;20:31:07;;
;;;;;20:31:08;;
;;;;;20:31:09;;
;;;;;20:31:10;;
;;;;;20:31:11;;
;;;;;20:31:12;;
;;;;;20:31:13;;
;;;;;20:31:14;;
;;;;;20:31:15;;
;;;;;20:31:16;;
;;;;;20:31:17;;
;;;;;20:31:18;;
;;;;;20:31:19;;
;;;;;20:31:20;;
;;;;;20:31:21;;
;;;;;20:31:22;;
;;;;;20:31:23;;
;;;;;20:31:24;;
;;;;;20:31:25;;
;;;;;20:31:26;;
;;;;;20:31:27;;
;;;;;20:31:28;;
;;;;;20:31:29;;
;;;;;20:31:30;;
;;;;;20:31:31;;
;;;;;20:31:32;;
;;;;;20:31:33;;
;;;;;20:31:34;;
;;;;;20:31:35;;
;;;;;20:31:36;;
;;;;;20:31:37;;
;;;;;20:31:38;;
;;;;;20:31:39;;
;;;;;20:31:40;;
;;;;;20:31:41;;
;;;;;20:31:42;;
;;;;;20:31:43;;
;;;;;20:31:44;;
;;;;;20:31:45;;
;;;;;20:31:46;;
;;;;;20:31:47;;
;;;;;20:31:48;;
;;;;;20:31:49;;
;;;;;20:31:50;;
;;;;;20:31:51;;
;;;;;20:31:52;;
;;;;;20:31:53;;
;;;;;20:31:54;;
;;;;;20:31:55;;
;;;;;20:31:56;;
;;;;;20:31:57;;
;;;;;20:31:58;;
;;;;;20:31:59;;
;;;;;20:32:00;;
;;;;;20:32:01;;
;;;;;20:32:02;;
;;;;;20:32:03;;
;;;;;20:32:04;;
;;;;;20:32:05;;
;;;;;20:32:06;;
;;;;;20:32:07;;
;;;;;20:32:08;;
;;;;;20:32:09;;
;;;;;20:32:10;;
;;;;;20:32:11;;
;;;;;20:32:12;;
;;;;;20:32:13;;
;;;;;20:32:14;;
;;;;;20:32:15;;
;;;;;20:32:16;;
;;;;;20:32:17;;
;;;;;20:32:18;;
;;;;;20:32:19;;
;;;;;20:32:20;;
;;;;;20:32:21;;
;;;;;20:32:22;;
;;;;;20:32:23;;
;;;;;20:32:24;;
;;;;;20:32:25;;
;;;;;20:32:26;;
;;;;;20:32:27;;
;;;;;20:32:28;;
;;;;;20:32:29;;
;;;;;20:32:30;;
;;;;;20:32:31;;
;;;;;20:32:32;;
;;;;;20:32:33;;
;;;;;20:32:34;;
;;;;;20:32:35;;
;;;;;20:32:36;;
;;;;;20:32:37;;
;;;;;20:32:38;;
;;;;;20:32:39;;
;;;;;20:32:40;;
;;;;;20:32:41;;
;;;;;20:32:42;;
;;;;;20:32:43;;
;;;;;20:32:44;;
;;;;;20:32:45;;
;;;;;20:32:46;;
;;;;;20:32:47;;
;;;;;20:32:48;;
;;;;;20:32:49;;
;;;;;20:32:50;;
;;;;;20:32:51;;
;;;;;20:32:52;;
;;;;;20:32:53;;
;;;;;20:32:54;;
;;;;;20:32:55;;
;;;;;20:32:56;;
;;;;;20:32:57;;
;;;;;20:32:58;;
;;;;;20:32:59;;
;;;;;20:33:00;;
;;;;;20:33:01;;
;;;;;20:33:02;;
;;;;;20:33:03;;
;;;;;20:33:04;;
;;;;;20:33:05;;
;;;;;20:33:06;;
;;;;;20:33:07;;
;;;;;20:33:08;;
;;;;;20:33:09;;
;;;;;20:33:10;;
;;;;;20:33:11;;
;;;;;20:33:12;;
;;;;;20:33:13;;
;;;;;20:33:14;;
;;;;;20:33:15;;
;;;;;20:33:16;;
;;;;;20:33:17;;
;;;;;20:33:18;;
;;;;;20:33:19;;
;;;;;20:33:20;;
;;;;;20:33:21;;
;;;;;20:33:22;;
;;;;;20:33:23;;
;;;;;20:33:24;;
;;;;;20:33:25;;
;;;;;20:33:26;;
;;;;;20:33:27;;
;;;;;20:33:28;;
;;;;;20:33:29;;
;;;;;20:33:30;;
;;;;;20:33:31;;
;;;;;20:33:32;;
;;;;;20:33:33;;
;;;;;20:33:34;;
;;;;;20:33:35;;
;;;;;20:33:36;;
;;;;;20:33:37;;
;;;;;20:33:38;;
;;;;;20:33:39;;
;;;;;20:33:40;;
;;;;;20:33:41;;
;;;;;20:33:42;;
;;;;;20:33:43;;
;;;;;20:33:44;;
;;;;;20:33:45;;
;;;;;20:33:46;;
;;;;;20:33:47;;
;;;;;20:33:48;;
;;;;;20:33:49;;
;;;;;20:33:50;;
;;;;;20:33:51;;
;;;;;20:33:52;;
;;;;;20:33:53;;
;;;;;20:33:54;;
;;;;;20:33:55;;
;;;;;20:33:56;;
;;;;;20:33:57;;
;;;;;20:33:58;;
;;;;;20:33:59;;
;;;;;20:34:00;;
;;;;;20:34:01;;
;;;;;20:34:02;;
;;;;;20:34:03;;
;;;;;20:34:04;;
;;;;;20:34:05;;
;;;;;20:34:06;;
;;;;;20:34:07;;
;;;;;20:34:08;;
;;;;;20:34:09;;
;;;;;20:34:10;;
;;;;;20:34:11;;
;;;;;20:34:12;;
;;;;;20:34:13;;
;;;;;20:34:14;;
;;;;;20:34:15;;
;;;;;20:34:16;;
;;;;;20:34:17;;
;;;;;20:34:18;;
;;;;;20:34:19;;
;;;;;20:34:20;;
;;;;;20:34:21;;
;;;;;20:34:22;;
;;;;;20:34:23;;
;;;;;20:34:24;;
;;;;;20:34:25;;
;;;;;20:34:26;;
;;;;;20:34:27;;
;;;;;20:34:28;;
;;;;;20:34:29;;
;;;;;20:34:30;;
;;;;;20:34:31;;
;;;;;20:34:32;;
;;;;;20:34:33;;
;;;;;20:34:34;;
;;;;;20:34:35;;
;;;;;20:34:36;;
;;;;;20:34:37;;
;;;;;20:34:38;;
;;;;;20:34:39;;
;;;;;20:34:40;;
;;;;;20:34:41;;
;;;;;20:34:42;;
;;;;;20:34:43;;
;;;;;20:34:44;;
;;;;;20:34:45;;
;;;;;20:34:46;;
;;;;;20:34:47;;
;;;;;20:34:48;;
;;;;;20:34:49;;
;;;;;20:34:50;;
;;;;;20:34:51;;
;;;;;20:34:52;;
;;;;;20:34:53;;
;;;;;20:34:54;;
;;;;;20:34:55;;
;;;;;20:34:56;;
;;;;;20:34:57;;
;;;;;20:34:58;;
;;;;;20:34:59;;
;;;;;20:35:00;;
;;;;;20:35:01;;
;;;;;20:35:02;;
;;;;;20:35:03;;
;;;;;20:35:04;;
;;;;;20:35:05;;
;;;;;20:35:06;;
;;;;;20:35:07;;
;;;;;20:35:08;;
;;;;;20:35:09;;
;;;;;20:35:10;;
;;;;;20:35:11;;
;;;;;20:35:12;;
;;;;;20:35:13;;
;;;;;20:35:14;;
;;;;;20:35:15;;
;;;;;20:35:16;;
;;;;;20:35:17;;
;;;;;20:35:18;;
;;;;;20:35:19;;
;;;;;20:35:20;;
;;;;;20:35:21;;
;;;;;20:35:22;;
;;;;;20:35:23;;
;;;;;20:35:24;;
;;;;;20:35:25;;
;;;;;20:35:26;;
;;;;;20:35:27;;
;;;;;20:35:28;;
;;;;;20:35:29;;
;;;;;20:35:30;;
;;;;;20:35:31;;
;;;;;20:35:32;;
;;;;;20:35:33;;
;;;;;20:35:34;;
;;;;;20:35:35;;
;;;;;20:35:36;;
;;;;;20:35:37;;
;;;;;20:35:38;;
;;;;;20:35:39;;
;;;;;20:35:40;;
;;;;;20:35:41;;
;;;;;20:35:42;;
;;;;;20:35:43;;
;;;;;20:35:44;;
;;;;;20:35:45;;
;;;;;20:35:46;;
;;;;;20:35:47;;
;;;;;20:35:48;;
;;;;;20:35:49;;
;;;;;20:35:50;;
;;;;;20:35:51;;
;;;;;20:35:52;;
;;;;;20:35:53;;
;;;;;20:35:54;;
;;;;;20:35:55;;
;;;;;20:35:56;;
;;;;;20:35:57;;
;;;;;20:35:58;;
;;;;;20:35:59;;
;;;;;20:36:00;;
;;;;;20:36:01;;
;;;;;20:36:02;;
;;;;;20:36:03;;
;;;;;20:36:04;;
;;;;;20:36:05;;
;;;;;20:36:06;;
;;;;;20:36:07;;
;;;;;20:36:08;;
;;;;;20:36:09;;
;;;;;20:36:10;;
;;;;;20:36:11;;
;;;;;20:36:12;;
;;;;;20:36:13;;
;;;;;20:36:14;;
;;;;;20:36:15;;
;;;;;20:36:16;;
;;;;;20:36:17;;
;;;;;20:36:18;;
;;;;;20:36:19;;
;;;;;20:36:20;;
;;;;;20:36:21;;
;;;;;20:36:22;;
;;;;;20:36:23;;
;;;;;20:36:24;;
;;;;;20:36:25;;
;;;;;20:36:26;;
;;;;;20:36:27;;
;;;;;20:36:28;;
;;;;;20:36:29;;
;;;;;20:36:30;;
;;;;;20:36:31;;
;;;;;20:36:32;;
;;;;;20:36:33;;
;;;;;20:36:34;;
;;;;;20:36:35;;
;;;;;20:36:36;;
;;;;;20:36:37;;
;;;;;20:36:38;;
;;;;;20:36:39;;
;;;;;20:36:40;;
;;;;;20:36:41;;
;;;;;20:36:42;;
;;;;;20:36:43;;
;;;;;20:36:44;;
;;;;;20:36:45;;
;;;;;20:36:46;;
;;;;;20:36:47;;
;;;;;20:36:48;;
;;;;;20:36:49;;
;;;;;20:36:50;;
;;;;;20:36:51;;
;;;;;20:36:52;;
;;;;;20:36:53;;
;;;;;20:36:54;;
;;;;;20:36:55;;
;;;;;20:36:56;;
;;;;;20:36:57;;
;;;;;20:36:58;;
;;;;;20:36:59;;
;;;;;20:37:00;;
;;;;;20:37:01;;
;;;;;20:37:02;;
;;;;;20:37:03;;
;;;;;20:37:04;;
;;;;;20:37:05;;
;;;;;20:37:06;;
;;;;;20:37:07;;
;;;;;20:37:08;;
;;;;;20:37:09;;
;;;;;20:37:10;;
;;;;;20:37:11;;
;;;;;20:37:12;;
;;;;;20:37:13;;
;;;;;20:37:14;;
;;;;;20:37:15;;
;;;;;20:37:16;;
;;;;;20:37:17;;
;;;;;20:37:18;;
;;;;;20:37:19;;
;;;;;20:37:20;;
;;;;;20:37:21;;
;;;;;20:37:22;;
;;;;;20:37:23;;
;;;;;20:37:24;;
;;;;;20:37:25;;
;;;;;20:37:26;;
;;;;;20:37:27;;
;;;;;20:37:28;;
;;;;;20:37:29;;
;;;;;20:37:30;;
;;;;;20:37:31;;
;;;;;20:37:32;;
;;;;;20:37:33;;
;;;;;20:37:34;;
;;;;;20:37:35;;
;;;;;20:37:36;;
;;;;;20:37:37;;
;;;;;20:37:38;;
;;;;;20:37:39;;
;;;;;20:37:40;;
;;;;;20:37:41;;
;;;;;20:37:42;;
;;;;;20:37:43;;
;;;;;20:37:44;;
;;;;;20:37:45;;
;;;;;20:37:46;;
;;;;;20:37:47;;
;;;;;20:37:48;;
;;;;;20:37:49;;
;;;;;20:37:50;;
;;;;;20:37:51;;
;;;;;20:37:52;;
;;;;;20:37:53;;
;;;;;20:37:54;;
;;;;;20:37:55;;
;;;;;20:37:56;;
;;;;;20:37:57;;
;;;;;20:37:58;;
;;;;;20:37:59;;
;;;;;20:38:00;;
;;;;;20:38:01;;
;;;;;20:38:02;;
;;;;;20:38:03;;
;;;;;20:38:04;;
;;;;;20:38:05;;
;;;;;20:38:06;;
;;;;;20:38:07;;
;;;;;20:38:08;;
;;;;;20:38:09;;
;;;;;20:38:10;;
;;;;;20:38:11;;
;;;;;20:38:12;;
;;;;;20:38:13;;
;;;;;20:38:14;;
;;;;;20:38:15;;
;;;;;20:38:16;;
;;;;;20:38:17;;
;;;;;20:38:18;;
;;;;;20:38:19;;
;;;;;20:38:20;;
;;;;;20:38:21;;
;;;;;20:38:22;;
;;;;;20:38:23;;
;;;;;20:38:24;;
;;;;;20:38:25;;
;;;;;20:38:26;;
;;;;;20:38:27;;
;;;;;20:38:28;;
;;;;;20:38:29;;
;;;;;20:38:30;;
;;;;;20:38:31;;
;;;;;20:38:32;;
;;;;;20:38:33;;
;;;;;20:38:34;;
;;;;;20:38:35;;
;;;;;20:38:36;;
;;;;;20:38:37;;
;;;;;20:38:38;;
;;;;;20:38:39;;
;;;;;20:38:40;;
;;;;;20:38:41;;
;;;;;20:38:42;;
;;;;;20:38:43;;
;;;;;20:38:44;;
;;;;;20:38:45;;
;;;;;20:38:46;;
;;;;;20:38:47;;
;;;;;20:38:48;;
;;;;;20:38:49;;
;;;;;20:38:50;;
;;;;;20:38:51;;
;;;;;20:38:52;;
;;;;;20:38:53;;
;;;;;20:38:54;;
;;;;;20:38:55;;
;;;;;20:38:56;;
;;;;;20:38:57;;
;;;;;20:38:58;;
;;;;;20:38:59;;
;;;;;20:39:00;;
;;;;;20:39:01;;
;;;;;20:39:02;;
;;;;;20:39:03;;
;;;;;20:39:04;;
;;;;;20:39:05;;
;;;;;20:39:06;;
;;;;;20:39:07;;
;;;;;20:39:08;;
;;;;;20:39:09;;
;;;;;20:39:10;;
;;;;;20:39:11;;
;;;;;20:39:12;;
;;;;;20:39:13;;
;;;;;20:39:14;;
;;;;;20:39:15;;
;;;;;20:39:16;;
;;;;;20:39:17;;
;;;;;20:39:18;;
;;;;;20:39:19;;
;;;;;20:39:20;;
;;;;;20:39:21;;
;;;;;20:39:22;;
;;;;;20:39:23;;
;;;;;20:39:24;;
;;;;;20:39:25;;
;;;;;20:39:26;;
;;;;;20:39:27;;
;;;;;20:39:28;;
;;;;;20:39:29;;
;;;;;20:39:30;;
;;;;;20:39:31;;
;;;;;20:39:32;;
;;;;;20:39:33;;
;;;;;20:39:34;;
;;;;;20:39:35;;
;;;;;20:39:36;;
;;;;;20:39:37;;
;;;;;20:39:38;;
;;;;;20:39:39;;
;;;;;20:39:40;;
;;;;;20:39:41;;
;;;;;20:39:42;;
;;;;;20:39:43;;
;;;;;20:39:44;;
;;;;;20:39:45;;
;;;;;20:39:46;;
;;;;;20:39:47;;
;;;;;20:39:48;;
;;;;;20:39:49;;
;;;;;20:39:50;;
;;;;;20:39:51;;
;;;;;20:39:52;;
;;;;;20:39:53;;
;;;;;20:39:54;;
;;;;;20:39:55;;
;;;;;20:39:56;;
;;;;;20:39:57;;
;;;;;20:39:58;;
;;;;;20:39:59;;
;;;;;20:40:00;;
;;;;;20:40:01;;
;;;;;20:40:02;;
;;;;;20:40:03;;
;;;;;20:40:04;;
;;;;;20:40:05;;
;;;;;20:40:06;;
;;;;;20:40:07;;
;;;;;20:40:08;;
;;;;;20:40:09;;
;;;;;20:40:10;;
;;;;;20:40:11;;
;;;;;20:40:12;;
;;;;;20:40:13;;
;;;;;20:40:14;;
;;;;;20:40:15;;
;;;;;20:40:16;;
;;;;;20:40:17;;
;;;;;20:40:18;;
;;;;;20:40:19;;
;;;;;20:40:20;;
;;;;;20:40:21;;
;;;;;20:40:22;;
;;;;;20:40:23;;
;;;;;20:40:24;;
;;;;;20:40:25;;
;;;;;20:40:26;;
;;;;;20:40:27;;
;;;;;20:40:28;;
;;;;;20:40:29;;
;;;;;20:40:30;;
;;;;;20:40:31;;
;;;;;20:40:32;;
;;;;;20:40:33;;
;;;;;20:40:34;;
;;;;;20:40:35;;
;;;;;20:40:36;;
;;;;;20:40:37;;
;;;;;20:40:38;;
;;;;;20:40:39;;
;;;;;20:40:40;;
;;;;;20:40:41;;
;;;;;20:40:42;;
;;;;;20:40:43;;
;;;;;20:40:44;;
;;;;;20:40:45;;
;;;;;20:40:46;;
;;;;;20:40:47;;
;;;;;20:40:48;;
;;;;;20:40:49;;
;;;;;20:40:50;;
;;;;;20:40:51;;
;;;;;20:40:52;;
;;;;;20:40:53;;
;;;;;20:40:54;;
;;;;;20:40:55;;
;;;;;20:40:56;;
;;;;;20:40:57;;
;;;;;20:40:58;;
;;;;;20:40:59;;
;;;;;20:41:00;;
;;;;;20:41:01;;
;;;;;20:41:02;;
;;;;;20:41:03;;
;;;;;20:41:04;;
;;;;;20:41:05;;
;;;;;20:41:06;;
;;;;;20:41:07;;
;;;;;20:41:08;;
;;;;;20:41:09;;
;;;;;20:41:10;;
;;;;;20:41:11;;
;;;;;20:41:12;;
;;;;;20:41:13;;
;;;;;20:41:14;;
;;;;;20:41:15;;
;;;;;20:41:16;;
;;;;;20:41:17;;
;;;;;20:41:18;;
;;;;;20:41:19;;
;;;;;20:41:20;;
;;;;;20:41:21;;
;;;;;20:41:22;;
;;;;;20:41:23;;
;;;;;20:41:24;;
;;;;;20:41:25;;
;;;;;20:41:26;;
;;;;;20:41:27;;
;;;;;20:41:28;;
;;;;;20:41:29;;
;;;;;20:41:30;;
;;;;;20:41:31;;
;;;;;20:41:32;;
;;;;;20:41:33;;
;;;;;20:41:34;;
;;;;;20:41:35;;
;;;;;20:41:36;;
;;;;;20:41:37;;
;;;;;20:41:38;;
;;;;;20:41:39;;
;;;;;20:41:40;;
;;;;;20:41:41;;
;;;;;20:41:42;;
;;;;;20:41:43;;
;;;;;20:41:44;;
;;;;;20:41:45;;
;;;;;20:41:46;;
;;;;;20:41:47;;
;;;;;20:41:48;;
;;;;;20:41:49;;
;;;;;20:41:50;;
;;;;;20:41:51;;
;;;;;20:41:52;;
;;;;;20:41:53;;
;;;;;20:41:54;;
;;;;;20:41:55;;
;;;;;20:41:56;;
;;;;;20:41:57;;
;;;;;20:41:58;;
;;;;;20:41:59;;
;;;;;20:42:00;;
;;;;;20:42:01;;
;;;;;20:42:02;;
;;;;;20:42:03;;
;;;;;20:42:04;;
;;;;;20:42:05;;
;;;;;20:42:06;;
;;;;;20:42:07;;
;;;;;20:42:08;;
;;;;;20:42:09;;
;;;;;20:42:10;;
;;;;;20:42:11;;
;;;;;20:42:12;;
;;;;;20:42:13;;
;;;;;20:42:14;;
;;;;;20:42:15;;
;;;;;20:42:16;;
;;;;;20:42:17;;
;;;;;20:42:18;;
;;;;;20:42:19;;
;;;;;20:42:20;;
;;;;;20:42:21;;
;;;;;20:42:22;;
;;;;;20:42:23;;
;;;;;20:42:24;;
;;;;;20:42:25;;
;;;;;20:42:26;;
;;;;;20:42:27;;
;;;;;20:42:28;;
;;;;;20:42:29;;
;;;;;20:42:30;;
;;;;;20:42:31;;
;;;;;20:42:32;;
;;;;;20:42:33;;
;;;;;20:42:34;;
;;;;;20:42:35;;
;;;;;20:42:36;;
;;;;;20:42:37;;
;;;;;20:42:38;;
;;;;;20:42:39;;
;;;;;20:42:40;;
;;;;;20:42:41;;
;;;;;20:42:42;;
;;;;;20:42:43;;
;;;;;20:42:44;;
;;;;;20:42:45;;
;;;;;20:42:46;;
;;;;;20:42:47;;
;;;;;20:42:48;;
;;;;;20:42:49;;
;;;;;20:42:50;;
;;;;;20:42:51;;
;;;;;20:42:52;;
;;;;;20:42:53;;
;;;;;20:42:54;;
;;;;;20:42:55;;
;;;;;20:42:56;;
;;;;;20:42:57;;
;;;;;20:42:58;;
;;;;;20:42:59;;
;;;;;20:43:00;;
;;;;;20:43:01;;
;;;;;20:43:02;;
;;;;;20:43:03;;
;;;;;20:43:04;;
;;;;;20:43:05;;
;;;;;20:43:06;;
;;;;;20:43:07;;
;;;;;20:43:08;;
;;;;;20:43:09;;
;;;;;20:43:10;;
;;;;;20:43:11;;
;;;;;20:43:12;;
;;;;;20:43:13;;
;;;;;20:43:14;;
;;;;;20:43:15;;
;;;;;20:43:16;;
;;;;;20:43:17;;
;;;;;20:43:18;;
;;;;;20:43:19;;
;;;;;20:43:20;;
;;;;;20:43:21;;
;;;;;20:43:22;;
;;;;;20:43:23;;
;;;;;20:43:24;;
;;;;;20:43:25;;
;;;;;20:43:26;;
;;;;;20:43:27;;
;;;;;20:43:28;;
;;;;;20:43:29;;
;;;;;20:43:30;;
;;;;;20:43:31;;
;;;;;20:43:32;;
;;;;;20:43:33;;
;;;;;20:43:34;;
;;;;;20:43:35;;
;;;;;20:43:36;;
;;;;;20:43:37;;
;;;;;20:43:38;;
;;;;;20:43:39;;
;;;;;20:43:40;;
;;;;;20:43:41;;
;;;;;20:43:42;;
;;;;;20:43:43;;
;;;;;20:43:44;;
;;;;;20:43:45;;
;;;;;20:43:46;;
;;;;;20:43:47;;
;;;;;20:43:48;;
;;;;;20:43:49;;
;;;;;20:43:50;;
;;;;;20:43:51;;
;;;;;20:43:52;;
;;;;;20:43:53;;
;;;;;20:43:54;;
;;;;;20:43:55;;
;;;;;20:43:56;;
;;;;;20:43:57;;
;;;;;20:43:58;;
;;;;;20:43:59;;
;;;;;20:44:00;;
;;;;;20:44:01;;
;;;;;20:44:02;;
;;;;;20:44:03;;
;;;;;20:44:04;;
;;;;;20:44:05;;
;;;;;20:44:06;;
;;;;;20:44:07;;
;;;;;20:44:08;;
;;;;;20:44:09;;
;;;;;20:44:10;;
;;;;;20:44:11;;
;;;;;20:44:12;;
;;;;;20:44:13;;
;;;;;20:44:14;;
;;;;;20:44:15;;
;;;;;20:44:16;;
;;;;;20:44:17;;
;;;;;20:44:18;;
;;;;;20:44:19;;
;;;;;20:44:20;;
;;;;;20:44:21;;
;;;;;20:44:22;;
;;;;;20:44:23;;
;;;;;20:44:24;;
;;;;;20:44:25;;
;;;;;20:44:26;;
;;;;;20:44:27;;
;;;;;20:44:28;;
;;;;;20:44:29;;
;;;;;20:44:30;;
;;;;;20:44:31;;
;;;;;20:44:32;;
;;;;;20:44:33;;
;;;;;20:44:34;;
;;;;;20:44:35;;
;;;;;20:44:36;;
;;;;;20:44:37;;
;;;;;20:44:38;;
;;;;;20:44:39;;
;;;;;20:44:40;;
;;;;;20:44:41;;
;;;;;20:44:42;;
;;;;;20:44:43;;
;;;;;20:44:44;;
;;;;;20:44:45;;
;;;;;20:44:46;;
;;;;;20:44:47;;
;;;;;20:44:48;;
;;;;;20:44:49;;
;;;;;20:44:50;;
;;;;;20:44:51;;
;;;;;20:44:52;;
;;;;;20:44:53;;
;;;;;20:44:54;;
;;;;;20:44:55;;
;;;;;20:44:56;;
;;;;;20:44:57;;
;;;;;20:44:58;;
;;;;;20:44:59;;
;;;;;20:45:00;;
;;;;;20:45:01;;
;;;;;20:45:02;;
;;;;;20:45:03;;
;;;;;20:45:04;;
;;;;;20:45:05;;
;;;;;20:45:06;;
;;;;;20:45:07;;
;;;;;20:45:08;;
;;;;;20:45:09;;
;;;;;20:45:10;;
;;;;;20:45:11;;
;;;;;20:45:12;;
;;;;;20:45:13;;
;;;;;20:45:14;;
;;;;;20:45:15;;
;;;;;20:45:16;;
;;;;;20:45:17;;
;;;;;20:45:18;;
;;;;;20:45:19;;
;;;;;20:45:20;;
;;;;;20:45:21;;
;;;;;20:45:22;;
;;;;;20:45:23;;
;;;;;20:45:24;;
;;;;;20:45:25;;
;;;;;20:45:26;;
;;;;;20:45:27;;
;;;;;20:45:28;;
;;;;;20:45:29;;
;;;;;20:45:30;;
;;;;;20:45:31;;
;;;;;20:45:32;;
;;;;;20:45:33;;
;;;;;20:45:34;;
;;;;;20:45:35;;
;;;;;20:45:36;;
;;;;;20:45:37;;
;;;;;20:45:38;;
;;;;;20:45:39;;
;;;;;20:45:40;;
;;;;;20:45:41;;
;;;;;20:45:42;;
;;;;;20:45:43;;
;;;;;20:45:44;;
;;;;;20:45:45;;
;;;;;20:45:46;;
;;;;;20:45:47;;
;;;;;20:45:48;;
;;;;;20:45:49;;
;;;;;20:45:50;;
;;;;;20:45:51;;
;;;;;20:45:52;;
;;;;;20:45:53;;
;;;;;20:45:54;;
;;;;;20:45:55;;
;;;;;20:45:56;;
;;;;;20:45:57;;
;;;;;20:45:58;;
;;;;;20:45:59;;
;;;;;20:46:00;;
;;;;;20:46:01;;
;;;;;20:46:02;;
;;;;;20:46:03;;
;;;;;20:46:04;;
;;;;;20:46:05;;
;;;;;20:46:06;;
;;;;;20:46:07;;
;;;;;20:46:08;;
;;;;;20:46:09;;
;;;;;20:46:10;;
;;;;;20:46:11;;
;;;;;20:46:12;;
;;;;;20:46:13;;
;;;;;20:46:14;;
;;;;;20:46:15;;
;;;;;20:46:16;;
;;;;;20:46:17;;
;;;;;20:46:18;;
;;;;;20:46:19;;
;;;;;20:46:20;;
;;;;;20:46:21;;
;;;;;20:46:22;;
;;;;;20:46:23;;
;;;;;20:46:24;;
;;;;;20:46:25;;
;;;;;20:46:26;;
;;;;;20:46:27;;
;;;;;20:46:28;;
;;;;;20:46:29;;
;;;;;20:46:30;;
;;;;;20:46:31;;
;;;;;20:46:32;;
;;;;;20:46:33;;
;;;;;20:46:34;;
;;;;;20:46:35;;
;;;;;20:46:36;;
;;;;;20:46:37;;
;;;;;20:46:38;;
;;;;;20:46:39;;
;;;;;20:46:40;;
;;;;;20:46:41;;
;;;;;20:46:42;;
;;;;;20:46:43;;
;;;;;20:46:44;;
;;;;;20:46:45;;
;;;;;20:46:46;;
;;;;;20:46:47;;
;;;;;20:46:48;;
;;;;;20:46:49;;
;;;;;20:46:50;;
;;;;;20:46:51;;
;;;;;20:46:52;;
;;;;;20:46:53;;
;;;;;20:46:54;;
;;;;;20:46:55;;
;;;;;20:46:56;;
;;;;;20:46:57;;
;;;;;20:46:58;;
;;;;;20:46:59;;
;;;;;20:47:00;;
;;;;;20:47:01;;
;;;;;20:47:02;;
;;;;;20:47:03;;
;;;;;20:47:04;;
;;;;;20:47:05;;
;;;;;20:47:06;;
;;;;;20:47:07;;
;;;;;20:47:08;;
;;;;;20:47:09;;
;;;;;20:47:10;;
;;;;;20:47:11;;
;;;;;20:47:12;;
;;;;;20:47:13;;
;;;;;20:47:14;;
;;;;;20:47:15;;
;;;;;20:47:16;;
;;;;;20:47:17;;
;;;;;20:47:18;;
;;;;;20:47:19;;
;;;;;20:47:20;;
;;;;;20:47:21;;
;;;;;20:47:22;;
;;;;;20:47:23;;
;;;;;20:47:24;;
;;;;;20:47:25;;
;;;;;20:47:26;;
;;;;;20:47:27;;
;;;;;20:47:28;;
;;;;;20:47:29;;
;;;;;20:47:30;;
;;;;;20:47:31;;
;;;;;20:47:32;;
;;;;;20:47:33;;
;;;;;20:47:34;;
;;;;;20:47:35;;
;;;;;20:47:36;;
;;;;;20:47:37;;
;;;;;20:47:38;;
;;;;;20:47:39;;
;;;;;20:47:40;;
;;;;;20:47:41;;
;;;;;20:47:42;;
;;;;;20:47:43;;
;;;;;20:47:44;;
;;;;;20:47:45;;
;;;;;20:47:46;;
;;;;;20:47:47;;
;;;;;20:47:48;;
;;;;;20:47:49;;
;;;;;20:47:50;;
;;;;;20:47:51;;
;;;;;20:47:52;;
;;;;;20:47:53;;
;;;;;20:47:54;;
;;;;;20:47:55;;
;;;;;20:47:56;;
;;;;;20:47:57;;
;;;;;20:47:58;;
;;;;;20:47:59;;
;;;;;20:48:00;;
;;;;;20:48:01;;
;;;;;20:48:02;;
;;;;;20:48:03;;
;;;;;20:48:04;;
;;;;;20:48:05;;
;;;;;20:48:06;;
;;;;;20:48:07;;
;;;;;20:48:08;;
;;;;;20:48:09;;
;;;;;20:48:10;;
;;;;;20:48:11;;
;;;;;20:48:12;;
;;;;;20:48:13;;
;;;;;20:48:14;;
;;;;;20:48:15;;
;;;;;20:48:16;;
;;;;;20:48:17;;
;;;;;20:48:18;;
;;;;;20:48:19;;
;;;;;20:48:20;;
;;;;;20:48:21;;
;;;;;20:48:22;;
;;;;;20:48:23;;
;;;;;20:48:24;;
;;;;;20:48:25;;
;;;;;20:48:26;;
;;;;;20:48:27;;
;;;;;20:48:28;;
;;;;;20:48:29;;
;;;;;20:48:30;;
;;;;;20:48:31;;
;;;;;20:48:32;;
;;;;;20:48:33;;
;;;;;20:48:34;;
;;;;;20:48:35;;
;;;;;20:48:36;;
;;;;;20:48:37;;
;;;;;20:48:38;;
;;;;;20:48:39;;
;;;;;20:48:40;;
;;;;;20:48:41;;
;;;;;20:48:42;;
;;;;;20:48:43;;
;;;;;20:48:44;;
;;;;;20:48:45;;
;;;;;20:48:46;;
;;;;;20:48:47;;
;;;;;20:48:48;;
;;;;;20:48:49;;
;;;;;20:48:50;;
;;;;;20:48:51;;
;;;;;20:48:52;;
;;;;;20:48:53;;
;;;;;20:48:54;;
;;;;;20:48:55;;
;;;;;20:48:56;;
;;;;;20:48:57;;
;;;;;20:48:58;;
;;;;;20:48:59;;
;;;;;20:49:00;;
;;;;;20:49:01;;
;;;;;20:49:02;;
;;;;;20:49:03;;
;;;;;20:49:04;;
;;;;;20:49:05;;
;;;;;20:49:06;;
;;;;;20:49:07;;
;;;;;20:49:08;;
;;;;;20:49:09;;
;;;;;20:49:10;;
;;;;;20:49:11;;
;;;;;20:49:12;;
;;;;;20:49:13;;
;;;;;20:49:14;;
;;;;;20:49:15;;
;;;;;20:49:16;;
;;;;;20:49:17;;
;;;;;20:49:18;;
;;;;;20:49:19;;
;;;;;20:49:20;;
;;;;;20:49:21;;
;;;;;20:49:22;;
;;;;;20:49:23;;
;;;;;20:49:24;;
;;;;;20:49:25;;
;;;;;20:49:26;;
;;;;;20:49:27;;
;;;;;20:49:28;;
;;;;;20:49:29;;
;;;;;20:49:30;;
;;;;;20:49:31;;
;;;;;20:49:32;;
;;;;;20:49:33;;
;;;;;20:49:34;;
;;;;;20:49:35;;
;;;;;20:49:36;;
;;;;;20:49:37;;
;;;;;20:49:38;;
;;;;;20:49:39;;
;;;;;20:49:40;;
;;;;;20:49:41;;
;;;;;20:49:42;;
;;;;;20:49:43;;
;;;;;20:49:44;;
;;;;;20:49:45;;
;;;;;20:49:46;;
;;;;;20:49:47;;
;;;;;20:49:48;;
;;;;;20:49:49;;
;;;;;20:49:50;;
;;;;;20:49:51;;
;;;;;20:49:52;;
;;;;;20:49:53;;
;;;;;20:49:54;;
;;;;;20:49:55;;
;;;;;20:49:56;;
;;;;;20:49:57;;
;;;;;20:49:58;;
;;;;;20:49:59;;
;;;;;20:50:00;;
;;;;;20:50:01;;
;;;;;20:50:02;;
;;;;;20:50:03;;
;;;;;20:50:04;;
;;;;;20:50:05;;
;;;;;20:50:06;;
;;;;;20:50:07;;
;;;;;20:50:08;;
;;;;;20:50:09;;
;;;;;20:50:10;;
;;;;;20:50:11;;
;;;;;20:50:12;;
;;;;;20:50:13;;
;;;;;20:50:14;;
;;;;;20:50:15;;
;;;;;20:50:16;;
;;;;;20:50:17;;
;;;;;20:50:18;;
;;;;;20:50:19;;
;;;;;20:50:20;;
;;;;;20:50:21;;
;;;;;20:50:22;;
;;;;;20:50:23;;
;;;;;20:50:24;;
;;;;;20:50:25;;
;;;;;20:50:26;;
;;;;;20:50:27;;
;;;;;20:50:28;;
;;;;;20:50:29;;
;;;;;20:50:30;;
;;;;;20:50:31;;
;;;;;20:50:32;;
;;;;;20:50:33;;
;;;;;20:50:34;;
;;;;;20:50:35;;
;;;;;20:50:36;;
;;;;;20:50:37;;
;;;;;20:50:38;;
;;;;;20:50:39;;
;;;;;20:50:40;;
;;;;;20:50:41;;
;;;;;20:50:42;;
;;;;;20:50:43;;
;;;;;20:50:44;;
;;;;;20:50:45;;
;;;;;20:50:46;;
;;;;;20:50:47;;
;;;;;20:50:48;;
;;;;;20:50:49;;
;;;;;20:50:50;;
;;;;;20:50:51;;
;;;;;20:50:52;;
;;;;;20:50:53;;
;;;;;20:50:54;;
;;;;;20:50:55;;
;;;;;20:50:56;;
;;;;;20:50:57;;
;;;;;20:50:58;;
;;;;;20:50:59;;
;;;;;20:51:00;;
;;;;;20:51:01;;
;;;;;20:51:02;;
;;;;;20:51:03;;
;;;;;20:51:04;;
;;;;;20:51:05;;
;;;;;20:51:06;;
;;;;;20:51:07;;
;;;;;20:51:08;;
;;;;;20:51:09;;
;;;;;20:51:10;;
;;;;;20:51:11;;
;;;;;20:51:12;;
;;;;;20:51:13;;
;;;;;20:51:14;;
;;;;;20:51:15;;
;;;;;20:51:16;;
;;;;;20:51:17;;
;;;;;20:51:18;;
;;;;;20:51:19;;
;;;;;20:51:20;;
;;;;;20:51:21;;
;;;;;20:51:22;;
;;;;;20:51:23;;
;;;;;20:51:24;;
;;;;;20:51:25;;
;;;;;20:51:26;;
;;;;;20:51:27;;
;;;;;20:51:28;;
;;;;;20:51:29;;
;;;;;20:51:30;;
;;;;;20:51:31;;
;;;;;20:51:32;;
;;;;;20:51:33;;
;;;;;20:51:34;;
;;;;;20:51:35;;
;;;;;20:51:36;;
;;;;;20:51:37;;
;;;;;20:51:38;;
;;;;;20:51:39;;
;;;;;20:51:40;;
;;;;;20:51:41;;
;;;;;20:51:42;;
;;;;;20:51:43;;
;;;;;20:51:44;;
;;;;;20:51:45;;
;;;;;20:51:46;;
;;;;;20:51:47;;
;;;;;20:51:48;;
;;;;;20:51:49;;
;;;;;20:51:50;;
;;;;;20:51:51;;
;;;;;20:51:52;;
;;;;;20:51:53;;
;;;;;20:51:54;;
;;;;;20:51:55;;
;;;;;20:51:56;;
;;;;;20:51:57;;
;;;;;20:51:58;;
;;;;;20:51:59;;
;;;;;20:52:00;;
;;;;;20:52:01;;
;;;;;20:52:02;;
;;;;;20:52:03;;
;;;;;20:52:04;;
;;;;;20:52:05;;
;;;;;20:52:06;;
;;;;;20:52:07;;
;;;;;20:52:08;;
;;;;;20:52:09;;
;;;;;20:52:10;;
;;;;;20:52:11;;
;;;;;20:52:12;;
;;;;;20:52:13;;
;;;;;20:52:14;;
;;;;;20:52:15;;
;;;;;20:52:16;;
;;;;;20:52:17;;
;;;;;20:52:18;;
;;;;;20:52:19;;
;;;;;20:52:20;;
;;;;;20:52:21;;
;;;;;20:52:22;;
;;;;;20:52:23;;
;;;;;20:52:24;;
;;;;;20:52:25;;
;;;;;20:52:26;;
;;;;;20:52:27;;
;;;;;20:52:28;;
;;;;;20:52:29;;
;;;;;20:52:30;;
;;;;;20:52:31;;
;;;;;20:52:32;;
;;;;;20:52:33;;
;;;;;20:52:34;;
;;;;;20:52:35;;
;;;;;20:52:36;;
;;;;;20:52:37;;
;;;;;20:52:38;;
;;;;;20:52:39;;
;;;;;20:52:40;;
;;;;;20:52:41;;
;;;;;20:52:42;;
;;;;;20:52:43;;
;;;;;20:52:44;;
;;;;;20:52:45;;
;;;;;20:52:46;;
;;;;;20:52:47;;
;;;;;20:52:48;;
;;;;;20:52:49;;
;;;;;20:52:50;;
;;;;;20:52:51;;
;;;;;20:52:52;;
;;;;;20:52:53;;
;;;;;20:52:54;;
;;;;;20:52:55;;
;;;;;20:52:56;;
;;;;;20:52:57;;
;;;;;20:52:58;;
;;;;;20:52:59;;
;;;;;20:53:00;;
;;;;;20:53:01;;
;;;;;20:53:02;;
;;;;;20:53:03;;
;;;;;20:53:04;;
;;;;;20:53:05;;
;;;;;20:53:06;;
;;;;;20:53:07;;
;;;;;20:53:08;;
;;;;;20:53:09;;
;;;;;20:53:10;;
;;;;;20:53:11;;
;;;;;20:53:12;;
;;;;;20:53:13;;
;;;;;20:53:14;;
;;;;;20:53:15;;
;;;;;20:53:16;;
;;;;;20:53:17;;
;;;;;20:53:18;;
;;;;;20:53:19;;
;;;;;20:53:20;;
;;;;;20:53:21;;
;;;;;20:53:22;;
;;;;;20:53:23;;
;;;;;20:53:24;;
;;;;;20:53:25;;
;;;;;20:53:26;;
;;;;;20:53:27;;
;;;;;20:53:28;;
;;;;;20:53:29;;
;;;;;20:53:30;;
;;;;;20:53:31;;
;;;;;20:53:32;;
;;;;;20:53:33;;
;;;;;20:53:34;;
;;;;;20:53:35;;
;;;;;20:53:36;;
;;;;;20:53:37;;
;;;;;20:53:38;;
;;;;;20:53:39;;
;;;;;20:53:40;;
;;;;;20:53:41;;
;;;;;20:53:42;;
;;;;;20:53:43;;
;;;;;20:53:44;;
;;;;;20:53:45;;
;;;;;20:53:46;;
;;;;;20:53:47;;
;;;;;20:53:48;;
;;;;;20:53:49;;
;;;;;20:53:50;;
;;;;;20:53:51;;
;;;;;20:53:52;;
;;;;;20:53:53;;
;;;;;20:53:54;;
;;;;;20:53:55;;
;;;;;20:53:56;;
;;;;;20:53:57;;
;;;;;20:53:58;;
;;;;;20:53:59;;
;;;;;20:54:00;;
;;;;;20:54:01;;
;;;;;20:54:02;;
;;;;;20:54:03;;
;;;;;20:54:04;;
;;;;;20:54:05;;
;;;;;20:54:06;;
;;;;;20:54:07;;
;;;;;20:54:08;;
;;;;;20:54:09;;
;;;;;20:54:10;;
;;;;;20:54:11;;
;;;;;20:54:12;;
;;;;;20:54:13;;
;;;;;20:54:14;;
;;;;;20:54:15;;
;;;;;20:54:16;;
;;;;;20:54:17;;
;;;;;20:54:18;;
;;;;;20:54:19;;
;;;;;20:54:20;;
;;;;;20:54:21;;
;;;;;20:54:22;;
;;;;;20:54:23;;
;;;;;20:54:24;;
;;;;;20:54:25;;
;;;;;20:54:26;;
;;;;;20:54:27;;
;;;;;20:54:28;;
;;;;;20:54:29;;
;;;;;20:54:30;;
;;;;;20:54:31;;
;;;;;20:54:32;;
;;;;;20:54:33;;
;;;;;20:54:34;;
;;;;;20:54:35;;
;;;;;20:54:36;;
;;;;;20:54:37;;
;;;;;20:54:38;;
;;;;;20:54:39;;
;;;;;20:54:40;;
;;;;;20:54:41;;
;;;;;20:54:42;;
;;;;;20:54:43;;
;;;;;20:54:44;;
;;;;;20:54:45;;
;;;;;20:54:46;;
;;;;;20:54:47;;
;;;;;20:54:48;;
;;;;;20:54:49;;
;;;;;20:54:50;;
;;;;;20:54:51;;
;;;;;20:54:52;;
;;;;;20:54:53;;
;;;;;20:54:54;;
;;;;;20:54:55;;
;;;;;20:54:56;;
;;;;;20:54:57;;
;;;;;20:54:58;;
;;;;;20:54:59;;
;;;;;20:55:00;;
;;;;;20:55:01;;
;;;;;20:55:02;;
;;;;;20:55:03;;
;;;;;20:55:04;;
;;;;;20:55:05;;
;;;;;20:55:06;;
;;;;;20:55:07;;
;;;;;20:55:08;;
;;;;;20:55:09;;
;;;;;20:55:10;;
;;;;;20:55:11;;
;;;;;20:55:12;;
;;;;;20:55:13;;
;;;;;20:55:14;;
;;;;;20:55:15;;
;;;;;20:55:16;;
;;;;;20:55:17;;
;;;;;20:55:18;;
;;;;;20:55:19;;
;;;;;20:55:20;;
;;;;;20:55:21;;
;;;;;20:55:22;;
;;;;;20:55:23;;
;;;;;20:55:24;;
;;;;;20:55:25;;
;;;;;20:55:26;;
;;;;;20:55:27;;
;;;;;20:55:28;;
;;;;;20:55:29;;
;;;;;20:55:30;;
;;;;;20:55:31;;
;;;;;20:55:32;;
;;;;;20:55:33;;
;;;;;20:55:34;;
;;;;;20:55:35;;
;;;;;20:55:36;;
;;;;;20:55:37;;
;;;;;20:55:38;;
;;;;;20:55:39;;
;;;;;20:55:40;;
;;;;;20:55:41;;
;;;;;20:55:42;;
;;;;;20:55:43;;
;;;;;20:55:44;;
;;;;;20:55:45;;
;;;;;20:55:46;;
;;;;;20:55:47;;
;;;;;20:55:48;;
;;;;;20:55:49;;
;;;;;20:55:50;;
;;;;;20:55:51;;
;;;;;20:55:52;;
;;;;;20:55:53;;
;;;;;20:55:54;;
;;;;;20:55:55;;
;;;;;20:55:56;;
;;;;;20:55:57;;
;;;;;20:55:58;;
;;;;;20:55:59;;
;;;;;20:56:00;;
;;;;;20:56:01;;
;;;;;20:56:02;;
;;;;;20:56:03;;
;;;;;20:56:04;;
;;;;;20:56:05;;
;;;;;20:56:06;;
;;;;;20:56:07;;
;;;;;20:56:08;;
;;;;;20:56:09;;
;;;;;20:56:10;;
;;;;;20:56:11;;
;;;;;20:56:12;;
;;;;;20:56:13;;
;;;;;20:56:14;;
;;;;;20:56:15;;
;;;;;20:56:16;;
;;;;;20:56:17;;
;;;;;20:56:18;;
;;;;;20:56:19;;
;;;;;20:56:20;;
;;;;;20:56:21;;
;;;;;20:56:22;;
;;;;;20:56:23;;
;;;;;20:56:24;;
;;;;;20:56:25;;
;;;;;20:56:26;;
;;;;;20:56:27;;
;;;;;20:56:28;;
;;;;;20:56:29;;
;;;;;20:56:30;;
;;;;;20:56:31;;
;;;;;20:56:32;;
;;;;;20:56:33;;
;;;;;20:56:34;;
;;;;;20:56:35;;
;;;;;20:56:36;;
;;;;;20:56:37;;
;;;;;20:56:38;;
;;;;;20:56:39;;
;;;;;20:56:40;;
;;;;;20:56:41;;
;;;;;20:56:42;;
;;;;;20:56:43;;
;;;;;20:56:44;;
;;;;;20:56:45;;
;;;;;20:56:46;;
;;;;;20:56:47;;
;;;;;20:56:48;;
;;;;;20:56:49;;
;;;;;20:56:50;;
;;;;;20:56:51;;
;;;;;20:56:52;;
;;;;;20:56:53;;
;;;;;20:56:54;;
;;;;;20:56:55;;
;;;;;20:56:56;;
;;;;;20:56:57;;
;;;;;20:56:58;;
;;;;;20:56:59;;
;;;;;20:57:00;;
;;;;;20:57:01;;
;;;;;20:57:02;;
;;;;;20:57:03;;
;;;;;20:57:04;;
;;;;;20:57:05;;
;;;;;20:57:06;;
;;;;;20:57:07;;
;;;;;20:57:08;;
;;;;;20:57:09;;
;;;;;20:57:10;;
;;;;;20:57:11;;
;;;;;20:57:12;;
;;;;;20:57:13;;
;;;;;20:57:14;;
;;;;;20:57:15;;
;;;;;20:57:16;;
;;;;;20:57:17;;
;;;;;20:57:18;;
;;;;;20:57:19;;
;;;;;20:57:20;;
;;;;;20:57:21;;
;;;;;20:57:22;;
;;;;;20:57:23;;
;;;;;20:57:24;;
;;;;;20:57:25;;
;;;;;20:57:26;;
;;;;;20:57:27;;
;;;;;20:57:28;;
;;;;;20:57:29;;
;;;;;20:57:30;;
;;;;;20:57:31;;
;;;;;20:57:32;;
;;;;;20:57:33;;
;;;;;20:57:34;;
;;;;;20:57:35;;
;;;;;20:57:36;;
;;;;;20:57:37;;
;;;;;20:57:38;;
;;;;;20:57:39;;
;;;;;20:57:40;;
;;;;;20:57:41;;
;;;;;20:57:42;;
;;;;;20:57:43;;
;;;;;20:57:44;;
;;;;;20:57:45;;
;;;;;20:57:46;;
;;;;;20:57:47;;
;;;;;20:57:48;;
;;;;;20:57:49;;
;;;;;20:57:50;;
;;;;;20:57:51;;
;;;;;20:57:52;;
;;;;;20:57:53;;
;;;;;20:57:54;;
;;;;;20:57:55;;
;;;;;20:57:56;;
;;;;;20:57:57;;
;;;;;20:57:58;;
;;;;;20:57:59;;
;;;;;20:58:00;;
;;;;;20:58:01;;
;;;;;20:58:02;;
;;;;;20:58:03;;
;;;;;20:58:04;;
;;;;;20:58:05;;
;;;;;20:58:06;;
;;;;;20:58:07;;
;;;;;20:58:08;;
;;;;;20:58:09;;
;;;;;20:58:10;;
;;;;;20:58:11;;
;;;;;20:58:12;;
;;;;;20:58:13;;
;;;;;20:58:14;;
;;;;;20:58:15;;
;;;;;20:58:16;;
;;;;;20:58:17;;
;;;;;20:58:18;;
;;;;;20:58:19;;
;;;;;20:58:20;;
;;;;;20:58:21;;
;;;;;20:58:22;;
;;;;;20:58:23;;
;;;;;20:58:24;;
;;;;;20:58:25;;
;;;;;20:58:26;;
;;;;;20:58:27;;
;;;;;20:58:28;;
;;;;;20:58:29;;
;;;;;20:58:30;;
;;;;;20:58:31;;
;;;;;20:58:32;;
;;;;;20:58:33;;
;;;;;20:58:34;;
;;;;;20:58:35;;
;;;;;20:58:36;;
;;;;;20:58:37;;
;;;;;20:58:38;;
;;;;;20:58:39;;
;;;;;20:58:40;;
;;;;;20:58:41;;
;;;;;20:58:42;;
;;;;;20:58:43;;
;;;;;20:58:44;;
;;;;;20:58:45;;
;;;;;20:58:46;;
;;;;;20:58:47;;
;;;;;20:58:48;;
;;;;;20:58:49;;
;;;;;20:58:50;;
;;;;;20:58:51;;
;;;;;20:58:52;;
;;;;;20:58:53;;
;;;;;20:58:54;;
;;;;;20:58:55;;
;;;;;20:58:56;;
;;;;;20:58:57;;
;;;;;20:58:58;;
;;;;;20:58:59;;
;;;;;20:59:00;;
;;;;;20:59:01;;
;;;;;20:59:02;;
;;;;;20:59:03;;
;;;;;20:59:04;;
;;;;;20:59:05;;
;;;;;20:59:06;;
;;;;;20:59:07;;
;;;;;20:59:08;;
;;;;;20:59:09;;
;;;;;20:59:10;;
;;;;;20:59:11;;
;;;;;20:59:12;;
;;;;;20:59:13;;
;;;;;20:59:14;;
;;;;;20:59:15;;
;;;;;20:59:16;;
;;;;;20:59:17;;
;;;;;20:59:18;;
;;;;;20:59:19;;
;;;;;20:59:20;;
;;;;;20:59:21;;
;;;;;20:59:22;;
;;;;;20:59:23;;
;;;;;20:59:24;;
;;;;;20:59:25;;
;;;;;20:59:26;;
;;;;;20:59:27;;
;;;;;20:59:28;;
;;;;;20:59:29;;
;;;;;20:59:30;;
;;;;;20:59:31;;
;;;;;20:59:32;;
;;;;;20:59:33;;
;;;;;20:59:34;;
;;;;;20:59:35;;
;;;;;20:59:36;;
;;;;;20:59:37;;
;;;;;20:59:38;;
;;;;;20:59:39;;
;;;;;20:59:40;;
;;;;;20:59:41;;
;;;;;20:59:42;;
;;;;;20:59:43;;
;;;;;20:59:44;;
;;;;;20:59:45;;
;;;;;20:59:46;;
;;;;;20:59:47;;
;;;;;20:59:48;;
;;;;;20:59:49;;
;;;;;20:59:50;;
;;;;;20:59:51;;
;;;;;20:59:52;;
;;;;;20:59:53;;
;;;;;20:59:54;;
;;;;;20:59:55;;
;;;;;20:59:56;;
;;;;;20:59:57;;
;;;;;20:59:58;;
;;;;;20:59:59;;
;;;;;21:00:00;;
;;;;;21:00:01;;
;;;;;21:00:02;;
;;;;;21:00:03;;
;;;;;21:00:04;;
;;;;;21:00:05;;
;;;;;21:00:06;;
;;;;;21:00:07;;
;;;;;21:00:08;;
;;;;;21:00:09;;
;;;;;21:00:10;;
;;;;;21:00:11;;
;;;;;21:00:12;;
;;;;;21:00:13;;
;;;;;21:00:14;;
;;;;;21:00:15;;
;;;;;21:00:16;;
;;;;;21:00:17;;
;;;;;21:00:18;;
;;;;;21:00:19;;
;;;;;21:00:20;;
;;;;;21:00:21;;
;;;;;21:00:22;;
;;;;;21:00:23;;
;;;;;21:00:24;;
;;;;;21:00:25;;
;;;;;21:00:26;;
;;;;;21:00:27;;
;;;;;21:00:28;;
;;;;;21:00:29;;
;;;;;21:00:30;;
;;;;;21:00:31;;
;;;;;21:00:32;;
;;;;;21:00:33;;
;;;;;21:00:34;;
;;;;;21:00:35;;
;;;;;21:00:36;;
;;;;;21:00:37;;
;;;;;21:00:38;;
;;;;;21:00:39;;
;;;;;21:00:40;;
;;;;;21:00:41;;
;;;;;21:00:42;;
;;;;;21:00:43;;
;;;;;21:00:44;;
;;;;;21:00:45;;
;;;;;21:00:46;;
;;;;;21:00:47;;
;;;;;21:00:48;;
;;;;;21:00:49;;
;;;;;21:00:50;;
;;;;;21:00:51;;
;;;;;21:00:52;;
;;;;;21:00:53;;
;;;;;21:00:54;;
;;;;;21:00:55;;
;;;;;21:00:56;;
;;;;;21:00:57;;
;;;;;21:00:58;;
;;;;;21:00:59;;
;;;;;21:01:00;;
;;;;;21:01:01;;
;;;;;21:01:02;;
;;;;;21:01:03;;
;;;;;21:01:04;;
;;;;;21:01:05;;
;;;;;21:01:06;;
;;;;;21:01:07;;
;;;;;21:01:08;;
;;;;;21:01:09;;
;;;;;21:01:10;;
;;;;;21:01:11;;
;;;;;21:01:12;;
;;;;;21:01:13;;
;;;;;21:01:14;;
;;;;;21:01:15;;
;;;;;21:01:16;;
;;;;;21:01:17;;
;;;;;21:01:18;;
;;;;;21:01:19;;
;;;;;21:01:20;;
;;;;;21:01:21;;
;;;;;21:01:22;;
;;;;;21:01:23;;
;;;;;21:01:24;;
;;;;;21:01:25;;
;;;;;21:01:26;;
;;;;;21:01:27;;
;;;;;21:01:28;;
;;;;;21:01:29;;
;;;;;21:01:30;;
;;;;;21:01:31;;
;;;;;21:01:32;;
;;;;;21:01:33;;
;;;;;21:01:34;;
;;;;;21:01:35;;
;;;;;21:01:36;;
;;;;;21:01:37;;
;;;;;21:01:38;;
;;;;;21:01:39;;
;;;;;21:01:40;;
;;;;;21:01:41;;
;;;;;21:01:42;;
;;;;;21:01:43;;
;;;;;21:01:44;;
;;;;;21:01:45;;
;;;;;21:01:46;;
;;;;;21:01:47;;
;;;;;21:01:48;;
;;;;;21:01:49;;
;;;;;21:01:50;;
;;;;;21:01:51;;
;;;;;21:01:52;;
;;;;;21:01:53;;
;;;;;21:01:54;;
;;;;;21:01:55;;
;;;;;21:01:56;;
;;;;;21:01:57;;
;;;;;21:01:58;;
;;;;;21:01:59;;
;;;;;21:02:00;;
;;;;;21:02:01;;
;;;;;21:02:02;;
;;;;;21:02:03;;
;;;;;21:02:04;;
;;;;;21:02:05;;
;;;;;21:02:06;;
;;;;;21:02:07;;
;;;;;21:02:08;;
;;;;;21:02:09;;
;;;;;21:02:10;;
;;;;;21:02:11;;
;;;;;21:02:12;;
;;;;;21:02:13;;
;;;;;21:02:14;;
;;;;;21:02:15;;
;;;;;21:02:16;;
;;;;;21:02:17;;
;;;;;21:02:18;;
;;;;;21:02:19;;
;;;;;21:02:20;;
;;;;;21:02:21;;
;;;;;21:02:22;;
;;;;;21:02:23;;
;;;;;21:02:24;;
;;;;;21:02:25;;
;;;;;21:02:26;;
;;;;;21:02:27;;
;;;;;21:02:28;;
;;;;;21:02:29;;
;;;;;21:02:30;;
;;;;;21:02:31;;
;;;;;21:02:32;;
;;;;;21:02:33;;
;;;;;21:02:34;;
;;;;;21:02:35;;
;;;;;21:02:36;;
;;;;;21:02:37;;
;;;;;21:02:38;;
;;;;;21:02:39;;
;;;;;21:02:40;;
;;;;;21:02:41;;
;;;;;21:02:42;;
;;;;;21:02:43;;
;;;;;21:02:44;;
;;;;;21:02:45;;
;;;;;21:02:46;;
;;;;;21:02:47;;
;;;;;21:02:48;;
;;;;;21:02:49;;
;;;;;21:02:50;;
;;;;;21:02:51;;
;;;;;21:02:52;;
;;;;;21:02:53;;
;;;;;21:02:54;;
;;;;;21:02:55;;
;;;;;21:02:56;;
;;;;;21:02:57;;
;;;;;21:02:58;;
;;;;;21:02:59;;
;;;;;21:03:00;;
;;;;;21:03:01;;
;;;;;21:03:02;;
;;;;;21:03:03;;
;;;;;21:03:04;;
;;;;;21:03:05;;
;;;;;21:03:06;;
;;;;;21:03:07;;
;;;;;21:03:08;;
;;;;;21:03:09;;
;;;;;21:03:10;;
;;;;;21:03:11;;
;;;;;21:03:12;;
;;;;;21:03:13;;
;;;;;21:03:14;;
;;;;;21:03:15;;
;;;;;21:03:16;;
;;;;;21:03:17;;
;;;;;21:03:18;;
;;;;;21:03:19;;
;;;;;21:03:20;;
;;;;;21:03:21;;
;;;;;21:03:22;;
;;;;;21:03:23;;
;;;;;21:03:24;;
;;;;;21:03:25;;
;;;;;21:03:26;;
;;;;;21:03:27;;
;;;;;21:03:28;;
;;;;;21:03:29;;
;;;;;21:03:30;;
;;;;;21:03:31;;
;;;;;21:03:32;;
;;;;;21:03:33;;
;;;;;21:03:34;;
;;;;;21:03:35;;
;;;;;21:03:36;;
;;;;;21:03:37;;
;;;;;21:03:38;;
;;;;;21:03:39;;
;;;;;21:03:40;;
;;;;;21:03:41;;
;;;;;21:03:42;;
;;;;;21:03:43;;
;;;;;21:03:44;;
;;;;;21:03:45;;
;;;;;21:03:46;;
;;;;;21:03:47;;
;;;;;21:03:48;;
;;;;;21:03:49;;
;;;;;21:03:50;;
;;;;;21:03:51;;
;;;;;21:03:52;;
;;;;;21:03:53;;
;;;;;21:03:54;;
;;;;;21:03:55;;
;;;;;21:03:56;;
;;;;;21:03:57;;
;;;;;21:03:58;;
;;;;;21:03:59;;
;;;;;21:04:00;;
;;;;;21:04:01;;
;;;;;21:04:02;;
;;;;;21:04:03;;
;;;;;21:04:04;;
;;;;;21:04:05;;
;;;;;21:04:06;;
;;;;;21:04:07;;
;;;;;21:04:08;;
;;;;;21:04:09;;
;;;;;21:04:10;;
;;;;;21:04:11;;
;;;;;21:04:12;;
;;;;;21:04:13;;
;;;;;21:04:14;;
;;;;;21:04:15;;
;;;;;21:04:16;;
;;;;;21:04:17;;
;;;;;21:04:18;;
;;;;;21:04:19;;
;;;;;21:04:20;;
;;;;;21:04:21;;
;;;;;21:04:22;;
;;;;;21:04:23;;
;;;;;21:04:24;;
;;;;;21:04:25;;
;;;;;21:04:26;;
;;;;;21:04:27;;
;;;;;21:04:28;;
;;;;;21:04:29;;
;;;;;21:04:30;;
;;;;;21:04:31;;
;;;;;21:04:32;;
;;;;;21:04:33;;
;;;;;21:04:34;;
;;;;;21:04:35;;
;;;;;21:04:36;;
;;;;;21:04:37;;
;;;;;21:04:38;;
;;;;;21:04:39;;
;;;;;21:04:40;;
;;;;;21:04:41;;
;;;;;21:04:42;;
;;;;;21:04:43;;
;;;;;21:04:44;;
;;;;;21:04:45;;
;;;;;21:04:46;;
;;;;;21:04:47;;
;;;;;21:04:48;;
;;;;;21:04:49;;
;;;;;21:04:50;;
;;;;;21:04:51;;
;;;;;21:04:52;;
;;;;;21:04:53;;
;;;;;21:04:54;;
;;;;;21:04:55;;
;;;;;21:04:56;;
;;;;;21:04:57;;
;;;;;21:04:58;;
;;;;;21:04:59;;
;;;;;21:05:00;;
;;;;;21:05:01;;
;;;;;21:05:02;;
;;;;;21:05:03;;
;;;;;21:05:04;;
;;;;;21:05:05;;
;;;;;21:05:06;;
;;;;;21:05:07;;
;;;;;21:05:08;;
;;;;;21:05:09;;
;;;;;21:05:10;;
;;;;;21:05:11;;
;;;;;21:05:12;;
;;;;;21:05:13;;
;;;;;21:05:14;;
;;;;;21:05:15;;
;;;;;21:05:16;;
;;;;;21:05:17;;
;;;;;21:05:18;;
;;;;;21:05:19;;
;;;;;21:05:20;;
;;;;;21:05:21;;
;;;;;21:05:22;;
;;;;;21:05:23;;
;;;;;21:05:24;;
;;;;;21:05:25;;
;;;;;21:05:26;;
;;;;;21:05:27;;
;;;;;21:05:28;;
;;;;;21:05:29;;
;;;;;21:05:30;;
;;;;;21:05:31;;
;;;;;21:05:32;;
;;;;;21:05:33;;
;;;;;21:05:34;;
;;;;;21:05:35;;
;;;;;21:05:36;;
;;;;;21:05:37;;
;;;;;21:05:38;;
;;;;;21:05:39;;
;;;;;21:05:40;;
;;;;;21:05:41;;
;;;;;21:05:42;;
;;;;;21:05:43;;
;;;;;21:05:44;;
;;;;;21:05:45;;
;;;;;21:05:46;;
;;;;;21:05:47;;
;;;;;21:05:48;;
;;;;;21:05:49;;
;;;;;21:05:50;;
;;;;;21:05:51;;
;;;;;21:05:52;;
;;;;;21:05:53;;
;;;;;21:05:54;;
;;;;;21:05:55;;
;;;;;21:05:56;;
;;;;;21:05:57;;
;;;;;21:05:58;;
;;;;;21:05:59;;
;;;;;21:06:00;;
;;;;;21:06:01;;
;;;;;21:06:02;;
;;;;;21:06:03;;
;;;;;21:06:04;;
;;;;;21:06:05;;
;;;;;21:06:06;;
;;;;;21:06:07;;
;;;;;21:06:08;;
;;;;;21:06:09;;
;;;;;21:06:10;;
;;;;;21:06:11;;
;;;;;21:06:12;;
;;;;;21:06:13;;
;;;;;21:06:14;;
;;;;;21:06:15;;
;;;;;21:06:16;;
;;;;;21:06:17;;
;;;;;21:06:18;;
;;;;;21:06:19;;
;;;;;21:06:20;;
;;;;;21:06:21;;
;;;;;21:06:22;;
;;;;;21:06:23;;
;;;;;21:06:24;;
;;;;;21:06:25;;
;;;;;21:06:26;;
;;;;;21:06:27;;
;;;;;21:06:28;;
;;;;;21:06:29;;
;;;;;21:06:30;;
;;;;;21:06:31;;
;;;;;21:06:32;;
;;;;;21:06:33;;
;;;;;21:06:34;;
;;;;;21:06:35;;
;;;;;21:06:36;;
;;;;;21:06:37;;
;;;;;21:06:38;;
;;;;;21:06:39;;
;;;;;21:06:40;;
;;;;;21:06:41;;
;;;;;21:06:42;;
;;;;;21:06:43;;
;;;;;21:06:44;;
;;;;;21:06:45;;
;;;;;21:06:46;;
;;;;;21:06:47;;
;;;;;21:06:48;;
;;;;;21:06:49;;
;;;;;21:06:50;;
;;;;;21:06:51;;
;;;;;21:06:52;;
;;;;;21:06:53;;
;;;;;21:06:54;;
;;;;;21:06:55;;
;;;;;21:06:56;;
;;;;;21:06:57;;
;;;;;21:06:58;;
;;;;;21:06:59;;
;;;;;21:07:00;;
;;;;;21:07:01;;
;;;;;21:07:02;;
;;;;;21:07:03;;
;;;;;21:07:04;;
;;;;;21:07:05;;
;;;;;21:07:06;;
;;;;;21:07:07;;
;;;;;21:07:08;;
;;;;;21:07:09;;
;;;;;21:07:10;;
;;;;;21:07:11;;
;;;;;21:07:12;;
;;;;;21:07:13;;
;;;;;21:07:14;;
;;;;;21:07:15;;
;;;;;21:07:16;;
;;;;;21:07:17;;
;;;;;21:07:18;;
;;;;;21:07:19;;
;;;;;21:07:20;;
;;;;;21:07:21;;
;;;;;21:07:22;;
;;;;;21:07:23;;
;;;;;21:07:24;;
;;;;;21:07:25;;
;;;;;21:07:26;;
;;;;;21:07:27;;
;;;;;21:07:28;;
;;;;;21:07:29;;
;;;;;21:07:30;;
;;;;;21:07:31;;
;;;;;21:07:32;;
;;;;;21:07:33;;
;;;;;21:07:34;;
;;;;;21:07:35;;
;;;;;21:07:36;;
;;;;;21:07:37;;
;;;;;21:07:38;;
;;;;;21:07:39;;
;;;;;21:07:40;;
;;;;;21:07:41;;
;;;;;21:07:42;;
;;;;;21:07:43;;
;;;;;21:07:44;;
;;;;;21:07:45;;
;;;;;21:07:46;;
;;;;;21:07:47;;
;;;;;21:07:48;;
;;;;;21:07:49;;
;;;;;21:07:50;;
;;;;;21:07:51;;
;;;;;21:07:52;;
;;;;;21:07:53;;
;;;;;21:07:54;;
;;;;;21:07:55;;
;;;;;21:07:56;;
;;;;;21:07:57;;
;;;;;21:07:58;;
;;;;;21:07:59;;
;;;;;21:08:00;;
;;;;;21:08:01;;
;;;;;21:08:02;;
;;;;;21:08:03;;
;;;;;21:08:04;;
;;;;;21:08:05;;
;;;;;21:08:06;;
;;;;;21:08:07;;
;;;;;21:08:08;;
;;;;;21:08:09;;
;;;;;21:08:10;;
;;;;;21:08:11;;
;;;;;21:08:12;;
;;;;;21:08:13;;
;;;;;21:08:14;;
;;;;;21:08:15;;
;;;;;21:08:16;;
;;;;;21:08:17;;
;;;;;21:08:18;;
;;;;;21:08:19;;
;;;;;21:08:20;;
;;;;;21:08:21;;
;;;;;21:08:22;;
;;;;;21:08:23;;
;;;;;21:08:24;;
;;;;;21:08:25;;
;;;;;21:08:26;;
;;;;;21:08:27;;
;;;;;21:08:28;;
;;;;;21:08:29;;
;;;;;21:08:30;;
;;;;;21:08:31;;
;;;;;21:08:32;;
;;;;;21:08:33;;
;;;;;21:08:34;;
;;;;;21:08:35;;
;;;;;21:08:36;;
;;;;;21:08:37;;
;;;;;21:08:38;;
;;;;;21:08:39;;
;;;;;21:08:40;;
;;;;;21:08:41;;
;;;;;21:08:42;;
;;;;;21:08:43;;
;;;;;21:08:44;;
;;;;;21:08:45;;
;;;;;21:08:46;;
;;;;;21:08:47;;
;;;;;21:08:48;;
;;;;;21:08:49;;
;;;;;21:08:50;;
;;;;;21:08:51;;
;;;;;21:08:52;;
;;;;;21:08:53;;
;;;;;21:08:54;;
;;;;;21:08:55;;
;;;;;21:08:56;;
;;;;;21:08:57;;
;;;;;21:08:58;;
;;;;;21:08:59;;
;;;;;21:09:00;;
;;;;;21:09:01;;
;;;;;21:09:02;;
;;;;;21:09:03;;
;;;;;21:09:04;;
;;;;;21:09:05;;
;;;;;21:09:06;;
;;;;;21:09:07;;
;;;;;21:09:08;;
;;;;;21:09:09;;
;;;;;21:09:10;;
;;;;;21:09:11;;
;;;;;21:09:12;;
;;;;;21:09:13;;
;;;;;21:09:14;;
;;;;;21:09:15;;
;;;;;21:09:16;;
;;;;;21:09:17;;
;;;;;21:09:18;;
;;;;;21:09:19;;
;;;;;21:09:20;;
;;;;;21:09:21;;
;;;;;21:09:22;;
;;;;;21:09:23;;
;;;;;21:09:24;;
;;;;;21:09:25;;
;;;;;21:09:26;;
;;;;;21:09:27;;
;;;;;21:09:28;;
;;;;;21:09:29;;
;;;;;21:09:30;;
;;;;;21:09:31;;
;;;;;21:09:32;;
;;;;;21:09:33;;
;;;;;21:09:34;;
;;;;;21:09:35;;
;;;;;21:09:36;;
;;;;;21:09:37;;
;;;;;21:09:38;;
;;;;;21:09:39;;
;;;;;21:09:40;;
;;;;;21:09:41;;
;;;;;21:09:42;;
;;;;;21:09:43;;
;;;;;21:09:44;;
;;;;;21:09:45;;
;;;;;21:09:46;;
;;;;;21:09:47;;
;;;;;21:09:48;;
;;;;;21:09:49;;
;;;;;21:09:50;;
;;;;;21:09:51;;
;;;;;21:09:52;;
;;;;;21:09:53;;
;;;;;21:09:54;;
;;;;;21:09:55;;
;;;;;21:09:56;;
;;;;;21:09:57;;
;;;;;21:09:58;;
;;;;;21:09:59;;
;;;;;21:10:00;;
;;;;;21:10:01;;
;;;;;21:10:02;;
;;;;;21:10:03;;
;;;;;21:10:04;;
;;;;;21:10:05;;
;;;;;21:10:06;;
;;;;;21:10:07;;
;;;;;21:10:08;;
;;;;;21:10:09;;
;;;;;21:10:10;;
;;;;;21:10:11;;
;;;;;21:10:12;;
;;;;;21:10:13;;
;;;;;21:10:14;;
;;;;;21:10:15;;
;;;;;21:10:16;;
;;;;;21:10:17;;
;;;;;21:10:18;;
;;;;;21:10:19;;
;;;;;21:10:20;;
;;;;;21:10:21;;
;;;;;21:10:22;;
;;;;;21:10:23;;
;;;;;21:10:24;;
;;;;;21:10:25;;
;;;;;21:10:26;;
;;;;;21:10:27;;
;;;;;21:10:28;;
;;;;;21:10:29;;
;;;;;21:10:30;;
;;;;;21:10:31;;
;;;;;21:10:32;;
;;;;;21:10:33;;
;;;;;21:10:34;;
;;;;;21:10:35;;
;;;;;21:10:36;;
;;;;;21:10:37;;
;;;;;21:10:38;;
;;;;;21:10:39;;
;;;;;21:10:40;;
;;;;;21:10:41;;
;;;;;21:10:42;;
;;;;;21:10:43;;
;;;;;21:10:44;;
;;;;;21:10:45;;
;;;;;21:10:46;;
;;;;;21:10:47;;
;;;;;21:10:48;;
;;;;;21:10:49;;
;;;;;21:10:50;;
;;;;;21:10:51;;
;;;;;21:10:52;;
;;;;;21:10:53;;
;;;;;21:10:54;;
;;;;;21:10:55;;
;;;;;21:10:56;;
;;;;;21:10:57;;
;;;;;21:10:58;;
;;;;;21:10:59;;
;;;;;21:11:00;;
;;;;;21:11:01;;
;;;;;21:11:02;;
;;;;;21:11:03;;
;;;;;21:11:04;;
;;;;;21:11:05;;
;;;;;21:11:06;;
;;;;;21:11:07;;
;;;;;21:11:08;;
;;;;;21:11:09;;
;;;;;21:11:10;;
;;;;;21:11:11;;
;;;;;21:11:12;;
;;;;;21:11:13;;
;;;;;21:11:14;;
;;;;;21:11:15;;
;;;;;21:11:16;;
;;;;;21:11:17;;
;;;;;21:11:18;;
;;;;;21:11:19;;
;;;;;21:11:20;;
;;;;;21:11:21;;
;;;;;21:11:22;;
;;;;;21:11:23;;
;;;;;21:11:24;;
;;;;;21:11:25;;
;;;;;21:11:26;;
;;;;;21:11:27;;
;;;;;21:11:28;;
;;;;;21:11:29;;
;;;;;21:11:30;;
;;;;;21:11:31;;
;;;;;21:11:32;;
;;;;;21:11:33;;
;;;;;21:11:34;;
;;;;;21:11:35;;
;;;;;21:11:36;;
;;;;;21:11:37;;
;;;;;21:11:38;;
;;;;;21:11:39;;
;;;;;21:11:40;;
;;;;;21:11:41;;
;;;;;21:11:42;;
;;;;;21:11:43;;
;;;;;21:11:44;;
;;;;;21:11:45;;
;;;;;21:11:46;;
;;;;;21:11:47;;
;;;;;21:11:48;;
;;;;;21:11:49;;
;;;;;21:11:50;;
;;;;;21:11:51;;
;;;;;21:11:52;;
;;;;;21:11:53;;
;;;;;21:11:54;;
;;;;;21:11:55;;
;;;;;21:11:56;;
;;;;;21:11:57;;
;;;;;21:11:58;;
;;;;;21:11:59;;
;;;;;21:12:00;;
;;;;;21:12:01;;
;;;;;21:12:02;;
;;;;;21:12:03;;
;;;;;21:12:04;;
;;;;;21:12:05;;
;;;;;21:12:06;;
;;;;;21:12:07;;
;;;;;21:12:08;;
;;;;;21:12:09;;
;;;;;21:12:10;;
;;;;;21:12:11;;
;;;;;21:12:12;;
;;;;;21:12:13;;
;;;;;21:12:14;;
;;;;;21:12:15;;
;;;;;21:12:16;;
;;;;;21:12:17;;
;;;;;21:12:18;;
;;;;;21:12:19;;
;;;;;21:12:20;;
;;;;;21:12:21;;
;;;;;21:12:22;;
;;;;;21:12:23;;
;;;;;21:12:24;;
;;;;;21:12:25;;
;;;;;21:12:26;;
;;;;;21:12:27;;
;;;;;21:12:28;;
;;;;;21:12:29;;
;;;;;21:12:30;;
;;;;;21:12:31;;
;;;;;21:12:32;;
;;;;;21:12:33;;
;;;;;21:12:34;;
;;;;;21:12:35;;
;;;;;21:12:36;;
;;;;;21:12:37;;
;;;;;21:12:38;;
;;;;;21:12:39;;
;;;;;21:12:40;;
;;;;;21:12:41;;
;;;;;21:12:42;;
;;;;;21:12:43;;
;;;;;21:12:44;;
;;;;;21:12:45;;
;;;;;21:12:46;;
;;;;;21:12:47;;
;;;;;21:12:48;;
;;;;;21:12:49;;
;;;;;21:12:50;;
;;;;;21:12:51;;
;;;;;21:12:52;;
;;;;;21:12:53;;
;;;;;21:12:54;;
;;;;;21:12:55;;
;;;;;21:12:56;;
;;;;;21:12:57;;
;;;;;21:12:58;;
;;;;;21:12:59;;
;;;;;21:13:00;;
;;;;;21:13:01;;
;;;;;21:13:02;;
;;;;;21:13:03;;
;;;;;21:13:04;;
;;;;;21:13:05;;
;;;;;21:13:06;;
;;;;;21:13:07;;
;;;;;21:13:08;;
;;;;;21:13:09;;
;;;;;21:13:10;;
;;;;;21:13:11;;
;;;;;21:13:12;;
;;;;;21:13:13;;
;;;;;21:13:14;;
;;;;;21:13:15;;
;;;;;21:13:16;;
;;;;;21:13:17;;
;;;;;21:13:18;;
;;;;;21:13:19;;
;;;;;21:13:20;;
;;;;;21:13:21;;
;;;;;21:13:22;;
;;;;;21:13:23;;
;;;;;21:13:24;;
;;;;;21:13:25;;
;;;;;21:13:26;;
;;;;;21:13:27;;
;;;;;21:13:28;;
;;;;;21:13:29;;
;;;;;21:13:30;;
;;;;;21:13:31;;
;;;;;21:13:32;;
;;;;;21:13:33;;
;;;;;21:13:34;;
;;;;;21:13:35;;
;;;;;21:13:36;;
;;;;;21:13:37;;
;;;;;21:13:38;;
;;;;;21:13:39;;
;;;;;21:13:40;;
;;;;;21:13:41;;
;;;;;21:13:42;;
;;;;;21:13:43;;
;;;;;21:13:44;;
;;;;;21:13:45;;
;;;;;21:13:46;;
;;;;;21:13:47;;
;;;;;21:13:48;;
;;;;;21:13:49;;
;;;;;21:13:50;;
;;;;;21:13:51;;
;;;;;21:13:52;;
;;;;;21:13:53;;
;;;;;21:13:54;;
;;;;;21:13:55;;
;;;;;21:13:56;;
;;;;;21:13:57;;
;;;;;21:13:58;;
;;;;;21:13:59;;
;;;;;21:14:00;;
;;;;;21:14:01;;
;;;;;21:14:02;;
;;;;;21:14:03;;
;;;;;21:14:04;;
;;;;;21:14:05;;
;;;;;21:14:06;;
;;;;;21:14:07;;
;;;;;21:14:08;;
;;;;;21:14:09;;
;;;;;21:14:10;;
;;;;;21:14:11;;
;;;;;21:14:12;;
;;;;;21:14:13;;
;;;;;21:14:14;;
;;;;;21:14:15;;
;;;;;21:14:16;;
;;;;;21:14:17;;
;;;;;21:14:18;;
;;;;;21:14:19;;
;;;;;21:14:20;;
;;;;;21:14:21;;
;;;;;21:14:22;;
;;;;;21:14:23;;
;;;;;21:14:24;;
;;;;;21:14:25;;
;;;;;21:14:26;;
;;;;;21:14:27;;
;;;;;21:14:28;;
;;;;;21:14:29;;
;;;;;21:14:30;;
;;;;;21:14:31;;
;;;;;21:14:32;;
;;;;;21:14:33;;
;;;;;21:14:34;;
;;;;;21:14:35;;
;;;;;21:14:36;;
;;;;;21:14:37;;
;;;;;21:14:38;;
;;;;;21:14:39;;
;;;;;21:14:40;;
;;;;;21:14:41;;
;;;;;21:14:42;;
;;;;;21:14:43;;
;;;;;21:14:44;;
;;;;;21:14:45;;
;;;;;21:14:46;;
;;;;;21:14:47;;
;;;;;21:14:48;;
;;;;;21:14:49;;
;;;;;21:14:50;;
;;;;;21:14:51;;
;;;;;21:14:52;;
;;;;;21:14:53;;
;;;;;21:14:54;;
;;;;;21:14:55;;
;;;;;21:14:56;;
;;;;;21:14:57;;
;;;;;21:14:58;;
;;;;;21:14:59;;
;;;;;21:15:00;;
;;;;;21:15:01;;
;;;;;21:15:02;;
;;;;;21:15:03;;
;;;;;21:15:04;;
;;;;;21:15:05;;
;;;;;21:15:06;;
;;;;;21:15:07;;
;;;;;21:15:08;;
;;;;;21:15:09;;
;;;;;21:15:10;;
;;;;;21:15:11;;
;;;;;21:15:12;;
;;;;;21:15:13;;
;;;;;21:15:14;;
;;;;;21:15:15;;
;;;;;21:15:16;;
;;;;;21:15:17;;
;;;;;21:15:18;;
;;;;;21:15:19;;
;;;;;21:15:20;;
;;;;;21:15:21;;
;;;;;21:15:22;;
;;;;;21:15:23;;
;;;;;21:15:24;;
;;;;;21:15:25;;
;;;;;21:15:26;;
;;;;;21:15:27;;
;;;;;21:15:28;;
;;;;;21:15:29;;
;;;;;21:15:30;;
;;;;;21:15:31;;
;;;;;21:15:32;;
;;;;;21:15:33;;
;;;;;21:15:34;;
;;;;;21:15:35;;
;;;;;21:15:36;;
;;;;;21:15:37;;
;;;;;21:15:38;;
;;;;;21:15:39;;
;;;;;21:15:40;;
;;;;;21:15:41;;
;;;;;21:15:42;;
;;;;;21:15:43;;
;;;;;21:15:44;;
;;;;;21:15:45;;
;;;;;21:15:46;;
;;;;;21:15:47;;
;;;;;21:15:48;;
;;;;;21:15:49;;
;;;;;21:15:50;;
;;;;;21:15:51;;
;;;;;21:15:52;;
;;;;;21:15:53;;
;;;;;21:15:54;;
;;;;;21:15:55;;
;;;;;21:15:56;;
;;;;;21:15:57;;
;;;;;21:15:58;;
;;;;;21:15:59;;
;;;;;21:16:00;;
;;;;;21:16:01;;
;;;;;21:16:02;;
;;;;;21:16:03;;
;;;;;21:16:04;;
;;;;;21:16:05;;
;;;;;21:16:06;;
;;;;;21:16:07;;
;;;;;21:16:08;;
;;;;;21:16:09;;
;;;;;21:16:10;;
;;;;;21:16:11;;
;;;;;21:16:12;;
;;;;;21:16:13;;
;;;;;21:16:14;;
;;;;;21:16:15;;
;;;;;21:16:16;;
;;;;;21:16:17;;
;;;;;21:16:18;;
;;;;;21:16:19;;
;;;;;21:16:20;;
;;;;;21:16:21;;
;;;;;21:16:22;;
;;;;;21:16:23;;
;;;;;21:16:24;;
;;;;;21:16:25;;
;;;;;21:16:26;;
;;;;;21:16:27;;
;;;;;21:16:28;;
;;;;;21:16:29;;
;;;;;21:16:30;;
;;;;;21:16:31;;
;;;;;21:16:32;;
;;;;;21:16:33;;
;;;;;21:16:34;;
;;;;;21:16:35;;
;;;;;21:16:36;;
;;;;;21:16:37;;
;;;;;21:16:38;;
;;;;;21:16:39;;
;;;;;21:16:40;;
;;;;;21:16:41;;
;;;;;21:16:42;;
;;;;;21:16:43;;
;;;;;21:16:44;;
;;;;;21:16:45;;
;;;;;21:16:46;;
;;;;;21:16:47;;
;;;;;21:16:48;;
;;;;;21:16:49;;
;;;;;21:16:50;;
;;;;;21:16:51;;
;;;;;21:16:52;;
;;;;;21:16:53;;
;;;;;21:16:54;;
;;;;;21:16:55;;
;;;;;21:16:56;;
;;;;;21:16:57;;
;;;;;21:16:58;;
;;;;;21:16:59;;
;;;;;21:17:00;;
;;;;;21:17:01;;
;;;;;21:17:02;;
;;;;;21:17:03;;
;;;;;21:17:04;;
;;;;;21:17:05;;
;;;;;21:17:06;;
;;;;;21:17:07;;
;;;;;21:17:08;;
;;;;;21:17:09;;
;;;;;21:17:10;;
;;;;;21:17:11;;
;;;;;21:17:12;;
;;;;;21:17:13;;
;;;;;21:17:14;;
;;;;;21:17:15;;
;;;;;21:17:16;;
;;;;;21:17:17;;
;;;;;21:17:18;;
;;;;;21:17:19;;
;;;;;21:17:20;;
;;;;;21:17:21;;
;;;;;21:17:22;;
;;;;;21:17:23;;
;;;;;21:17:24;;
;;;;;21:17:25;;
;;;;;21:17:26;;
;;;;;21:17:27;;
;;;;;21:17:28;;
;;;;;21:17:29;;
;;;;;21:17:30;;
;;;;;21:17:31;;
;;;;;21:17:32;;
;;;;;21:17:33;;
;;;;;21:17:34;;
;;;;;21:17:35;;
;;;;;21:17:36;;
;;;;;21:17:37;;
;;;;;21:17:38;;
;;;;;21:17:39;;
;;;;;21:17:40;;
;;;;;21:17:41;;
;;;;;21:17:42;;
;;;;;21:17:43;;
;;;;;21:17:44;;
;;;;;21:17:45;;
;;;;;21:17:46;;
;;;;;21:17:47;;
;;;;;21:17:48;;
;;;;;21:17:49;;
;;;;;21:17:50;;
;;;;;21:17:51;;
;;;;;21:17:52;;
;;;;;21:17:53;;
;;;;;21:17:54;;
;;;;;21:17:55;;
;;;;;21:17:56;;
;;;;;21:17:57;;
;;;;;21:17:58;;
;;;;;21:17:59;;
;;;;;21:18:00;;
;;;;;21:18:01;;
;;;;;21:18:02;;
;;;;;21:18:03;;
;;;;;21:18:04;;
;;;;;21:18:05;;
;;;;;21:18:06;;
;;;;;21:18:07;;
;;;;;21:18:08;;
;;;;;21:18:09;;
;;;;;21:18:10;;
;;;;;21:18:11;;
;;;;;21:18:12;;
;;;;;21:18:13;;
;;;;;21:18:14;;
;;;;;21:18:15;;
;;;;;21:18:16;;
;;;;;21:18:17;;
;;;;;21:18:18;;
;;;;;21:18:19;;
;;;;;21:18:20;;
;;;;;21:18:21;;
;;;;;21:18:22;;
;;;;;21:18:23;;
;;;;;21:18:24;;
;;;;;21:18:25;;
;;;;;21:18:26;;
;;;;;21:18:27;;
;;;;;21:18:28;;
;;;;;21:18:29;;
;;;;;21:18:30;;
;;;;;21:18:31;;
;;;;;21:18:32;;
;;;;;21:18:33;;
;;;;;21:18:34;;
;;;;;21:18:35;;
;;;;;21:18:36;;
;;;;;21:18:37;;
;;;;;21:18:38;;
;;;;;21:18:39;;
;;;;;21:18:40;;
;;;;;21:18:41;;
;;;;;21:18:42;;
;;;;;21:18:43;;
;;;;;21:18:44;;
;;;;;21:18:45;;
;;;;;21:18:46;;
;;;;;21:18:47;;
;;;;;21:18:48;;
;;;;;21:18:49;;
;;;;;21:18:50;;
;;;;;21:18:51;;
;;;;;21:18:52;;
;;;;;21:18:53;;
;;;;;21:18:54;;
;;;;;21:18:55;;
;;;;;21:18:56;;
;;;;;21:18:57;;
;;;;;21:18:58;;
;;;;;21:18:59;;
;;;;;21:19:00;;
;;;;;21:19:01;;
;;;;;21:19:02;;
;;;;;21:19:03;;
;;;;;21:19:04;;
;;;;;21:19:05;;
;;;;;21:19:06;;
;;;;;21:19:07;;
;;;;;21:19:08;;
;;;;;21:19:09;;
;;;;;21:19:10;;
;;;;;21:19:11;;
;;;;;21:19:12;;
;;;;;21:19:13;;
;;;;;21:19:14;;
;;;;;21:19:15;;
;;;;;21:19:16;;
;;;;;21:19:17;;
;;;;;21:19:18;;
;;;;;21:19:19;;
;;;;;21:19:20;;
;;;;;21:19:21;;
;;;;;21:19:22;;
;;;;;21:19:23;;
;;;;;21:19:24;;
;;;;;21:19:25;;
;;;;;21:19:26;;
;;;;;21:19:27;;
;;;;;21:19:28;;
;;;;;21:19:29;;
;;;;;21:19:30;;
;;;;;21:19:31;;
;;;;;21:19:32;;
;;;;;21:19:33;;
;;;;;21:19:34;;
;;;;;21:19:35;;
;;;;;21:19:36;;
;;;;;21:19:37;;
;;;;;21:19:38;;
;;;;;21:19:39;;
;;;;;21:19:40;;
;;;;;21:19:41;;
;;;;;21:19:42;;
;;;;;21:19:43;;
;;;;;21:19:44;;
;;;;;21:19:45;;
;;;;;21:19:46;;
;;;;;21:19:47;;
;;;;;21:19:48;;
;;;;;21:19:49;;
;;;;;21:19:50;;
;;;;;21:19:51;;
;;;;;21:19:52;;
;;;;;21:19:53;;
;;;;;21:19:54;;
;;;;;21:19:55;;
;;;;;21:19:56;;
;;;;;21:19:57;;
;;;;;21:19:58;;
;;;;;21:19:59;;
;;;;;21:20:00;;
;;;;;21:20:01;;
;;;;;21:20:02;;
;;;;;21:20:03;;
;;;;;21:20:04;;
;;;;;21:20:05;;
;;;;;21:20:06;;
;;;;;21:20:07;;
;;;;;21:20:08;;
;;;;;21:20:09;;
;;;;;21:20:10;;
;;;;;21:20:11;;
;;;;;21:20:12;;
;;;;;21:20:13;;
;;;;;21:20:14;;
;;;;;21:20:15;;
;;;;;21:20:16;;
;;;;;21:20:17;;
;;;;;21:20:18;;
;;;;;21:20:19;;
;;;;;21:20:20;;
;;;;;21:20:21;;
;;;;;21:20:22;;
;;;;;21:20:23;;
;;;;;21:20:24;;
;;;;;21:20:25;;
;;;;;21:20:26;;
;;;;;21:20:27;;
;;;;;21:20:28;;
;;;;;21:20:29;;
;;;;;21:20:30;;
;;;;;21:20:31;;
;;;;;21:20:32;;
;;;;;21:20:33;;
;;;;;21:20:34;;
;;;;;21:20:35;;
;;;;;21:20:36;;
;;;;;21:20:37;;
;;;;;21:20:38;;
;;;;;21:20:39;;
;;;;;21:20:40;;
;;;;;21:20:41;;
;;;;;21:20:42;;
;;;;;21:20:43;;
;;;;;21:20:44;;
;;;;;21:20:45;;
;;;;;21:20:46;;
;;;;;21:20:47;;
;;;;;21:20:48;;
;;;;;21:20:49;;
;;;;;21:20:50;;
;;;;;21:20:51;;
;;;;;21:20:52;;
;;;;;21:20:53;;
;;;;;21:20:54;;
;;;;;21:20:55;;
;;;;;21:20:56;;
;;;;;21:20:57;;
;;;;;21:20:58;;
;;;;;21:20:59;;
;;;;;21:21:00;;
;;;;;21:21:01;;
;;;;;21:21:02;;
;;;;;21:21:03;;
;;;;;21:21:04;;
;;;;;21:21:05;;
;;;;;21:21:06;;
;;;;;21:21:07;;
;;;;;21:21:08;;
;;;;;21:21:09;;
;;;;;21:21:10;;
;;;;;21:21:11;;
;;;;;21:21:12;;
;;;;;21:21:13;;
;;;;;21:21:14;;
;;;;;21:21:15;;
;;;;;21:21:16;;
;;;;;21:21:17;;
;;;;;21:21:18;;
;;;;;21:21:19;;
;;;;;21:21:20;;
;;;;;21:21:21;;
;;;;;21:21:22;;
;;;;;21:21:23;;
;;;;;21:21:24;;
;;;;;21:21:25;;
;;;;;21:21:26;;
;;;;;21:21:27;;
;;;;;21:21:28;;
;;;;;21:21:29;;
;;;;;21:21:30;;
;;;;;21:21:31;;
;;;;;21:21:32;;
;;;;;21:21:33;;
;;;;;21:21:34;;
;;;;;21:21:35;;
;;;;;21:21:36;;
;;;;;21:21:37;;
;;;;;21:21:38;;
;;;;;21:21:39;;
;;;;;21:21:40;;
;;;;;21:21:41;;
;;;;;21:21:42;;
;;;;;21:21:43;;
;;;;;21:21:44;;
;;;;;21:21:45;;
;;;;;21:21:46;;
;;;;;21:21:47;;
;;;;;21:21:48;;
;;;;;21:21:49;;
;;;;;21:21:50;;
;;;;;21:21:51;;
;;;;;21:21:52;;
;;;;;21:21:53;;
;;;;;21:21:54;;
;;;;;21:21:55;;
;;;;;21:21:56;;
;;;;;21:21:57;;
;;;;;21:21:58;;
;;;;;21:21:59;;
;;;;;21:22:00;;
;;;;;21:22:01;;
;;;;;21:22:02;;
;;;;;21:22:03;;
;;;;;21:22:04;;
;;;;;21:22:05;;
;;;;;21:22:06;;
;;;;;21:22:07;;
;;;;;21:22:08;;
;;;;;21:22:09;;
;;;;;21:22:10;;
;;;;;21:22:11;;
;;;;;21:22:12;;
;;;;;21:22:13;;
;;;;;21:22:14;;
;;;;;21:22:15;;
;;;;;21:22:16;;
;;;;;21:22:17;;
;;;;;21:22:18;;
;;;;;21:22:19;;
;;;;;21:22:20;;
;;;;;21:22:21;;
;;;;;21:22:22;;
;;;;;21:22:23;;
;;;;;21:22:24;;
;;;;;21:22:25;;
;;;;;21:22:26;;
;;;;;21:22:27;;
;;;;;21:22:28;;
;;;;;21:22:29;;
;;;;;21:22:30;;
;;;;;21:22:31;;
;;;;;21:22:32;;
;;;;;21:22:33;;
;;;;;21:22:34;;
;;;;;21:22:35;;
;;;;;21:22:36;;
;;;;;21:22:37;;
;;;;;21:22:38;;
;;;;;21:22:39;;
;;;;;21:22:40;;
;;;;;21:22:41;;
;;;;;21:22:42;;
;;;;;21:22:43;;
;;;;;21:22:44;;
;;;;;21:22:45;;
;;;;;21:22:46;;
;;;;;21:22:47;;
;;;;;21:22:48;;
;;;;;21:22:49;;
;;;;;21:22:50;;
;;;;;21:22:51;;
;;;;;21:22:52;;
;;;;;21:22:53;;
;;;;;21:22:54;;
;;;;;21:22:55;;
;;;;;21:22:56;;
;;;;;21:22:57;;
;;;;;21:22:58;;
;;;;;21:22:59;;
;;;;;21:23:00;;
;;;;;21:23:01;;
;;;;;21:23:02;;
;;;;;21:23:03;;
;;;;;21:23:04;;
;;;;;21:23:05;;
;;;;;21:23:06;;
;;;;;21:23:07;;
;;;;;21:23:08;;
;;;;;21:23:09;;
;;;;;21:23:10;;
;;;;;21:23:11;;
;;;;;21:23:12;;
;;;;;21:23:13;;
;;;;;21:23:14;;
;;;;;21:23:15;;
;;;;;21:23:16;;
;;;;;21:23:17;;
;;;;;21:23:18;;
;;;;;21:23:19;;
;;;;;21:23:20;;
;;;;;21:23:21;;
;;;;;21:23:22;;
;;;;;21:23:23;;
;;;;;21:23:24;;
;;;;;21:23:25;;
;;;;;21:23:26;;
;;;;;21:23:27;;
;;;;;21:23:28;;
;;;;;21:23:29;;
;;;;;21:23:30;;
;;;;;21:23:31;;
;;;;;21:23:32;;
;;;;;21:23:33;;
;;;;;21:23:34;;
;;;;;21:23:35;;
;;;;;21:23:36;;
;;;;;21:23:37;;
;;;;;21:23:38;;
;;;;;21:23:39;;
;;;;;21:23:40;;
;;;;;21:23:41;;
;;;;;21:23:42;;
;;;;;21:23:43;;
;;;;;21:23:44;;
;;;;;21:23:45;;
;;;;;21:23:46;;
;;;;;21:23:47;;
;;;;;21:23:48;;
;;;;;21:23:49;;
;;;;;21:23:50;;
;;;;;21:23:51;;
;;;;;21:23:52;;
;;;;;21:23:53;;
;;;;;21:23:54;;
;;;;;21:23:55;;
;;;;;21:23:56;;
;;;;;21:23:57;;
;;;;;21:23:58;;
;;;;;21:23:59;;
;;;;;21:24:00;;
;;;;;21:24:01;;
;;;;;21:24:02;;
;;;;;21:24:03;;
;;;;;21:24:04;;
;;;;;21:24:05;;
;;;;;21:24:06;;
;;;;;21:24:07;;
;;;;;21:24:08;;
;;;;;21:24:09;;
;;;;;21:24:10;;
;;;;;21:24:11;;
;;;;;21:24:12;;
;;;;;21:24:13;;
;;;;;21:24:14;;
;;;;;21:24:15;;
;;;;;21:24:16;;
;;;;;21:24:17;;
;;;;;21:24:18;;
;;;;;21:24:19;;
;;;;;21:24:20;;
;;;;;21:24:21;;
;;;;;21:24:22;;
;;;;;21:24:23;;
;;;;;21:24:24;;
;;;;;21:24:25;;
;;;;;21:24:26;;
;;;;;21:24:27;;
;;;;;21:24:28;;
;;;;;21:24:29;;
;;;;;21:24:30;;
;;;;;21:24:31;;
;;;;;21:24:32;;
;;;;;21:24:33;;
;;;;;21:24:34;;
;;;;;21:24:35;;
;;;;;21:24:36;;
;;;;;21:24:37;;
;;;;;21:24:38;;
;;;;;21:24:39;;
;;;;;21:24:40;;
;;;;;21:24:41;;
;;;;;21:24:42;;
;;;;;21:24:43;;
;;;;;21:24:44;;
;;;;;21:24:45;;
;;;;;21:24:46;;
;;;;;21:24:47;;
;;;;;21:24:48;;
;;;;;21:24:49;;
;;;;;21:24:50;;
;;;;;21:24:51;;
;;;;;21:24:52;;
;;;;;21:24:53;;
;;;;;21:24:54;;
;;;;;21:24:55;;
;;;;;21:24:56;;
;;;;;21:24:57;;
;;;;;21:24:58;;
;;;;;21:24:59;;
;;;;;21:25:00;;
;;;;;21:25:01;;
;;;;;21:25:02;;
;;;;;21:25:03;;
;;;;;21:25:04;;
;;;;;21:25:05;;
;;;;;21:25:06;;
;;;;;21:25:07;;
;;;;;21:25:08;;
;;;;;21:25:09;;
;;;;;21:25:10;;
;;;;;21:25:11;;
;;;;;21:25:12;;
;;;;;21:25:13;;
;;;;;21:25:14;;
;;;;;21:25:15;;
;;;;;21:25:16;;
;;;;;21:25:17;;
;;;;;21:25:18;;
;;;;;21:25:19;;
;;;;;21:25:20;;
;;;;;21:25:21;;
;;;;;21:25:22;;
;;;;;21:25:23;;
;;;;;21:25:24;;
;;;;;21:25:25;;
;;;;;21:25:26;;
;;;;;21:25:27;;
;;;;;21:25:28;;
;;;;;21:25:29;;
;;;;;21:25:30;;
;;;;;21:25:31;;
;;;;;21:25:32;;
;;;;;21:25:33;;
;;;;;21:25:34;;
;;;;;21:25:35;;
;;;;;21:25:36;;
;;;;;21:25:37;;
;;;;;21:25:38;;
;;;;;21:25:39;;
;;;;;21:25:40;;
;;;;;21:25:41;;
;;;;;21:25:42;;
;;;;;21:25:43;;
;;;;;21:25:44;;
;;;;;21:25:45;;
;;;;;21:25:46;;
;;;;;21:25:47;;
;;;;;21:25:48;;
;;;;;21:25:49;;
;;;;;21:25:50;;
;;;;;21:25:51;;
;;;;;21:25:52;;
;;;;;21:25:53;;
;;;;;21:25:54;;
;;;;;21:25:55;;
;;;;;21:25:56;;
;;;;;21:25:57;;
;;;;;21:25:58;;
;;;;;21:25:59;;
;;;;;21:26:00;;
;;;;;21:26:01;;
;;;;;21:26:02;;
;;;;;21:26:03;;
;;;;;21:26:04;;
;;;;;21:26:05;;
;;;;;21:26:06;;
;;;;;21:26:07;;
;;;;;21:26:08;;
;;;;;21:26:09;;
;;;;;21:26:10;;
;;;;;21:26:11;;
;;;;;21:26:12;;
;;;;;21:26:13;;
;;;;;21:26:14;;
;;;;;21:26:15;;
;;;;;21:26:16;;
;;;;;21:26:17;;
;;;;;21:26:18;;
;;;;;21:26:19;;
;;;;;21:26:20;;
;;;;;21:26:21;;
;;;;;21:26:22;;
;;;;;21:26:23;;
;;;;;21:26:24;;
;;;;;21:26:25;;
;;;;;21:26:26;;
;;;;;21:26:27;;
;;;;;21:26:28;;
;;;;;21:26:29;;
;;;;;21:26:30;;
;;;;;21:26:31;;
;;;;;21:26:32;;
;;;;;21:26:33;;
;;;;;21:26:34;;
;;;;;21:26:35;;
;;;;;21:26:36;;
;;;;;21:26:37;;
;;;;;21:26:38;;
;;;;;21:26:39;;
;;;;;21:26:40;;
;;;;;21:26:41;;
;;;;;21:26:42;;
;;;;;21:26:43;;
;;;;;21:26:44;;
;;;;;21:26:45;;
;;;;;21:26:46;;
;;;;;21:26:47;;
;;;;;21:26:48;;
;;;;;21:26:49;;
;;;;;21:26:50;;
;;;;;21:26:51;;
;;;;;21:26:52;;
;;;;;21:26:53;;
;;;;;21:26:54;;
;;;;;21:26:55;;
;;;;;21:26:56;;
;;;;;21:26:57;;
;;;;;21:26:58;;
;;;;;21:26:59;;
;;;;;21:27:00;;
;;;;;21:27:01;;
;;;;;21:27:02;;
;;;;;21:27:03;;
;;;;;21:27:04;;
;;;;;21:27:05;;
;;;;;21:27:06;;
;;;;;21:27:07;;
;;;;;21:27:08;;
;;;;;21:27:09;;
;;;;;21:27:10;;
;;;;;21:27:11;;
;;;;;21:27:12;;
;;;;;21:27:13;;
;;;;;21:27:14;;
;;;;;21:27:15;;
;;;;;21:27:16;;
;;;;;21:27:17;;
;;;;;21:27:18;;
;;;;;21:27:19;;
;;;;;21:27:20;;
;;;;;21:27:21;;
;;;;;21:27:22;;
;;;;;21:27:23;;
;;;;;21:27:24;;
;;;;;21:27:25;;
;;;;;21:27:26;;
;;;;;21:27:27;;
;;;;;21:27:28;;
;;;;;21:27:29;;
;;;;;21:27:30;;
;;;;;21:27:31;;
;;;;;21:27:32;;
;;;;;21:27:33;;
;;;;;21:27:34;;
;;;;;21:27:35;;
;;;;;21:27:36;;
;;;;;21:27:37;;
;;;;;21:27:38;;
;;;;;21:27:39;;
;;;;;21:27:40;;
;;;;;21:27:41;;
;;;;;21:27:42;;
;;;;;21:27:43;;
;;;;;21:27:44;;
;;;;;21:27:45;;
;;;;;21:27:46;;
;;;;;21:27:47;;
;;;;;21:27:48;;
;;;;;21:27:49;;
;;;;;21:27:50;;
;;;;;21:27:51;;
;;;;;21:27:52;;
;;;;;21:27:53;;
;;;;;21:27:54;;
;;;;;21:27:55;;
;;;;;21:27:56;;
;;;;;21:27:57;;
;;;;;21:27:58;;
;;;;;21:27:59;;
;;;;;21:28:00;;
;;;;;21:28:01;;
;;;;;21:28:02;;
;;;;;21:28:03;;
;;;;;21:28:04;;
;;;;;21:28:05;;
;;;;;21:28:06;;
;;;;;21:28:07;;
;;;;;21:28:08;;
;;;;;21:28:09;;
;;;;;21:28:10;;
;;;;;21:28:11;;
;;;;;21:28:12;;
;;;;;21:28:13;;
;;;;;21:28:14;;
;;;;;21:28:15;;
;;;;;21:28:16;;
;;;;;21:28:17;;
;;;;;21:28:18;;
;;;;;21:28:19;;
;;;;;21:28:20;;
;;;;;21:28:21;;
;;;;;21:28:22;;
;;;;;21:28:23;;
;;;;;21:28:24;;
;;;;;21:28:25;;
;;;;;21:28:26;;
;;;;;21:28:27;;
;;;;;21:28:28;;
;;;;;21:28:29;;
;;;;;21:28:30;;
;;;;;21:28:31;;
;;;;;21:28:32;;
;;;;;21:28:33;;
;;;;;21:28:34;;
;;;;;21:28:35;;
;;;;;21:28:36;;
;;;;;21:28:37;;
;;;;;21:28:38;;
;;;;;21:28:39;;
;;;;;21:28:40;;
;;;;;21:28:41;;
;;;;;21:28:42;;
;;;;;21:28:43;;
;;;;;21:28:44;;
;;;;;21:28:45;;
;;;;;21:28:46;;
;;;;;21:28:47;;
;;;;;21:28:48;;
;;;;;21:28:49;;
;;;;;21:28:50;;
;;;;;21:28:51;;
;;;;;21:28:52;;
;;;;;21:28:53;;
;;;;;21:28:54;;
;;;;;21:28:55;;
;;;;;21:28:56;;
;;;;;21:28:57;;
;;;;;21:28:58;;
;;;;;21:28:59;;
;;;;;21:29:00;;
;;;;;21:29:01;;
;;;;;21:29:02;;
;;;;;21:29:03;;
;;;;;21:29:04;;
;;;;;21:29:05;;
;;;;;21:29:06;;
;;;;;21:29:07;;
;;;;;21:29:08;;
;;;;;21:29:09;;
;;;;;21:29:10;;
;;;;;21:29:11;;
;;;;;21:29:12;;
;;;;;21:29:13;;
;;;;;21:29:14;;
;;;;;21:29:15;;
;;;;;21:29:16;;
;;;;;21:29:17;;
;;;;;21:29:18;;
;;;;;21:29:19;;
;;;;;21:29:20;;
;;;;;21:29:21;;
;;;;;21:29:22;;
;;;;;21:29:23;;
;;;;;21:29:24;;
;;;;;21:29:25;;
;;;;;21:29:26;;
;;;;;21:29:27;;
;;;;;21:29:28;;
;;;;;21:29:29;;
;;;;;21:29:30;;
;;;;;21:29:31;;
;;;;;21:29:32;;
;;;;;21:29:33;;
;;;;;21:29:34;;
;;;;;21:29:35;;
;;;;;21:29:36;;
;;;;;21:29:37;;
;;;;;21:29:38;;
;;;;;21:29:39;;
;;;;;21:29:40;;
;;;;;21:29:41;;
;;;;;21:29:42;;
;;;;;21:29:43;;
;;;;;21:29:44;;
;;;;;21:29:45;;
;;;;;21:29:46;;
;;;;;21:29:47;;
;;;;;21:29:48;;
;;;;;21:29:49;;
;;;;;21:29:50;;
;;;;;21:29:51;;
;;;;;21:29:52;;
;;;;;21:29:53;;
;;;;;21:29:54;;
;;;;;21:29:55;;
;;;;;21:29:56;;
;;;;;21:29:57;;
;;;;;21:29:58;;
;;;;;21:29:59;;
;;;;;21:30:00;;
